customer_id,age,annual_income,membership_tier,num_purchases_last_year,days_since_last_purchase,avg_purchase_amount,satisfaction_score,signup_days_ago,purchase_frequency_score,customer_tenure_years,income_to_spend_ratio,annual_spend,is_high_value_customer,membership_tier_encoded,gender_Female,gender_Male,gender_Other,region_Central,region_East,region_North,region_South,region_West,acquisition_channel_Email,acquisition_channel_Organic,acquisition_channel_Paid_Ads,acquisition_channel_Referral,acquisition_channel_Social_Media
101783,18.0,53178.86,Bronze,5.0,85.0,269.725,5.1,435,0.0581,1.19,39.4,1348.62,1,0,False,True,False,False,False,False,True,False,False,True,False,False,False
103918,30.0,60966.19,Silver,7.0,35.0,57.1,7.0,2151,0.1944,5.89,152.15,399.7,0,1,True,False,False,False,True,False,False,False,False,True,False,False,False
100222,41.0,46998.67,Bronze,10.0,57.0,104.31,8.3,528,0.1724,1.45,45.01,1043.1,0,0,False,True,False,False,True,False,False,False,False,False,True,False,False
102136,34.0,53178.86,Bronze,7.0,75.8,81.61,6.4,545,0.0911,1.49,92.93,571.27,0,0,False,False,True,False,False,False,False,True,False,False,True,False,False
105225,50.0,110491.95000000001,Bronze,9.0,110.0,234.13,8.2,1193,0.0811,3.27,52.41,2107.17,1,0,True,False,False,False,False,False,True,False,False,False,False,False,True
100880,38.0,57213.83,Gold,3.0,28.0,244.04,7.8,792,0.1034,2.17,78.04,732.12,0,2,True,False,False,False,False,True,False,False,False,False,False,False,True
100157,40.0,25657.98,Silver,14.0,22.0,125.08,7.6,1040,0.6087,2.85,14.64,1751.12,1,1,True,False,False,False,False,False,False,True,False,True,False,False,False
101658,18.0,44986.2,Silver,7.0,20.0,49.08,7.5,2434,0.3333,6.67,130.56,343.56,0,1,False,False,True,False,True,False,False,False,False,False,False,False,True
100324,47.0,53178.86,Bronze,6.0,41.0,117.6,7.1,360,0.1429,0.99,75.26,705.6,0,0,False,False,True,False,True,False,False,False,False,False,True,False,False
105303,50.0,53178.86,Bronze,11.0,14.0,76.01,9.8,482,0.7333,1.32,63.53,836.11,0,0,True,False,False,False,True,False,False,False,False,False,False,False,True
102612,48.0,43195.54,Bronze,10.0,64.0,96.31,6.5,268,0.1538,0.73,44.8,963.1,0,0,False,True,False,True,False,False,False,False,False,False,False,False,True
100812,31.0,53178.86,Gold,10.0,61.4,75.26,8.0,734,0.1603,2.01,70.57,752.6,0,2,False,True,False,False,False,False,False,True,False,False,False,True,False
100394,44.0,53932.71,Gold,7.0,4.0,132.46,6.6,302,1.4,0.83,58.1,927.22,0,2,True,False,False,False,False,False,False,True,False,False,False,False,True
103594,43.0,53467.03,Bronze,11.0,85.0,25.27,8.1,1871,0.1279,5.13,191.66,277.97,0,0,False,True,False,False,True,False,False,False,False,False,False,True,False
102639,46.0,60647.47,Bronze,6.0,80.0,69.82,7.6,464,0.0741,1.27,144.43,418.92,0,0,False,True,False,False,False,False,False,True,False,False,True,False,False
102188,32.0,33474.94,Silver,5.0,12.0,132.24,10.0,1770,0.3846,4.85,50.55,661.2,0,1,False,True,False,True,False,False,False,False,False,False,True,False,False
105352,42.0,110491.95000000001,Silver,7.0,9.0,269.725,8.2,1025,0.7,2.81,58.49,1888.08,1,1,False,False,True,False,False,False,True,False,False,False,True,False,False
100320,24.0,53178.86,Gold,9.0,46.0,48.9,7.5,2123,0.1915,5.82,120.56,440.1,0,2,True,False,False,False,True,False,False,False,False,False,False,True,False
100168,43.0,16315.77,Bronze,9.0,55.0,87.06,9.1,1608,0.1607,4.41,20.8,783.54,0,0,False,True,False,False,False,False,False,True,False,False,True,False,False
100747,60.0,47188.68,Bronze,12.0,25.0,222.68,4.3,1139,0.4615,3.12,17.65,2672.16,1,0,True,False,False,False,False,False,False,True,True,False,False,False,False
105471,34.0,43993.33,Bronze,8.0,41.0,68.04,6.6,2076,0.1905,5.69,80.67,544.32,0,0,False,True,False,False,False,False,True,False,False,False,True,False,False
103708,45.0,49360.61,Bronze,10.0,73.0,19.12,8.2,114,0.1351,0.31,256.82,191.2,0,0,True,False,False,False,False,False,True,False,True,False,False,False,False
105113,38.0,37226.2,Gold,5.0,33.0,127.1,6.2,1719,0.1471,4.71,58.49,635.5,0,2,True,False,False,False,True,False,False,False,False,False,True,False,False
101872,31.0,49623.89,Silver,6.0,73.0,106.94,6.5,942,0.0811,2.58,77.22,641.64,0,1,True,False,False,False,False,False,False,True,True,False,False,False,False
105757,28.0,66070.92,Bronze,9.0,19.6,38.7,8.5,1931,0.4369,5.29,189.15,348.3,0,0,True,False,False,False,False,False,True,False,True,False,False,False,False
103194,24.0,54419.62,Silver,7.0,15.0,85.31,8.5,822,0.4375,2.25,90.98,597.17,0,1,False,True,False,True,False,False,False,False,True,False,False,False,False
103755,35.0,31156.23,Silver,7.0,11.0,116.36,8.2,1750,0.5833,4.79,38.2,814.52,0,1,True,False,False,False,False,False,True,False,False,True,False,False,False
105626,53.0,33864.24,Bronze,9.0,13.0,104.31,5.4,2043,0.6429,5.6,36.03,938.79,0,0,False,True,False,False,False,True,False,False,False,False,True,False,False
104895,28.0,54393.16,Bronze,8.0,26.0,219.34,4.9,937,0.2963,2.57,30.98,1754.72,1,0,False,True,False,False,True,False,False,False,False,False,True,False,False
104103,29.0,53178.86,Silver,4.0,57.0,75.19,10.0,2096,0.069,5.74,176.23,300.76,0,1,True,False,False,False,False,False,False,True,False,True,False,False,False
101262,39.0,92262.9,Gold,4.0,9.0,106.64,9.5,836,0.4,2.29,215.79,426.56,0,2,False,True,False,False,False,False,False,True,True,False,False,False,False
102339,51.0,26927.87,Bronze,8.0,32.0,13.91,6.1,161,0.2424,0.44,239.83,111.28,0,0,True,False,False,False,True,False,False,False,False,False,False,True,False
100085,24.0,33428.03,Bronze,6.0,20.0,265.32,6.4,776,0.2857,2.13,20.99,1591.92,1,0,False,True,False,False,False,True,False,False,False,False,False,False,True
103822,53.0,53178.86,Bronze,7.0,15.0,62.13,4.9,362,0.4375,0.99,122.0,434.91,0,0,False,True,False,False,False,False,False,True,False,False,False,False,True
102654,28.0,31068.41,Silver,9.0,9.0,104.31,5.4,50,0.9,0.14,33.06,938.79,0,1,False,True,False,False,False,False,False,True,False,False,True,False,False
105546,58.0,62822.51,Silver,10.0,85.0,60.28,7.7,1148,0.1163,3.15,104.05,602.8,0,1,False,True,False,False,True,False,False,False,True,False,False,False,False
102747,51.0,102090.39,Bronze,11.0,102.0,112.77,6.6,1562,0.1068,4.28,82.23,1240.47,1,0,False,True,False,False,True,False,False,False,False,True,False,False,False
102859,34.0,44621.82,Gold,8.0,41.0,47.74,6.6,1253,0.1905,3.43,116.53,381.92,0,2,False,True,False,True,False,False,False,False,False,True,False,False,False
100997,47.0,47120.2,Gold,11.0,106.0,269.725,7.8,1220,0.1028,3.34,15.88,2966.98,1,2,True,False,False,False,True,False,False,False,False,False,True,False,False
100229,28.0,40203.79,Bronze,9.0,139.0,54.77,6.1,1155,0.0643,3.16,81.4,492.93,0,0,False,False,True,False,False,False,True,False,False,False,True,False,False
103265,32.0,110491.95000000001,Silver,11.0,35.0,31.22,9.3,2317,0.3056,6.35,320.81,343.42,0,1,True,False,False,True,False,False,False,False,False,False,False,True,False
104829,53.0,99007.01,Bronze,13.0,54.0,144.82,4.9,1875,0.2364,5.14,52.56,1882.66,1,0,True,False,False,False,False,False,True,False,False,False,False,True,False
103943,28.0,29854.24,Bronze,13.0,8.0,106.69,8.3,70,1.4444,0.19,21.51,1386.97,1,0,True,False,False,False,True,False,False,False,False,False,False,False,True
105460,49.0,35822.07,Gold,11.0,30.0,80.47,4.5,2433,0.3548,6.67,40.42,885.17,0,2,True,False,False,False,True,False,False,False,False,False,False,False,True
103833,36.0,44251.74,Silver,5.0,29.0,75.94,6.8,2030,0.1667,5.56,116.24,379.7,0,1,False,True,False,False,False,True,False,False,False,False,False,True,False
101653,44.0,53698.1,Bronze,8.0,13.0,10.02,7.4,204,0.5714,0.56,661.63,80.16,0,0,False,True,False,False,True,False,False,False,False,False,False,False,True
100080,34.0,53178.86,Gold,9.0,90.0,79.1,6.0,797,0.0989,2.18,74.6,711.9,0,2,False,True,False,False,False,False,True,False,False,True,False,False,False
100965,38.0,104401.99,Silver,6.0,36.6,256.15,5.9,747,0.1596,2.05,67.89,1536.9,1,1,True,False,False,False,False,False,True,False,False,False,False,True,False
100927,36.0,29528.05,Silver,8.0,39.0,106.81,8.1,1137,0.2,3.12,34.52,854.48,0,1,True,False,False,True,False,False,False,False,False,False,True,False,False
100795,18.0,55788.67,Gold,11.0,19.0,104.31,7.2,845,0.55,2.32,48.58,1147.41,0,2,True,False,False,False,True,False,False,False,False,True,False,False,False
103380,35.0,60660.39,Silver,11.0,38.6,82.39,6.5,2176,0.2778,5.96,66.86,906.29,0,1,False,True,False,False,False,True,False,False,False,False,True,False,False
103165,30.0,110491.95000000001,Platinum,10.0,31.8,246.53,4.9,743,0.3049,2.04,44.8,2465.3,1,3,False,True,False,False,False,True,False,False,False,False,False,True,False
104658,39.0,110491.95000000001,Bronze,9.0,10.0,153.23,6.7,910,0.8182,2.49,80.06,1379.07,1,0,False,True,False,False,False,True,False,False,True,False,False,False,False
103312,46.0,53178.86,Silver,13.0,15.6,197.71,8.6,1992,0.7831,5.46,20.68,2570.23,1,1,True,False,False,False,False,True,False,False,False,False,False,True,False
103935,43.0,53178.86,Bronze,5.0,32.0,44.59,4.0,715,0.1515,1.96,237.46,222.95,0,0,False,True,False,False,False,False,False,True,False,False,False,False,True
101075,27.0,92184.94,Bronze,8.0,44.0,111.36,7.0,363,0.1778,0.99,103.36,890.88,0,0,True,False,False,False,False,True,False,False,False,False,False,True,False
104841,40.0,44075.18,Bronze,8.0,45.0,41.86,7.0,1154,0.1739,3.16,131.22,334.88,0,0,True,False,False,False,False,False,False,True,False,False,False,False,True
104184,66.0,62911.44,Bronze,9.0,80.0,29.0,6.3,83,0.1111,0.23,240.12,261.0,0,0,True,False,False,False,False,False,False,True,False,False,False,True,False
102025,22.0,35645.03,Silver,7.0,79.0,104.31,7.2,2250,0.0875,6.16,48.75,730.17,0,1,False,False,True,False,True,False,False,False,False,False,True,False,False
105678,43.0,57881.31,Bronze,10.0,12.0,50.92,9.2,703,0.7692,1.93,113.45,509.2,0,0,False,True,False,False,False,False,True,False,False,False,True,False,False
104635,42.0,54580.16,Bronze,9.0,2.0,68.6,10.0,679,3.0,1.86,88.26,617.4,0,0,True,False,False,False,False,False,True,False,True,False,False,False,False
101746,29.0,53178.86,Gold,7.0,18.0,124.49,7.9,614,0.3684,1.68,60.95,871.43,0,2,False,True,False,False,False,False,True,False,False,False,True,False,False
103144,41.0,63960.23,Bronze,11.0,66.4,21.04,7.7,841,0.1632,2.3,275.17,231.44,0,0,False,True,False,False,False,True,False,False,False,True,False,False,False
103264,57.0,28706.67,Gold,9.0,49.0,149.63,7.2,2110,0.18,5.78,21.3,1346.67,1,2,True,False,False,False,False,False,True,False,False,True,False,False,False
101452,44.0,32938.66,Bronze,10.0,56.0,269.725,6.3,454,0.1754,1.24,12.21,2697.25,1,0,True,False,False,False,True,False,False,False,False,False,True,False,False
100440,43.0,102616.97,Silver,9.0,53.0,75.82,9.0,583,0.1667,1.6,150.16,682.38,0,1,True,False,False,False,False,False,True,False,False,False,False,False,True
102982,57.0,59122.17,Bronze,4.0,40.4,101.27,6.8,2070,0.0966,5.67,145.59,405.08,0,0,False,True,False,False,False,False,True,False,False,True,False,False,False
102081,43.0,38956.81,Gold,4.0,39.8,269.725,4.0,2457,0.098,6.73,36.07,1078.9,0,2,True,False,False,False,True,False,False,False,False,False,False,False,True
104021,40.0,48537.57,Bronze,12.0,12.0,63.17,7.3,1774,0.9231,4.86,63.95,758.04,0,0,False,True,False,True,False,False,False,False,False,False,True,False,False
101455,56.0,46769.58,Silver,8.0,31.0,145.69,8.8,1588,0.25,4.35,40.09,1165.52,0,1,True,False,False,False,False,False,True,False,False,False,True,False,False
100255,35.0,59799.23,Silver,11.0,6.0,269.725,5.1,2164,1.5714,5.93,20.15,2966.98,1,1,True,False,False,False,False,False,False,True,False,True,False,False,False
100466,32.0,31067.4,Bronze,7.0,38.0,37.12,6.7,715,0.1795,1.96,119.11,259.84,0,0,False,False,True,False,False,False,True,False,True,False,False,False,False
102118,39.0,32853.64,Silver,17.0,49.0,269.725,6.6,858,0.34,2.35,7.16,4585.33,1,1,True,False,False,False,False,False,True,False,True,False,False,False,False
100507,67.0,42122.76,Bronze,6.0,23.0,134.39,10.0,191,0.25,0.52,52.17,806.34,0,0,False,True,False,False,False,True,False,False,False,True,False,False,False
104272,25.0,44587.25,Silver,10.0,45.4,206.4,6.9,731,0.2155,2.0,21.59,2064.0,1,1,False,True,False,False,False,False,True,False,False,False,False,False,True
104289,36.0,47138.54,Silver,9.0,6.0,55.27,7.6,1151,1.2857,3.15,94.57,497.43,0,1,False,False,True,False,False,False,True,False,False,True,False,False,False
104214,36.0,63784.43,Silver,9.0,24.0,72.27,5.4,1750,0.36,4.79,97.91,650.43,0,1,True,False,False,False,False,False,True,False,False,False,False,False,True
100234,52.0,110491.95000000001,Bronze,11.0,11.0,269.725,8.4,125,0.9167,0.34,37.23,2966.98,1,0,True,False,False,True,False,False,False,False,False,False,False,False,True
100554,62.0,51188.29,Bronze,5.0,10.0,30.06,6.4,1935,0.4545,5.3,338.32,150.3,0,0,False,True,False,True,False,False,False,False,False,False,False,True,False
105315,38.0,29673.38,Gold,7.0,43.0,199.78,7.3,2459,0.1591,6.74,21.2,1398.46,1,2,True,False,False,False,True,False,False,False,False,True,False,False,False
100545,35.0,53178.86,Gold,10.0,42.0,154.72,6.7,649,0.2326,1.78,34.35,1547.2,1,2,True,False,False,False,False,True,False,False,False,True,False,False,False
103701,37.0,42664.94,Silver,8.0,19.2,92.02,6.6,359,0.396,0.98,57.88,736.16,0,1,True,False,False,False,True,False,False,False,False,False,True,False,False
103541,40.0,38393.93,Gold,10.0,27.0,231.3,6.4,826,0.3571,2.26,16.59,2313.0,1,2,True,False,False,False,False,False,True,False,False,True,False,False,False
102789,31.0,29336.34,Bronze,9.0,78.0,57.33,5.8,1681,0.1139,4.61,56.75,515.97,0,0,True,False,False,False,False,False,True,False,False,True,False,False,False
102865,25.0,110491.95000000001,Bronze,3.0,112.0,33.15,6.0,2479,0.0265,6.79,1099.97,99.45,0,0,False,True,False,False,False,False,False,True,False,False,True,False,False
102084,40.0,31629.79,Silver,3.0,13.0,128.51,5.6,981,0.2143,2.69,81.83,385.53,0,1,False,True,False,False,False,False,True,False,True,False,False,False,False
105543,45.0,53178.86,Bronze,7.0,35.0,121.55,7.4,2088,0.1944,5.72,62.43,850.85,0,0,True,False,False,False,False,False,True,False,False,True,False,False,False
100309,45.0,53178.86,Bronze,8.0,3.0,102.09,6.6,1521,2.0,4.17,65.03,816.72,0,0,True,False,False,False,True,False,False,False,False,False,True,False,False
100711,38.0,92571.46,Bronze,6.0,45.0,36.6,5.0,1577,0.1304,4.32,419.63,219.6,0,0,False,True,False,False,True,False,False,False,False,True,False,False,False
104104,60.0,53178.86,Silver,7.0,99.0,134.09,8.2,2155,0.07,5.9,56.6,938.63,0,1,True,False,False,True,False,False,False,False,False,True,False,False,False
101581,52.0,88299.64,Bronze,6.0,2.0,104.31,6.3,2279,2.0,6.24,140.86,625.86,0,0,False,True,False,False,False,False,False,True,False,False,False,False,True
101311,24.0,36855.06,Silver,6.0,54.0,146.33,4.6,1778,0.1091,4.87,41.93,877.98,0,1,False,True,False,False,False,True,False,False,False,True,False,False,False
100626,32.0,51456.66,Gold,11.0,17.0,60.73,5.6,886,0.6111,2.43,76.91,668.03,0,2,False,True,False,False,False,False,False,True,True,False,False,False,False
100024,36.0,71404.31,Gold,10.0,19.0,269.725,8.4,2326,0.5,6.37,26.46,2697.25,1,2,False,True,False,False,True,False,False,False,False,False,False,True,False
102532,45.0,75292.12,Platinum,10.0,129.0,104.31,6.2,2276,0.0769,6.24,72.11,1043.1,0,3,True,False,False,False,True,False,False,False,False,False,True,False,False
101871,48.0,53178.86,Silver,9.0,28.0,234.87,6.9,1815,0.3103,4.97,25.15,2113.83,1,1,True,False,False,False,False,False,False,True,False,False,False,False,True
105111,36.0,53178.86,Silver,7.0,20.0,106.91,3.6,2234,0.3333,6.12,70.96,748.37,0,1,False,True,False,False,False,True,False,False,False,True,False,False,False
103489,39.0,53178.86,Gold,6.0,61.0,109.29,7.2,1308,0.0968,3.58,80.97,655.74,0,2,False,True,False,True,False,False,False,False,False,False,False,True,False
101171,24.0,50825.28,Bronze,1.0,49.0,106.97,5.9,574,0.02,1.57,470.74,106.97,0,0,False,True,False,False,True,False,False,False,False,False,False,False,True
104746,41.0,55066.17,Gold,11.0,34.0,214.56,7.9,1671,0.3143,4.58,23.32,2360.16,1,2,True,False,False,False,True,False,False,False,False,False,True,False,False
102119,41.0,53178.86,Bronze,10.0,13.0,116.89,5.8,1438,0.7143,3.94,45.46,1168.9,0,0,False,True,False,False,True,False,False,False,False,False,False,False,True
103019,43.0,40845.95,Silver,5.0,129.0,118.11,8.2,1539,0.0385,4.22,69.05,590.55,0,1,True,False,False,False,False,False,True,False,False,False,True,False,False
101195,61.0,39556.59,Silver,10.0,44.0,49.44,6.0,2050,0.2222,5.62,79.85,494.4,0,1,False,True,False,False,False,True,False,False,False,True,False,False,False
102246,31.0,53178.86,Gold,9.0,31.0,110.68,5.7,385,0.2812,1.05,53.33,996.12,0,2,False,True,False,True,False,False,False,False,False,False,False,True,False
102874,18.0,69383.27,Bronze,6.0,91.0,45.06,6.9,790,0.0652,2.16,255.69,270.36,0,0,True,False,False,False,True,False,False,False,False,True,False,False,False
105640,45.0,57865.49,Gold,6.0,163.0,227.1,7.6,1117,0.0366,3.06,42.44,1362.6,1,2,False,True,False,False,False,True,False,False,False,False,False,False,True
102550,44.0,110491.95000000001,Gold,6.0,34.2,169.39,8.7,1384,0.1705,3.79,108.61,1016.34,0,2,False,True,False,False,False,False,True,False,False,False,False,False,True
100094,37.0,42895.39,Bronze,8.0,93.0,20.26,8.3,1762,0.0851,4.83,263.03,162.08,0,0,False,True,False,False,True,False,False,False,False,False,True,False,False
102078,39.0,102343.08,Silver,4.0,17.0,120.61,6.2,1274,0.2222,3.49,211.7,482.44,0,1,True,False,False,False,True,False,False,False,False,True,False,False,False
100470,26.0,104377.76,Silver,10.0,39.0,33.35,5.6,1906,0.25,5.22,312.04,333.5,0,1,False,True,False,False,False,False,False,True,False,True,False,False,False
101700,40.0,72698.47,Platinum,11.0,39.0,269.725,7.1,299,0.275,0.82,24.49,2966.98,1,3,True,False,False,False,False,False,False,True,False,False,False,False,True
101838,35.0,95357.52,Silver,6.0,21.0,115.21,6.7,125,0.2727,0.34,137.75,691.26,0,1,True,False,False,False,False,False,True,False,False,False,False,True,False
103064,40.0,86934.54,Silver,9.0,24.0,111.97,6.8,2056,0.36,5.63,86.18,1007.73,0,1,True,False,False,False,False,True,False,False,True,False,False,False,False
101707,33.0,110491.95000000001,Bronze,2.0,8.0,205.38,6.7,2015,0.2222,5.52,268.34,410.76,0,0,False,True,False,False,False,True,False,False,False,False,False,True,False
103968,25.0,48274.18,Gold,8.0,57.0,162.26,6.7,1273,0.1379,3.49,37.16,1298.08,1,2,False,True,False,False,False,False,True,False,False,True,False,False,False
103863,24.0,56189.59,Bronze,4.0,36.0,77.74,7.1,567,0.1081,1.55,180.12,310.96,0,0,False,True,False,False,False,False,False,True,False,True,False,False,False
103665,36.0,53178.86,Silver,4.0,36.6,128.85,10.0,507,0.1064,1.39,102.98,515.4,0,1,True,False,False,False,True,False,False,False,False,True,False,False,False
105892,58.0,44146.51,Bronze,10.0,14.0,18.96,8.2,1104,0.6667,3.02,231.62,189.6,0,0,True,False,False,False,False,False,True,False,True,False,False,False,False
103205,43.0,53178.86,Bronze,6.0,58.0,14.1,7.4,737,0.1017,2.02,621.25,84.6,0,0,False,True,False,False,False,False,True,False,False,False,False,False,True
100605,30.0,74901.01,Gold,9.0,152.0,171.2,8.7,1198,0.0588,3.28,48.58,1540.8,1,2,False,True,False,False,False,False,True,False,False,False,False,True,False
104943,35.0,48781.98,Bronze,9.0,81.0,104.31,6.9,110,0.1098,0.3,51.91,938.79,0,0,False,True,False,False,False,False,True,False,False,True,False,False,False
101551,19.0,61332.23,Gold,11.0,169.0,69.48,6.5,979,0.0647,2.68,80.14,764.28,0,2,False,True,False,True,False,False,False,False,True,False,False,False,False
104709,28.0,69323.16,Gold,11.0,66.0,92.75,7.8,54,0.1642,0.15,67.88,1020.25,0,2,False,True,False,False,True,False,False,False,False,True,False,False,False
104835,19.0,18140.33,Bronze,4.0,44.0,108.85,6.9,1843,0.0889,5.05,41.57,435.4,0,0,False,True,False,False,False,False,True,False,False,False,False,True,False
104387,35.0,25895.83,Bronze,14.0,80.0,53.4,6.9,860,0.1728,2.36,34.59,747.6,0,0,True,False,False,False,False,False,False,True,False,True,False,False,False
101587,18.0,74762.92,Bronze,8.0,41.0,71.75,9.0,801,0.1905,2.19,130.02,574.0,0,0,False,True,False,False,False,False,False,True,False,False,True,False,False
103120,23.0,37432.86,Bronze,5.0,183.0,64.55,5.6,1447,0.0272,3.96,115.62,322.75,0,0,False,True,False,True,False,False,False,False,False,False,True,False,False
103400,32.0,53178.86,Silver,6.0,40.0,269.725,9.5,1229,0.1463,3.37,32.84,1618.35,1,1,True,False,False,False,True,False,False,False,False,False,False,False,True
100032,33.0,110491.95000000001,Bronze,12.0,52.0,110.41,8.9,2312,0.2264,6.33,83.33,1324.92,1,0,True,False,False,False,False,False,False,True,False,False,False,True,False
101484,42.0,13941.54,Gold,6.0,27.4,85.88,8.6,196,0.2113,0.54,27.0,515.28,0,2,True,False,False,False,False,False,True,False,False,False,True,False,False
102681,53.0,58034.43,Bronze,11.0,164.0,125.78,7.0,1831,0.0667,5.02,41.91,1383.58,1,0,True,False,False,False,False,False,False,True,False,False,False,False,True
100600,18.0,53178.86,Silver,9.0,19.4,64.51,5.4,2234,0.4412,6.12,91.44,580.59,0,1,True,False,False,False,False,False,True,False,True,False,False,False,False
103150,41.0,53178.86,Bronze,6.0,1.0,62.81,6.3,1913,3.0,5.24,140.74,376.86,0,0,False,True,False,False,False,True,False,False,False,True,False,False,False
105545,37.0,69606.43,Bronze,10.0,20.0,217.08,6.5,650,0.4762,1.78,32.05,2170.8,1,0,False,True,False,False,True,False,False,False,False,True,False,False,False
101861,46.0,33003.33,Bronze,11.0,160.0,88.41,7.9,1149,0.0683,3.15,33.9,972.51,0,0,False,True,False,False,False,False,True,False,False,False,True,False,False
100566,47.0,53178.86,Bronze,12.0,41.4,131.76,5.5,1805,0.283,4.95,33.61,1581.12,1,0,False,True,False,False,False,False,False,True,False,False,False,False,True
102214,59.0,34467.55,Silver,6.0,32.0,113.97,6.8,1368,0.1818,3.75,50.33,683.82,0,1,True,False,False,False,False,False,True,False,True,False,False,False,False
101967,41.0,49905.92,Bronze,5.0,92.0,29.73,7.8,2061,0.0538,5.65,333.48,148.65,0,0,True,False,False,False,True,False,False,False,False,False,False,True,False
100866,48.0,67273.95,Bronze,7.0,4.0,156.45,5.9,614,1.4,1.68,61.37,1095.15,0,0,False,True,False,False,False,False,False,True,False,False,False,False,True
104608,54.0,101650.9,Silver,4.0,8.0,104.31,5.4,2224,0.4444,6.09,243.04,417.24,0,1,False,True,False,False,False,False,True,False,False,False,True,False,False
102451,32.0,87513.26,Silver,5.0,5.0,30.74,6.9,692,0.8333,1.9,565.7,153.7,0,1,False,True,False,True,False,False,False,False,False,False,True,False,False
105693,35.0,89883.9,Platinum,5.0,55.2,269.725,5.7,572,0.089,1.57,66.6,1348.62,1,3,False,True,False,False,True,False,False,False,False,False,False,False,True
100813,41.0,55408.55,Silver,8.0,9.0,241.52,6.7,2142,0.8,5.87,28.66,1932.16,1,1,False,False,True,False,False,False,False,True,False,False,True,False,False
101478,21.0,58770.1,Silver,11.0,14.0,39.02,8.3,1994,0.7333,5.46,136.6,429.22,0,1,False,True,False,False,False,True,False,False,False,False,False,False,True
104735,33.0,110491.95000000001,Bronze,8.0,60.6,90.14,7.4,1965,0.1299,5.38,153.01,721.12,0,0,True,False,False,False,True,False,False,False,False,False,True,False,False
102272,25.0,66618.16,Bronze,7.0,7.0,37.83,6.3,844,0.875,2.31,250.62,264.81,0,0,False,False,True,False,False,False,False,True,False,False,False,False,True
101039,48.0,88802.2,Silver,14.0,71.2,103.33,7.1,1530,0.1939,4.19,61.34,1446.62,1,1,False,True,False,False,False,False,True,False,False,True,False,False,False
104527,35.0,42343.47,Gold,5.0,59.0,104.28,6.4,1781,0.0833,4.88,81.06,521.4,0,2,True,False,False,False,False,False,False,True,False,True,False,False,False
100081,43.0,37587.22,Bronze,8.0,63.0,104.31,9.4,1417,0.125,3.88,44.99,834.48,0,0,False,True,False,True,False,False,False,False,False,False,False,False,True
101205,30.0,42788.75,Silver,10.0,13.0,63.06,6.5,57,0.7143,0.16,67.75,630.6,0,1,False,True,False,False,False,False,True,False,False,True,False,False,False
103286,50.0,58213.49,Silver,15.0,187.0,124.01,7.3,1247,0.0798,3.42,31.28,1860.15,1,1,True,False,False,False,False,False,True,False,False,True,False,False,False
101546,35.0,110491.95000000001,Bronze,6.0,36.0,120.33,6.3,933,0.1622,2.56,152.83,721.98,0,0,False,True,False,False,False,True,False,False,False,False,False,True,False
100178,40.0,53178.86,Gold,10.0,21.6,106.85,8.3,875,0.4425,2.4,49.72,1068.5,0,2,True,False,False,False,True,False,False,False,False,True,False,False,False
102586,50.0,53178.86,Silver,12.0,68.0,64.74,6.3,2052,0.1739,5.62,68.36,776.88,0,1,False,False,True,False,False,True,False,False,False,True,False,False,False
105993,41.0,53178.86,Silver,3.0,73.4,139.86,9.1,970,0.0403,2.66,126.44,419.58,0,1,False,True,False,False,False,True,False,False,False,False,False,True,False
104864,44.0,92521.48,Gold,7.0,29.0,194.43,5.6,1519,0.2333,4.16,67.93,1361.01,1,2,True,False,False,True,False,False,False,False,False,False,False,False,True
101439,23.0,38741.29,Bronze,17.0,3.0,96.1,4.9,2182,4.25,5.98,23.7,1633.7,1,0,False,False,True,False,False,True,False,False,False,False,True,False,False
100297,42.0,30850.98,Bronze,7.0,6.0,86.67,8.2,1854,1.0,5.08,50.77,606.69,0,0,False,True,False,False,False,False,False,True,False,True,False,False,False
103616,48.0,110491.95000000001,Gold,9.0,34.0,188.55,8.1,2462,0.2571,6.75,65.07,1696.95,1,2,True,False,False,False,False,True,False,False,False,False,False,True,False
103648,33.0,83243.85,Silver,10.0,36.0,99.47,5.7,1177,0.2703,3.22,83.6,994.7,0,1,True,False,False,False,False,True,False,False,False,False,True,False,False
100158,50.0,46189.07,Bronze,4.0,32.0,246.56,6.2,1831,0.1212,5.02,46.79,986.24,0,0,False,False,True,False,False,False,False,True,False,False,True,False,False
101028,38.0,59197.86,Silver,10.0,41.8,87.53,6.5,105,0.2336,0.29,67.55,875.3,0,1,True,False,False,False,False,False,True,False,False,False,False,True,False
100411,20.0,110491.95000000001,Platinum,9.0,42.0,118.93,5.4,736,0.2093,2.02,103.13,1070.37,0,3,True,False,False,False,False,False,False,True,False,False,False,True,False
103959,30.0,38099.38,Silver,7.0,65.6,190.96,6.2,682,0.1051,1.87,28.48,1336.72,1,1,True,False,False,False,True,False,False,False,True,False,False,False,False
105938,47.0,53178.86,Gold,8.0,79.6,158.97,7.9,836,0.0993,2.29,41.78,1271.76,1,2,True,False,False,True,False,False,False,False,False,False,False,False,True
104957,39.0,55291.96,Platinum,5.0,57.8,189.87,6.6,1784,0.085,4.89,58.18,949.35,0,3,False,True,False,False,True,False,False,False,True,False,False,False,False
104757,40.0,73620.42,Silver,7.0,47.6,66.15,9.0,787,0.144,2.16,158.65,463.05,0,1,True,False,False,False,False,False,False,True,False,True,False,False,False
102182,41.0,26209.69,Silver,5.0,31.8,167.73,8.2,1177,0.1524,3.22,31.22,838.65,0,1,True,False,False,True,False,False,False,False,False,False,True,False,False
105809,31.0,73082.78,Gold,8.0,17.0,114.48,10.0,1428,0.4444,3.91,79.71,915.84,0,2,True,False,False,False,False,False,True,False,False,False,False,False,True
100811,36.0,63405.19,Silver,5.0,50.2,47.4,6.7,2269,0.0977,6.22,266.41,237.0,0,1,False,True,False,False,False,False,True,False,False,False,False,True,False
104916,39.0,31442.1,Bronze,11.0,13.0,95.9,9.3,2385,0.7857,6.53,29.78,1054.9,0,0,True,False,False,False,True,False,False,False,False,True,False,False,False
104954,18.0,90201.63,Bronze,7.0,33.0,94.28,7.9,1029,0.2059,2.82,136.47,659.96,0,0,True,False,False,False,False,True,False,False,False,True,False,False,False
103734,34.0,55200.35,Silver,4.0,25.4,64.01,7.9,1280,0.1515,3.51,214.75,256.04,0,1,True,False,False,False,False,False,True,False,True,False,False,False,False
105164,40.0,91523.16,Platinum,12.0,34.0,100.58,7.8,1786,0.3429,4.89,75.77,1206.96,0,3,True,False,False,False,False,False,False,True,False,False,True,False,False
102978,36.0,53178.86,Silver,8.0,45.0,104.31,5.8,784,0.1739,2.15,63.65,834.48,0,1,True,False,False,False,False,True,False,False,False,False,False,False,True
103796,36.0,49565.32,Silver,6.0,34.0,150.99,7.6,692,0.1714,1.9,54.65,905.94,0,1,True,False,False,True,False,False,False,False,False,False,True,False,False
102169,29.0,29350.71,Silver,11.0,32.0,27.47,5.7,1501,0.3333,4.11,96.81,302.17,0,1,True,False,False,False,False,False,True,False,False,False,True,False,False
103078,18.0,42843.27,Gold,5.0,1.0,93.01,7.7,1391,2.5,3.81,91.93,465.05,0,2,False,True,False,True,False,False,False,False,False,False,False,False,True
101695,23.0,53178.86,Silver,8.0,72.0,115.11,6.7,1221,0.1096,3.35,57.69,920.88,0,1,True,False,False,False,False,True,False,False,False,True,False,False,False
101025,18.0,55206.42,Silver,5.0,7.0,171.07,5.6,1195,0.625,3.27,64.47,855.35,0,1,False,True,False,True,False,False,False,False,False,True,False,False,False
103947,54.0,53178.86,Silver,8.0,1.0,240.76,8.9,1453,4.0,3.98,27.6,1926.08,1,1,False,True,False,False,False,True,False,False,False,True,False,False,False
102125,38.0,99939.82,Bronze,11.0,19.0,58.6,6.3,453,0.55,1.24,154.8,644.6,0,0,False,True,False,False,False,True,False,False,False,False,True,False,False
105295,39.0,97584.54,Silver,8.0,68.0,137.4,10.0,1496,0.1159,4.1,88.7,1099.2,0,1,False,True,False,False,False,True,False,False,False,False,False,True,False
102705,41.0,41317.28,Platinum,8.0,91.0,159.35,2.8,617,0.087,1.69,32.39,1274.8,1,3,True,False,False,True,False,False,False,False,False,False,False,False,True
101034,44.0,45137.15,Bronze,9.0,82.2,71.16,8.0,890,0.1082,2.44,70.37,640.44,0,0,False,True,False,False,False,False,False,True,False,True,False,False,False
105872,67.0,45733.19,Bronze,8.0,51.6,177.99,8.7,465,0.1521,1.27,32.1,1423.92,1,0,False,True,False,False,False,True,False,False,False,False,False,True,False
105365,42.0,27878.38,Bronze,9.0,37.0,110.89,9.6,2044,0.2368,5.6,27.91,998.01,0,0,True,False,False,False,False,False,True,False,False,True,False,False,False
104160,43.0,81028.56,Platinum,8.0,48.0,154.23,6.4,1889,0.1633,5.18,65.62,1233.84,1,3,True,False,False,False,False,False,False,True,False,True,False,False,False
101701,24.0,43048.79,Silver,14.0,110.0,38.39,7.3,1933,0.1261,5.3,79.95,537.46,0,1,True,False,False,False,False,False,False,True,False,False,False,False,True
102914,18.0,68275.85,Bronze,9.0,30.0,129.57,5.4,2025,0.2903,5.55,58.5,1166.13,0,0,False,True,False,False,True,False,False,False,False,True,False,False,False
103321,19.0,77560.55,Gold,6.0,261.0,167.45,6.6,724,0.0229,1.98,77.12,1004.7,0,2,False,True,False,False,False,True,False,False,False,False,False,False,True
105027,37.0,102818.28,Gold,6.0,79.0,59.27,8.4,75,0.075,0.21,288.31,355.62,0,2,False,True,False,False,False,True,False,False,False,True,False,False,False
102583,37.0,34716.24,Gold,10.0,159.0,152.64,8.0,2024,0.0625,5.55,22.73,1526.4,1,2,False,True,False,False,False,False,True,False,False,False,False,True,False
105284,49.0,34876.85,Silver,4.0,154.0,151.09,8.5,1532,0.0258,4.2,57.61,604.36,0,1,False,True,False,False,False,True,False,False,True,False,False,False,False
104251,35.0,39103.8,Bronze,12.0,28.0,46.19,7.6,1467,0.4138,4.02,70.42,554.28,0,0,True,False,False,False,True,False,False,False,False,False,True,False,False
101187,34.0,41002.5,Bronze,5.0,22.6,76.65,8.6,1484,0.2119,4.07,106.71,383.25,0,0,False,False,True,False,False,False,False,True,False,False,False,True,False
103738,57.0,43351.57,Silver,9.0,55.4,114.73,6.7,1424,0.1596,3.9,41.94,1032.57,0,1,False,True,False,False,False,False,False,True,False,False,True,False,False
100784,49.0,53178.86,Silver,15.0,45.4,64.18,7.1,2381,0.3233,6.52,55.18,962.7,0,1,False,True,False,False,True,False,False,False,False,False,False,True,False
104403,30.0,53178.86,Platinum,7.0,65.0,144.82,9.7,862,0.1061,2.36,52.41,1013.74,0,3,False,True,False,False,False,False,True,False,False,False,False,False,True
100051,41.0,38963.21,Bronze,9.0,27.0,67.44,7.7,1339,0.3214,3.67,64.09,606.96,0,0,True,False,False,True,False,False,False,False,False,False,False,False,True
100713,26.0,58859.87,Silver,8.0,112.0,82.53,7.1,1515,0.0708,4.15,89.01,660.24,0,1,True,False,False,True,False,False,False,False,False,False,True,False,False
102307,61.0,28678.96,Silver,5.0,1.0,33.3,7.8,1506,2.5,4.13,171.22,166.5,0,1,False,True,False,False,False,True,False,False,False,False,False,False,True
103868,58.0,96248.29,Silver,8.0,25.6,117.85,7.7,2126,0.3008,5.82,101.98,942.8,0,1,False,False,True,False,False,False,True,False,False,False,False,False,True
102447,33.0,101528.77,Bronze,12.0,28.6,95.38,6.4,1645,0.4054,4.51,88.63,1144.56,0,0,True,False,False,False,False,True,False,False,False,True,False,False,False
102241,53.0,53178.86,Silver,9.0,64.0,142.67,5.7,498,0.1385,1.36,41.38,1284.03,1,1,False,False,True,False,False,False,True,False,False,False,False,True,False
104604,45.0,53178.86,Silver,14.0,8.0,74.23,7.1,938,1.5556,2.57,51.12,1039.22,0,1,True,False,False,False,False,True,False,False,False,False,False,False,True
104791,18.0,53178.86,Bronze,8.0,40.2,116.96,6.4,2372,0.1942,6.5,56.77,935.68,0,0,True,False,False,False,True,False,False,False,False,False,False,True,False
103104,51.0,58192.51,Bronze,6.0,73.0,81.8,7.8,2395,0.0811,6.56,118.33,490.8,0,0,False,True,False,False,False,True,False,False,False,False,False,False,True
105567,54.0,58976.01,Gold,6.0,80.6,187.74,5.8,1966,0.0735,5.39,52.31,1126.44,0,2,True,False,False,False,True,False,False,False,False,False,True,False,False
100677,67.0,50929.17,Gold,5.0,125.0,76.76,5.8,113,0.0397,0.31,132.35,383.8,0,2,False,True,False,False,False,True,False,False,False,False,False,False,True
105557,41.0,90805.36,Bronze,8.0,21.0,92.49,9.2,2368,0.3636,6.49,122.56,739.92,0,0,True,False,False,False,False,True,False,False,False,True,False,False,False
103640,22.0,68718.22,Bronze,12.0,65.6,70.53,8.0,1801,0.1802,4.93,81.1,846.36,0,0,False,True,False,False,False,False,True,False,False,False,True,False,False
102695,55.0,78052.5,Silver,10.0,41.0,72.37,7.9,1383,0.2381,3.79,107.7,723.7,0,1,False,True,False,False,False,True,False,False,False,True,False,False,False
101563,28.0,37664.75,Gold,3.0,1.0,101.26,6.8,2468,1.5,6.76,123.58,303.78,0,2,False,True,False,True,False,False,False,False,False,True,False,False,False
103650,39.0,69311.71,Silver,9.0,59.0,185.48,5.6,114,0.15,0.31,41.5,1669.32,1,1,True,False,False,False,False,True,False,False,False,False,False,False,True
102466,29.0,53178.86,Bronze,7.0,70.0,97.19,4.7,686,0.0986,1.88,78.05,680.33,0,0,True,False,False,False,False,True,False,False,False,False,True,False,False
100347,31.0,53178.86,Bronze,9.0,33.4,22.8,6.0,1427,0.2616,3.91,257.9,205.2,0,0,True,False,False,True,False,False,False,False,False,False,False,False,True
101497,42.0,47965.99,Gold,9.0,32.0,102.86,7.7,1852,0.2727,5.07,51.76,925.74,0,2,True,False,False,True,False,False,False,False,False,True,False,False,False
103906,67.0,28232.33,Silver,8.0,109.0,108.29,7.5,1312,0.0727,3.59,32.55,866.32,0,1,False,True,False,False,False,True,False,False,False,True,False,False,False
103659,27.0,46547.14,Bronze,8.0,40.8,71.43,6.3,521,0.1914,1.43,81.31,571.44,0,0,True,False,False,False,False,False,True,False,False,False,True,False,False
100623,41.0,102591.23,Bronze,8.0,16.0,97.34,7.8,1432,0.4706,3.92,131.57,778.72,0,0,True,False,False,True,False,False,False,False,False,True,False,False,False
104097,45.0,53178.86,Bronze,8.0,48.0,136.17,6.3,1118,0.1633,3.06,48.77,1089.36,0,0,False,True,False,False,False,True,False,False,False,True,False,False,False
101401,52.0,58857.01,Platinum,10.0,26.0,227.3,8.5,1022,0.3704,2.8,25.88,2273.0,1,3,True,False,False,False,False,False,True,False,False,False,True,False,False
103298,37.0,86858.94,Bronze,7.0,52.0,115.21,7.0,1692,0.1321,4.64,107.57,806.47,0,0,False,True,False,True,False,False,False,False,False,False,True,False,False
103986,31.0,81751.29,Silver,13.0,25.0,57.56,5.5,1795,0.5,4.92,109.11,748.28,0,1,True,False,False,False,True,False,False,False,False,False,True,False,False
105182,37.0,36582.74,Bronze,10.0,4.0,57.58,9.9,1017,2.0,2.79,63.42,575.8,0,0,False,True,False,True,False,False,False,False,False,False,True,False,False
104618,26.0,35756.74,Bronze,12.0,44.8,95.4,9.3,61,0.262,0.17,31.21,1144.8,0,0,True,False,False,False,False,True,False,False,False,False,True,False,False
100325,60.0,53178.86,Bronze,3.0,186.0,68.0,5.8,2367,0.016,6.48,259.41,204.0,0,0,False,True,False,False,True,False,False,False,False,True,False,False,False
102998,66.0,26346.87,Bronze,9.0,18.0,109.34,5.2,1010,0.4737,2.77,26.75,984.06,0,0,False,True,False,False,False,True,False,False,True,False,False,False,False
100038,28.0,69197.03,Gold,9.0,3.0,166.71,7.7,2211,2.25,6.06,46.09,1500.39,1,2,True,False,False,False,False,False,False,True,False,False,True,False,False
105375,39.0,46070.19,Gold,10.0,36.6,269.725,8.2,1496,0.266,4.1,17.07,2697.25,1,2,False,True,False,True,False,False,False,False,False,True,False,False,False
104185,38.0,31806.64,Gold,8.0,36.0,217.52,8.7,1894,0.2162,5.19,18.27,1740.16,1,2,False,True,False,False,False,True,False,False,False,True,False,False,False
100531,34.0,47538.33,Silver,10.0,9.0,105.62,9.7,280,1.0,0.77,44.97,1056.2,0,1,False,True,False,False,False,False,True,False,False,False,False,True,False
103681,30.0,50244.64,Bronze,8.0,33.2,27.1,6.8,680,0.2339,1.86,230.69,216.8,0,0,False,True,False,False,True,False,False,False,False,True,False,False,False
102349,56.0,37061.65,Gold,11.0,29.0,233.11,7.7,463,0.3667,1.27,14.45,2564.21,1,2,False,True,False,False,False,True,False,False,False,False,False,False,True
102785,43.0,46834.18,Bronze,6.0,42.0,269.725,10.0,755,0.1395,2.07,28.92,1618.35,1,0,False,True,False,False,False,False,False,True,True,False,False,False,False
101074,19.0,55378.91,Bronze,9.0,40.0,108.19,4.6,915,0.2195,2.51,56.82,973.71,0,0,True,False,False,False,False,True,False,False,False,False,False,True,False
101198,27.0,49778.37,Bronze,9.0,47.4,54.83,6.1,347,0.186,0.95,100.67,493.47,0,0,True,False,False,False,False,True,False,False,True,False,False,False,False
100264,31.0,53178.86,Silver,7.0,54.6,84.04,7.8,2162,0.1259,5.92,90.24,588.28,0,1,True,False,False,False,True,False,False,False,False,False,False,True,False
101730,38.0,33258.78,Bronze,7.0,34.0,96.82,7.1,1786,0.2,4.89,49.0,677.74,0,0,False,False,True,False,True,False,False,False,False,False,True,False,False
105329,44.0,56217.48,Bronze,9.0,26.2,78.06,5.9,1664,0.3309,4.56,79.91,702.54,0,0,False,True,False,False,True,False,False,False,False,False,True,False,False
100908,23.0,55141.21,Bronze,8.0,36.0,118.87,8.3,1404,0.2162,3.85,57.92,950.96,0,0,True,False,False,False,False,False,False,True,True,False,False,False,False
101394,44.0,64336.56,Silver,8.0,52.8,115.79,7.5,504,0.1487,1.38,69.38,926.32,0,1,False,True,False,True,False,False,False,False,False,True,False,False,False
100961,57.0,18772.97,Silver,14.0,6.0,112.81,7.5,352,2.0,0.96,11.88,1579.34,1,1,False,True,False,True,False,False,False,False,False,False,True,False,False
100240,32.0,42667.8,Silver,6.0,75.0,109.42,8.3,784,0.0789,2.15,64.89,656.52,0,1,True,False,False,False,True,False,False,False,False,False,True,False,False
100200,36.0,57613.64,Gold,7.0,262.0,104.31,8.5,155,0.0266,0.42,78.8,730.17,0,2,True,False,False,True,False,False,False,False,False,True,False,False,False
102418,30.0,50001.56,Platinum,3.0,21.0,130.85,6.6,1395,0.1364,3.82,127.05,392.55,0,3,False,True,False,False,False,False,True,False,False,True,False,False,False
105470,49.0,35825.45,Gold,8.0,53.0,119.95,9.0,2276,0.1481,6.24,37.29,959.6,0,2,True,False,False,False,False,False,True,False,False,False,False,False,True
104311,42.0,50381.05,Bronze,11.0,39.4,82.49,5.9,2036,0.2723,5.58,55.46,907.39,0,0,False,True,False,True,False,False,False,False,False,True,False,False,False
104715,31.0,70538.12,Platinum,6.0,37.0,216.92,8.0,947,0.1579,2.59,54.16,1301.52,1,3,False,True,False,True,False,False,False,False,False,False,False,False,True
105791,52.0,41629.54,Silver,8.0,94.4,33.07,6.8,320,0.0839,0.88,156.76,264.56,0,1,True,False,False,False,True,False,False,False,False,True,False,False,False
100326,47.0,110491.95000000001,Bronze,7.0,59.0,150.55,9.3,985,0.1167,2.7,104.75,1053.85,0,0,True,False,False,False,False,False,True,False,False,True,False,False,False
102678,44.0,46773.59,Silver,7.0,39.0,107.91,8.4,556,0.175,1.52,61.84,755.37,0,1,False,True,False,False,True,False,False,False,False,False,False,True,False
105824,36.0,99151.8,Bronze,11.0,86.0,73.26,7.2,347,0.1264,0.95,122.89,805.86,0,0,False,False,True,False,False,False,True,False,False,True,False,False,False
104419,42.0,18919.42,Silver,11.0,33.0,124.17,8.1,599,0.3235,1.64,13.84,1365.87,1,1,True,False,False,False,False,True,False,False,False,False,True,False,False
100102,54.0,39386.16,Bronze,7.0,34.0,238.1,6.8,2309,0.2,6.33,23.62,1666.7,1,0,True,False,False,True,False,False,False,False,False,True,False,False,False
101738,36.0,44515.02,Gold,6.0,104.0,137.16,6.8,1343,0.0571,3.68,54.03,822.96,0,2,False,False,True,False,True,False,False,False,False,False,False,False,True
105262,49.0,61034.03,Bronze,7.0,22.0,21.77,7.4,2412,0.3043,6.61,397.9,152.39,0,0,False,True,False,False,False,True,False,False,False,False,False,True,False
100878,35.0,43525.83,Bronze,10.0,45.0,81.18,8.7,2113,0.2174,5.79,53.55,811.8,0,0,True,False,False,False,False,False,True,False,True,False,False,False,False
105893,62.0,53178.86,Bronze,15.0,3.0,156.41,7.0,2251,3.75,6.17,22.66,2346.15,1,0,True,False,False,False,False,False,False,True,False,False,False,False,True
100409,18.0,32584.5,Gold,6.0,51.0,85.87,7.2,535,0.1154,1.47,63.12,515.22,0,2,False,True,False,False,False,True,False,False,True,False,False,False,False
103746,34.0,53178.86,Bronze,6.0,72.0,105.5,9.5,2261,0.0822,6.19,83.88,633.0,0,0,False,True,False,False,False,False,True,False,False,True,False,False,False
101245,51.0,32705.03,Bronze,8.0,27.0,104.31,9.1,1956,0.2857,5.36,39.15,834.48,0,0,False,True,False,False,False,False,False,True,False,False,False,True,False
102288,65.0,76347.77,Bronze,4.0,5.0,33.38,8.7,1176,0.6667,3.22,567.56,133.52,0,0,False,True,False,False,False,True,False,False,False,True,False,False,False
102858,40.0,82797.09,Gold,12.0,29.0,134.19,6.3,2091,0.4,5.73,51.39,1610.28,1,2,True,False,False,False,False,True,False,False,False,True,False,False,False
100894,38.0,82753.52,Gold,6.0,10.0,95.53,7.2,259,0.5455,0.71,144.12,573.18,0,2,False,True,False,False,False,False,True,False,False,False,False,True,False
101182,48.0,63079.28,Silver,6.0,3.0,269.725,7.3,1040,1.5,2.85,38.95,1618.35,1,1,False,True,False,False,False,False,False,True,True,False,False,False,False
105323,30.0,53178.86,Bronze,6.0,6.0,56.32,7.9,271,0.8571,0.74,156.91,337.92,0,0,True,False,False,False,False,True,False,False,False,False,False,False,True
103699,25.0,53178.86,Silver,4.0,52.4,58.71,8.0,1989,0.0749,5.45,225.49,234.84,0,1,True,False,False,False,False,True,False,False,False,True,False,False,False
104467,38.0,74158.47,Bronze,9.0,20.0,27.05,6.8,1373,0.4286,3.76,303.37,243.45,0,0,True,False,False,False,False,True,False,False,False,False,False,False,True
104326,33.0,53178.86,Gold,7.0,113.0,86.6,6.1,1175,0.0614,3.22,87.58,606.2,0,2,False,False,True,False,False,False,True,False,False,False,True,False,False
100731,43.0,81892.75,Silver,7.0,26.6,44.52,7.1,1676,0.2536,4.59,261.94,311.64,0,1,False,True,False,False,True,False,False,False,True,False,False,False,False
101033,32.0,56123.59,Bronze,11.0,5.0,113.72,7.5,1529,1.8333,4.19,44.83,1250.92,1,0,False,True,False,False,False,False,False,True,False,False,True,False,False
103067,41.0,81399.8,Bronze,6.0,15.0,173.76,8.7,1400,0.375,3.84,78.0,1042.56,0,0,False,True,False,False,False,False,True,False,False,False,False,True,False
105659,38.0,58750.69,Bronze,10.0,40.0,76.28,6.7,1430,0.2439,3.92,76.92,762.8,0,0,False,True,False,False,False,True,False,False,True,False,False,False,False
104897,45.0,41391.01,Gold,3.0,12.0,104.31,8.0,1530,0.2308,4.19,131.85,312.93,0,2,False,True,False,False,False,True,False,False,False,True,False,False,False
100978,33.0,68835.8,Bronze,9.0,34.8,100.16,8.4,480,0.2514,1.32,76.28,901.44,0,0,False,False,True,False,False,True,False,False,False,False,True,False,False
104970,42.0,110491.95000000001,Silver,9.0,87.0,104.31,8.2,2473,0.1023,6.78,117.57,938.79,0,1,False,True,False,False,False,False,True,False,False,False,True,False,False
102623,56.0,49788.1,Platinum,11.0,23.0,106.89,7.3,1454,0.4583,3.98,42.31,1175.79,0,3,False,True,False,False,True,False,False,False,False,False,False,True,False
101226,44.0,57031.15,Bronze,5.0,4.0,58.72,7.8,1229,1.0,3.37,193.59,293.6,0,0,True,False,False,False,True,False,False,False,False,False,False,False,True
101210,42.0,55156.19,Platinum,6.0,58.6,204.49,9.5,2376,0.1007,6.51,44.92,1226.94,1,3,True,False,False,True,False,False,False,False,True,False,False,False,False
105481,46.0,81634.45,Bronze,7.0,25.6,43.24,7.2,1022,0.2632,2.8,268.82,302.68,0,0,False,True,False,False,False,False,False,True,False,False,False,True,False
100587,24.0,79225.77,Silver,8.0,9.0,73.88,7.4,2075,0.8,5.68,133.82,591.04,0,1,False,True,False,False,False,False,False,True,True,False,False,False,False
105455,29.0,93587.58,Gold,15.0,4.0,158.56,4.7,621,3.0,1.7,39.33,2378.4,1,2,True,False,False,False,False,False,True,False,False,True,False,False,False
102821,20.0,75851.46,Platinum,10.0,66.4,129.38,5.4,672,0.1484,1.84,58.58,1293.8,1,3,True,False,False,False,False,True,False,False,False,False,False,False,True
105756,41.0,52043.97,Silver,13.0,37.0,69.9,8.3,1000,0.3421,2.74,57.21,908.7,0,1,True,False,False,False,False,False,True,False,False,True,False,False,False
105625,32.0,87543.85,Silver,8.0,61.0,166.65,7.9,2171,0.129,5.95,65.62,1333.2,1,1,False,True,False,True,False,False,False,False,False,False,False,False,True
101761,24.0,57528.51,Gold,8.0,33.0,247.95,8.4,1511,0.2353,4.14,28.99,1983.6,1,2,False,True,False,False,True,False,False,False,False,False,False,False,True
103050,55.0,53178.86,Bronze,12.0,1.0,56.62,7.8,391,6.0,1.07,78.15,679.44,0,0,False,False,True,True,False,False,False,False,False,False,True,False,False
101870,41.0,52745.03,Bronze,12.0,64.6,65.67,9.5,1786,0.1829,4.89,66.85,788.04,0,0,False,True,False,False,False,False,False,True,False,False,True,False,False
101545,54.0,28941.24,Bronze,12.0,31.4,134.84,8.2,917,0.3704,2.51,17.88,1618.08,1,0,False,True,False,False,False,False,False,True,False,True,False,False,False
100473,35.0,58318.52,Gold,7.0,6.0,186.85,6.1,2199,1.0,6.02,44.55,1307.95,1,2,True,False,False,False,False,True,False,False,False,False,False,True,False
105240,36.0,57822.67,Bronze,13.0,81.0,195.02,7.0,2411,0.1585,6.61,22.8,2535.26,1,0,False,True,False,False,False,False,True,False,False,False,True,False,False
101159,18.0,57627.59,Platinum,8.0,52.0,118.53,8.8,1327,0.1509,3.64,60.71,948.24,0,3,False,True,False,False,False,False,False,True,False,True,False,False,False
100133,46.0,80931.14,Bronze,9.0,8.0,51.62,7.7,1765,1.0,4.84,173.83,464.58,0,0,False,True,False,False,False,False,True,False,False,True,False,False,False
102489,55.0,40089.42,Silver,4.0,85.2,85.31,6.1,1349,0.0464,3.7,117.14,341.24,0,1,True,False,False,False,False,False,False,True,False,False,True,False,False
101633,40.0,110491.95000000001,Silver,12.0,37.6,67.94,10.0,2109,0.3109,5.78,135.36,815.28,0,1,True,False,False,False,False,False,True,False,False,False,False,True,False
105428,39.0,53178.86,Silver,6.0,16.0,130.51,6.8,1650,0.3529,4.52,67.82,783.06,0,1,True,False,False,False,False,True,False,False,False,False,False,True,False
104379,32.0,81639.04,Silver,7.0,5.0,104.31,7.9,1777,1.1667,4.87,111.66,730.17,0,1,False,True,False,False,True,False,False,False,False,False,False,False,True
103972,41.0,88237.28,Silver,4.0,37.4,201.3,6.8,2312,0.1042,6.33,109.45,805.2,0,1,True,False,False,False,False,False,False,True,False,False,True,False,False
104817,61.0,35900.22,Bronze,4.0,80.4,117.18,5.7,1140,0.0491,3.12,76.43,468.72,0,0,False,True,False,True,False,False,False,False,False,False,False,True,False
100682,46.0,27357.22,Silver,9.0,41.0,69.49,5.2,748,0.2143,2.05,43.67,625.41,0,1,False,True,False,True,False,False,False,False,False,False,True,False,False
101778,41.0,33344.0,Bronze,12.0,61.0,120.13,8.3,403,0.1935,1.1,23.11,1441.56,1,0,True,False,False,True,False,False,False,False,False,False,True,False,False
104406,53.0,45771.48,Silver,6.0,82.0,158.03,6.3,953,0.0723,2.61,48.22,948.18,0,1,True,False,False,False,False,False,False,True,True,False,False,False,False
104601,47.0,53178.86,Silver,7.0,41.6,53.7,8.0,2235,0.1643,6.12,141.1,375.9,0,1,True,False,False,False,True,False,False,False,True,False,False,False,False
104563,42.0,39248.81,Bronze,6.0,77.0,156.1,5.6,2116,0.0769,5.8,41.86,936.6,0,0,False,True,False,False,False,True,False,False,False,False,True,False,False
102903,50.0,28511.68,Bronze,9.0,86.2,85.73,8.9,1593,0.1032,4.36,36.9,771.57,0,0,True,False,False,True,False,False,False,False,False,False,False,False,True
105687,56.0,42049.64,Gold,5.0,11.0,83.19,5.9,2288,0.4167,6.27,100.85,415.95,0,2,False,True,False,False,False,True,False,False,False,False,False,True,False
103552,24.0,90615.81,Silver,7.0,48.0,104.31,9.7,471,0.1429,1.29,123.93,730.17,0,1,False,True,False,False,False,False,True,False,False,True,False,False,False
105643,46.0,53178.86,Bronze,7.0,6.0,43.22,7.9,2450,1.0,6.71,175.2,302.54,0,0,False,False,True,True,False,False,False,False,False,False,False,False,True
101375,38.0,49402.47,Silver,10.0,13.0,68.9,7.0,1863,0.7143,5.1,71.6,689.0,0,1,True,False,False,False,False,False,False,True,False,False,False,False,True
101946,18.0,28271.72,Silver,8.0,81.0,59.29,10.0,1544,0.0976,4.23,59.48,474.32,0,1,False,True,False,True,False,False,False,False,False,True,False,False,False
100169,36.0,52572.32,Bronze,11.0,36.2,113.03,6.3,1465,0.2957,4.01,42.25,1243.33,1,0,True,False,False,False,True,False,False,False,False,False,True,False,False
104072,36.0,57601.2,Bronze,12.0,32.0,76.57,6.6,1193,0.3636,3.27,62.62,918.84,0,0,False,True,False,False,False,False,False,True,False,False,False,False,True
100502,49.0,103986.91,Bronze,12.0,9.0,211.21,7.4,1182,1.2,3.24,41.01,2534.52,1,0,True,False,False,False,False,False,True,False,False,False,False,False,True
101804,33.0,29156.56,Gold,10.0,24.0,145.9,7.9,1422,0.4,3.9,19.97,1459.0,1,2,True,False,False,False,False,False,True,False,False,False,True,False,False
100882,49.0,48831.82,Bronze,5.0,23.0,52.33,8.2,1308,0.2083,3.58,185.92,261.65,0,0,True,False,False,False,False,True,False,False,False,True,False,False,False
103367,38.0,76243.4,Silver,4.0,59.4,104.31,6.8,1906,0.0662,5.22,182.3,417.24,0,1,False,True,False,False,False,False,False,True,False,False,True,False,False
102324,38.0,73396.02,Silver,7.0,40.0,81.87,6.5,1287,0.1707,3.53,127.85,573.09,0,1,False,True,False,False,True,False,False,False,False,True,False,False,False
102894,30.0,53178.86,Silver,6.0,16.0,124.31,7.1,160,0.3529,0.44,71.2,745.86,0,1,False,True,False,False,False,True,False,False,False,True,False,False,False
103817,37.0,71053.05,Silver,12.0,38.6,68.56,7.7,1520,0.303,4.16,86.26,822.72,0,1,False,True,False,True,False,False,False,False,False,False,True,False,False
102560,56.0,53178.86,Bronze,8.0,48.2,66.0,7.1,2243,0.1626,6.15,100.53,528.0,0,0,False,False,True,False,False,False,True,False,False,True,False,False,False
100231,20.0,54427.73,Silver,8.0,188.0,97.13,8.7,349,0.0423,0.96,69.95,777.04,0,1,True,False,False,False,False,False,True,False,False,False,False,False,True
105092,44.0,45802.09,Bronze,15.0,8.0,96.06,6.1,768,1.6667,2.1,31.77,1440.9,1,0,True,False,False,False,True,False,False,False,False,True,False,False,False
101555,21.0,76031.31,Silver,3.0,9.0,89.11,6.8,811,0.3,2.22,283.35,267.33,0,1,True,False,False,False,False,False,True,False,False,False,True,False,False
104240,46.0,75864.98,Bronze,8.0,97.0,102.3,6.1,1121,0.0816,3.07,92.59,818.4,0,0,True,False,False,False,True,False,False,False,False,False,False,True,False
105095,44.0,53178.86,Bronze,9.0,64.0,9.84,7.1,1238,0.1385,3.39,593.78,88.56,0,0,True,False,False,False,True,False,False,False,False,False,False,False,True
104787,22.0,45246.07,Gold,10.0,28.8,80.65,6.8,763,0.3356,2.09,56.03,806.5,0,2,False,True,False,False,False,False,True,False,True,False,False,False,False
103602,67.0,72809.2,Bronze,7.0,7.0,269.725,5.6,2158,0.875,5.91,38.54,1888.08,1,0,False,True,False,False,False,True,False,False,False,False,False,False,True
105218,52.0,110491.95000000001,Gold,10.0,19.4,176.84,6.3,2088,0.4902,5.72,62.45,1768.4,1,2,False,True,False,False,False,False,True,False,False,False,False,False,True
105076,38.0,13530.99,Gold,11.0,66.0,189.49,7.3,453,0.1642,1.24,6.49,2084.39,1,2,False,True,False,False,False,False,False,True,False,False,True,False,False
100018,26.0,53178.86,Bronze,10.0,38.0,175.33,6.6,2472,0.2564,6.77,30.31,1753.3,1,0,False,True,False,False,True,False,False,False,False,False,False,False,True
105176,36.0,53178.86,Silver,9.0,71.0,98.8,6.5,280,0.125,0.77,59.74,889.2,0,1,False,True,False,False,False,True,False,False,True,False,False,False,False
102869,39.0,42855.72,Gold,9.0,39.4,129.79,7.5,1078,0.2228,2.95,36.66,1168.11,0,2,True,False,False,True,False,False,False,False,False,False,False,False,True
101655,35.0,53178.86,Bronze,4.0,91.0,131.54,8.3,2046,0.0435,5.61,100.88,526.16,0,0,False,True,False,False,False,False,True,False,False,False,False,True,False
101130,18.0,42523.98,Bronze,3.0,102.0,36.3,7.3,568,0.0291,1.56,386.93,108.9,0,0,False,True,False,False,False,False,True,False,False,False,False,True,False
102330,50.0,79935.47,Bronze,9.0,2.0,25.67,6.3,2128,3.0,5.83,344.5,231.03,0,0,True,False,False,False,True,False,False,False,True,False,False,False,False
101091,31.0,53178.86,Platinum,7.0,35.0,269.725,9.1,1620,0.1944,4.44,28.15,1888.08,1,3,True,False,False,False,False,False,False,True,False,False,False,False,True
105604,43.0,40061.5,Silver,8.0,266.0,104.31,10.0,675,0.03,1.85,47.95,834.48,0,1,True,False,False,False,True,False,False,False,False,True,False,False,False
104459,31.0,86341.48,Silver,4.0,53.2,104.31,5.3,2308,0.0738,6.32,206.44,417.24,0,1,True,False,False,False,False,False,True,False,False,True,False,False,False
101499,47.0,42998.77,Silver,10.0,36.4,143.02,9.0,282,0.2674,0.77,30.04,1430.2,1,1,False,True,False,False,False,True,False,False,False,False,False,True,False
103034,42.0,92019.92,Silver,13.0,62.0,102.02,8.8,1659,0.2063,4.55,69.33,1326.26,1,1,True,False,False,False,True,False,False,False,False,True,False,False,False
101882,55.0,79479.62,Silver,6.0,45.0,153.25,5.7,799,0.1304,2.19,86.34,919.5,0,1,True,False,False,False,False,False,True,False,False,False,True,False,False
102663,34.0,58962.37,Silver,6.0,29.8,89.56,6.8,2312,0.1948,6.33,109.52,537.36,0,1,False,True,False,False,False,False,False,True,False,False,False,False,True
105114,48.0,36830.98,Bronze,4.0,19.0,19.43,7.6,1772,0.2,4.85,467.87,77.72,0,0,False,True,False,False,False,False,False,True,True,False,False,False,False
103414,34.0,27356.94,Silver,5.0,41.0,40.62,7.9,819,0.119,2.24,134.04,203.1,0,1,True,False,False,False,False,True,False,False,False,True,False,False,False
100697,18.0,47562.47,Bronze,6.0,50.8,66.12,7.6,1351,0.1158,3.7,119.59,396.72,0,0,False,True,False,False,False,False,False,True,False,False,True,False,False
104424,30.0,86047.4,Silver,8.0,32.6,84.26,5.5,2145,0.2381,5.88,127.46,674.08,0,1,True,False,False,False,False,False,False,True,True,False,False,False,False
103485,48.0,44865.24,Gold,3.0,49.2,55.82,7.2,2220,0.0598,6.08,266.33,167.46,0,2,True,False,False,False,True,False,False,False,False,False,False,True,False
100536,46.0,102234.58,Silver,4.0,198.0,156.53,7.4,2151,0.0201,5.89,163.02,626.12,0,1,True,False,False,False,False,False,True,False,False,False,False,True,False
102628,56.0,31789.34,Bronze,4.0,12.0,58.12,8.9,1037,0.3077,2.84,136.15,232.48,0,0,True,False,False,False,False,False,False,True,False,False,True,False,False
103164,46.0,47483.0,Bronze,12.0,5.0,16.86,9.7,2071,2.0,5.67,233.54,202.32,0,0,True,False,False,False,True,False,False,False,True,False,False,False,False
103493,35.0,23800.0,Silver,8.0,16.0,121.01,4.9,320,0.4706,0.88,24.56,968.08,0,1,True,False,False,True,False,False,False,False,False,True,False,False,False
103654,47.0,53178.86,Bronze,11.0,42.0,120.73,4.5,506,0.2558,1.39,40.01,1328.03,1,0,True,False,False,False,False,True,False,False,False,False,False,True,False
102595,19.0,50834.88,Silver,8.0,5.0,141.62,6.7,2297,1.3333,6.29,44.83,1132.96,0,1,False,True,False,True,False,False,False,False,False,False,True,False,False
105718,32.0,110491.95000000001,Gold,10.0,27.2,124.77,6.2,2291,0.3546,6.28,88.49,1247.7,1,2,False,True,False,False,False,False,True,False,False,False,True,False,False
105511,43.0,62226.71,Silver,6.0,101.0,56.77,8.0,823,0.0588,2.25,182.15,340.62,0,1,False,False,True,False,False,True,False,False,False,True,False,False,False
101048,45.0,75113.69,Gold,3.0,35.0,62.7,7.7,510,0.0833,1.4,397.22,188.1,0,2,True,False,False,False,True,False,False,False,False,True,False,False,False
105685,26.0,23110.78,Silver,8.0,12.2,41.29,8.9,1290,0.6061,3.53,69.75,330.32,0,1,True,False,False,False,False,False,False,True,False,True,False,False,False
105019,24.0,90207.14,Silver,11.0,21.0,50.52,8.2,1622,0.5,4.44,162.03,555.72,0,1,False,True,False,False,True,False,False,False,False,True,False,False,False
100015,44.0,36664.69,Bronze,5.0,14.0,30.38,7.4,349,0.3333,0.96,239.8,151.9,0,0,False,True,False,False,False,True,False,False,True,False,False,False,False
103743,18.0,31554.42,Bronze,7.0,108.0,104.31,6.1,2013,0.0642,5.52,43.16,730.17,0,0,False,True,False,False,True,False,False,False,False,False,True,False,False
104308,63.0,44650.49,Bronze,11.0,32.6,52.83,6.7,1717,0.3274,4.7,76.7,581.13,0,0,True,False,False,True,False,False,False,False,False,True,False,False,False
105874,38.0,110491.95000000001,Platinum,8.0,27.0,142.26,6.2,758,0.2857,2.08,97.0,1138.08,0,3,False,True,False,False,False,False,True,False,False,False,True,False,False
102348,30.0,61640.47,Bronze,7.0,38.6,137.94,8.1,1431,0.1768,3.92,63.77,965.58,0,0,True,False,False,False,False,False,True,False,False,False,False,False,True
101565,27.0,43412.49,Bronze,21.0,84.0,59.95,5.2,1027,0.2471,2.81,34.46,1258.95,1,0,True,False,False,False,False,False,False,True,False,False,False,True,False
105620,44.0,55828.73,Gold,9.0,84.0,137.05,4.4,1793,0.1059,4.91,45.23,1233.45,1,2,False,True,False,False,False,False,True,False,False,True,False,False,False
101865,41.0,31167.6,Bronze,8.0,5.0,63.05,6.1,1847,1.3333,5.06,61.67,504.4,0,0,True,False,False,True,False,False,False,False,False,True,False,False,False
103095,60.0,42315.78,Silver,5.0,49.0,43.8,8.6,789,0.1,2.16,192.34,219.0,0,1,False,True,False,False,False,False,True,False,False,True,False,False,False
100066,48.0,63524.93,Bronze,7.0,1.0,61.24,7.4,683,3.5,1.87,147.84,428.68,0,0,True,False,False,False,False,False,True,False,False,False,True,False,False
103404,51.0,72715.1,Bronze,6.0,9.0,29.01,6.4,1344,0.6,3.68,415.37,174.06,0,0,False,True,False,False,True,False,False,False,False,False,True,False,False
105410,44.0,56260.5,Bronze,8.0,20.8,144.82,8.7,2163,0.367,5.93,48.52,1158.56,0,0,True,False,False,False,False,False,True,False,False,True,False,False,False
105855,28.0,39786.34,Silver,13.0,3.0,103.18,8.2,423,3.25,1.16,29.64,1341.34,1,1,False,True,False,True,False,False,False,False,False,False,False,True,False
102411,27.0,77287.09,Silver,5.0,46.8,118.67,7.4,2383,0.1046,6.53,130.04,593.35,0,1,False,True,False,False,False,False,True,False,False,False,True,False,False
105770,40.0,52011.87,Gold,5.0,61.6,52.72,8.1,576,0.0799,1.58,196.57,263.6,0,2,True,False,False,False,False,True,False,False,False,True,False,False,False
102842,51.0,33985.58,Gold,4.0,184.0,240.04,6.2,1575,0.0216,4.32,35.36,960.16,0,2,True,False,False,False,False,False,False,True,False,False,False,False,True
101273,34.0,53178.86,Platinum,8.0,9.0,269.725,8.1,1482,0.8,4.06,24.63,2157.8,1,3,False,False,True,False,False,False,True,False,False,False,True,False,False
104946,61.0,84845.92,Silver,9.0,10.0,76.38,7.7,676,0.8182,1.85,123.25,687.42,0,1,True,False,False,False,True,False,False,False,False,False,False,True,False
101895,35.0,110491.95000000001,Gold,5.0,24.0,189.28,7.3,263,0.2,0.72,116.63,946.4,0,2,False,True,False,False,False,False,True,False,False,False,False,False,True
104318,31.0,56055.56,Gold,6.0,55.0,93.09,6.1,1496,0.1071,4.1,100.18,558.54,0,2,False,True,False,False,False,False,False,True,False,False,True,False,False
101972,34.0,66661.5,Gold,11.0,57.0,182.75,6.5,1582,0.1897,4.33,33.14,2010.25,1,2,False,True,False,True,False,False,False,False,False,False,True,False,False
104096,18.0,56131.98,Bronze,6.0,22.0,104.31,7.7,468,0.2609,1.28,89.54,625.86,0,0,True,False,False,False,False,True,False,False,True,False,False,False,False
100089,44.0,110491.95000000001,Bronze,11.0,81.0,59.37,6.0,1939,0.1341,5.31,168.93,653.07,0,0,True,False,False,False,True,False,False,False,False,False,False,False,True
103091,53.0,31471.91,Bronze,15.0,10.6,34.6,6.7,744,1.2931,2.04,60.52,519.0,0,0,False,True,False,False,True,False,False,False,False,False,False,False,True
104884,35.0,35839.11,Gold,6.0,61.4,75.0,8.3,452,0.0962,1.24,79.47,450.0,0,2,False,True,False,False,False,False,True,False,False,False,True,False,False
101500,24.0,24203.49,Gold,15.0,59.4,104.31,10.0,722,0.2483,1.98,15.46,1564.65,1,2,False,True,False,False,False,True,False,False,False,False,False,False,True
102900,48.0,36746.5,Bronze,7.0,76.0,198.94,5.3,2322,0.0909,6.36,26.37,1392.58,1,0,True,False,False,False,False,False,True,False,False,False,True,False,False
101408,46.0,41683.16,Gold,11.0,32.0,229.82,6.8,125,0.3333,0.34,16.48,2528.02,1,2,True,False,False,False,False,False,True,False,False,True,False,False,False
103460,47.0,110491.95000000001,Silver,8.0,30.8,56.99,8.2,317,0.2516,0.87,241.82,455.92,0,1,False,True,False,False,True,False,False,False,False,True,False,False,False
103671,44.0,32597.28,Silver,11.0,111.0,103.8,7.1,1079,0.0982,2.96,28.52,1141.8,0,1,True,False,False,False,False,False,False,True,False,False,False,True,False
104699,51.0,75935.69,Bronze,12.0,165.0,151.94,5.8,256,0.0723,0.7,41.63,1823.28,1,0,False,True,False,False,False,True,False,False,False,True,False,False,False
105778,40.0,50980.58,Silver,5.0,92.0,269.725,8.1,2441,0.0538,6.69,37.77,1348.62,1,1,True,False,False,False,False,False,False,True,False,True,False,False,False
104504,48.0,53178.86,Silver,14.0,5.0,54.5,8.4,45,2.3333,0.12,69.61,763.0,0,1,True,False,False,True,False,False,False,False,False,False,False,False,True
100764,46.0,100916.36,Bronze,11.0,76.0,51.38,5.9,1115,0.1429,3.05,178.24,565.18,0,0,True,False,False,False,False,False,True,False,False,False,False,True,False
101663,37.0,40960.83,Bronze,15.0,30.0,104.31,7.4,298,0.4839,0.82,26.16,1564.65,1,0,False,True,False,False,False,True,False,False,False,True,False,False,False
103015,50.0,105559.54,Bronze,16.0,7.0,99.03,7.8,1784,2.0,4.89,66.58,1584.48,1,0,False,True,False,False,False,False,False,True,False,False,True,False,False
102585,44.0,53178.86,Gold,8.0,23.8,104.31,7.4,1672,0.3226,4.58,63.65,834.48,0,2,True,False,False,True,False,False,False,False,False,False,True,False,False
100374,48.0,53178.86,Bronze,7.0,39.0,127.51,5.6,1023,0.175,2.8,59.51,892.57,0,0,False,True,False,False,False,True,False,False,True,False,False,False,False
105032,48.0,70388.93,Gold,9.0,112.0,88.76,7.6,1929,0.0796,5.28,88.0,798.84,0,2,True,False,False,True,False,False,False,False,False,False,True,False,False
104535,38.0,57564.31,Silver,6.0,168.0,213.51,7.0,1119,0.0355,3.07,44.9,1281.06,1,1,False,True,False,False,True,False,False,False,False,False,True,False,False
102374,57.0,100990.64,Bronze,5.0,41.0,37.52,2.8,1011,0.119,2.77,535.48,187.6,0,0,False,True,False,False,False,True,False,False,False,False,False,True,False
102768,59.0,57482.35,Bronze,11.0,101.0,120.22,9.0,204,0.1078,0.56,43.43,1322.42,1,0,False,True,False,False,False,False,False,True,False,False,True,False,False
103362,18.0,41943.39,Bronze,9.0,20.6,151.78,8.6,1065,0.4167,2.92,30.68,1366.02,1,0,True,False,False,True,False,False,False,False,False,False,True,False,False
101833,25.0,61508.61,Bronze,7.0,59.4,61.52,5.9,138,0.1159,0.38,142.5,430.64,0,0,True,False,False,False,False,True,False,False,False,False,True,False,False
101621,45.0,75854.63,Bronze,11.0,136.0,72.05,5.6,1019,0.0803,2.79,95.59,792.55,0,0,False,True,False,False,False,False,False,True,False,False,True,False,False
103276,24.0,53178.86,Silver,9.0,2.0,88.09,7.1,1436,3.0,3.93,66.99,792.81,0,1,True,False,False,False,True,False,False,False,False,True,False,False,False
100539,18.0,48755.41,Bronze,7.0,63.8,86.86,10.0,2298,0.108,6.3,80.06,608.02,0,0,False,True,False,False,False,False,False,True,False,True,False,False,False
103551,29.0,70940.02,Gold,9.0,13.0,136.56,6.2,1246,0.6429,3.41,57.67,1229.04,1,2,True,False,False,False,False,True,False,False,False,False,False,False,True
100756,52.0,67508.55,Bronze,8.0,25.0,98.85,5.1,1908,0.3077,5.23,85.26,790.8,0,0,True,False,False,False,False,False,True,False,False,False,False,False,True
103607,18.0,89395.68,Bronze,14.0,9.0,74.31,7.7,1900,1.4,5.21,85.85,1040.34,0,0,False,True,False,False,False,False,True,False,False,False,True,False,False
100535,19.0,28209.65,Bronze,8.0,52.0,36.44,6.8,380,0.1509,1.04,96.44,291.52,0,0,False,True,False,False,False,False,True,False,False,True,False,False,False
101449,34.0,53178.86,Bronze,9.0,14.0,125.89,8.8,2148,0.6,5.88,46.89,1133.01,0,0,True,False,False,False,False,False,True,False,False,True,False,False,False
100916,52.0,37081.86,Bronze,6.0,57.0,35.37,8.1,1976,0.1034,5.41,173.91,212.22,0,0,False,False,True,False,False,True,False,False,False,True,False,False,False
103128,43.0,53382.39,Platinum,6.0,170.0,114.01,8.4,1007,0.0351,2.76,77.92,684.06,0,3,False,False,True,False,False,False,True,False,False,False,True,False,False
104940,27.0,110491.95000000001,Gold,11.0,7.0,104.31,9.1,775,1.375,2.12,96.21,1147.41,0,2,False,True,False,False,False,True,False,False,False,False,False,False,True
105418,50.0,37164.55,Bronze,9.0,33.0,32.59,8.7,1823,0.2647,4.99,126.28,293.31,0,0,True,False,False,False,False,True,False,False,False,False,True,False,False
100182,41.0,79265.16,Bronze,8.0,19.0,9.08,4.2,1230,0.4,3.37,1076.39,72.64,0,0,True,False,False,True,False,False,False,False,False,False,False,False,True
101770,70.0,52735.4,Silver,8.0,65.0,51.7,8.2,1557,0.1212,4.27,127.2,413.6,0,1,False,True,False,False,False,False,False,True,False,False,False,False,True
104610,33.0,51559.54,Bronze,3.0,4.0,198.57,8.6,168,0.6,0.46,86.41,595.71,0,0,False,False,True,False,False,False,False,True,False,False,True,False,False
102830,68.0,73734.21,Bronze,9.0,88.0,24.51,8.7,1138,0.1011,3.12,332.75,220.59,0,0,False,True,False,False,True,False,False,False,False,True,False,False,False
103314,40.0,53178.86,Bronze,7.0,40.8,72.4,8.8,2244,0.1675,6.15,104.72,506.8,0,0,False,True,False,False,False,False,True,False,False,True,False,False,False
105458,53.0,53178.86,Silver,7.0,79.0,88.56,7.8,812,0.0875,2.22,85.65,619.92,0,1,False,True,False,False,False,False,False,True,False,False,True,False,False
101193,35.0,53178.86,Platinum,11.0,21.0,208.79,6.6,1053,0.5,2.88,23.14,2296.69,1,3,True,False,False,False,True,False,False,False,False,False,False,True,False
104082,48.0,53178.86,Bronze,14.0,161.0,81.52,6.4,1714,0.0864,4.7,46.56,1141.28,0,0,False,True,False,True,False,False,False,False,False,True,False,False,False
102128,32.0,98147.54,Silver,2.0,6.0,42.82,5.5,2138,0.2857,5.86,1132.82,85.64,0,1,False,True,False,False,False,False,True,False,False,True,False,False,False
105396,45.0,56496.78,Bronze,9.0,18.0,170.08,5.9,332,0.4737,0.91,36.88,1530.72,1,0,False,False,True,False,False,False,False,True,False,True,False,False,False
100477,51.0,53025.45,Bronze,5.0,45.6,104.31,6.0,2488,0.1073,6.82,101.47,521.55,0,0,False,True,False,False,False,False,True,False,False,False,True,False,False
104921,34.0,53178.86,Gold,8.0,32.2,126.82,6.9,2177,0.241,5.96,52.36,1014.56,0,2,False,True,False,False,True,False,False,False,False,False,False,False,True
100260,22.0,34800.56,Platinum,7.0,19.0,164.84,6.4,2205,0.35,6.04,30.13,1153.88,0,3,False,False,True,False,False,True,False,False,False,False,False,True,False
100562,42.0,24756.82,Gold,5.0,3.0,223.63,8.5,320,1.25,0.88,22.12,1118.15,0,2,False,True,False,False,False,False,False,True,True,False,False,False,False
104285,33.0,97123.33,Platinum,4.0,48.0,233.58,7.9,1096,0.0816,3.0,103.84,934.32,0,3,True,False,False,False,True,False,False,False,False,False,False,False,True
100199,38.0,38680.58,Bronze,4.0,15.0,235.59,7.2,756,0.25,2.07,41.0,942.36,0,0,False,True,False,False,False,False,False,True,False,False,False,False,True
102276,18.0,53178.86,Silver,7.0,71.6,104.31,10.0,825,0.0964,2.26,72.73,730.17,0,1,True,False,False,False,False,False,True,False,False,False,True,False,False
101741,33.0,41383.96,Silver,8.0,17.0,145.14,6.8,763,0.4444,2.09,35.61,1161.12,0,1,True,False,False,False,False,False,True,False,False,False,False,True,False
101892,29.0,43658.08,Silver,11.0,48.0,89.13,10.0,1394,0.2245,3.82,44.48,980.43,0,1,True,False,False,True,False,False,False,False,False,False,False,True,False
101860,21.0,86027.47,Bronze,8.0,45.0,105.32,5.6,1084,0.1739,2.97,101.98,842.56,0,0,True,False,False,False,False,False,True,False,False,True,False,False,False
105904,40.0,62534.51,Gold,10.0,179.0,93.75,6.7,2385,0.0556,6.53,66.63,937.5,0,2,True,False,False,False,False,False,True,False,False,False,False,False,True
103027,47.0,68618.73,Gold,12.0,36.0,213.1,7.3,1912,0.3243,5.24,26.82,2557.2,1,2,False,True,False,False,False,True,False,False,False,True,False,False,False
101384,36.0,44568.15,Bronze,5.0,6.0,135.59,8.7,2153,0.7143,5.9,65.64,677.95,0,0,False,True,False,False,False,True,False,False,False,True,False,False,False
102092,46.0,110491.95000000001,Silver,4.0,15.0,79.18,7.7,1698,0.25,4.65,347.77,316.72,0,1,True,False,False,False,True,False,False,False,True,False,False,False,False
103077,38.0,33410.92,Silver,6.0,13.0,104.31,8.5,2080,0.4286,5.7,53.3,625.86,0,1,False,True,False,False,False,False,True,False,False,False,False,False,True
104334,50.0,78979.98,Gold,8.0,132.0,74.1,9.4,275,0.0602,0.75,133.01,592.8,0,2,False,True,False,False,False,False,False,True,True,False,False,False,False
103199,50.0,110491.95000000001,Bronze,9.0,1.0,22.31,8.4,459,4.5,1.26,547.56,200.79,0,0,False,True,False,False,False,False,True,False,False,True,False,False,False
101600,25.0,82156.79,Silver,6.0,66.2,94.73,7.6,1788,0.0893,4.9,144.29,568.38,0,1,True,False,False,False,False,False,True,False,False,False,False,False,True
102575,37.0,23427.75,Silver,8.0,104.0,77.07,8.2,902,0.0762,2.47,37.94,616.56,0,1,True,False,False,True,False,False,False,False,False,True,False,False,False
101727,27.0,49124.88,Silver,7.0,5.0,145.21,6.9,679,1.1667,1.86,48.28,1016.47,0,1,False,True,False,False,True,False,False,False,False,True,False,False,False
103238,47.0,53178.86,Bronze,8.0,48.0,101.9,8.0,237,0.1633,0.65,65.15,815.2,0,0,True,False,False,True,False,False,False,False,False,False,True,False,False
105247,70.0,73662.22,Gold,4.0,66.0,81.58,7.5,181,0.0597,0.5,225.05,326.32,0,2,True,False,False,False,False,True,False,False,False,True,False,False,False
105694,55.0,110491.95000000001,Bronze,7.0,82.0,67.42,8.2,2280,0.0843,6.25,233.63,471.94,0,0,False,True,False,True,False,False,False,False,False,False,False,True,False
104667,54.0,37972.1,Bronze,9.0,2.0,223.0,7.7,747,3.0,2.05,18.91,2007.0,1,0,True,False,False,True,False,False,False,False,True,False,False,False,False
104793,47.0,55962.81,Bronze,8.0,0.0,97.19,6.4,2364,8.0,6.48,71.88,777.52,0,0,False,True,False,False,False,False,True,False,False,True,False,False,False
101224,47.0,49895.7,Gold,10.0,2.0,101.14,4.6,1825,3.3333,5.0,49.28,1011.4,0,2,True,False,False,False,False,False,True,False,False,False,True,False,False
101298,30.0,48519.43,Bronze,7.0,60.2,130.88,7.7,1447,0.1144,3.96,52.9,916.16,0,0,False,True,False,False,False,False,False,True,False,True,False,False,False
102776,70.0,24908.81,Gold,9.0,26.4,113.02,5.2,1480,0.3285,4.05,24.46,1017.18,0,2,True,False,False,False,False,True,False,False,False,False,False,False,True
100016,28.0,34866.44,Gold,8.0,58.0,104.31,9.4,418,0.1356,1.15,41.73,834.48,0,2,False,True,False,False,False,False,False,True,False,False,False,False,True
105426,30.0,53178.86,Silver,13.0,49.0,149.63,8.8,1841,0.26,5.04,27.32,1945.19,1,1,True,False,False,False,False,False,False,True,True,False,False,False,False
100352,48.0,37512.09,Bronze,9.0,18.0,101.61,8.4,545,0.4737,1.49,40.97,914.49,0,0,False,False,True,False,True,False,False,False,False,False,False,True,False
105405,41.0,66701.25,Bronze,7.0,64.0,108.45,8.8,94,0.1077,0.26,87.75,759.15,0,0,True,False,False,False,False,True,False,False,False,False,True,False,False
101363,18.0,43995.36,Bronze,9.0,40.0,23.12,7.2,2209,0.2195,6.05,210.42,208.08,0,0,False,True,False,False,False,True,False,False,False,False,True,False,False
102171,28.0,39769.27,Bronze,8.0,3.0,198.89,7.3,1393,2.0,3.82,24.98,1591.12,1,0,True,False,False,False,False,True,False,False,False,False,True,False,False
102032,32.0,62111.96,Silver,8.0,12.0,91.22,6.3,2110,0.6154,5.78,85.0,729.76,0,1,False,True,False,False,True,False,False,False,False,False,False,True,False
103814,35.0,57122.22,Gold,20.0,0.0,104.37,7.0,296,20.0,0.81,27.35,2087.4,1,2,True,False,False,False,True,False,False,False,False,False,True,False,False
100372,54.0,110491.95000000001,Silver,14.0,11.0,46.82,10.0,391,1.1667,1.07,168.31,655.48,0,1,False,True,False,True,False,False,False,False,False,True,False,False,False
102245,44.0,53178.86,Bronze,9.0,16.0,68.26,6.7,1382,0.5294,3.79,86.42,614.34,0,0,False,True,False,False,False,False,False,True,False,True,False,False,False
102314,39.0,37679.28,Gold,9.0,43.0,269.725,5.7,1044,0.2045,2.86,15.52,2427.52,1,2,False,True,False,False,False,False,False,True,False,True,False,False,False
105861,52.0,25288.51,Platinum,6.0,51.4,269.725,7.6,1833,0.1145,5.02,15.62,1618.35,1,3,True,False,False,False,True,False,False,False,False,True,False,False,False
103797,18.0,70327.24,Silver,7.0,20.0,269.725,8.6,2288,0.3333,6.27,37.23,1888.08,1,1,False,True,False,False,True,False,False,False,False,False,False,True,False
103800,37.0,30930.01,Bronze,14.0,23.2,169.27,6.7,2494,0.5785,6.83,13.05,2369.78,1,0,False,True,False,False,True,False,False,False,False,False,False,False,True
105805,34.0,60577.81,Bronze,9.0,43.4,80.94,8.3,1380,0.2027,3.78,83.04,728.46,0,0,False,True,False,False,True,False,False,False,False,False,True,False,False
100743,26.0,53178.86,Bronze,8.0,8.0,133.2,7.4,1418,0.8889,3.88,49.86,1065.6,0,0,False,True,False,False,False,False,True,False,False,True,False,False,False
101269,46.0,53178.86,Silver,9.0,9.0,53.4,5.8,1236,0.9,3.39,110.42,480.6,0,1,False,True,False,False,True,False,False,False,False,False,False,True,False
102601,31.0,53178.86,Platinum,8.0,82.8,104.31,9.0,904,0.0955,2.48,63.65,834.48,0,3,False,True,False,True,False,False,False,False,True,False,False,False,False
101618,18.0,78783.55,Gold,6.0,15.0,105.27,5.3,2359,0.375,6.46,124.54,631.62,0,2,False,True,False,True,False,False,False,False,False,False,False,False,True
100806,51.0,44196.54,Gold,6.0,76.2,161.36,8.9,2155,0.0777,5.9,45.6,968.16,0,2,False,True,False,True,False,False,False,False,False,False,False,True,False
104797,42.0,45629.39,Bronze,10.0,38.0,150.37,5.2,2289,0.2564,6.27,30.32,1503.7,1,0,True,False,False,True,False,False,False,False,False,True,False,False,False
100684,32.0,45272.99,Bronze,9.0,43.0,164.27,7.2,1736,0.2045,4.76,30.6,1478.43,1,0,False,True,False,False,False,True,False,False,False,False,False,True,False
104984,61.0,35106.69,Silver,5.0,4.0,153.32,6.0,713,1.0,1.95,45.74,766.6,0,1,False,True,False,False,False,False,False,True,False,False,False,True,False
103560,28.0,16651.5,Silver,6.0,139.0,89.29,6.2,1649,0.0429,4.52,31.02,535.74,0,1,True,False,False,False,False,False,False,True,False,False,True,False,False
103853,22.0,42031.84,Gold,6.0,40.0,83.94,9.5,429,0.1463,1.18,83.29,503.64,0,2,False,True,False,False,False,True,False,False,False,False,False,False,True
103806,18.0,53178.86,Bronze,5.0,12.0,26.89,8.2,1298,0.3846,3.56,392.61,134.45,0,0,True,False,False,False,True,False,False,False,False,False,False,True,False
105564,22.0,31858.08,Silver,14.0,40.0,150.37,5.2,341,0.3415,0.93,15.13,2105.18,1,1,True,False,False,False,False,False,True,False,False,True,False,False,False
104707,43.0,53178.86,Platinum,8.0,31.0,104.31,8.0,1195,0.25,3.27,63.65,834.48,0,3,True,False,False,False,True,False,False,False,False,False,False,False,True
104370,47.0,53786.54,Bronze,6.0,10.0,22.24,8.5,511,0.5455,1.4,400.08,133.44,0,0,True,False,False,True,False,False,False,False,False,True,False,False,False
105013,21.0,36830.07,Bronze,10.0,54.8,11.48,4.1,2027,0.1792,5.55,318.05,114.8,0,0,False,True,False,False,False,False,False,True,False,False,False,True,False
103857,24.0,25736.62,Bronze,11.0,47.2,29.64,7.7,141,0.2282,0.39,78.7,326.04,0,0,False,True,False,False,False,False,True,False,False,True,False,False,False
103860,43.0,59662.17,Bronze,9.0,49.0,252.35,9.1,2007,0.18,5.5,26.26,2271.15,1,0,False,True,False,False,True,False,False,False,False,False,False,True,False
100009,38.0,49770.96,Silver,10.0,70.2,108.64,9.3,162,0.1404,0.44,45.77,1086.4,0,1,True,False,False,False,False,False,True,False,False,True,False,False,False
101863,55.0,34169.84,Platinum,8.0,9.0,209.45,7.1,2020,0.8,5.53,20.38,1675.6,1,3,False,True,False,False,False,False,True,False,False,False,False,True,False
102820,48.0,27722.03,Bronze,7.0,20.0,104.31,4.3,1576,0.3333,4.32,37.91,730.17,0,0,False,True,False,True,False,False,False,False,False,False,False,True,False
101352,45.0,51679.38,Gold,15.0,84.0,121.64,7.0,323,0.1765,0.88,28.31,1824.6,1,2,False,True,False,False,False,True,False,False,False,True,False,False,False
100577,54.0,70510.9,Bronze,8.0,24.0,41.13,6.8,1469,0.32,4.02,213.64,329.04,0,0,True,False,False,False,False,False,False,True,False,False,False,True,False
100627,33.0,68141.58,Silver,13.0,30.0,65.95,7.1,2083,0.4194,5.71,79.39,857.35,0,1,True,False,False,False,False,False,True,False,False,False,False,True,False
103619,42.0,29049.53,Bronze,8.0,40.0,39.22,8.9,576,0.1951,1.58,92.29,313.76,0,0,True,False,False,False,False,False,True,False,False,True,False,False,False
105532,45.0,42105.61,Gold,7.0,40.0,104.31,7.2,811,0.1707,2.22,57.59,730.17,0,2,True,False,False,False,False,False,False,True,False,True,False,False,False
100427,48.0,83625.66,Silver,10.0,91.4,115.72,6.7,1064,0.1082,2.92,72.2,1157.2,0,1,True,False,False,False,False,False,False,True,False,True,False,False,False
100034,28.0,64564.05,Silver,16.0,105.0,269.725,7.1,2490,0.1509,6.82,14.96,4315.6,1,1,True,False,False,True,False,False,False,False,False,False,True,False,False
101047,32.0,70063.14,Gold,5.0,144.0,119.03,7.4,629,0.0345,1.72,117.53,595.15,0,2,True,False,False,False,False,True,False,False,False,False,True,False,False
100045,39.0,76837.99,Bronze,13.0,38.0,43.05,8.4,710,0.3333,1.95,137.05,559.65,0,0,True,False,False,False,False,True,False,False,True,False,False,False,False
103340,18.0,62136.07,Silver,3.0,71.0,104.31,7.0,2061,0.0417,5.65,197.93,312.93,0,1,False,True,False,False,True,False,False,False,False,False,False,True,False
101045,29.0,44739.93,Silver,7.0,2.0,109.48,7.4,1040,2.3333,2.85,58.3,766.36,0,1,False,True,False,False,False,False,False,True,False,False,True,False,False
101102,45.0,29784.6,Silver,7.0,35.0,29.3,5.0,994,0.1944,2.72,144.52,205.1,0,1,False,True,False,True,False,False,False,False,False,True,False,False,False
101050,43.0,84865.51,Silver,6.0,40.0,235.86,4.7,2291,0.1463,6.28,59.93,1415.16,1,1,True,False,False,False,False,False,False,True,False,False,True,False,False
101884,39.0,107412.21,Bronze,8.0,11.0,50.77,7.8,1247,0.6667,3.42,263.81,406.16,0,0,False,True,False,False,False,False,False,True,False,False,False,False,True
104472,29.0,68495.89,Gold,8.0,80.0,104.31,6.9,1106,0.0988,3.03,81.98,834.48,0,2,True,False,False,False,False,True,False,False,False,True,False,False,False
104634,24.0,110491.95000000001,Silver,6.0,34.0,145.96,4.4,1137,0.1714,3.12,126.02,875.76,0,1,False,True,False,True,False,False,False,False,False,False,False,True,False
101744,22.0,66030.25,Bronze,6.0,23.0,91.89,7.1,1131,0.25,3.1,119.55,551.34,0,0,False,True,False,False,False,False,True,False,False,False,False,False,True
102578,26.0,53178.86,Bronze,6.0,52.0,137.07,8.2,2264,0.1132,6.2,64.58,822.42,0,0,False,True,False,False,False,True,False,False,False,False,False,False,True
100064,45.0,67816.46,Silver,10.0,79.0,85.44,8.2,398,0.125,1.09,79.28,854.4,0,1,False,True,False,False,False,True,False,False,False,True,False,False,False
104354,20.0,42556.66,Bronze,7.0,43.0,9.62,9.0,348,0.1591,0.95,622.72,67.34,0,0,False,True,False,False,False,True,False,False,False,False,False,True,False
103071,48.0,53178.86,Gold,5.0,84.0,140.78,6.0,1785,0.0588,4.89,75.44,703.9,0,2,True,False,False,False,False,True,False,False,False,True,False,False,False
105330,45.0,40286.42,Bronze,6.0,43.0,29.58,9.0,95,0.1364,0.26,225.72,177.48,0,0,True,False,False,False,False,False,False,True,False,True,False,False,False
102618,49.0,11068.47,Gold,12.0,8.0,218.48,6.0,102,1.3333,0.28,4.22,2621.76,1,2,True,False,False,False,False,False,True,False,False,True,False,False,False
101120,26.0,28732.49,Silver,10.0,67.0,155.01,7.7,1850,0.1471,5.07,18.52,1550.1,1,1,True,False,False,True,False,False,False,False,False,False,False,False,True
102500,53.0,53178.86,Gold,6.0,8.0,241.3,7.1,1459,0.6667,4.0,36.71,1447.8,1,2,False,False,True,False,False,True,False,False,False,False,True,False,False
103393,28.0,27103.74,Silver,6.0,11.6,147.37,8.5,2002,0.4762,5.48,30.62,884.22,0,1,True,False,False,False,False,False,True,False,False,False,False,True,False
100706,26.0,53178.86,Silver,5.0,84.0,58.2,5.2,715,0.0588,1.96,182.12,291.0,0,1,False,True,False,False,False,False,True,False,False,True,False,False,False
104987,43.0,110491.95000000001,Bronze,9.0,28.0,94.08,5.6,143,0.3103,0.39,130.34,846.72,0,0,True,False,False,True,False,False,False,False,False,True,False,False,False
104963,41.0,29325.83,Bronze,14.0,12.0,229.73,6.8,1962,1.0769,5.38,9.12,3216.22,1,0,False,True,False,False,False,True,False,False,False,True,False,False,False
103269,34.0,53178.86,Silver,4.0,74.0,42.68,6.5,2463,0.0533,6.75,309.68,170.72,0,1,True,False,False,False,False,True,False,False,False,False,False,True,False
104011,42.0,79986.51,Bronze,9.0,28.2,106.17,7.2,117,0.3082,0.32,83.62,955.53,0,0,True,False,False,False,False,False,False,True,False,False,True,False,False
101613,37.0,92132.64,Bronze,7.0,16.0,231.61,6.7,457,0.4118,1.25,56.79,1621.27,1,0,True,False,False,False,False,False,True,False,False,False,False,True,False
104223,70.0,53178.86,Platinum,10.0,41.4,141.73,6.8,2278,0.2358,6.24,37.49,1417.3,1,3,False,True,False,False,True,False,False,False,False,False,True,False,False
101974,58.0,72869.4,Bronze,5.0,10.0,138.65,7.6,1145,0.4545,3.14,104.96,693.25,0,0,True,False,False,False,False,False,False,True,False,True,False,False,False
104816,18.0,33713.7,Gold,9.0,30.0,137.19,6.7,117,0.2903,0.32,27.28,1234.71,1,2,True,False,False,False,False,False,False,True,True,False,False,False,False
105560,22.0,41169.12,Bronze,9.0,173.0,244.95,6.8,82,0.0517,0.22,18.67,2204.55,1,0,True,False,False,False,False,True,False,False,False,True,False,False,False
103933,42.0,48185.56,Bronze,10.0,6.0,74.98,5.1,2284,1.4286,6.26,64.18,749.8,0,0,False,True,False,False,False,False,False,True,False,True,False,False,False
101316,60.0,53793.05,Silver,9.0,1.0,192.64,8.5,1003,4.5,2.75,31.01,1733.76,1,1,True,False,False,False,False,False,True,False,True,False,False,False,False
105688,54.0,61645.03,Bronze,2.0,5.0,80.7,8.8,83,0.3333,0.23,379.59,161.4,0,0,True,False,False,False,False,False,True,False,False,False,False,False,True
105695,46.0,38974.91,Gold,14.0,14.2,104.31,9.9,31,0.9211,0.08,26.67,1460.34,1,2,False,True,False,False,True,False,False,False,False,True,False,False,False
102799,45.0,66536.5,Gold,8.0,39.0,94.85,6.6,1076,0.2,2.95,87.57,758.8,0,2,True,False,False,True,False,False,False,False,False,False,False,False,True
105783,24.0,72513.32,Silver,8.0,16.0,53.4,8.7,176,0.4706,0.48,169.34,427.2,0,1,True,False,False,False,False,False,True,False,False,False,True,False,False
103837,45.0,40398.74,Bronze,9.0,17.0,118.0,6.7,719,0.5,1.97,38.0,1062.0,0,0,False,True,False,False,True,False,False,False,False,True,False,False,False
104763,42.0,63735.4,Gold,13.0,35.0,241.53,9.1,2459,0.3611,6.74,20.29,3139.89,1,2,True,False,False,False,False,True,False,False,False,True,False,False,False
100748,44.0,53178.86,Bronze,9.0,15.0,167.31,8.2,1421,0.5625,3.89,35.29,1505.79,1,0,False,True,False,False,False,True,False,False,False,False,False,False,True
104242,28.0,53178.86,Bronze,5.0,54.0,109.68,3.5,764,0.0909,2.09,96.79,548.4,0,0,False,True,False,True,False,False,False,False,False,True,False,False,False
100474,40.0,34487.07,Gold,4.0,1.0,114.88,6.9,1102,2.0,3.02,74.89,459.52,0,2,False,True,False,False,False,False,False,True,False,True,False,False,False
105674,34.0,102065.93,Bronze,11.0,127.0,104.31,9.9,512,0.0859,1.4,88.88,1147.41,0,0,True,False,False,False,False,False,False,True,False,False,False,False,True
100298,34.0,56975.79,Bronze,9.0,13.0,60.35,9.4,223,0.6429,0.61,104.71,543.15,0,0,True,False,False,False,False,False,False,True,False,True,False,False,False
100304,34.0,33329.24,Gold,9.0,84.0,129.45,7.4,1337,0.1059,3.66,28.58,1165.05,0,2,False,True,False,False,False,True,False,False,False,False,False,False,True
102477,18.0,59363.82,Platinum,10.0,6.0,169.61,7.5,2105,1.4286,5.77,34.98,1696.1,1,3,False,True,False,False,True,False,False,False,False,True,False,False,False
102378,30.0,43841.52,Bronze,7.0,36.0,269.725,6.7,2406,0.1892,6.59,23.21,1888.08,1,0,True,False,False,False,False,False,True,False,False,False,False,False,True
103535,44.0,50071.0,Bronze,10.0,20.0,64.8,4.8,1498,0.4762,4.1,77.15,648.0,0,0,True,False,False,False,False,True,False,False,False,False,False,True,False
103310,33.0,30114.83,Platinum,10.0,68.0,177.94,7.8,1915,0.1449,5.25,16.91,1779.4,1,3,False,True,False,False,False,False,False,True,False,True,False,False,False
103870,45.0,53178.86,Silver,12.0,31.0,104.31,9.1,1333,0.375,3.65,42.45,1251.72,1,1,True,False,False,False,False,False,True,False,False,True,False,False,False
104129,35.0,94360.43,Bronze,8.0,61.6,34.75,5.9,1975,0.1278,5.41,338.21,278.0,0,0,False,True,False,False,False,False,False,True,False,False,False,False,True
103617,52.0,53178.86,Gold,9.0,31.4,177.61,9.7,190,0.2778,0.52,33.25,1598.49,1,2,True,False,False,False,True,False,False,False,False,True,False,False,False
102686,40.0,60150.39,Silver,12.0,3.0,135.7,7.9,1135,3.0,3.11,36.92,1628.4,1,1,False,True,False,True,False,False,False,False,False,True,False,False,False
100241,27.0,90320.83,Bronze,10.0,126.0,207.66,9.1,2444,0.0787,6.7,43.47,2076.6,1,0,False,True,False,False,False,False,False,True,False,False,False,False,True
102293,52.0,44885.34,Silver,5.0,15.0,79.55,5.2,1956,0.3125,5.36,112.57,397.75,0,1,True,False,False,False,False,False,False,True,False,False,True,False,False
101672,19.0,94393.65,Silver,11.0,25.0,103.39,5.0,186,0.4231,0.51,82.93,1137.29,0,1,True,False,False,False,True,False,False,False,False,False,False,False,True
102100,57.0,110491.95000000001,Bronze,10.0,17.0,147.55,8.0,862,0.5556,2.36,74.83,1475.5,1,0,True,False,False,False,False,False,True,False,False,True,False,False,False
105061,25.0,33393.99,Bronze,7.0,138.0,24.78,6.5,648,0.0504,1.78,191.41,173.46,0,0,False,True,False,False,False,True,False,False,False,False,False,True,False
101176,19.0,101085.29,Bronze,7.0,46.0,177.22,7.4,357,0.1489,0.98,81.42,1240.54,1,0,True,False,False,False,False,True,False,False,False,False,False,False,True
103934,51.0,53178.86,Platinum,7.0,6.0,162.66,6.5,1998,1.0,5.47,46.66,1138.62,0,3,True,False,False,True,False,False,False,False,False,False,True,False,False
104384,30.0,110491.95000000001,Bronze,9.0,22.0,104.31,6.8,1921,0.3913,5.26,117.57,938.79,0,0,True,False,False,False,True,False,False,False,False,False,False,False,True
103083,41.0,47696.01,Bronze,5.0,20.2,115.09,9.1,1435,0.2358,3.93,82.74,575.45,0,0,True,False,False,False,False,True,False,False,False,False,True,False,False
102863,29.0,45624.01,Silver,9.0,35.0,142.65,7.0,1485,0.25,4.07,35.51,1283.85,1,1,True,False,False,False,True,False,False,False,False,False,True,False,False
105592,40.0,86389.77,Silver,1.0,4.0,211.63,5.8,2427,0.2,6.65,406.29,211.63,0,1,True,False,False,False,False,False,True,False,True,False,False,False,False
105711,48.0,52129.41,Silver,7.0,5.0,35.87,6.0,2105,1.1667,5.77,206.79,251.09,0,1,False,True,False,False,True,False,False,False,False,False,False,False,True
101648,52.0,100560.22,Gold,9.0,145.0,89.49,7.9,1502,0.0616,4.12,124.7,805.41,0,2,False,True,False,False,True,False,False,False,True,False,False,False,False
103415,25.0,110491.95000000001,Gold,5.0,35.0,100.3,7.1,180,0.1389,0.49,219.88,501.5,0,2,False,True,False,False,False,False,True,False,False,True,False,False,False
100334,26.0,24277.95,Platinum,5.0,38.4,250.73,9.4,2297,0.1269,6.29,19.35,1253.65,1,3,True,False,False,False,False,False,True,False,False,False,False,True,False
102603,37.0,42183.67,Silver,12.0,62.0,104.31,5.9,71,0.1905,0.19,33.67,1251.72,1,1,True,False,False,False,False,True,False,False,True,False,False,False,False
105868,54.0,47491.98,Bronze,4.0,13.0,67.21,8.5,886,0.2857,2.43,176.0,268.84,0,0,False,True,False,False,False,False,False,True,False,True,False,False,False
102158,28.0,24723.64,Bronze,7.0,70.0,146.82,7.0,692,0.0986,1.9,24.03,1027.74,0,0,False,False,True,False,False,False,True,False,False,True,False,False,False
101162,34.0,59846.24,Gold,13.0,134.0,108.73,8.0,1380,0.0963,3.78,42.31,1413.49,1,2,False,True,False,False,False,False,False,True,False,False,False,False,True
103575,31.0,83294.01,Silver,10.0,50.0,148.89,8.2,1413,0.1961,3.87,55.91,1488.9,1,1,False,True,False,False,False,False,False,True,False,True,False,False,False
104477,41.0,29872.05,Bronze,14.0,41.0,269.725,8.1,2437,0.3333,6.68,7.91,3776.15,1,0,False,True,False,False,True,False,False,False,False,True,False,False,False
104951,52.0,79270.61,Silver,12.0,1.0,120.91,5.5,1431,6.0,3.92,54.6,1450.92,1,1,True,False,False,False,False,False,True,False,False,False,False,True,False
103003,62.0,56689.92,Silver,12.0,22.8,59.72,9.0,2470,0.5042,6.77,78.99,716.64,0,1,False,True,False,False,True,False,False,False,False,False,True,False,False
100248,60.0,43353.3,Silver,7.0,74.0,181.18,6.8,1494,0.0933,4.09,34.16,1268.26,1,1,True,False,False,True,False,False,False,False,False,False,False,True,False
104877,49.0,43001.23,Silver,11.0,45.0,104.31,5.6,1431,0.2391,3.92,37.44,1147.41,0,1,False,True,False,True,False,False,False,False,False,True,False,False,False
103530,37.0,29386.07,Bronze,10.0,50.6,24.99,7.6,2000,0.1938,5.48,117.12,249.9,0,0,False,True,False,False,False,True,False,False,False,True,False,False,False
100801,28.0,43706.71,Silver,8.0,54.0,193.28,7.0,2489,0.1455,6.82,28.25,1546.24,1,1,False,True,False,False,True,False,False,False,False,False,True,False,False
101685,30.0,38725.2,Bronze,3.0,12.0,126.11,6.4,297,0.2308,0.81,102.09,378.33,0,0,True,False,False,False,False,False,False,True,False,False,True,False,False
104682,39.0,110491.95000000001,Silver,8.0,66.0,85.12,7.3,1401,0.1194,3.84,162.02,680.96,0,1,True,False,False,False,False,False,False,True,False,True,False,False,False
104197,41.0,80165.97,Gold,7.0,62.0,170.96,7.5,2311,0.1111,6.33,66.93,1196.72,0,2,False,True,False,True,False,False,False,False,False,True,False,False,False
101922,50.0,89494.39,Bronze,5.0,8.0,198.54,9.2,883,0.5556,2.42,90.06,992.7,0,0,True,False,False,False,False,False,False,True,False,False,False,True,False
102210,33.0,95896.55,Silver,4.0,2.0,46.49,5.9,1967,1.3333,5.39,512.93,185.96,0,1,False,True,False,False,True,False,False,False,False,False,False,True,False
101222,53.0,52601.72,Gold,6.0,35.0,166.98,7.5,980,0.1667,2.68,52.45,1001.88,0,2,False,True,False,False,False,True,False,False,False,False,True,False,False
104004,65.0,47648.95,Platinum,6.0,3.0,121.18,8.0,1208,1.5,3.31,65.44,727.08,0,3,False,False,True,False,True,False,False,False,False,False,False,True,False
101514,18.0,58176.32,Bronze,6.0,1.0,62.99,5.6,2268,3.0,6.21,153.52,377.94,0,0,True,False,False,False,False,False,True,False,False,True,False,False,False
104352,24.0,23792.3,Platinum,8.0,92.0,161.47,6.5,1719,0.086,4.71,18.4,1291.76,1,3,False,True,False,True,False,False,False,False,False,False,False,True,False
101254,42.0,51764.19,Gold,6.0,31.0,146.89,7.0,2007,0.1875,5.5,58.67,881.34,0,2,False,True,False,False,True,False,False,False,False,False,False,False,True
105331,43.0,75050.85,Silver,5.0,44.0,131.74,7.8,738,0.1111,2.02,113.77,658.7,0,1,False,True,False,False,False,True,False,False,False,True,False,False,False
105170,65.0,47171.77,Bronze,5.0,157.0,63.66,10.0,666,0.0316,1.82,147.73,318.3,0,0,False,False,True,False,False,False,False,True,False,False,False,True,False
100599,41.0,34419.85,Bronze,8.0,31.0,110.77,8.5,99,0.25,0.27,38.8,886.16,0,0,False,True,False,False,False,False,False,True,False,False,True,False,False
101610,33.0,53756.54,Silver,11.0,6.0,93.02,7.1,2326,1.5714,6.37,52.49,1023.22,0,1,False,True,False,False,False,False,True,False,False,False,True,False,False
100316,34.0,110491.95000000001,Bronze,6.0,5.0,138.99,8.1,648,1.0,1.78,132.34,833.94,0,0,True,False,False,False,True,False,False,False,False,False,False,True,False
105243,47.0,55722.54,Bronze,8.0,45.2,124.25,6.2,242,0.1732,0.66,56.0,994.0,0,0,True,False,False,False,False,False,True,False,False,False,True,False,False
102277,23.0,34654.73,Silver,6.0,7.0,178.18,9.5,903,0.75,2.47,32.39,1069.08,0,1,False,True,False,False,False,False,True,False,False,True,False,False,False
100150,40.0,96682.87,Silver,5.0,14.0,269.725,6.5,1279,0.3333,3.5,71.64,1348.62,1,1,True,False,False,False,False,True,False,False,False,False,False,True,False
104734,18.0,110491.95000000001,Bronze,8.0,152.0,71.0,4.7,386,0.0523,1.06,194.19,568.0,0,0,False,True,False,False,False,False,True,False,False,False,False,False,True
101845,22.0,81890.01,Silver,7.0,13.0,153.97,8.3,1743,0.5,4.78,75.91,1077.79,0,1,False,True,False,False,False,True,False,False,False,False,True,False,False
100291,35.0,42365.87,Bronze,6.0,127.0,70.13,9.2,1347,0.0469,3.69,100.45,420.78,0,0,True,False,False,False,True,False,False,False,False,True,False,False,False
100454,63.0,53178.86,Silver,10.0,27.0,78.64,7.3,1564,0.3571,4.28,67.54,786.4,0,1,False,False,True,False,True,False,False,False,False,True,False,False,False
104809,31.0,38522.26,Gold,4.0,36.2,105.75,6.7,1161,0.1075,3.18,90.85,423.0,0,2,False,True,False,True,False,False,False,False,False,False,True,False,False
103397,27.0,110491.95000000001,Bronze,9.0,11.0,136.75,8.7,1300,0.75,3.56,89.7,1230.75,1,0,False,True,False,False,False,False,False,True,False,True,False,False,False
100692,35.0,66008.43,Gold,5.0,10.0,138.71,4.5,395,0.4545,1.08,95.04,693.55,0,2,False,True,False,False,True,False,False,False,False,False,False,False,True
101145,38.0,49269.82,Silver,6.0,54.0,68.39,6.1,1506,0.1091,4.13,119.78,410.34,0,1,False,True,False,False,False,False,True,False,False,False,True,False,False
104193,45.0,44993.39,Silver,4.0,183.0,189.4,10.0,964,0.0217,2.64,59.31,757.6,0,1,True,False,False,False,False,False,True,False,False,False,False,True,False
101781,48.0,53178.86,Gold,10.0,38.0,104.31,9.2,559,0.2564,1.53,50.93,1043.1,0,2,False,True,False,False,False,False,True,False,False,False,False,False,True
104971,36.0,39676.37,Gold,5.0,128.0,177.55,8.7,1874,0.0388,5.13,44.64,887.75,0,2,True,False,False,False,False,False,False,True,False,True,False,False,False
103652,41.0,110491.95000000001,Bronze,9.0,83.0,104.31,8.1,1475,0.1071,4.04,117.57,938.79,0,0,True,False,False,False,False,True,False,False,False,False,False,True,False
100656,42.0,53178.86,Bronze,7.0,143.0,51.62,8.0,1463,0.0486,4.01,146.77,361.34,0,0,True,False,False,False,False,False,False,True,False,False,False,False,True
103136,25.0,50004.59,Platinum,8.0,77.0,197.7,4.2,555,0.1026,1.52,31.6,1581.6,1,3,True,False,False,False,False,False,True,False,False,False,True,False,False
101903,45.0,88167.07,Bronze,6.0,76.0,104.31,7.5,1192,0.0779,3.27,140.65,625.86,0,0,True,False,False,True,False,False,False,False,False,True,False,False,False
104428,21.0,57030.38,Bronze,4.0,75.0,79.56,8.7,1244,0.0526,3.41,178.64,318.24,0,0,False,True,False,False,False,True,False,False,False,False,False,True,False
101040,46.0,30278.08,Gold,8.0,74.6,51.76,7.6,747,0.1058,2.05,72.95,414.08,0,2,True,False,False,False,False,False,False,True,False,False,True,False,False
104630,26.0,87055.74,Bronze,6.0,217.0,20.13,6.3,172,0.0275,0.47,714.86,120.78,0,0,False,True,False,False,True,False,False,False,False,False,True,False,False
101412,65.0,53178.86,Silver,5.0,19.0,78.1,7.8,1396,0.25,3.82,135.83,390.5,0,1,True,False,False,False,False,False,True,False,False,True,False,False,False
105748,20.0,26072.3,Gold,10.0,34.0,131.34,6.7,1306,0.2857,3.58,19.84,1313.4,1,2,True,False,False,False,False,False,True,False,False,True,False,False,False
101673,40.0,86356.13,Silver,8.0,53.2,123.72,6.2,1324,0.1476,3.63,87.16,989.76,0,1,False,True,False,False,False,False,False,True,False,False,False,False,True
105096,35.0,60094.02,Silver,8.0,130.0,162.59,6.1,2091,0.0611,5.73,46.17,1300.72,1,1,True,False,False,False,False,False,False,True,False,True,False,False,False
101371,20.0,73798.24,Bronze,5.0,9.0,79.08,5.7,2374,0.5,6.5,186.17,395.4,0,0,True,False,False,False,False,False,False,True,False,False,False,False,True
105083,39.0,44771.38,Bronze,8.0,8.0,107.57,6.1,1545,0.8889,4.23,51.97,860.56,0,0,True,False,False,False,False,False,True,False,True,False,False,False,False
103134,31.0,72159.19,Bronze,8.0,44.0,190.34,6.6,1013,0.1778,2.78,47.36,1522.72,1,0,True,False,False,False,True,False,False,False,False,False,False,False,True
102381,35.0,22427.02,Silver,7.0,68.4,42.18,6.1,1851,0.1009,5.07,75.7,295.26,0,1,False,True,False,False,False,False,True,False,False,False,False,False,True
103721,39.0,99194.09,Bronze,10.0,80.0,136.83,8.5,191,0.1235,0.52,72.44,1368.3,1,0,True,False,False,False,False,False,True,False,False,True,False,False,False
104092,39.0,51057.89,Gold,6.0,68.0,77.48,7.9,2187,0.087,5.99,109.59,464.88,0,2,False,True,False,False,False,True,False,False,False,False,False,False,True
105007,18.0,43975.93,Bronze,7.0,20.0,22.72,7.6,2343,0.3333,6.42,274.78,159.04,0,0,False,True,False,False,True,False,False,False,False,True,False,False,False
101624,52.0,62830.32,Silver,8.0,20.0,116.9,7.7,1277,0.381,3.5,67.11,935.2,0,1,False,True,False,True,False,False,False,False,False,True,False,False,False
103670,40.0,88852.89,Bronze,10.0,82.2,116.88,7.7,2304,0.1202,6.31,75.96,1168.8,0,0,True,False,False,False,False,False,False,True,False,False,False,False,True
100382,54.0,36219.78,Silver,7.0,6.0,90.29,6.1,851,1.0,2.33,57.22,632.03,0,1,True,False,False,False,False,False,True,False,False,False,True,False,False
103115,41.0,82454.22,Bronze,4.0,32.0,106.99,7.8,1573,0.1212,4.31,192.22,427.96,0,0,True,False,False,False,False,False,False,True,False,False,False,False,True
101821,18.0,54586.57,Bronze,5.0,37.0,94.38,7.9,1314,0.1316,3.6,115.43,471.9,0,0,False,True,False,True,False,False,False,False,True,False,False,False,False
103631,47.0,53178.86,Silver,7.0,72.0,136.86,6.7,2340,0.0959,6.41,55.45,958.02,0,1,True,False,False,False,True,False,False,False,False,False,True,False,False
100423,31.0,16274.19,Bronze,8.0,92.0,256.62,5.8,1512,0.086,4.14,7.92,2052.96,1,0,True,False,False,True,False,False,False,False,False,True,False,False,False
100809,34.0,76885.33,Silver,11.0,22.6,107.52,7.1,316,0.4661,0.87,64.95,1182.72,0,1,True,False,False,True,False,False,False,False,False,False,False,False,True
101380,56.0,48269.9,Gold,6.0,36.2,104.31,5.6,203,0.1613,0.56,77.0,625.86,0,2,False,True,False,False,False,True,False,False,False,False,True,False,False
101670,30.0,110491.95000000001,Silver,8.0,4.0,145.95,6.7,2100,1.6,5.75,94.55,1167.6,0,1,True,False,False,False,False,False,True,False,False,True,False,False,False
102099,18.0,53785.81,Silver,5.0,22.0,199.23,6.0,2403,0.2174,6.58,53.94,996.15,0,1,True,False,False,False,True,False,False,False,False,False,False,False,True
105526,21.0,88192.65,Gold,1.0,64.0,104.31,8.1,820,0.0154,2.25,837.46,104.31,0,2,True,False,False,False,False,False,True,False,False,True,False,False,False
100125,48.0,47627.18,Silver,5.0,91.0,76.49,8.6,1693,0.0543,4.64,124.21,382.45,0,1,False,True,False,False,False,False,True,False,False,False,True,False,False
100103,34.0,42109.51,Gold,5.0,4.0,130.65,5.1,323,1.0,0.88,64.36,653.25,0,2,True,False,False,False,True,False,False,False,False,False,True,False,False
104059,45.0,37634.72,Silver,5.0,63.0,204.62,8.3,432,0.0781,1.18,36.75,1023.1,0,1,False,False,True,False,False,False,False,True,False,False,False,False,True
101733,35.0,35290.53,Silver,13.0,17.0,104.31,8.9,770,0.7222,2.11,26.01,1356.03,1,1,True,False,False,False,True,False,False,False,False,True,False,False,False
103036,44.0,110491.95000000001,Silver,10.0,31.0,92.92,9.3,1087,0.3125,2.98,118.78,929.2,0,1,False,True,False,False,True,False,False,False,False,False,True,False,False
102916,61.0,50436.2,Silver,4.0,42.8,55.54,8.7,1945,0.0913,5.33,226.01,222.16,0,1,False,True,False,True,False,False,False,False,False,True,False,False,False
100487,29.0,53178.86,Bronze,9.0,19.0,52.83,6.9,723,0.45,1.98,111.61,475.47,0,0,False,True,False,False,False,False,False,True,False,False,False,True,False
101129,35.0,38296.73,Gold,9.0,7.0,228.65,8.2,1127,1.125,3.09,18.6,2057.85,1,2,True,False,False,False,True,False,False,False,False,True,False,False,False
103618,30.0,60051.92,Silver,7.0,9.0,147.72,6.7,2061,0.7,5.65,58.02,1034.04,0,1,False,True,False,False,False,True,False,False,False,False,False,False,True
101515,18.0,83466.85,Bronze,9.0,28.0,35.24,8.3,460,0.3103,1.26,262.34,317.16,0,0,True,False,False,False,True,False,False,False,False,True,False,False,False
100136,26.0,53678.99,Bronze,9.0,1.0,71.17,4.7,1182,4.5,3.24,83.67,640.53,0,0,True,False,False,False,True,False,False,False,False,True,False,False,False
102003,43.0,93631.6,Bronze,7.0,30.0,34.43,8.8,1448,0.2258,3.97,386.89,241.01,0,0,False,True,False,False,True,False,False,False,False,False,False,False,True
102834,26.0,103162.53,Bronze,6.0,61.0,55.6,7.4,1954,0.0968,5.35,308.32,333.6,0,0,True,False,False,True,False,False,False,False,False,False,True,False,False
101818,49.0,33985.27,Gold,8.0,63.0,124.84,5.4,324,0.125,0.89,33.99,998.72,0,2,False,True,False,False,True,False,False,False,False,False,True,False,False
100753,26.0,37825.9,Silver,8.0,46.8,95.94,8.6,1967,0.1674,5.39,49.22,767.52,0,1,True,False,False,False,False,False,False,True,True,False,False,False,False
104002,49.0,81194.73,Platinum,15.0,29.0,269.725,8.8,2014,0.5,5.52,20.06,4045.88,1,3,True,False,False,False,True,False,False,False,False,False,False,False,True
105028,36.0,42573.02,Bronze,6.0,42.0,183.24,7.5,419,0.1395,1.15,38.69,1099.44,0,0,True,False,False,True,False,False,False,False,True,False,False,False,False
101104,44.0,86179.34,Silver,13.0,18.0,92.12,8.7,2266,0.6842,6.21,71.9,1197.56,0,1,True,False,False,False,True,False,False,False,True,False,False,False,False
105371,47.0,40275.83,Silver,9.0,41.0,75.1,6.9,537,0.2143,1.47,59.5,675.9,0,1,True,False,False,False,False,False,True,False,True,False,False,False,False
102317,35.0,67226.87,Silver,9.0,1.0,45.23,8.5,311,4.5,0.85,164.74,407.07,0,1,False,True,False,False,False,True,False,False,False,False,False,True,False
101919,34.0,70443.11,Bronze,8.0,50.0,104.31,8.8,1228,0.1569,3.36,84.31,834.48,0,0,False,True,False,False,False,False,True,False,False,True,False,False,False
101544,37.0,41599.32,Bronze,8.0,29.0,32.52,5.1,991,0.2667,2.72,159.29,260.16,0,0,True,False,False,False,False,True,False,False,False,False,True,False,False
103668,25.0,53178.86,Gold,7.0,7.0,157.53,8.6,1008,0.875,2.76,48.18,1102.71,0,2,True,False,False,False,False,False,True,False,False,True,False,False,False
104442,18.0,53178.86,Silver,13.0,17.0,87.79,7.0,1303,0.7222,3.57,46.56,1141.27,0,1,True,False,False,False,False,False,True,False,False,False,False,False,True
103707,36.0,63587.97,Bronze,11.0,22.8,67.57,7.4,1028,0.4622,2.82,85.44,743.27,0,0,False,True,False,False,False,False,True,False,False,False,False,True,False
101177,29.0,66169.64,Silver,6.0,3.0,56.74,7.9,201,1.5,0.55,193.8,340.44,0,1,False,True,False,False,False,True,False,False,False,True,False,False,False
101560,36.0,64607.84,Silver,11.0,45.2,104.31,6.9,1609,0.2381,4.41,56.26,1147.41,0,1,True,False,False,False,True,False,False,False,False,False,False,False,True
105664,41.0,110491.95000000001,Bronze,5.0,56.0,31.85,10.0,2443,0.0877,6.69,689.5,159.25,0,0,False,True,False,False,False,False,True,False,False,False,False,True,False
100145,28.0,83198.67,Silver,8.0,31.6,104.31,6.7,2003,0.2454,5.49,99.58,834.48,0,1,True,False,False,False,True,False,False,False,True,False,False,False,False
100381,39.0,45448.54,Gold,9.0,27.0,269.725,6.9,1250,0.3214,3.42,18.71,2427.52,1,2,False,False,True,False,False,False,False,True,False,False,False,False,True
101434,18.0,76020.1,Bronze,7.0,19.0,134.53,7.0,143,0.35,0.39,80.64,941.71,0,0,False,True,False,True,False,False,False,False,False,False,False,True,False
101096,53.0,94643.09,Gold,9.0,53.8,250.28,7.1,746,0.1642,2.04,42.0,2252.52,1,2,True,False,False,False,False,True,False,False,False,False,False,False,True
105414,49.0,36551.41,Bronze,4.0,65.2,137.27,6.2,136,0.0604,0.37,66.45,549.08,0,0,True,False,False,False,True,False,False,False,False,False,False,True,False
105566,44.0,70022.28,Bronze,4.0,27.0,17.86,7.8,1579,0.1429,4.33,966.62,71.44,0,0,False,True,False,True,False,False,False,False,False,False,True,False,False
100612,41.0,33297.42,Gold,7.0,31.0,86.5,7.7,48,0.2188,0.13,54.9,605.5,0,2,True,False,False,False,False,True,False,False,False,True,False,False,False
104825,47.0,68472.63,Gold,4.0,79.0,269.725,4.8,1861,0.05,5.1,63.41,1078.9,0,2,False,True,False,False,False,False,True,False,False,True,False,False,False
100419,37.0,110491.95000000001,Platinum,8.0,30.6,194.9,4.9,512,0.2532,1.4,70.82,1559.2,1,3,True,False,False,False,False,False,False,True,False,False,False,False,True
102253,46.0,42737.57,Bronze,8.0,80.0,27.66,8.6,1197,0.0988,3.28,192.27,221.28,0,0,True,False,False,False,True,False,False,False,False,False,True,False,False
101351,35.0,100394.07,Bronze,12.0,94.0,104.31,10.0,1726,0.1263,4.73,80.14,1251.72,1,0,True,False,False,False,False,False,False,True,False,False,False,True,False
102304,33.0,53178.86,Bronze,7.0,50.0,22.75,7.8,855,0.1373,2.34,331.85,159.25,0,0,True,False,False,False,False,False,True,False,True,False,False,False,False
105434,50.0,90886.5,Platinum,9.0,1.0,225.73,7.4,1627,4.5,4.46,44.72,2031.57,1,3,True,False,False,False,False,True,False,False,False,True,False,False,False
104259,56.0,77728.36,Bronze,10.0,1.0,55.9,8.1,1931,5.0,5.29,138.8,559.0,0,0,True,False,False,False,True,False,False,False,False,True,False,False,False
101979,57.0,76408.04,Bronze,12.0,71.6,151.58,5.8,1804,0.1653,4.94,41.98,1818.96,1,0,False,True,False,False,False,False,False,True,False,False,False,False,True
104480,43.0,83729.63,Platinum,10.0,154.0,160.5,7.9,902,0.0645,2.47,52.14,1605.0,1,3,False,True,False,False,False,True,False,False,False,True,False,False,False
101303,45.0,42199.88,Bronze,8.0,30.0,70.2,8.2,763,0.2581,2.09,75.01,561.6,0,0,False,True,False,False,False,False,False,True,False,False,False,False,True
103056,24.0,53178.86,Bronze,5.0,13.0,50.01,3.7,2430,0.3571,6.66,211.83,250.05,0,0,False,True,False,False,False,False,True,False,False,False,False,False,True
100249,70.0,110491.95000000001,Bronze,12.0,63.0,199.75,9.8,1200,0.1875,3.29,46.08,2397.0,1,0,False,True,False,False,True,False,False,False,True,False,False,False,False
101398,36.0,81504.87,Bronze,2.0,8.0,25.56,8.4,642,0.2222,1.76,1563.79,51.12,0,0,True,False,False,False,False,False,True,False,False,False,True,False,False
104029,36.0,39295.62,Silver,8.0,91.0,139.01,4.7,1378,0.087,3.78,35.3,1112.08,0,1,False,True,False,False,True,False,False,False,False,True,False,False,False
100448,34.0,53977.41,Silver,5.0,129.0,69.86,7.0,1300,0.0385,3.56,154.09,349.3,0,1,True,False,False,True,False,False,False,False,True,False,False,False,False
101426,27.0,28258.84,Platinum,6.0,5.0,130.08,6.5,839,1.0,2.3,36.16,780.48,0,3,False,True,False,False,False,False,True,False,False,False,True,False,False
104687,23.0,53178.86,Silver,11.0,0.0,104.64,5.8,2084,11.0,5.71,46.16,1151.04,0,1,False,True,False,False,False,True,False,False,False,True,False,False,False
101200,25.0,78812.59,Bronze,6.0,0.0,162.24,5.7,860,6.0,2.36,80.88,973.44,0,0,True,False,False,False,False,False,True,False,False,False,False,False,True
101422,35.0,50657.63,Bronze,8.0,3.0,64.9,6.8,1804,2.0,4.94,97.38,519.2,0,0,True,False,False,True,False,False,False,False,False,False,True,False,False
104558,44.0,42232.62,Silver,1.0,52.8,44.35,8.4,298,0.0186,0.82,931.26,44.35,0,1,False,True,False,False,True,False,False,False,False,False,False,True,False
103765,37.0,82127.62,Gold,9.0,65.0,112.38,9.6,2468,0.1364,6.76,81.12,1011.42,0,2,False,True,False,True,False,False,False,False,False,False,True,False,False
103917,34.0,25830.4,Silver,4.0,3.0,98.96,4.2,503,1.0,1.38,65.09,395.84,0,1,False,False,True,False,False,False,True,False,False,False,False,True,False
104474,49.0,62254.29,Silver,10.0,68.0,50.93,8.4,2295,0.1449,6.29,122.0,509.3,0,1,True,False,False,True,False,False,False,False,False,False,True,False,False
104728,25.0,51276.8,Bronze,4.0,76.0,46.17,5.7,1984,0.0519,5.44,276.16,184.68,0,0,False,False,True,False,False,False,True,False,False,True,False,False,False
104114,45.0,39116.85,Silver,11.0,65.0,112.81,6.1,1084,0.1667,2.97,31.5,1240.91,1,1,True,False,False,False,True,False,False,False,False,False,False,False,True
103510,26.0,89138.15,Bronze,9.0,77.0,28.08,7.0,164,0.1154,0.45,351.32,252.72,0,0,True,False,False,True,False,False,False,False,False,False,False,False,True
101536,26.0,66428.24,Bronze,3.0,27.2,72.68,9.3,2261,0.1064,6.19,303.27,218.04,0,0,False,True,False,False,False,False,False,True,False,False,False,False,True
100415,35.0,26401.01,Bronze,16.0,41.8,66.46,8.7,2356,0.3738,6.45,24.8,1063.36,0,0,True,False,False,False,False,False,True,False,False,False,True,False,False
104586,44.0,73479.81,Gold,10.0,0.0,42.78,7.3,896,10.0,2.45,171.36,427.8,0,2,False,True,False,False,False,False,False,True,False,False,True,False,False
101721,51.0,30091.62,Silver,9.0,1.0,221.72,5.7,845,4.5,2.32,15.07,1995.48,1,1,True,False,False,False,False,True,False,False,False,True,False,False,False
100655,45.0,65536.74,Silver,10.0,101.0,80.15,7.0,2279,0.098,6.24,81.67,801.5,0,1,True,False,False,False,False,False,True,False,False,True,False,False,False
103561,47.0,57265.58,Silver,11.0,99.0,174.34,6.9,2379,0.11,6.52,29.85,1917.74,1,1,True,False,False,False,False,False,True,False,False,False,True,False,False
101003,33.0,39197.41,Gold,7.0,59.0,110.27,6.0,874,0.1167,2.39,50.72,771.89,0,2,False,True,False,False,False,True,False,False,False,False,True,False,False
104455,45.0,48608.03,Gold,8.0,122.0,116.96,7.7,763,0.065,2.09,51.89,935.68,0,2,True,False,False,False,False,False,False,True,False,True,False,False,False
103373,20.0,48184.81,Silver,6.0,90.0,136.45,5.9,423,0.0659,1.16,58.78,818.7,0,1,True,False,False,False,False,True,False,False,True,False,False,False,False
105913,45.0,21371.22,Silver,9.0,11.0,96.21,4.8,2230,0.75,6.11,24.65,865.89,0,1,True,False,False,True,False,False,False,False,True,False,False,False,False
101488,22.0,83538.27,Platinum,12.0,64.4,269.725,7.1,1991,0.1835,5.45,25.8,3236.7,1,3,True,False,False,False,False,False,True,False,False,False,False,True,False
100590,57.0,55103.87,Silver,9.0,2.0,20.13,7.8,2448,3.0,6.71,302.49,181.17,0,1,True,False,False,False,False,True,False,False,False,False,True,False,False
102087,37.0,86352.69,Bronze,12.0,13.0,30.64,7.7,348,0.8571,0.95,234.22,367.68,0,0,True,False,False,False,False,False,False,True,False,False,True,False,False
103609,47.0,109808.17,Silver,10.0,21.0,90.47,6.6,1283,0.4545,3.52,121.24,904.7,0,1,False,True,False,False,False,False,False,True,False,False,True,False,False
104517,48.0,55906.45,Bronze,12.0,69.0,4.51,9.0,86,0.1714,0.24,1014.27,54.12,0,0,True,False,False,True,False,False,False,False,False,False,False,False,True
101601,37.0,60741.7,Silver,9.0,128.0,92.36,6.3,1380,0.0698,3.78,72.99,831.24,0,1,True,False,False,False,False,True,False,False,False,False,False,False,True
105290,59.0,26025.26,Silver,12.0,126.0,59.0,6.2,2347,0.0945,6.43,36.71,708.0,0,1,True,False,False,False,False,False,True,False,False,False,True,False,False
102837,45.0,57526.93,Silver,7.0,33.0,211.8,6.8,1388,0.2059,3.8,38.78,1482.6,1,1,True,False,False,False,False,False,False,True,False,True,False,False,False
102358,42.0,110491.95000000001,Silver,4.0,149.0,43.06,5.9,2252,0.0267,6.17,637.8,172.24,0,1,True,False,False,False,False,False,True,False,False,True,False,False,False
100995,37.0,74109.08,Silver,14.0,64.0,117.11,5.8,1084,0.2154,2.97,45.17,1639.54,1,1,False,True,False,False,False,False,True,False,False,False,True,False,False
102198,38.0,30276.05,Platinum,8.0,11.0,230.2,4.4,1389,0.6667,3.81,16.43,1841.6,1,3,False,True,False,False,True,False,False,False,False,False,False,False,True
101880,18.0,76234.76,Silver,8.0,116.0,55.72,7.6,1788,0.0684,4.9,170.64,445.76,0,1,False,False,True,False,False,False,True,False,False,False,False,False,True
101372,48.0,71168.36,Bronze,7.0,38.6,80.74,6.2,259,0.1768,0.71,125.7,565.18,0,0,True,False,False,False,True,False,False,False,True,False,False,False,False
101874,24.0,42055.6,Bronze,6.0,135.0,173.82,7.5,2317,0.0441,6.35,40.29,1042.92,0,0,False,True,False,False,False,True,False,False,False,True,False,False,False
100209,27.0,53178.86,Bronze,15.0,128.0,191.22,8.3,1487,0.1163,4.07,18.53,2868.3,1,0,True,False,False,False,False,False,True,False,True,False,False,False,False
104813,38.0,50774.0,Bronze,11.0,58.8,171.88,7.4,547,0.1839,1.5,26.84,1890.68,1,0,False,True,False,False,False,True,False,False,False,False,False,True,False
104241,38.0,43996.01,Silver,4.0,87.0,269.725,7.7,1653,0.0455,4.53,40.74,1078.9,0,1,False,True,False,True,False,False,False,False,False,True,False,False,False
100426,34.0,105737.78,Silver,6.0,20.0,98.79,6.1,124,0.2857,0.34,178.09,592.74,0,1,True,False,False,False,False,False,True,False,False,False,False,True,False
105787,44.0,24912.56,Silver,4.0,10.0,119.05,8.5,182,0.3636,0.5,52.21,476.2,0,1,False,True,False,False,False,False,True,False,False,False,True,False,False
101407,41.0,23133.86,Gold,5.0,17.0,114.77,8.5,1972,0.2778,5.4,40.24,573.85,0,2,False,True,False,False,False,False,True,False,True,False,False,False,False
105649,19.0,28599.0,Bronze,8.0,100.4,247.99,7.8,515,0.0789,1.41,14.41,1983.92,1,0,False,True,False,True,False,False,False,False,False,False,True,False,False
101109,54.0,70407.75,Silver,9.0,39.0,77.16,5.8,1416,0.225,3.88,101.24,694.44,0,1,True,False,False,False,False,True,False,False,False,True,False,False,False
105273,31.0,39942.14,Platinum,8.0,8.0,215.78,6.7,1122,0.8889,3.07,23.12,1726.24,1,3,False,True,False,False,False,False,True,False,False,False,False,False,True
100111,43.0,47900.12,Bronze,12.0,34.4,129.45,8.1,2473,0.339,6.78,30.82,1553.4,1,0,False,True,False,False,False,True,False,False,True,False,False,False,False
103075,53.0,41799.14,Bronze,11.0,67.0,33.64,4.7,1087,0.1618,2.98,112.65,370.04,0,0,True,False,False,False,False,False,False,True,False,False,True,False,False
105826,44.0,31357.53,Silver,9.0,113.0,74.54,8.6,1954,0.0789,5.35,46.67,670.86,0,1,False,True,False,False,False,True,False,False,False,False,True,False,False
102264,36.0,53178.86,Silver,8.0,77.0,118.12,5.7,1944,0.1026,5.33,56.22,944.96,0,1,True,False,False,True,False,False,False,False,False,False,True,False,False
102549,18.0,56574.72,Bronze,7.0,26.0,104.48,9.7,2407,0.2593,6.59,77.25,731.36,0,0,False,True,False,False,True,False,False,False,False,False,True,False,False
102035,39.0,79162.08,Bronze,6.0,12.0,20.95,7.7,713,0.4615,1.95,624.8,125.7,0,0,False,True,False,False,False,False,False,True,False,True,False,False,False
101173,37.0,46437.64,Gold,6.0,15.2,258.83,9.3,1324,0.3704,3.63,29.88,1552.98,1,2,True,False,False,False,False,False,False,True,False,False,False,False,True
103769,49.0,65241.22,Platinum,7.0,50.0,153.34,8.3,1030,0.1373,2.82,60.72,1073.38,0,3,False,True,False,True,False,False,False,False,False,False,False,True,False
102446,69.0,53178.86,Silver,10.0,71.2,61.03,5.3,90,0.1385,0.25,86.99,610.3,0,1,True,False,False,False,False,True,False,False,True,False,False,False,False
102946,41.0,110491.95000000001,Platinum,12.0,25.0,269.725,7.3,562,0.4615,1.54,34.13,3236.7,1,3,False,True,False,True,False,False,False,False,False,False,True,False,False
104592,57.0,67684.46,Silver,5.0,27.0,78.11,5.6,1926,0.1786,5.28,172.86,390.55,0,1,True,False,False,True,False,False,False,False,False,False,False,False,True
104590,32.0,55678.22,Silver,11.0,14.0,23.96,6.0,381,0.7333,1.04,210.46,263.56,0,1,False,False,True,False,False,False,True,False,False,False,True,False,False
103612,29.0,73033.49,Platinum,7.0,116.0,135.41,7.6,1258,0.0598,3.45,76.97,947.87,0,3,True,False,False,True,False,False,False,False,False,False,True,False,False
103938,44.0,53178.86,Bronze,8.0,16.0,104.31,8.7,275,0.4706,0.75,63.65,834.48,0,0,True,False,False,True,False,False,False,False,False,False,False,False,True
102147,27.0,53234.28,Gold,8.0,45.0,104.31,6.1,275,0.1739,0.75,63.72,834.48,0,2,False,False,True,False,False,True,False,False,False,False,False,True,False
105752,42.0,57658.65,Platinum,12.0,7.0,125.62,5.1,1460,1.5,4.0,38.22,1507.44,1,3,True,False,False,True,False,False,False,False,False,True,False,False,False
101469,21.0,57932.36,Gold,3.0,1.0,92.66,6.6,1934,1.5,5.3,207.66,277.98,0,2,False,True,False,False,False,True,False,False,False,False,False,False,True
100438,25.0,88591.59,Bronze,7.0,14.0,86.19,8.6,1754,0.4667,4.81,146.59,603.33,0,0,False,True,False,False,False,False,True,False,False,False,True,False,False
105788,27.0,104630.36,Platinum,3.0,22.2,172.96,9.9,1545,0.1293,4.23,201.26,518.88,0,3,True,False,False,False,False,True,False,False,False,False,False,True,False
101058,43.0,41837.37,Bronze,8.0,22.0,186.13,6.5,1718,0.3478,4.71,28.08,1489.04,1,0,False,True,False,False,False,False,False,True,False,False,True,False,False
102796,46.0,100839.36,Bronze,7.0,65.8,51.86,8.7,671,0.1048,1.84,277.02,363.02,0,0,False,True,False,False,False,False,False,True,False,False,True,False,False
100108,34.0,110491.95000000001,Bronze,7.0,14.0,127.54,7.3,940,0.4667,2.58,123.62,892.78,0,0,False,True,False,False,True,False,False,False,False,False,False,True,False
103553,50.0,110491.95000000001,Bronze,8.0,63.0,46.28,7.9,744,0.125,2.04,297.63,370.24,0,0,False,True,False,False,True,False,False,False,True,False,False,False,False
100030,43.0,20110.24,Silver,8.0,55.0,142.85,4.6,508,0.1429,1.39,17.58,1142.8,0,1,False,True,False,True,False,False,False,False,False,False,False,False,True
102233,23.0,53178.86,Gold,10.0,32.0,76.01,7.2,205,0.303,0.56,69.87,760.1,0,2,False,True,False,False,True,False,False,False,False,True,False,False,False
100890,18.0,84739.14,Bronze,8.0,4.0,114.38,6.1,856,1.6,2.35,92.51,915.04,0,0,True,False,False,False,False,False,False,True,False,True,False,False,False
103066,38.0,81890.39,Bronze,8.0,45.8,98.37,8.3,1176,0.1709,3.22,103.93,786.96,0,0,False,True,False,False,False,False,True,False,False,True,False,False,False
101631,23.0,86045.42,Bronze,10.0,36.0,60.94,8.8,414,0.2703,1.13,140.97,609.4,0,0,False,True,False,False,False,False,False,True,False,False,False,False,True
100752,34.0,50777.7,Silver,7.0,105.0,228.93,8.8,1799,0.066,4.93,31.67,1602.51,1,1,True,False,False,False,False,True,False,False,False,False,True,False,False
102359,53.0,53178.86,Silver,15.0,27.0,104.31,6.1,1195,0.5357,3.27,33.97,1564.65,1,1,True,False,False,False,True,False,False,False,False,False,True,False,False
100585,47.0,53178.86,Gold,8.0,61.6,190.28,6.0,1508,0.1278,4.13,34.91,1522.24,1,2,False,True,False,True,False,False,False,False,False,True,False,False,False
101935,22.0,88483.8,Silver,6.0,23.0,88.8,8.5,1291,0.25,3.54,165.76,532.8,0,1,False,False,True,False,False,False,False,True,False,True,False,False,False
104983,18.0,49942.31,Silver,8.0,42.4,75.41,6.5,685,0.1843,1.88,82.65,603.28,0,1,False,True,False,False,False,False,True,False,False,True,False,False,False
102351,46.0,60310.4,Silver,7.0,66.0,92.56,5.2,1974,0.1045,5.41,92.94,647.92,0,1,True,False,False,False,False,False,False,True,False,True,False,False,False
105606,23.0,28785.52,Gold,9.0,61.0,54.06,7.4,1229,0.1452,3.37,59.04,486.54,0,2,True,False,False,False,False,True,False,False,False,False,False,True,False
105215,44.0,33841.35,Silver,6.0,13.0,53.73,6.7,1466,0.4286,4.02,104.65,322.38,0,1,False,True,False,False,False,False,True,False,True,False,False,False,False
103847,37.0,97968.18,Bronze,9.0,193.0,119.91,5.1,1882,0.0464,5.16,90.7,1079.19,0,0,False,True,False,False,False,False,False,True,False,True,False,False,False
105119,30.0,43183.0,Silver,8.0,31.8,59.57,10.0,376,0.2439,1.03,90.42,476.56,0,1,True,False,False,False,False,False,False,True,False,False,True,False,False
105949,51.0,40468.34,Bronze,10.0,53.4,242.06,7.0,418,0.1838,1.15,16.71,2420.6,1,0,False,True,False,True,False,False,False,False,False,False,True,False,False
102318,43.0,18117.24,Bronze,8.0,17.0,98.85,6.7,1843,0.4444,5.05,22.88,790.8,0,0,False,True,False,False,False,True,False,False,False,False,False,False,True
101345,26.0,69585.23,Silver,6.0,84.0,93.25,6.7,1777,0.0706,4.87,124.15,559.5,0,1,True,False,False,True,False,False,False,False,False,False,True,False,False
103442,39.0,28428.0,Bronze,5.0,64.4,4.7,7.7,573,0.0765,1.57,1160.33,23.5,0,0,False,True,False,False,False,False,False,True,False,False,True,False,False
104636,24.0,38797.58,Bronze,4.0,53.0,148.34,9.4,895,0.0741,2.45,65.28,593.36,0,0,False,True,False,False,True,False,False,False,False,False,False,False,True
105871,40.0,66688.71,Bronze,7.0,48.0,59.58,6.2,813,0.1429,2.23,159.52,417.06,0,0,True,False,False,False,False,False,True,False,False,True,False,False,False
100970,38.0,88362.2,Bronze,8.0,35.0,136.01,6.1,2112,0.2222,5.79,81.13,1088.08,0,0,True,False,False,False,False,True,False,False,False,False,True,False,False
100180,41.0,33248.58,Silver,11.0,62.0,83.24,5.8,1331,0.1746,3.65,36.27,915.64,0,1,True,False,False,False,False,False,False,True,False,False,True,False,False
102795,51.0,53178.86,Silver,10.0,84.0,66.04,7.7,1279,0.1176,3.5,80.4,660.4,0,1,True,False,False,False,False,False,True,False,False,True,False,False,False
101508,37.0,37778.98,Bronze,8.0,4.0,123.76,6.2,1217,1.6,3.33,38.12,990.08,0,0,False,False,True,False,False,True,False,False,False,True,False,False,False
104047,36.0,87023.21,Silver,4.0,7.0,27.91,4.2,703,0.5,1.93,772.58,111.64,0,1,True,False,False,False,False,False,False,True,False,False,False,False,True
102139,42.0,66465.38,Bronze,3.0,35.0,148.95,8.3,1866,0.0833,5.11,148.41,446.85,0,0,False,True,False,True,False,False,False,False,False,True,False,False,False
105829,33.0,62980.05,Silver,9.0,56.0,89.9,7.9,2113,0.1579,5.79,77.74,809.1,0,1,False,True,False,True,False,False,False,False,False,True,False,False,False
103488,41.0,35197.33,Silver,6.0,109.0,53.68,8.0,711,0.0545,1.95,108.94,322.08,0,1,True,False,False,True,False,False,False,False,False,False,False,True,False
104537,27.0,36292.38,Platinum,9.0,6.0,196.82,6.4,884,1.2857,2.42,20.48,1771.38,1,3,False,True,False,False,False,False,True,False,True,False,False,False,False
105496,42.0,85922.04,Platinum,8.0,52.8,250.27,6.0,1576,0.1487,4.32,42.89,2002.16,1,3,True,False,False,False,False,True,False,False,False,False,True,False,False
101868,46.0,38027.63,Bronze,4.0,51.8,104.05,6.5,1143,0.0758,3.13,91.15,416.2,0,0,False,True,False,False,True,False,False,False,False,False,False,False,True
100091,46.0,59782.53,Silver,9.0,22.0,50.01,10.0,662,0.3913,1.81,132.53,450.09,0,1,True,False,False,True,False,False,False,False,False,False,False,True,False
102816,32.0,44263.79,Silver,7.0,18.0,127.11,7.1,1290,0.3684,3.53,49.69,889.77,0,1,False,True,False,False,False,False,False,True,True,False,False,False,False
103410,38.0,27216.77,Platinum,6.0,41.0,159.16,6.5,369,0.1429,1.01,28.47,954.96,0,3,True,False,False,True,False,False,False,False,True,False,False,False,False
102406,18.0,75716.84,Platinum,8.0,50.8,134.57,6.9,1990,0.1544,5.45,70.27,1076.56,0,3,True,False,False,False,False,False,True,False,False,True,False,False,False
102472,33.0,43024.63,Silver,9.0,101.0,77.58,6.5,1701,0.0882,4.66,61.53,698.22,0,1,False,True,False,False,True,False,False,False,False,False,True,False,False
100070,36.0,35119.11,Silver,10.0,14.0,63.72,5.4,1734,0.6667,4.75,55.03,637.2,0,1,True,False,False,False,True,False,False,False,True,False,False,False,False
103625,37.0,51854.72,Silver,6.0,22.2,148.54,7.2,1586,0.2586,4.35,58.12,891.24,0,1,True,False,False,False,False,False,False,True,False,False,True,False,False
101506,44.0,39069.16,Gold,5.0,109.0,119.46,7.2,911,0.0455,2.5,65.3,597.3,0,2,True,False,False,True,False,False,False,False,False,True,False,False,False
103492,27.0,53829.33,Platinum,5.0,33.0,151.83,6.2,1559,0.1471,4.27,70.81,759.15,0,3,True,False,False,True,False,False,False,False,False,False,True,False,False
105138,44.0,47706.73,Gold,4.0,45.4,73.37,5.5,1040,0.0862,2.85,162.0,293.48,0,2,False,True,False,True,False,False,False,False,False,True,False,False,False
104670,29.0,53178.86,Bronze,5.0,114.0,140.66,7.7,1850,0.0435,5.07,75.51,703.3,0,0,False,True,False,False,True,False,False,False,True,False,False,False,False
100765,42.0,46201.91,Silver,6.0,87.0,62.25,6.3,1371,0.0682,3.76,123.37,373.5,0,1,False,True,False,False,False,False,False,True,False,False,False,True,False
104353,39.0,24968.91,Silver,10.0,39.0,133.5,8.9,1784,0.25,4.89,18.69,1335.0,1,1,False,True,False,True,False,False,False,False,False,False,True,False,False
100446,20.0,110491.95000000001,Silver,6.0,15.0,267.32,9.5,1610,0.375,4.41,68.85,1603.92,1,1,False,True,False,False,True,False,False,False,False,False,False,False,True
100469,51.0,110491.95000000001,Bronze,9.0,99.0,61.7,6.1,1988,0.09,5.45,198.62,555.3,0,0,False,True,False,False,False,False,False,True,False,True,False,False,False
103436,44.0,38088.1,Silver,5.0,133.0,196.79,6.7,2231,0.0373,6.11,38.67,983.95,0,1,False,True,False,False,False,False,False,True,False,False,False,False,True
101220,54.0,36538.24,Silver,9.0,18.4,47.89,6.4,2263,0.4639,6.2,84.58,431.01,0,1,False,True,False,False,True,False,False,False,False,False,False,False,True
100433,36.0,49451.8,Silver,7.0,68.0,170.15,7.8,946,0.1014,2.59,41.48,1191.05,0,1,False,True,False,False,False,False,False,True,False,False,False,False,True
101489,42.0,49285.44,Bronze,5.0,35.4,58.23,9.2,2422,0.1374,6.64,168.7,291.15,0,0,False,False,True,False,False,True,False,False,False,True,False,False,False
103548,51.0,25819.84,Silver,10.0,17.0,115.18,7.4,921,0.5556,2.52,22.4,1151.8,0,1,False,True,False,True,False,False,False,False,True,False,False,False,False
103752,30.0,107321.86,Bronze,9.0,9.0,53.51,7.2,2020,0.9,5.53,222.39,481.59,0,0,False,True,False,False,False,False,False,True,False,False,False,True,False
100578,53.0,24540.63,Bronze,8.0,87.0,60.56,7.6,1291,0.0909,3.54,50.55,484.48,0,0,False,False,True,False,True,False,False,False,False,False,True,False,False
102174,23.0,51740.12,Silver,10.0,3.0,22.87,7.2,832,2.5,2.28,225.25,228.7,0,1,False,True,False,False,False,True,False,False,False,True,False,False,False
100246,23.0,95313.06,Bronze,11.0,19.8,41.6,6.0,1670,0.5288,4.58,207.83,457.6,0,0,False,True,False,True,False,False,False,False,False,True,False,False,False
104191,50.0,45542.34,Gold,6.0,62.0,104.31,9.5,621,0.0952,1.7,72.65,625.86,0,2,False,False,True,False,True,False,False,False,False,True,False,False,False
100368,28.0,34478.61,Bronze,7.0,91.0,230.17,5.3,1267,0.0761,3.47,21.39,1611.19,1,0,True,False,False,True,False,False,False,False,False,False,True,False,False
104569,46.0,32013.78,Gold,8.0,6.0,130.38,8.3,782,1.1429,2.14,30.66,1043.04,0,2,True,False,False,False,False,True,False,False,False,False,False,False,True
102901,31.0,110491.95000000001,Bronze,8.0,50.0,51.61,7.6,2354,0.1569,6.45,266.97,412.88,0,0,True,False,False,False,False,True,False,False,False,False,False,False,True
101612,35.0,45148.06,Bronze,9.0,5.0,177.87,9.3,506,1.5,1.39,28.19,1600.83,1,0,True,False,False,False,False,False,True,False,False,True,False,False,False
102846,25.0,88987.57,Silver,8.0,58.0,195.04,4.6,735,0.1356,2.01,57.0,1560.32,1,1,True,False,False,False,False,False,True,False,False,True,False,False,False
103785,60.0,53178.86,Gold,9.0,46.6,83.5,7.3,2443,0.1891,6.69,70.67,751.5,0,2,False,True,False,True,False,False,False,False,True,False,False,False,False
104210,34.0,50337.14,Bronze,9.0,14.0,206.36,7.2,216,0.6,0.59,27.09,1857.24,1,0,False,True,False,True,False,False,False,False,False,True,False,False,False
105501,32.0,56053.32,Bronze,11.0,14.0,172.18,7.8,2014,0.7333,5.52,29.58,1893.98,1,0,True,False,False,False,False,True,False,False,False,False,False,False,True
101243,58.0,65453.17,Bronze,5.0,75.0,29.85,6.7,934,0.0658,2.56,435.63,149.25,0,0,False,True,False,False,False,False,True,False,True,False,False,False,False
104270,36.0,72025.83,Bronze,14.0,93.0,214.37,6.2,322,0.1489,0.88,23.99,3001.18,1,0,False,True,False,False,False,False,True,False,False,True,False,False,False
104473,59.0,91078.27,Silver,5.0,37.0,95.84,8.6,764,0.1316,2.09,189.67,479.2,0,1,False,True,False,False,False,True,False,False,False,False,True,False,False
100556,34.0,53178.86,Silver,8.0,5.0,41.54,6.5,1791,1.3333,4.91,159.54,332.32,0,1,False,True,False,False,False,False,False,True,False,True,False,False,False
102164,46.0,74449.54,Silver,8.0,14.0,136.11,6.6,614,0.5333,1.68,68.31,1088.88,0,1,False,True,False,False,False,True,False,False,False,True,False,False,False
105969,39.0,54660.01,Bronze,15.0,51.8,160.22,7.5,1604,0.2841,4.39,22.73,2403.3,1,0,False,True,False,True,False,False,False,False,False,True,False,False,False
105960,53.0,58111.64,Bronze,7.0,55.0,131.98,7.5,909,0.125,2.49,62.83,923.86,0,0,False,True,False,False,False,False,True,False,False,False,False,True,False
104743,37.0,60701.03,Bronze,9.0,71.0,54.38,8.3,1451,0.125,3.98,123.77,489.42,0,0,False,False,True,False,False,False,True,False,False,False,False,False,True
105852,51.0,39903.3,Gold,11.0,73.0,104.31,6.4,2370,0.1486,6.49,34.75,1147.41,0,2,False,True,False,False,False,True,False,False,False,True,False,False,False
104276,33.0,100468.49,Bronze,10.0,2.0,104.31,6.9,833,3.3333,2.28,96.22,1043.1,0,0,False,True,False,False,False,False,True,False,False,False,False,True,False
101964,35.0,33135.44,Bronze,4.0,46.4,68.25,7.8,2343,0.0844,6.42,120.93,273.0,0,0,True,False,False,False,False,False,True,False,False,False,False,True,False
104265,30.0,65700.63,Silver,5.0,52.0,104.31,9.6,1804,0.0943,4.94,125.73,521.55,0,1,False,True,False,False,False,False,False,True,False,True,False,False,False
103290,26.0,54105.59,Silver,5.0,42.0,57.74,6.6,894,0.1163,2.45,186.76,288.7,0,1,True,False,False,False,False,False,False,True,False,False,True,False,False
105585,31.0,77407.34,Gold,5.0,62.0,257.5,9.4,412,0.0794,1.13,60.08,1287.5,1,2,False,True,False,False,False,False,True,False,False,False,True,False,False
100152,26.0,37773.1,Silver,11.0,46.2,88.39,8.1,1806,0.2331,4.95,38.81,972.29,0,1,False,True,False,False,False,False,True,False,False,False,False,False,True
104675,41.0,48417.47,Bronze,7.0,28.0,104.31,6.2,2203,0.2414,6.04,66.22,730.17,0,0,False,True,False,False,False,True,False,False,False,False,True,False,False
104733,65.0,53178.86,Gold,5.0,62.6,67.44,8.2,712,0.0786,1.95,157.24,337.2,0,2,False,True,False,False,True,False,False,False,True,False,False,False,False
104759,26.0,35252.16,Gold,8.0,46.0,118.22,6.7,1768,0.1702,4.84,37.23,945.76,0,2,True,False,False,True,False,False,False,False,False,False,False,True,False
105271,48.0,73361.17,Bronze,9.0,74.0,77.33,7.1,2013,0.12,5.52,105.26,695.97,0,0,True,False,False,False,False,False,False,True,False,True,False,False,False
104215,37.0,53178.86,Silver,12.0,82.0,104.31,7.9,2185,0.1446,5.99,42.45,1251.72,1,1,True,False,False,False,False,False,False,True,True,False,False,False,False
103495,55.0,25379.17,Bronze,9.0,37.2,163.55,6.4,56,0.2356,0.15,17.23,1471.95,1,0,False,True,False,False,False,True,False,False,False,True,False,False,False
105831,25.0,67058.15,Bronze,9.0,12.0,29.82,7.8,786,0.6923,2.15,248.94,268.38,0,0,True,False,False,False,False,True,False,False,False,False,True,False,False
104621,25.0,41720.02,Bronze,9.0,112.0,80.66,9.4,490,0.0796,1.34,57.39,725.94,0,0,False,False,True,False,False,False,False,True,False,True,False,False,False
103608,56.0,84367.39,Silver,5.0,58.4,269.725,9.5,1769,0.0842,4.85,62.51,1348.62,1,1,True,False,False,False,False,False,False,True,False,False,False,True,False
101756,46.0,47697.45,Silver,9.0,0.0,269.725,6.2,980,9.0,2.68,19.64,2427.52,1,1,True,False,False,False,True,False,False,False,False,False,False,True,False
105274,45.0,42041.12,Bronze,4.0,118.0,61.84,7.4,2258,0.0336,6.19,169.27,247.36,0,0,True,False,False,False,False,True,False,False,False,False,False,False,True
104560,23.0,26971.44,Bronze,4.0,51.0,102.74,5.9,1537,0.0769,4.21,65.47,410.96,0,0,False,True,False,False,False,True,False,False,False,True,False,False,False
100749,34.0,53800.51,Bronze,2.0,12.6,67.15,5.4,2232,0.1471,6.12,397.64,134.3,0,0,False,False,True,False,False,False,True,False,False,False,False,False,True
101534,24.0,108941.37,Silver,9.0,24.0,76.87,7.2,2430,0.36,6.66,157.24,691.83,0,1,False,True,False,False,True,False,False,False,False,False,False,False,True
101043,46.0,20567.94,Bronze,14.0,55.0,104.31,9.1,42,0.25,0.12,14.07,1460.34,1,0,True,False,False,False,False,False,True,False,False,False,False,False,True
105492,18.0,64101.2,Bronze,5.0,41.0,70.35,7.0,455,0.119,1.25,181.72,351.75,0,0,True,False,False,True,False,False,False,False,False,False,True,False,False
103880,42.0,106791.62,Silver,12.0,6.0,113.05,7.9,2080,1.7143,5.7,78.66,1356.6,1,1,False,False,True,False,False,False,True,False,False,False,True,False,False
105107,49.0,71710.22,Bronze,6.0,299.0,223.22,5.5,1439,0.02,3.94,53.5,1339.32,1,0,True,False,False,False,False,False,False,True,False,True,False,False,False
101558,47.0,107869.67,Gold,5.0,102.0,56.85,6.8,1132,0.0485,3.1,378.16,284.25,0,2,True,False,False,True,False,False,False,False,True,False,False,False,False
100492,42.0,44850.81,Silver,13.0,14.0,103.51,6.9,1004,0.8667,2.75,33.31,1345.63,1,1,True,False,False,False,False,False,False,True,False,True,False,False,False
104374,59.0,53178.86,Platinum,14.0,3.0,169.8,7.5,2120,3.5,5.81,22.36,2377.2,1,3,True,False,False,False,False,True,False,False,False,False,True,False,False
103383,61.0,61267.88,Gold,7.0,13.0,116.79,9.1,2208,0.5,6.05,74.85,817.53,0,2,False,False,True,False,False,False,True,False,True,False,False,False,False
105528,41.0,64182.15,Gold,8.0,44.0,147.88,6.5,408,0.1778,1.12,54.21,1183.04,0,2,True,False,False,True,False,False,False,False,False,False,False,False,True
100472,33.0,60604.64,Bronze,9.0,8.0,90.43,7.9,1145,1.0,3.14,74.37,813.87,0,0,False,True,False,False,False,False,True,False,False,False,False,False,True
105304,52.0,16498.98,Bronze,6.0,12.0,186.37,10.0,2396,0.4615,6.56,14.74,1118.22,0,0,True,False,False,False,True,False,False,False,False,False,False,True,False
102313,54.0,82217.85,Bronze,6.0,66.2,98.58,7.1,315,0.0893,0.86,138.77,591.48,0,0,False,True,False,False,False,False,True,False,True,False,False,False,False
100808,23.0,38501.67,Bronze,7.0,13.0,51.64,5.5,1851,0.5,5.07,106.22,361.48,0,0,False,True,False,True,False,False,False,False,False,True,False,False,False
105671,31.0,48749.8,Bronze,8.0,18.0,104.31,6.7,2249,0.4211,6.16,58.35,834.48,0,0,True,False,False,True,False,False,False,False,False,False,False,False,True
104880,25.0,31896.52,Silver,7.0,32.0,65.71,6.4,2423,0.2121,6.64,69.19,459.97,0,1,False,True,False,True,False,False,False,False,False,False,True,False,False
100897,30.0,56473.09,Bronze,7.0,45.0,105.95,7.1,795,0.1522,2.18,76.04,741.65,0,0,True,False,False,False,False,True,False,False,False,False,False,True,False
105372,42.0,35583.22,Bronze,15.0,46.4,44.86,7.2,1512,0.3165,4.14,52.8,672.9,0,0,False,True,False,False,False,False,True,False,True,False,False,False,False
102504,44.0,28235.2,Silver,11.0,192.0,82.74,4.8,1916,0.057,5.25,30.99,910.14,0,1,True,False,False,False,False,False,True,False,False,False,False,True,False
105684,27.0,55716.34,Gold,6.0,145.0,104.31,7.9,216,0.0411,0.59,88.88,625.86,0,2,False,True,False,False,False,True,False,False,True,False,False,False,False
104323,20.0,78763.2,Silver,9.0,31.0,52.71,5.4,1208,0.2812,3.31,165.68,474.39,0,1,False,True,False,False,True,False,False,False,False,True,False,False,False
100355,51.0,109120.42,Gold,6.0,51.2,58.69,4.3,145,0.1149,0.4,309.0,352.14,0,2,False,True,False,False,False,True,False,False,False,False,True,False,False
100252,42.0,74851.14,Platinum,15.0,72.8,188.63,9.0,566,0.2033,1.55,26.44,2829.45,1,3,False,True,False,True,False,False,False,False,True,False,False,False,False
100186,56.0,28193.48,Silver,5.0,54.0,97.12,8.7,1002,0.0909,2.75,57.94,485.6,0,1,True,False,False,True,False,False,False,False,False,False,False,True,False
102379,39.0,54855.62,Bronze,2.0,38.0,38.61,6.4,215,0.0513,0.59,701.3,77.22,0,0,False,True,False,False,False,True,False,False,False,False,True,False,False
101184,46.0,60689.07,Silver,12.0,6.0,63.2,8.2,2032,1.7143,5.57,79.92,758.4,0,1,True,False,False,False,False,False,True,False,False,True,False,False,False
102111,43.0,51549.39,Gold,3.0,20.0,118.13,9.4,271,0.1429,0.74,145.05,354.39,0,2,True,False,False,False,False,False,True,False,False,True,False,False,False
104275,43.0,47750.39,Gold,7.0,1.0,152.05,7.1,1171,3.5,3.21,44.82,1064.35,0,2,False,True,False,False,False,False,True,False,True,False,False,False,False
100228,61.0,81001.12,Silver,13.0,71.0,262.44,6.7,2451,0.1806,6.72,23.74,3411.72,1,1,False,True,False,True,False,False,False,False,False,False,True,False,False
102154,25.0,88763.76,Bronze,14.0,67.4,61.75,7.8,2320,0.2047,6.36,102.56,864.5,0,0,False,True,False,False,False,False,False,True,False,False,True,False,False
105768,58.0,72035.35,Gold,11.0,4.0,97.85,6.7,805,2.2,2.21,66.86,1076.35,0,2,False,True,False,False,True,False,False,False,False,True,False,False,False
101296,48.0,53178.86,Gold,9.0,47.6,115.9,8.5,2320,0.1852,6.36,50.93,1043.1,0,2,False,True,False,False,False,False,False,True,False,False,True,False,False
105932,30.0,39782.76,Bronze,5.0,30.0,69.31,5.4,954,0.1613,2.61,114.47,346.55,0,0,True,False,False,False,False,False,False,True,False,True,False,False,False
104852,36.0,110491.95000000001,Silver,8.0,1.0,104.77,7.1,1375,4.0,3.77,131.67,838.16,0,1,False,True,False,False,False,False,True,False,False,False,False,False,True
103939,39.0,49538.15,Silver,8.0,159.0,62.28,6.0,2126,0.05,5.82,99.23,498.24,0,1,True,False,False,False,False,True,False,False,False,True,False,False,False
105461,45.0,31237.9,Silver,8.0,19.0,114.09,5.5,430,0.4,1.18,34.19,912.72,0,1,True,False,False,False,False,False,False,True,True,False,False,False,False
102803,48.0,49722.52,Silver,3.0,42.0,92.53,6.3,755,0.0698,2.07,178.48,277.59,0,1,True,False,False,False,False,False,True,False,False,False,False,True,False
103185,46.0,38254.52,Silver,11.0,1.0,50.33,10.0,1221,5.5,3.35,68.97,553.63,0,1,False,True,False,False,False,False,True,False,True,False,False,False,False
101906,24.0,53178.86,Silver,12.0,66.0,104.31,6.1,2156,0.1791,5.91,42.45,1251.72,1,1,False,True,False,False,False,True,False,False,False,True,False,False,False
105037,47.0,53178.86,Bronze,8.0,29.8,87.98,7.9,337,0.2597,0.92,75.45,703.84,0,0,False,True,False,False,False,True,False,False,False,False,True,False,False
102224,28.0,110491.95000000001,Gold,9.0,5.0,118.82,3.9,1430,1.5,3.92,103.23,1069.38,0,2,False,True,False,False,False,True,False,False,False,True,False,False,False
103839,34.0,56006.42,Silver,4.0,2.0,125.86,6.9,1167,1.3333,3.2,111.03,503.44,0,1,True,False,False,False,True,False,False,False,False,True,False,False,False
103182,20.0,44172.41,Silver,8.0,0.0,82.12,5.0,1011,8.0,2.77,67.14,656.96,0,1,True,False,False,False,True,False,False,False,False,True,False,False,False
102722,53.0,110491.95000000001,Bronze,6.0,56.0,46.97,6.1,508,0.1053,1.39,390.68,281.82,0,0,False,True,False,False,False,False,False,True,False,False,False,False,True
104255,29.0,70158.98,Bronze,15.0,48.4,146.27,7.2,232,0.3036,0.64,31.96,2194.05,1,0,False,True,False,False,False,True,False,False,False,True,False,False,False
105530,38.0,56904.77,Silver,1.0,72.0,159.15,6.8,723,0.0137,1.98,355.32,159.15,0,1,True,False,False,False,False,False,True,False,False,False,False,False,True
101570,19.0,69527.39,Gold,6.0,21.0,96.33,7.0,33,0.2727,0.09,120.09,577.98,0,2,True,False,False,False,False,True,False,False,False,False,False,True,False
101076,41.0,19430.32,Bronze,13.0,1.0,31.47,8.5,1825,6.5,5.0,47.38,409.11,0,0,True,False,False,False,False,True,False,False,False,True,False,False,False
104441,42.0,71611.27,Gold,9.0,94.2,224.18,6.6,1853,0.0945,5.08,35.48,2017.62,1,2,False,True,False,False,False,False,True,False,False,False,True,False,False
102448,33.0,75179.27,Gold,6.0,50.0,114.18,6.5,728,0.1176,1.99,109.58,685.08,0,2,False,True,False,False,False,False,False,True,False,False,False,True,False
101323,38.0,104690.84,Platinum,8.0,2.0,111.91,10.0,2398,2.6667,6.57,116.81,895.28,0,3,False,True,False,False,False,False,True,False,True,False,False,False,False
105060,38.0,65738.94,Bronze,7.0,15.0,90.94,7.9,300,0.4375,0.82,103.11,636.58,0,0,False,True,False,True,False,False,False,False,False,False,True,False,False
102969,62.0,63689.14,Silver,15.0,61.8,59.38,7.5,1999,0.2389,5.48,71.42,890.7,0,1,False,True,False,False,False,False,True,False,False,False,True,False,False
103210,31.0,44388.74,Bronze,7.0,8.0,3.0,8.0,1862,0.7778,5.1,2017.67,21.0,0,0,True,False,False,False,False,False,True,False,False,False,True,False,False
102421,18.0,61672.21,Gold,4.0,3.0,241.92,8.4,166,1.0,0.45,63.67,967.68,0,2,True,False,False,False,True,False,False,False,False,False,True,False,False
103735,39.0,53178.86,Silver,8.0,218.0,80.83,8.5,1310,0.0365,3.59,82.11,646.64,0,1,True,False,False,False,False,False,True,False,False,False,False,False,True
105110,45.0,95548.82,Gold,7.0,23.0,215.01,4.6,969,0.2917,2.65,63.44,1505.07,1,2,False,True,False,False,False,True,False,False,False,False,True,False,False
103054,37.0,66862.76,Platinum,16.0,8.0,158.76,7.2,672,1.7778,1.84,26.31,2540.16,1,3,False,True,False,False,True,False,False,False,False,True,False,False,False
102835,44.0,110491.95000000001,Gold,8.0,44.2,269.725,8.6,1404,0.177,3.85,51.18,2157.8,1,2,False,True,False,False,False,False,True,False,False,False,True,False,False
103718,43.0,51982.81,Bronze,10.0,6.0,150.0,7.8,788,1.4286,2.16,34.63,1500.0,1,0,False,False,True,False,False,True,False,False,False,False,False,True,False
103338,44.0,36475.87,Bronze,4.0,13.0,30.36,9.1,1841,0.2857,5.04,297.91,121.44,0,0,False,True,False,False,False,False,True,False,False,False,False,False,True
103197,22.0,110491.95000000001,Bronze,8.0,42.0,67.47,9.1,690,0.186,1.89,204.33,539.76,0,0,True,False,False,False,False,True,False,False,False,False,False,True,False
104867,27.0,53178.86,Platinum,8.0,72.6,117.25,7.6,386,0.1087,1.06,56.63,938.0,0,3,False,False,True,False,False,True,False,False,True,False,False,False,False
103741,19.0,110491.95000000001,Bronze,9.0,67.0,54.89,6.3,683,0.1324,1.87,223.21,494.01,0,0,True,False,False,True,False,False,False,False,False,True,False,False,False
104887,41.0,42527.58,Gold,12.0,47.4,148.77,6.4,476,0.2479,1.3,23.81,1785.24,1,2,False,True,False,False,False,False,True,False,False,True,False,False,False
105801,32.0,53699.69,Silver,9.0,67.0,41.05,9.7,2149,0.1324,5.89,144.96,369.45,0,1,True,False,False,False,True,False,False,False,False,False,False,False,True
101143,18.0,35971.51,Bronze,8.0,39.0,140.55,6.8,1158,0.2,3.17,31.96,1124.4,0,0,True,False,False,False,False,False,False,True,False,False,False,False,True
104644,38.0,58288.84,Gold,6.0,31.0,127.7,10.0,1278,0.1875,3.5,75.98,766.2,0,2,True,False,False,True,False,False,False,False,False,False,False,False,True
100933,52.0,57067.91,Bronze,6.0,13.0,50.64,5.3,1758,0.4286,4.82,187.21,303.84,0,0,True,False,False,False,False,False,False,True,False,True,False,False,False
100614,43.0,55756.42,Bronze,7.0,15.0,165.53,6.2,582,0.4375,1.59,48.08,1158.71,0,0,True,False,False,True,False,False,False,False,False,False,False,False,True
102228,45.0,29428.42,Bronze,9.0,5.0,50.95,6.2,555,1.5,1.52,64.04,458.55,0,0,True,False,False,False,False,True,False,False,False,False,True,False,False
104739,48.0,30017.95,Silver,10.0,14.0,135.89,7.9,497,0.6667,1.36,22.07,1358.9,1,1,True,False,False,False,False,False,False,True,False,False,True,False,False
103241,51.0,38760.96,Bronze,8.0,86.0,196.96,5.9,1183,0.092,3.24,24.58,1575.68,1,0,True,False,False,False,False,True,False,False,True,False,False,False,False
103470,49.0,25774.39,Gold,4.0,19.0,103.31,6.7,505,0.2,1.38,62.22,413.24,0,2,False,True,False,False,False,True,False,False,False,False,False,False,True
104692,42.0,41128.37,Silver,12.0,55.0,141.21,6.3,831,0.2143,2.28,24.26,1694.52,1,1,False,True,False,False,False,True,False,False,False,False,True,False,False
103816,29.0,66056.96,Silver,2.0,24.0,55.63,7.8,2025,0.08,5.55,588.43,111.26,0,1,False,True,False,False,True,False,False,False,False,False,False,False,True
104102,40.0,53178.86,Bronze,9.0,11.0,34.41,8.6,1490,0.75,4.08,171.16,309.69,0,0,False,False,True,False,False,False,True,False,False,False,False,True,False
105408,38.0,33602.53,Bronze,11.0,10.0,70.8,6.4,1161,1.0,3.18,43.09,778.8,0,0,True,False,False,False,False,False,False,True,False,False,True,False,False
100506,31.0,83967.33,Silver,6.0,74.2,79.7,7.6,1812,0.0798,4.96,175.22,478.2,0,1,True,False,False,False,False,False,True,False,False,True,False,False,False
101510,40.0,38258.0,Bronze,8.0,39.0,129.91,7.7,1834,0.2,5.02,36.78,1039.28,0,0,True,False,False,False,False,False,True,False,False,False,True,False,False
100273,37.0,68979.72,Bronze,6.0,7.0,47.38,8.4,139,0.75,0.38,241.8,284.28,0,0,True,False,False,False,True,False,False,False,False,True,False,False,False
102116,35.0,43881.8,Gold,10.0,8.0,109.97,6.9,2355,1.1111,6.45,39.87,1099.7,0,2,False,True,False,False,True,False,False,False,False,False,True,False,False
105165,27.0,53178.86,Silver,10.0,100.0,74.2,7.2,1372,0.099,3.76,71.57,742.0,0,1,True,False,False,False,False,False,True,False,False,False,True,False,False
104506,57.0,75059.44,Silver,9.0,52.6,42.73,4.3,1657,0.1679,4.54,194.67,384.57,0,1,True,False,False,False,True,False,False,False,False,False,True,False,False
101486,28.0,63084.0,Bronze,9.0,32.0,102.97,7.1,2079,0.2727,5.7,68.0,926.73,0,0,False,True,False,False,False,False,True,False,True,False,False,False,False
104302,51.0,95467.38,Gold,7.0,33.0,92.1,6.1,2247,0.2059,6.16,147.85,644.7,0,2,False,True,False,False,False,False,True,False,True,False,False,False,False
100702,35.0,53178.86,Silver,8.0,27.0,193.59,7.1,1616,0.2857,4.43,34.32,1548.72,1,1,False,False,True,False,False,False,True,False,False,False,False,False,True
103834,29.0,49707.26,Bronze,6.0,8.0,64.6,8.5,958,0.6667,2.62,127.91,387.6,0,0,False,True,False,False,False,False,False,True,False,False,True,False,False
103590,31.0,68129.75,Bronze,8.0,22.0,104.31,3.2,1011,0.3478,2.77,81.55,834.48,0,0,False,True,False,False,True,False,False,False,True,False,False,False,False
100107,27.0,48145.79,Silver,6.0,123.0,68.79,7.0,1505,0.0484,4.12,116.37,412.74,0,1,True,False,False,True,False,False,False,False,False,False,True,False,False
105001,35.0,53178.86,Bronze,7.0,41.8,226.14,7.8,1619,0.1636,4.44,33.57,1582.98,1,0,False,True,False,False,False,False,False,True,False,True,False,False,False
105318,54.0,26751.55,Bronze,5.0,48.0,8.94,7.1,707,0.102,1.94,585.37,44.7,0,0,False,True,False,True,False,False,False,False,False,False,True,False,False
104768,51.0,81960.69,Bronze,7.0,116.0,152.46,7.4,1772,0.0598,4.85,76.73,1067.22,0,0,False,True,False,False,False,False,False,True,False,True,False,False,False
105242,30.0,29176.63,Bronze,10.0,13.0,40.3,6.3,1162,0.7143,3.18,72.22,403.0,0,0,True,False,False,False,False,True,False,False,False,False,False,False,True
103850,28.0,53770.79,Gold,9.0,11.2,71.39,7.1,1518,0.7377,4.16,83.56,642.51,0,2,False,True,False,False,False,True,False,False,False,True,False,False,False
100953,44.0,83118.65,Gold,4.0,2.0,104.31,9.7,1466,1.3333,4.02,198.73,417.24,0,2,True,False,False,False,False,False,False,True,False,False,False,True,False
102365,68.0,60290.83,Platinum,7.0,67.8,172.26,7.4,2458,0.1017,6.73,49.96,1205.82,0,3,False,True,False,True,False,False,False,False,False,False,False,False,True
103896,19.0,53178.86,Bronze,14.0,49.0,138.92,4.9,723,0.28,1.98,27.33,1944.88,1,0,True,False,False,False,False,True,False,False,False,False,True,False,False
103840,36.0,69670.08,Silver,11.0,25.0,48.16,5.6,244,0.4231,0.67,131.26,529.76,0,1,False,False,True,False,True,False,False,False,False,False,False,False,True
102651,25.0,51789.68,Bronze,8.0,83.0,16.04,6.1,2068,0.0952,5.67,400.48,128.32,0,0,True,False,False,False,True,False,False,False,False,False,True,False,False
103227,27.0,31358.09,Platinum,11.0,18.2,151.13,7.3,46,0.5729,0.13,18.85,1662.43,1,3,False,True,False,False,False,True,False,False,False,False,False,True,False
104931,46.0,64857.26,Silver,6.0,14.0,132.15,9.3,256,0.4,0.7,81.69,792.9,0,1,False,True,False,False,False,False,True,False,False,False,True,False,False
102911,32.0,76971.07,Bronze,12.0,59.4,158.07,10.0,2345,0.1987,6.42,40.56,1896.84,1,0,False,True,False,False,False,False,False,True,False,False,False,False,True
101085,39.0,80067.92,Bronze,10.0,24.0,104.31,6.1,912,0.4,2.5,76.69,1043.1,0,0,True,False,False,False,False,False,True,False,False,False,True,False,False
103540,28.0,64979.37,Gold,15.0,42.8,104.31,10.0,906,0.3425,2.48,41.5,1564.65,1,2,False,True,False,False,False,False,True,False,False,False,True,False,False
103545,35.0,42144.56,Silver,8.0,63.0,104.31,8.6,1491,0.125,4.08,50.44,834.48,0,1,True,False,False,False,False,False,False,True,False,True,False,False,False
104642,31.0,53178.86,Platinum,4.0,15.0,131.35,7.0,758,0.25,2.08,101.02,525.4,0,3,True,False,False,False,False,False,False,True,False,True,False,False,False
101421,35.0,59661.43,Bronze,11.0,67.0,183.65,9.4,744,0.1618,2.04,29.52,2020.15,1,0,False,True,False,False,False,False,True,False,False,True,False,False,False
102771,50.0,44392.88,Bronze,9.0,43.0,51.12,5.3,1956,0.2045,5.36,96.28,460.08,0,0,False,True,False,False,False,True,False,False,False,False,False,False,True
101787,51.0,49070.05,Bronze,10.0,45.0,79.69,6.8,411,0.2174,1.13,61.5,796.9,0,0,False,True,False,True,False,False,False,False,False,True,False,False,False
104481,41.0,61355.98,Bronze,12.0,0.0,101.56,9.9,2358,12.0,6.46,50.3,1218.72,0,0,False,True,False,True,False,False,False,False,True,False,False,False,False
101889,19.0,29078.93,Silver,8.0,5.0,82.75,6.9,188,1.3333,0.52,43.86,662.0,0,1,True,False,False,False,False,True,False,False,True,False,False,False,False
105662,41.0,39000.47,Silver,7.0,8.0,38.37,7.9,1618,0.7778,4.43,144.67,268.59,0,1,True,False,False,False,False,False,False,True,True,False,False,False,False
105650,39.0,46185.72,Silver,9.0,13.0,150.72,7.6,919,0.6429,2.52,34.02,1356.48,1,1,False,True,False,False,False,False,True,False,False,True,False,False,False
100417,51.0,99922.77,Gold,3.0,49.0,72.14,8.6,436,0.06,1.19,459.58,216.42,0,2,False,True,False,False,True,False,False,False,False,False,True,False,False
101216,21.0,27844.49,Bronze,6.0,57.0,124.06,8.3,2469,0.1034,6.76,37.36,744.36,0,0,True,False,False,False,False,True,False,False,False,False,False,True,False
104839,52.0,65535.11,Bronze,10.0,3.0,104.31,6.7,1374,2.5,3.76,62.77,1043.1,0,0,True,False,False,False,False,False,False,True,False,False,True,False,False
105747,18.0,27046.52,Bronze,5.0,12.0,74.3,6.9,1512,0.3846,4.14,72.61,371.5,0,0,False,True,False,False,False,True,False,False,False,True,False,False,False
100565,49.0,95577.32,Bronze,5.0,101.0,149.0,7.0,2001,0.049,5.48,128.12,745.0,0,0,False,True,False,False,False,True,False,False,False,True,False,False,False
100479,38.0,42406.43,Silver,5.0,45.4,230.0,7.7,1619,0.1078,4.44,36.84,1150.0,0,1,True,False,False,False,False,False,False,True,True,False,False,False,False
105838,29.0,59069.91,Silver,13.0,40.0,41.85,4.8,2039,0.3171,5.59,108.38,544.05,0,1,True,False,False,False,False,True,False,False,False,False,True,False,False
100143,18.0,110491.95000000001,Gold,9.0,11.4,153.09,2.8,2296,0.7258,6.29,80.14,1377.81,1,2,False,True,False,False,False,True,False,False,False,True,False,False,False
101213,36.0,58685.22,Bronze,5.0,28.0,137.56,8.1,2268,0.1724,6.21,85.2,687.8,0,0,True,False,False,True,False,False,False,False,False,False,False,True,False
105298,37.0,37923.17,Silver,9.0,30.0,133.3,6.1,1846,0.2903,5.06,31.58,1199.7,0,1,True,False,False,False,False,False,False,True,False,False,True,False,False
101098,44.0,53087.04,Bronze,11.0,38.6,104.31,7.2,1107,0.2778,3.03,46.23,1147.41,0,0,False,True,False,False,True,False,False,False,False,False,False,False,True
102143,70.0,67150.05,Bronze,7.0,104.0,86.35,7.1,869,0.0667,2.38,110.91,604.45,0,0,True,False,False,False,False,False,False,True,False,True,False,False,False
100606,44.0,53178.86,Platinum,7.0,40.0,152.52,10.0,1033,0.1707,2.83,49.76,1067.64,0,3,True,False,False,False,True,False,False,False,False,False,False,False,True
103787,34.0,60162.04,Gold,6.0,43.0,104.31,5.0,939,0.1364,2.57,95.97,625.86,0,2,False,True,False,False,False,False,True,False,False,True,False,False,False
102576,43.0,65418.43,Silver,10.0,19.0,104.31,7.9,570,0.5,1.56,62.66,1043.1,0,1,False,True,False,False,False,False,False,True,True,False,False,False,False
100498,34.0,80064.75,Platinum,11.0,76.0,198.67,5.9,372,0.1429,1.02,36.62,2185.37,1,3,False,True,False,False,False,False,False,True,False,False,True,False,False
102543,34.0,48183.38,Bronze,4.0,101.0,142.05,5.3,2471,0.0392,6.77,84.65,568.2,0,0,False,False,True,True,False,False,False,False,False,True,False,False,False
104482,37.0,62111.06,Bronze,9.0,122.0,31.45,10.0,2041,0.0732,5.59,218.66,283.05,0,0,True,False,False,True,False,False,False,False,False,True,False,False,False
105222,18.0,93987.36,Bronze,6.0,38.8,160.6,7.3,1615,0.1508,4.42,97.44,963.6,0,0,True,False,False,False,False,False,False,True,False,False,True,False,False
102464,24.0,48364.33,Bronze,6.0,50.0,29.92,6.6,2493,0.1176,6.83,267.92,179.52,0,0,False,True,False,False,False,True,False,False,False,False,False,True,False
100722,52.0,89756.88,Silver,12.0,107.0,78.49,8.1,509,0.1111,1.39,95.19,941.88,0,1,False,True,False,False,False,True,False,False,False,False,False,True,False
101087,21.0,39660.61,Silver,8.0,43.2,135.13,5.1,1723,0.181,4.72,36.65,1081.04,0,1,True,False,False,False,True,False,False,False,True,False,False,False,False
101026,34.0,106001.12,Bronze,9.0,16.0,50.39,6.4,2414,0.5294,6.61,233.22,453.51,0,0,False,True,False,False,False,True,False,False,False,True,False,False,False
101358,32.0,46052.7,Bronze,6.0,4.0,24.63,8.5,424,1.2,1.16,309.54,147.78,0,0,False,True,False,False,False,True,False,False,False,False,False,True,False
103257,30.0,52655.37,Silver,8.0,21.0,86.59,6.1,2303,0.3636,6.31,75.9,692.72,0,1,False,True,False,False,True,False,False,False,False,False,False,False,True
102813,33.0,65509.0,Bronze,10.0,128.0,130.35,6.8,299,0.0775,0.82,50.22,1303.5,1,0,True,False,False,False,False,False,False,True,False,True,False,False,False
103399,18.0,39114.84,Silver,10.0,56.0,75.78,7.1,2381,0.1754,6.52,51.55,757.8,0,1,True,False,False,False,False,False,True,False,False,False,False,False,True
104812,33.0,42171.87,Gold,8.0,33.6,190.64,4.6,232,0.2312,0.64,27.63,1525.12,1,2,False,True,False,False,False,False,False,True,False,True,False,False,False
104833,25.0,35742.05,Silver,8.0,60.0,241.7,8.3,1370,0.1311,3.75,18.48,1933.6,1,1,True,False,False,True,False,False,False,False,False,False,True,False,False
102893,37.0,31039.73,Bronze,8.0,16.8,269.725,5.1,2234,0.4494,6.12,14.38,2157.8,1,0,True,False,False,False,False,True,False,False,False,True,False,False,False
103408,58.0,26746.84,Gold,8.0,8.0,255.41,9.2,134,0.8889,0.37,13.08,2043.28,1,2,True,False,False,False,False,True,False,False,False,False,True,False,False
102958,39.0,86430.44,Silver,2.0,41.0,37.39,7.1,1519,0.0476,4.16,1140.54,74.78,0,1,False,True,False,False,False,False,True,False,False,False,True,False,False
104752,41.0,23341.68,Gold,6.0,10.0,173.16,6.0,1298,0.5455,3.56,22.44,1038.96,0,2,False,True,False,False,True,False,False,False,False,True,False,False,False
100337,30.0,64260.64,Gold,13.0,11.0,144.88,8.1,1367,1.0833,3.75,34.1,1883.44,1,2,False,True,False,True,False,False,False,False,False,False,True,False,False
105258,23.0,46962.93,Silver,6.0,53.0,269.725,6.3,955,0.1111,2.62,29.0,1618.35,1,1,False,True,False,False,False,True,False,False,False,False,False,True,False
101965,29.0,102967.87,Bronze,3.0,151.0,86.21,6.9,1043,0.0197,2.86,396.59,258.63,0,0,True,False,False,False,True,False,False,False,False,False,True,False,False
103558,43.0,50846.53,Silver,5.0,11.0,28.82,10.0,2305,0.4167,6.32,350.42,144.1,0,1,True,False,False,False,False,False,True,False,False,True,False,False,False
101562,40.0,41179.63,Platinum,10.0,57.8,269.725,3.6,59,0.1701,0.16,15.26,2697.25,1,3,True,False,False,False,False,False,True,False,False,False,False,True,False
101739,28.0,53554.89,Bronze,7.0,8.0,75.22,5.2,1062,0.7778,2.91,101.52,526.54,0,0,False,True,False,False,True,False,False,False,True,False,False,False,False
104363,34.0,36886.27,Platinum,6.0,117.0,269.725,9.2,1621,0.0508,4.44,22.78,1618.35,1,3,False,True,False,True,False,False,False,False,False,True,False,False,False
102440,36.0,52054.78,Platinum,5.0,42.8,269.725,7.1,527,0.1142,1.44,38.57,1348.62,1,3,False,True,False,True,False,False,False,False,False,False,False,True,False
102019,45.0,109302.79,Bronze,9.0,89.0,19.13,8.5,1225,0.1,3.36,631.19,172.17,0,0,True,False,False,False,False,False,True,False,False,False,True,False,False
103097,54.0,48101.82,Gold,8.0,18.0,84.01,6.3,1379,0.4211,3.78,71.47,672.08,0,2,False,True,False,False,True,False,False,False,False,False,False,True,False
100725,27.0,66630.9,Bronze,8.0,3.0,93.93,6.6,1191,2.0,3.26,88.55,751.44,0,0,False,True,False,False,True,False,False,False,False,True,False,False,False
100766,18.0,40755.65,Silver,9.0,93.0,84.83,6.4,983,0.0957,2.69,53.31,763.47,0,1,True,False,False,False,False,True,False,False,False,True,False,False,False
100287,41.0,94349.54,Silver,6.0,81.0,89.62,7.9,1754,0.0732,4.81,175.14,537.72,0,1,True,False,False,True,False,False,False,False,False,False,False,False,True
100308,54.0,53178.86,Gold,7.0,97.0,99.6,6.2,625,0.0714,1.71,76.17,697.2,0,2,False,True,False,False,False,False,False,True,False,False,False,False,True
105211,43.0,62003.75,Silver,2.0,35.6,168.84,6.3,904,0.0546,2.48,183.07,337.68,0,1,True,False,False,False,False,False,True,False,True,False,False,False,False
104669,60.0,110491.95000000001,Bronze,6.0,18.0,21.88,7.1,103,0.3158,0.28,835.29,131.28,0,0,False,False,True,True,False,False,False,False,False,False,True,False,False
105436,30.0,95049.52,Silver,10.0,1.0,166.91,9.8,2043,5.0,5.6,56.91,1669.1,1,1,False,True,False,False,False,False,True,False,False,True,False,False,False
101731,37.0,47491.11,Bronze,14.0,56.0,58.98,6.5,1436,0.2456,3.93,57.45,825.72,0,0,False,True,False,False,False,True,False,False,False,False,True,False,False
104410,18.0,62053.59,Bronze,17.0,8.0,251.02,7.7,1625,1.8889,4.45,14.54,4267.34,1,0,True,False,False,False,False,False,True,False,True,False,False,False,False
101472,52.0,64175.84,Bronze,3.0,30.0,43.88,8.4,482,0.0968,1.32,483.83,131.64,0,0,False,True,False,False,False,False,False,True,False,False,False,True,False
100072,24.0,29748.51,Silver,12.0,13.0,100.7,8.7,599,0.8571,1.64,24.6,1208.4,0,1,False,True,False,False,False,True,False,False,False,False,True,False,False
100712,46.0,45153.12,Silver,4.0,82.2,61.39,8.2,2462,0.0481,6.75,183.13,245.56,0,1,False,True,False,False,False,False,True,False,False,True,False,False,False
103711,44.0,25402.04,Silver,9.0,35.0,269.725,6.4,897,0.25,2.46,10.46,2427.52,1,1,True,False,False,False,True,False,False,False,False,False,False,False,True
101021,42.0,57285.73,Bronze,10.0,29.8,27.78,5.7,2353,0.3247,6.45,205.47,277.8,0,0,True,False,False,True,False,False,False,False,False,False,True,False,False
101346,66.0,23486.38,Gold,16.0,48.2,150.22,8.5,2383,0.3252,6.53,9.77,2403.52,1,2,True,False,False,True,False,False,False,False,False,False,False,True,False
104999,39.0,48773.01,Silver,14.0,13.0,42.92,7.8,2251,1.0,6.17,81.03,600.88,0,1,False,True,False,False,False,False,True,False,False,True,False,False,False
103159,21.0,53178.86,Bronze,3.0,48.6,104.31,4.0,2499,0.0605,6.85,169.4,312.93,0,0,False,False,True,False,False,True,False,False,False,True,False,False,False
100738,48.0,85273.81,Bronze,9.0,97.0,89.82,7.5,2474,0.0918,6.78,105.36,808.38,0,0,True,False,False,True,False,False,False,False,False,False,False,True,False
105401,34.0,34087.46,Gold,9.0,31.0,195.8,6.0,815,0.2812,2.23,19.33,1762.2,1,2,False,True,False,False,False,True,False,False,False,False,True,False,False
102433,26.0,39504.04,Bronze,10.0,16.0,104.31,4.5,1677,0.5882,4.59,37.84,1043.1,0,0,True,False,False,True,False,False,False,False,False,False,False,True,False
105804,51.0,110491.95000000001,Silver,7.0,44.2,112.19,6.7,165,0.1549,0.45,140.52,785.33,0,1,True,False,False,False,False,False,True,False,False,True,False,False,False
105571,48.0,53165.41,Bronze,5.0,64.0,66.58,7.6,68,0.0769,0.19,159.23,332.9,0,0,False,True,False,False,False,False,False,True,False,False,False,False,True
101236,28.0,91740.91,Platinum,11.0,17.6,104.31,6.7,1146,0.5914,3.14,79.89,1147.41,0,3,True,False,False,False,True,False,False,False,True,False,False,False,False
102260,45.0,61297.6,Bronze,12.0,79.0,88.09,6.6,88,0.15,0.24,57.93,1057.08,0,0,False,True,False,False,False,False,True,False,False,False,False,True,False
104380,22.0,29408.47,Bronze,6.0,28.0,37.16,8.8,1737,0.2069,4.76,131.31,222.96,0,0,True,False,False,False,True,False,False,False,False,False,True,False,False
103951,29.0,53178.86,Bronze,6.0,34.8,65.22,6.8,2027,0.1676,5.55,135.55,391.32,0,0,False,True,False,False,False,False,True,False,False,True,False,False,False
105489,26.0,84876.38,Silver,9.0,17.0,104.31,5.7,1502,0.5,4.12,90.31,938.79,0,1,False,True,False,False,False,False,False,True,False,False,False,False,True
100979,21.0,53178.86,Bronze,4.0,1.0,101.45,8.8,1813,2.0,4.97,130.72,405.8,0,0,True,False,False,False,True,False,False,False,False,True,False,False,False
104624,48.0,53178.86,Bronze,4.0,49.6,104.31,6.1,516,0.0791,1.41,127.15,417.24,0,0,False,True,False,False,False,False,False,True,False,False,False,False,True
105109,35.0,77194.85,Silver,12.0,12.0,124.98,5.3,608,0.9231,1.67,51.44,1499.76,1,1,True,False,False,False,False,False,True,False,False,False,False,False,True
103521,29.0,41820.92,Platinum,8.0,4.0,269.725,6.8,1650,1.6,4.52,19.37,2157.8,1,3,False,False,True,False,False,False,True,False,False,True,False,False,False
105282,43.0,53178.86,Bronze,4.0,75.0,25.15,6.0,1039,0.0526,2.85,523.41,100.6,0,0,True,False,False,False,False,False,False,True,False,True,False,False,False
100345,57.0,34772.42,Platinum,10.0,60.4,153.65,8.7,1865,0.1629,5.11,22.62,1536.5,1,3,False,True,False,True,False,False,False,False,True,False,False,False,False
105000,27.0,73344.89,Bronze,3.0,74.0,11.05,9.1,534,0.04,1.46,2147.73,33.15,0,0,True,False,False,False,False,True,False,False,False,True,False,False,False
100912,43.0,41489.4,Silver,5.0,22.0,104.31,6.7,154,0.2174,0.42,79.4,521.55,0,1,True,False,False,False,True,False,False,False,False,False,False,False,True
100048,41.0,42610.87,Bronze,8.0,6.0,51.08,8.8,95,1.1429,0.26,104.02,408.64,0,0,True,False,False,False,True,False,False,False,False,True,False,False,False
104081,51.0,26951.24,Bronze,5.0,22.0,113.01,7.4,433,0.2174,1.19,47.61,565.05,0,0,True,False,False,False,True,False,False,False,False,True,False,False,False
105196,49.0,42094.73,Silver,7.0,11.2,103.58,10.0,1869,0.5738,5.12,57.98,725.06,0,1,True,False,False,False,False,False,True,False,False,False,False,False,True
100444,54.0,53178.86,Bronze,11.0,30.0,17.87,7.0,2132,0.3548,5.84,269.16,196.57,0,0,False,True,False,False,True,False,False,False,False,False,True,False,False
103593,60.0,67070.08,Silver,8.0,45.0,156.24,7.8,1167,0.1739,3.2,53.62,1249.92,1,1,False,True,False,False,True,False,False,False,False,False,True,False,False
103131,46.0,53178.86,Bronze,14.0,21.0,73.38,5.8,502,0.6364,1.38,51.71,1027.32,0,0,False,False,True,True,False,False,False,False,False,False,False,False,True
102487,39.0,51382.6,Bronze,12.0,19.0,160.56,5.9,404,0.6,1.11,26.65,1926.72,1,0,False,True,False,True,False,False,False,False,False,True,False,False,False
105709,40.0,69847.03,Bronze,7.0,26.0,151.7,6.3,694,0.2593,1.9,65.71,1061.9,0,0,False,True,False,False,False,True,False,False,False,False,False,True,False
101894,18.0,41408.57,Gold,13.0,32.0,192.57,7.3,1170,0.3939,3.21,16.53,2503.41,1,2,False,True,False,False,False,False,True,False,False,True,False,False,False
103018,51.0,55950.88,Gold,11.0,17.0,187.62,8.1,2251,0.6111,6.17,27.1,2063.82,1,2,True,False,False,False,False,False,True,False,False,True,False,False,False
101221,37.0,72608.17,Silver,7.0,10.6,96.11,8.1,2407,0.6034,6.59,107.76,672.77,0,1,False,True,False,False,True,False,False,False,False,False,False,False,True
103831,26.0,46342.19,Silver,5.0,70.0,25.48,5.7,1836,0.0704,5.03,360.92,127.4,0,1,True,False,False,False,False,False,False,True,False,False,True,False,False
102269,18.0,46445.34,Platinum,6.0,7.0,106.76,8.0,1652,0.75,4.53,72.39,640.56,0,3,True,False,False,False,True,False,False,False,False,False,False,False,True
101056,56.0,53178.86,Gold,7.0,247.0,158.16,5.4,988,0.0282,2.71,47.99,1107.12,0,2,False,True,False,True,False,False,False,False,False,True,False,False,False
100849,30.0,13652.93,Bronze,4.0,47.0,43.87,6.1,319,0.0833,0.87,77.36,175.48,0,0,False,True,False,False,False,False,True,False,False,False,False,False,True
105847,50.0,32894.57,Silver,6.0,47.0,238.49,6.1,1445,0.125,3.96,22.97,1430.94,1,1,False,True,False,False,False,True,False,False,False,True,False,False,False
103878,42.0,21397.65,Bronze,6.0,29.0,124.95,6.9,2294,0.2,6.28,28.5,749.7,0,0,True,False,False,False,True,False,False,False,False,False,False,False,True
102743,28.0,27256.08,Bronze,17.0,96.0,104.31,7.1,1686,0.1753,4.62,15.36,1773.27,1,0,True,False,False,False,False,False,False,True,False,False,True,False,False
104281,55.0,46449.11,Silver,2.0,20.0,65.09,7.4,1304,0.0952,3.57,354.09,130.18,0,1,False,True,False,True,False,False,False,False,False,False,False,False,True
101329,37.0,33970.14,Bronze,3.0,35.2,104.31,8.8,1080,0.0829,2.96,108.21,312.93,0,0,False,False,True,False,True,False,False,False,False,True,False,False,False
102875,39.0,53178.86,Bronze,11.0,149.0,79.78,8.3,1799,0.0733,4.93,60.53,877.58,0,0,False,False,True,False,False,True,False,False,False,True,False,False,False
104631,18.0,67130.41,Bronze,9.0,77.0,45.71,7.9,2340,0.1154,6.41,162.78,411.39,0,0,False,True,False,False,True,False,False,False,False,True,False,False,False
100777,25.0,38309.09,Gold,13.0,49.0,269.725,8.0,329,0.26,0.9,10.92,3506.42,1,2,True,False,False,False,False,False,False,True,False,False,False,False,True
105677,18.0,53178.86,Bronze,6.0,79.0,6.33,5.6,1703,0.075,4.67,1364.26,37.98,0,0,True,False,False,False,False,False,True,False,False,True,False,False,False
100184,51.0,45637.28,Gold,12.0,45.0,175.59,6.9,198,0.2609,0.54,21.65,2107.08,1,2,False,True,False,False,True,False,False,False,False,False,True,False,False
103130,42.0,53178.86,Silver,9.0,1.0,121.02,8.0,2313,4.5,6.34,48.78,1089.18,0,1,False,True,False,False,False,True,False,False,False,False,False,True,False
101194,47.0,35028.82,Silver,6.0,101.0,123.52,7.1,2040,0.0588,5.59,47.2,741.12,0,1,False,False,True,False,True,False,False,False,False,False,False,True,False
101836,39.0,31753.59,Silver,3.0,3.0,89.12,8.4,2147,0.75,5.88,118.32,267.36,0,1,False,True,False,False,False,False,True,False,False,False,False,True,False
102273,46.0,110491.95000000001,Platinum,9.0,71.8,110.65,7.8,2125,0.1236,5.82,110.84,995.85,0,3,True,False,False,False,False,True,False,False,False,False,True,False,False
103794,47.0,53178.86,Bronze,8.0,41.0,53.18,9.0,1684,0.1905,4.61,124.7,425.44,0,0,True,False,False,True,False,False,False,False,False,True,False,False,False
100486,36.0,42102.59,Silver,10.0,3.0,44.07,7.4,1907,2.5,5.22,95.32,440.7,0,1,False,True,False,True,False,False,False,False,False,False,True,False,False
101164,20.0,63067.11,Gold,6.0,69.0,269.725,8.0,1095,0.0857,3.0,38.95,1618.35,1,2,False,True,False,False,False,False,False,True,False,False,True,False,False
100453,61.0,53178.86,Bronze,7.0,45.0,34.35,4.9,782,0.1522,2.14,220.25,240.45,0,0,True,False,False,False,False,False,False,True,False,True,False,False,False
102299,32.0,42992.63,Gold,7.0,36.0,100.04,8.0,1014,0.1892,2.78,61.31,700.28,0,2,True,False,False,False,False,False,True,False,False,True,False,False,False
104595,47.0,53178.86,Bronze,3.0,21.0,174.06,7.0,1196,0.1364,3.28,101.65,522.18,0,0,False,True,False,False,False,True,False,False,False,False,True,False,False
100031,64.0,63323.15,Bronze,8.0,10.0,82.51,8.2,2499,0.7273,6.85,95.79,660.08,0,0,False,True,False,False,True,False,False,False,False,False,True,False,False
100790,36.0,40934.59,Gold,3.0,34.0,131.88,10.0,2376,0.0857,6.51,103.2,395.64,0,2,True,False,False,False,False,False,True,False,True,False,False,False,False
105099,27.0,110491.95000000001,Platinum,12.0,121.0,116.85,4.1,1327,0.0984,3.64,78.74,1402.2,1,3,False,True,False,False,False,True,False,False,False,False,True,False,False
101966,44.0,53178.86,Bronze,7.0,47.0,261.65,8.0,500,0.1458,1.37,29.02,1831.55,1,0,False,True,False,False,False,False,True,False,False,False,True,False,False
101110,48.0,69743.27,Bronze,9.0,23.0,104.31,4.3,1716,0.375,4.7,74.21,938.79,0,0,True,False,False,False,False,True,False,False,False,True,False,False,False
100101,33.0,46813.71,Gold,6.0,55.0,64.69,9.2,1659,0.1071,4.55,120.3,388.14,0,2,False,True,False,False,False,False,True,False,True,False,False,False,False
103971,19.0,95501.77,Gold,6.0,12.0,80.23,6.7,1567,0.4615,4.29,197.98,481.38,0,2,False,True,False,False,False,False,True,False,False,True,False,False,False
103168,31.0,45781.23,Bronze,12.0,14.0,102.08,9.0,1347,0.8,3.69,37.34,1224.96,1,0,False,True,False,False,True,False,False,False,False,False,True,False,False
104725,41.0,37605.56,Bronze,9.0,146.0,104.88,6.6,2242,0.0612,6.14,39.8,943.92,0,0,True,False,False,True,False,False,False,False,True,False,False,False,False
101771,33.0,94197.83,Bronze,7.0,14.0,125.49,8.7,167,0.4667,0.46,107.11,878.43,0,0,True,False,False,True,False,False,False,False,False,False,False,True,False
101920,20.0,110491.95000000001,Bronze,5.0,133.0,12.6,7.4,196,0.0373,0.54,1726.44,63.0,0,0,False,False,True,False,False,True,False,False,False,False,False,False,True
103756,32.0,110491.95000000001,Bronze,9.0,16.0,41.1,5.0,2290,0.5294,6.27,297.9,369.9,0,0,True,False,False,False,False,True,False,False,False,False,True,False,False
104542,41.0,30244.22,Gold,10.0,25.0,110.87,5.6,1199,0.3846,3.28,27.25,1108.7,0,2,False,True,False,False,False,False,True,False,True,False,False,False,False
100862,21.0,30250.41,Bronze,9.0,3.0,95.22,7.5,2214,2.25,6.07,35.26,856.98,0,0,True,False,False,False,False,False,False,True,False,False,False,True,False
101502,31.0,20384.11,Bronze,9.0,14.0,121.3,4.8,355,0.6,0.97,18.65,1091.7,0,0,False,True,False,False,True,False,False,False,False,True,False,False,False
100904,57.0,66822.91,Bronze,7.0,8.0,41.79,5.9,460,0.7778,1.26,227.65,292.53,0,0,True,False,False,True,False,False,False,False,False,True,False,False,False
105056,38.0,110491.95000000001,Bronze,3.0,22.6,110.49,6.3,1478,0.1271,4.05,332.34,331.47,0,0,True,False,False,True,False,False,False,False,False,False,False,True,False
100110,18.0,39164.35,Gold,7.0,29.0,86.76,8.0,658,0.2333,1.8,64.38,607.32,0,2,False,True,False,False,False,False,False,True,False,True,False,False,False
105369,38.0,43239.7,Gold,6.0,51.0,104.31,8.4,2283,0.1154,6.25,68.98,625.86,0,2,False,True,False,False,False,False,True,False,False,True,False,False,False
105873,40.0,53178.86,Bronze,14.0,40.0,258.86,8.9,862,0.3415,2.36,14.67,3624.04,1,0,True,False,False,False,False,False,True,False,False,False,False,True,False
105035,50.0,38791.81,Platinum,12.0,24.8,115.36,7.3,1785,0.4651,4.89,28.0,1384.32,1,3,True,False,False,True,False,False,False,False,False,True,False,False,False
104398,32.0,64236.42,Gold,8.0,114.0,54.94,8.4,1154,0.0696,3.16,145.82,439.52,0,2,False,True,False,False,False,False,False,True,False,True,False,False,False
101927,31.0,54535.27,Bronze,11.0,32.0,90.99,4.7,1891,0.3333,5.18,54.43,1000.89,0,0,False,False,True,False,False,False,True,False,False,False,False,False,True
102134,42.0,35145.0,Bronze,7.0,19.0,104.31,7.2,1563,0.35,4.28,48.07,730.17,0,0,False,True,False,False,False,False,True,False,False,True,False,False,False
105862,52.0,64623.09,Silver,13.0,31.0,269.725,6.9,1235,0.4062,3.38,18.42,3506.42,1,1,True,False,False,False,True,False,False,False,False,True,False,False,False
104651,27.0,19064.13,Silver,9.0,33.0,53.38,6.6,786,0.2647,2.15,39.6,480.42,0,1,False,True,False,False,False,True,False,False,False,True,False,False,False
103672,44.0,25216.04,Gold,7.0,36.4,61.86,6.4,2315,0.1872,6.34,58.1,433.02,0,2,False,True,False,True,False,False,False,False,True,False,False,False,False
104394,27.0,39525.94,Bronze,11.0,47.0,238.33,6.1,1402,0.2292,3.84,15.07,2621.63,1,0,True,False,False,False,False,True,False,False,False,False,True,False,False
103046,34.0,53178.86,Bronze,8.0,88.4,81.62,6.0,1662,0.0895,4.55,81.32,652.96,0,0,False,True,False,False,True,False,False,False,False,True,False,False,False
105547,59.0,69074.33,Gold,5.0,7.0,181.1,5.5,1128,0.625,3.09,76.2,905.5,0,2,False,False,True,False,False,False,False,True,False,False,False,False,True
105161,37.0,51134.48,Platinum,6.0,16.0,269.725,6.8,1117,0.3529,3.06,31.58,1618.35,1,3,False,True,False,False,False,True,False,False,False,True,False,False,False
105639,42.0,74762.08,Bronze,12.0,53.0,200.03,7.7,1562,0.2222,4.28,31.13,2400.36,1,0,True,False,False,False,False,False,False,True,False,False,False,False,True
103887,26.0,41872.11,Bronze,6.0,8.0,93.88,5.6,2006,0.6667,5.5,74.2,563.28,0,0,False,True,False,False,False,True,False,False,False,False,True,False,False
101095,30.0,62860.58,Platinum,7.0,5.0,157.54,8.1,1984,1.1667,5.44,56.95,1102.78,0,3,True,False,False,True,False,False,False,False,False,False,False,False,True
101122,38.0,58377.15,Bronze,8.0,20.8,177.59,6.9,162,0.367,0.44,41.06,1420.72,1,0,False,False,True,False,True,False,False,False,False,False,True,False,False
102517,38.0,22167.68,Bronze,8.0,68.0,61.09,6.3,2227,0.1159,6.1,45.27,488.72,0,0,False,True,False,False,False,True,False,False,False,True,False,False,False
102211,47.0,53178.86,Gold,4.0,27.0,84.56,6.9,1989,0.1429,5.45,156.76,338.24,0,2,True,False,False,False,True,False,False,False,True,False,False,False,False
100810,41.0,45451.8,Silver,8.0,39.0,65.21,5.9,1996,0.2,5.47,86.96,521.68,0,1,False,True,False,False,False,False,False,True,False,True,False,False,False
104253,44.0,110491.95000000001,Gold,12.0,89.2,70.2,6.2,699,0.133,1.92,131.01,842.4,0,2,True,False,False,False,False,False,False,True,False,False,False,True,False
103275,18.0,46966.9,Silver,4.0,38.0,104.06,8.8,1730,0.1026,4.74,112.57,416.24,0,1,True,False,False,True,False,False,False,False,False,True,False,False,False
105908,28.0,24152.11,Platinum,8.0,27.0,110.16,7.0,864,0.2857,2.37,27.37,881.28,0,3,False,True,False,False,True,False,False,False,False,False,False,True,False
104344,32.0,53178.86,Silver,10.0,59.0,91.95,8.6,139,0.1667,0.38,57.77,919.5,0,1,True,False,False,False,False,False,True,False,False,False,False,True,False
105504,29.0,37453.18,Bronze,10.0,40.0,62.41,6.6,910,0.2439,2.49,59.92,624.1,0,0,True,False,False,False,False,False,True,False,False,False,True,False,False
105654,45.0,40855.51,Bronze,8.0,5.0,85.82,6.1,557,1.3333,1.53,59.42,686.56,0,0,True,False,False,True,False,False,False,False,False,True,False,False,False
103945,53.0,61543.5,Platinum,9.0,33.0,269.725,7.6,555,0.2647,1.52,25.34,2427.52,1,3,False,True,False,True,False,False,False,False,False,False,True,False,False
105040,25.0,54236.49,Bronze,13.0,55.0,3.82,8.6,1377,0.2321,3.77,1070.6,49.66,0,0,True,False,False,False,False,False,False,True,True,False,False,False,False
102544,47.0,82994.73,Silver,8.0,124.0,231.93,8.0,561,0.064,1.54,44.71,1855.44,1,1,False,True,False,False,False,True,False,False,False,True,False,False,False
101774,58.0,87244.21,Bronze,6.0,104.0,67.09,7.1,2489,0.0571,6.82,216.2,402.54,0,0,True,False,False,False,False,False,False,True,False,True,False,False,False
102847,31.0,50565.6,Bronze,9.0,60.6,97.5,8.4,1321,0.1461,3.62,57.56,877.5,0,0,False,True,False,False,False,False,True,False,False,True,False,False,False
105800,43.0,53178.86,Bronze,8.0,26.0,105.94,6.7,508,0.2963,1.39,62.67,847.52,0,0,False,True,False,False,False,False,False,True,False,True,False,False,False
101766,36.0,53256.38,Bronze,5.0,29.0,183.92,5.8,1406,0.1667,3.85,57.85,919.6,0,0,False,True,False,False,False,False,True,False,False,False,False,False,True
103898,59.0,53178.86,Silver,7.0,31.0,52.37,7.3,1880,0.2188,5.15,144.67,366.59,0,1,False,True,False,False,False,False,False,True,False,False,True,False,False
105629,46.0,32195.0,Bronze,7.0,59.6,41.58,8.2,2240,0.1155,6.14,110.23,291.06,0,0,True,False,False,False,False,True,False,False,False,False,False,True,False
101757,59.0,68623.78,Bronze,9.0,88.0,131.71,10.0,320,0.1011,0.88,57.84,1185.39,0,0,True,False,False,False,False,True,False,False,False,False,False,False,True
102347,36.0,26331.23,Platinum,5.0,32.0,165.71,7.1,2254,0.1515,6.18,31.74,828.55,0,3,False,True,False,False,False,False,False,True,False,False,True,False,False
102997,23.0,25879.09,Bronze,2.0,1.0,108.11,7.2,861,1.0,2.36,119.14,216.22,0,0,True,False,False,False,False,False,True,False,False,False,False,False,True
101596,43.0,30167.11,Platinum,12.0,34.0,214.46,6.7,940,0.3429,2.58,11.72,2573.52,1,3,False,True,False,False,False,True,False,False,False,False,True,False,False
105967,28.0,53178.86,Platinum,4.0,33.0,214.68,9.3,433,0.1176,1.19,61.86,858.72,0,3,False,True,False,False,False,False,True,False,False,True,False,False,False
103253,21.0,71926.63,Gold,11.0,73.4,215.1,5.8,1400,0.1478,3.84,30.39,2366.1,1,2,False,True,False,True,False,False,False,False,False,True,False,False,False
100830,18.0,29133.56,Gold,9.0,33.4,160.61,6.1,1355,0.2616,3.71,20.14,1445.49,1,2,False,True,False,False,True,False,False,False,False,False,True,False,False
105865,31.0,71154.93,Gold,9.0,38.6,199.51,8.4,2003,0.2273,5.49,39.61,1795.59,1,2,False,True,False,False,False,False,True,False,False,True,False,False,False
101859,43.0,48759.88,Silver,4.0,81.0,44.56,6.9,2326,0.0488,6.37,272.04,178.24,0,1,True,False,False,False,False,False,True,False,False,False,False,False,True
100439,30.0,77081.79,Bronze,4.0,32.0,56.03,10.0,1512,0.1212,4.14,342.4,224.12,0,0,False,True,False,False,True,False,False,False,False,True,False,False,False
100628,54.0,53178.86,Bronze,4.0,23.4,174.87,8.1,539,0.1639,1.48,75.92,699.48,0,0,True,False,False,False,False,False,True,False,False,False,False,False,True
105979,31.0,24247.35,Bronze,7.0,2.0,64.97,8.5,1122,2.3333,3.07,53.2,454.79,0,0,True,False,False,False,False,False,False,True,True,False,False,False,False
102880,43.0,37823.54,Silver,4.0,46.8,133.19,5.8,1430,0.0837,3.92,70.86,532.76,0,1,False,True,False,False,False,True,False,False,False,False,True,False,False
100926,61.0,34866.18,Bronze,12.0,40.0,150.3,5.8,1166,0.2927,3.19,19.32,1803.6,1,0,False,True,False,False,True,False,False,False,False,True,False,False,False
104122,47.0,45935.0,Platinum,10.0,55.6,269.725,8.7,562,0.1767,1.54,17.02,2697.25,1,3,False,True,False,False,False,True,False,False,False,False,False,False,True
104875,26.0,23487.16,Gold,9.0,70.4,67.75,7.0,1317,0.1261,3.61,38.46,609.75,0,2,False,True,False,True,False,False,False,False,False,False,False,False,True
105737,43.0,53178.86,Silver,7.0,34.0,61.87,9.0,2207,0.2,6.05,122.51,433.09,0,1,True,False,False,False,False,True,False,False,False,False,True,False,False
102866,23.0,53583.51,Bronze,10.0,21.0,104.31,7.1,1719,0.4545,4.71,51.32,1043.1,0,0,True,False,False,False,False,False,False,True,True,False,False,False,False
105952,46.0,68875.94,Gold,11.0,12.0,67.79,6.0,1708,0.8462,4.68,92.24,745.69,0,2,False,True,False,False,True,False,False,False,True,False,False,False,False
101174,26.0,43486.89,Platinum,5.0,25.0,177.36,4.7,1201,0.1923,3.29,48.98,886.8,0,3,False,True,False,False,False,False,False,True,False,False,True,False,False
103361,37.0,46167.9,Bronze,9.0,14.0,104.31,9.9,1346,0.6,3.69,49.13,938.79,0,0,False,True,False,False,False,False,True,False,False,True,False,False,False
103198,36.0,110491.95000000001,Bronze,3.0,5.0,100.34,4.5,1083,0.5,2.97,365.84,301.02,0,0,True,False,False,False,False,False,True,False,False,False,False,True,False
100945,41.0,57602.21,Bronze,5.0,17.0,104.31,5.4,966,0.2778,2.65,110.23,521.55,0,0,True,False,False,False,False,True,False,False,False,True,False,False,False
104770,57.0,63381.28,Gold,13.0,37.0,112.19,7.7,2093,0.3421,5.73,43.43,1458.47,1,2,False,True,False,False,False,False,False,True,False,False,False,False,True
102289,50.0,40423.86,Silver,7.0,48.0,155.78,7.6,1383,0.1429,3.79,37.04,1090.46,0,1,False,True,False,False,False,True,False,False,False,False,False,True,False
100013,39.0,76382.01,Silver,8.0,95.0,59.57,5.0,1805,0.0833,4.95,159.94,476.56,0,1,True,False,False,False,False,False,True,False,False,True,False,False,False
101118,34.0,32368.14,Silver,9.0,1.0,40.41,8.8,1236,4.5,3.39,88.76,363.69,0,1,False,False,True,False,False,False,True,False,False,False,False,False,True
104366,50.0,110491.95000000001,Gold,7.0,57.0,115.21,7.4,1473,0.1207,4.04,136.84,806.47,0,2,True,False,False,False,False,True,False,False,False,False,False,False,True
105696,64.0,37846.85,Silver,7.0,16.0,107.29,8.3,341,0.4118,0.93,50.33,751.03,0,1,True,False,False,True,False,False,False,False,True,False,False,False,False
100643,63.0,41975.89,Silver,5.0,24.0,162.03,7.5,77,0.2,0.21,51.75,810.15,0,1,True,False,False,False,True,False,False,False,False,False,True,False,False
102590,45.0,19738.6,Silver,11.0,12.8,40.95,6.9,1867,0.7971,5.12,43.72,450.45,0,1,False,True,False,False,False,False,True,False,False,True,False,False,False
104708,34.0,39988.99,Gold,7.0,18.0,126.22,6.5,792,0.3684,2.17,45.21,883.54,0,2,True,False,False,False,True,False,False,False,False,True,False,False,False
102679,18.0,29467.08,Silver,6.0,47.0,181.94,7.3,1479,0.125,4.05,26.97,1091.64,0,1,True,False,False,False,False,True,False,False,False,False,True,False,False
104293,28.0,84842.91,Bronze,5.0,35.8,40.0,5.2,1595,0.1359,4.37,422.1,200.0,0,0,False,True,False,True,False,False,False,False,False,False,False,False,True
105080,30.0,88345.69,Bronze,9.0,40.0,269.725,5.3,694,0.2195,1.9,36.38,2427.52,1,0,False,True,False,False,False,False,True,False,True,False,False,False,False
105488,30.0,63244.18,Silver,6.0,22.0,145.25,5.3,1525,0.2609,4.18,72.49,871.5,0,1,True,False,False,False,False,True,False,False,False,True,False,False,False
102923,23.0,81008.63,Silver,4.0,71.0,152.04,8.7,1993,0.0556,5.46,132.98,608.16,0,1,False,False,True,False,False,True,False,False,False,False,True,False,False
102536,51.0,41806.32,Gold,5.0,36.0,190.27,7.0,2209,0.1351,6.05,43.9,951.35,0,2,False,True,False,True,False,False,False,False,False,True,False,False,False
104766,42.0,43530.89,Gold,7.0,14.0,100.04,6.9,1871,0.4667,5.13,62.07,700.28,0,2,True,False,False,False,True,False,False,False,False,False,True,False,False
102265,44.0,55051.99,Silver,11.0,27.0,51.78,9.1,2060,0.3929,5.64,96.48,569.58,0,1,True,False,False,False,True,False,False,False,False,False,False,False,True
100654,25.0,33115.9,Gold,3.0,195.0,63.06,8.9,1574,0.0153,4.31,174.13,189.18,0,2,True,False,False,False,False,False,True,False,False,False,True,False,False
100430,43.0,48144.32,Silver,10.0,93.8,117.56,8.9,1683,0.1055,4.61,40.92,1175.6,0,1,True,False,False,True,False,False,False,False,False,True,False,False,False
103751,35.0,48174.23,Gold,10.0,64.0,118.7,7.9,1662,0.1538,4.55,40.55,1187.0,0,2,True,False,False,False,True,False,False,False,False,False,True,False,False
103316,48.0,58895.86,Bronze,6.0,10.0,7.04,6.9,2360,0.5455,6.47,1362.07,42.24,0,0,False,True,False,False,False,False,False,True,False,True,False,False,False
102518,55.0,54256.53,Bronze,8.0,19.8,61.48,8.2,821,0.3846,2.25,110.09,491.84,0,0,True,False,False,False,False,True,False,False,False,False,False,False,True
103163,45.0,94373.48,Bronze,11.0,44.0,64.11,4.6,38,0.2444,0.1,133.63,705.21,0,0,False,True,False,False,True,False,False,False,False,False,True,False,False
103606,48.0,75286.32,Bronze,7.0,37.0,269.725,5.8,2498,0.1842,6.84,39.85,1888.08,1,0,False,True,False,False,False,False,False,True,False,True,False,False,False
100839,60.0,100953.05,Silver,5.0,82.2,104.31,7.5,1836,0.0601,5.03,193.19,521.55,0,1,False,True,False,False,False,False,False,True,False,False,False,True,False
101088,19.0,53178.86,Bronze,5.0,10.0,58.8,5.7,671,0.4545,1.84,180.27,294.0,0,0,True,False,False,False,True,False,False,False,True,False,False,False,False
101729,39.0,72552.87,Bronze,4.0,2.0,95.43,7.7,998,1.3333,2.73,189.57,381.72,0,0,False,True,False,True,False,False,False,False,False,True,False,False,False
105808,36.0,27277.77,Platinum,10.0,24.0,173.13,6.4,842,0.4,2.31,15.75,1731.3,1,3,False,True,False,False,True,False,False,False,False,False,False,True,False
101320,52.0,47818.52,Bronze,4.0,66.0,98.14,8.4,1691,0.0597,4.63,121.5,392.56,0,0,False,True,False,False,True,False,False,False,False,True,False,False,False
101331,18.0,55773.58,Gold,8.0,55.6,163.49,9.0,1763,0.1413,4.83,42.61,1307.92,1,2,False,True,False,False,False,False,True,False,False,False,True,False,False
104155,30.0,59676.95,Platinum,8.0,8.0,214.47,5.3,2020,0.8889,5.53,34.76,1715.76,1,3,False,True,False,False,False,False,True,False,False,False,False,False,True
101420,38.0,30678.35,Gold,10.0,36.0,90.15,7.2,1235,0.2703,3.38,33.99,901.5,0,2,False,True,False,False,False,False,True,False,False,False,False,True,False
102516,31.0,23010.23,Silver,12.0,12.2,35.93,7.0,2191,0.9091,6.0,53.24,431.16,0,1,False,True,False,False,False,False,True,False,False,True,False,False,False
102300,34.0,44450.2,Bronze,7.0,6.0,79.92,7.7,1056,1.0,2.89,79.31,559.44,0,0,True,False,False,True,False,False,False,False,False,False,True,False,False
103537,49.0,51395.99,Bronze,6.0,45.0,98.21,8.8,311,0.1304,0.85,87.07,589.26,0,0,False,True,False,False,False,False,True,False,False,True,False,False,False
101609,35.0,110491.95000000001,Silver,6.0,168.0,104.31,6.3,43,0.0355,0.12,176.26,625.86,0,1,False,True,False,False,True,False,False,False,False,False,True,False,False
105199,31.0,45198.01,Bronze,7.0,44.0,48.96,9.2,30,0.1556,0.08,131.5,342.72,0,0,False,True,False,False,False,False,False,True,False,True,False,False,False
100694,18.0,53178.86,Gold,6.0,59.4,211.18,8.7,1237,0.0993,3.39,41.94,1267.08,1,2,False,True,False,False,False,True,False,False,False,False,False,False,True
104141,36.0,82619.93,Bronze,16.0,14.0,104.31,6.8,232,1.0667,0.64,49.47,1668.96,1,0,False,False,True,False,False,False,False,True,False,True,False,False,False
102667,33.0,48619.28,Bronze,16.0,17.0,169.75,5.9,371,0.8889,1.02,17.89,2716.0,1,0,True,False,False,False,False,False,True,False,True,False,False,False,False
100189,22.0,110491.95000000001,Silver,13.0,75.0,89.58,7.0,424,0.1711,1.16,94.8,1164.54,0,1,True,False,False,False,True,False,False,False,False,False,True,False,False
100288,39.0,35237.03,Bronze,9.0,58.0,269.725,7.8,2042,0.1525,5.59,14.51,2427.52,1,0,False,True,False,False,False,True,False,False,False,True,False,False,False
103411,18.0,33963.48,Silver,7.0,33.0,70.71,7.0,1289,0.2059,3.53,68.48,494.97,0,1,False,True,False,False,True,False,False,False,False,False,False,True,False
105537,27.0,56603.45,Silver,9.0,48.0,139.42,6.6,165,0.1837,0.45,45.07,1254.78,1,1,True,False,False,True,False,False,False,False,False,False,True,False,False
104206,35.0,37761.94,Platinum,10.0,17.0,213.16,4.8,2143,0.5556,5.87,17.71,2131.6,1,3,False,True,False,False,False,False,True,False,False,True,False,False,False
103967,26.0,68543.5,Gold,10.0,34.8,107.13,8.8,255,0.2793,0.7,63.92,1071.3,0,2,False,True,False,False,False,False,True,False,False,False,False,True,False
103216,44.0,110491.95000000001,Bronze,11.0,13.0,36.22,5.9,304,0.7857,0.83,276.63,398.42,0,0,True,False,False,False,False,False,False,True,False,False,False,False,True
102334,38.0,110491.95000000001,Bronze,10.0,26.0,187.03,7.0,596,0.3704,1.63,59.05,1870.3,1,0,True,False,False,False,False,True,False,False,False,False,False,True,False
105982,56.0,107372.06,Silver,6.0,0.0,92.46,7.9,451,6.0,1.24,193.2,554.76,0,1,False,True,False,False,False,True,False,False,False,False,False,False,True
104095,45.0,76854.63,Gold,7.0,27.0,81.89,6.8,614,0.25,1.68,133.84,573.23,0,2,True,False,False,False,False,False,False,True,False,True,False,False,False
102145,29.0,30357.45,Silver,6.0,11.0,104.31,7.6,1492,0.5,4.09,48.43,625.86,0,1,True,False,False,True,False,False,False,False,False,False,False,True,False
102981,37.0,66672.34,Bronze,9.0,36.0,94.03,7.5,520,0.2432,1.42,78.69,846.27,0,0,False,False,True,False,False,False,False,True,False,False,False,False,True
100211,49.0,40885.18,Bronze,6.0,33.0,18.29,7.6,534,0.1765,1.46,369.2,109.74,0,0,True,False,False,True,False,False,False,False,False,False,False,False,True
105608,39.0,33303.31,Bronze,11.0,15.0,23.89,6.4,583,0.6875,1.6,126.25,262.79,0,0,True,False,False,False,True,False,False,False,False,True,False,False,False
104997,34.0,110491.95000000001,Silver,10.0,47.0,104.31,3.9,2269,0.2083,6.22,105.83,1043.1,0,1,True,False,False,True,False,False,False,False,False,False,True,False,False
103107,47.0,68316.26,Bronze,5.0,36.0,90.95,8.3,274,0.1351,0.75,149.9,454.75,0,0,True,False,False,False,True,False,False,False,False,True,False,False,False
100074,44.0,61729.83,Silver,9.0,26.0,269.725,6.7,796,0.3333,2.18,25.42,2427.52,1,1,True,False,False,False,False,False,False,True,False,False,False,True,False
105766,40.0,28866.0,Gold,10.0,18.0,165.81,8.0,2340,0.5263,6.41,17.4,1658.1,1,2,False,False,True,False,True,False,False,False,False,False,False,False,True
102829,18.0,24293.81,Silver,13.0,29.4,61.57,6.8,265,0.4276,0.73,30.31,800.41,0,1,False,True,False,False,False,True,False,False,True,False,False,False,False
104783,28.0,103157.26,Bronze,7.0,31.0,104.31,7.9,2307,0.2188,6.32,141.09,730.17,0,0,False,True,False,False,False,False,True,False,False,False,False,True,False
105945,53.0,55736.14,Bronze,9.0,32.0,44.3,5.5,1338,0.2727,3.67,139.44,398.7,0,0,True,False,False,False,True,False,False,False,False,True,False,False,False
104247,41.0,54926.01,Silver,9.0,14.0,130.58,8.0,1244,0.6,3.41,46.7,1175.22,0,1,False,True,False,False,False,False,False,True,False,False,True,False,False
102822,42.0,65447.17,Silver,8.0,29.0,85.75,8.1,1251,0.2667,3.43,95.27,686.0,0,1,True,False,False,False,True,False,False,False,False,True,False,False,False
103306,44.0,55210.01,Gold,9.0,62.0,187.51,6.5,1778,0.1429,4.87,32.7,1687.59,1,2,False,True,False,False,False,True,False,False,False,False,False,False,True
105595,44.0,84781.14,Bronze,11.0,35.6,84.16,6.4,2406,0.3005,6.59,91.48,925.76,0,0,False,True,False,False,False,False,False,True,False,True,False,False,False
102146,30.0,51288.15,Silver,1.0,34.6,86.53,5.9,2196,0.0281,6.02,585.95,86.53,0,1,True,False,False,False,True,False,False,False,False,True,False,False,False
105353,50.0,35314.71,Bronze,12.0,34.0,243.7,5.7,789,0.3429,2.16,12.07,2924.4,1,0,True,False,False,False,False,False,True,False,True,False,False,False,False
103341,34.0,32768.12,Gold,14.0,6.0,113.25,8.8,1617,2.0,4.43,20.65,1585.5,1,2,False,True,False,False,False,True,False,False,False,False,False,False,True
105867,35.0,86213.05,Platinum,7.0,9.0,104.31,8.3,2428,0.7,6.65,117.91,730.17,0,3,False,False,True,True,False,False,False,False,False,False,False,True,False
104392,53.0,49570.94,Gold,16.0,9.0,95.59,4.3,1250,1.6,3.42,32.39,1529.44,1,2,False,True,False,False,False,True,False,False,False,True,False,False,False
100114,21.0,53178.86,Bronze,12.0,8.0,41.35,9.2,440,1.3333,1.21,106.96,496.2,0,0,True,False,False,False,False,True,False,False,False,False,False,True,False
105087,26.0,40476.99,Gold,6.0,3.0,104.31,6.6,1508,1.5,4.13,64.57,625.86,0,2,False,True,False,False,True,False,False,False,False,True,False,False,False
104260,34.0,38665.48,Bronze,9.0,43.0,107.54,8.0,656,0.2045,1.8,39.91,967.86,0,0,False,True,False,False,False,False,False,True,True,False,False,False,False
105442,22.0,19311.66,Gold,4.0,56.0,45.94,6.7,860,0.0702,2.36,104.52,183.76,0,2,False,True,False,False,False,False,True,False,False,True,False,False,False
103196,51.0,47395.27,Bronze,7.0,49.0,88.41,8.5,1486,0.14,4.07,76.46,618.87,0,0,True,False,False,False,False,True,False,False,False,True,False,False,False
102457,50.0,75699.97,Bronze,4.0,7.0,154.93,7.1,1491,0.5,4.08,121.96,619.72,0,0,True,False,False,False,False,False,False,True,False,False,False,False,True
102949,47.0,44902.79,Platinum,9.0,33.0,104.31,7.5,543,0.2647,1.49,47.78,938.79,0,3,False,True,False,True,False,False,False,False,False,False,True,False,False
101840,27.0,48926.41,Gold,10.0,37.0,101.65,9.3,1697,0.2632,4.65,48.08,1016.5,0,2,False,True,False,False,True,False,False,False,False,False,False,False,True
101963,35.0,110491.95000000001,Bronze,7.0,65.4,51.03,6.5,2074,0.1054,5.68,308.46,357.21,0,0,True,False,False,False,False,True,False,False,False,False,False,True,False
101893,24.0,45518.17,Bronze,11.0,64.0,187.94,8.3,1411,0.1692,3.87,22.01,2067.34,1,0,True,False,False,True,False,False,False,False,False,False,True,False,False
103459,35.0,53178.86,Platinum,8.0,46.0,264.02,2.9,2335,0.1702,6.4,25.17,2112.16,1,3,False,True,False,False,False,True,False,False,False,True,False,False,False
103536,22.0,110491.95000000001,Silver,12.0,10.0,112.16,7.9,2417,1.0909,6.62,82.03,1345.92,1,1,True,False,False,False,True,False,False,False,False,False,False,False,True
100253,59.0,85244.99,Bronze,5.0,49.0,109.41,7.3,188,0.1,0.52,155.54,547.05,0,0,False,True,False,False,True,False,False,False,False,True,False,False,False
100351,42.0,64366.97,Gold,5.0,79.0,61.98,7.2,743,0.0625,2.04,207.03,309.9,0,2,True,False,False,False,False,False,True,False,False,False,True,False,False
102759,47.0,46366.0,Bronze,10.0,33.2,40.71,8.3,44,0.2924,0.12,113.61,407.1,0,0,False,True,False,False,False,False,True,False,False,False,True,False,False
100458,28.0,61049.53,Bronze,11.0,28.0,36.18,4.6,803,0.3793,2.2,153.01,397.98,0,0,False,True,False,False,False,False,False,True,False,False,True,False,False
105845,55.0,82957.52,Silver,7.0,115.0,84.17,9.2,1362,0.0603,3.73,140.56,589.19,0,1,True,False,False,False,False,False,False,True,False,False,False,False,True
100480,69.0,48463.88,Gold,2.0,4.0,200.14,7.8,1292,0.4,3.54,120.77,400.28,0,2,True,False,False,False,False,True,False,False,False,False,False,True,False
101115,39.0,53178.86,Bronze,7.0,23.2,104.31,7.5,1171,0.2893,3.21,72.73,730.17,0,0,False,True,False,False,True,False,False,False,False,False,True,False,False
100799,50.0,26782.74,Bronze,8.0,11.0,50.39,8.1,626,0.6667,1.72,66.27,403.12,0,0,True,False,False,False,False,False,False,True,False,False,False,True,False
104222,45.0,54359.02,Bronze,9.0,55.0,104.31,8.0,2215,0.1607,6.07,57.84,938.79,0,0,True,False,False,False,False,False,False,True,True,False,False,False,False
102674,44.0,89962.11,Silver,8.0,23.0,188.33,8.4,256,0.3333,0.7,59.67,1506.64,1,1,True,False,False,False,False,True,False,False,False,True,False,False,False
103096,24.0,53178.86,Gold,7.0,41.8,267.68,9.3,1436,0.1636,3.93,28.37,1873.76,1,2,False,True,False,False,False,True,False,False,False,True,False,False,False
100027,44.0,56390.47,Bronze,8.0,31.2,173.25,6.0,1290,0.2484,3.53,40.66,1386.0,1,0,True,False,False,False,False,False,False,True,False,False,True,False,False
103076,28.0,44641.29,Bronze,10.0,19.0,55.37,6.5,892,0.5,2.44,80.48,553.7,0,0,False,True,False,False,False,False,False,True,False,False,False,False,True
102751,43.0,23843.29,Silver,4.0,202.0,69.6,5.7,2129,0.0197,5.83,85.34,278.4,0,1,False,True,False,True,False,False,False,False,False,True,False,False,False
103271,51.0,52408.44,Bronze,10.0,19.0,247.53,10.0,2405,0.5,6.59,21.16,2475.3,1,0,True,False,False,False,False,False,False,True,False,True,False,False,False
101748,42.0,71684.72,Silver,6.0,23.0,104.31,7.6,2420,0.25,6.63,114.36,625.86,0,1,False,False,True,False,False,False,True,False,False,True,False,False,False
101288,38.0,110491.95000000001,Silver,6.0,12.0,254.04,7.5,810,0.4615,2.22,72.44,1524.24,1,1,True,False,False,False,False,False,True,False,False,False,False,True,False
101282,18.0,44296.52,Silver,13.0,108.0,71.55,7.6,235,0.1193,0.64,47.57,930.15,0,1,True,False,False,False,False,True,False,False,True,False,False,False,False
104935,33.0,56270.54,Bronze,5.0,30.0,146.98,6.5,1881,0.1613,5.15,76.46,734.9,0,0,False,True,False,False,False,False,True,False,False,False,False,True,False
102620,58.0,53178.86,Gold,7.0,46.0,186.63,6.8,464,0.1489,1.27,40.67,1306.41,1,2,True,False,False,False,False,True,False,False,False,False,True,False,False
102064,43.0,69200.15,Bronze,8.0,40.0,53.77,7.2,1120,0.1951,3.07,160.5,430.16,0,0,False,True,False,False,False,False,True,False,False,False,False,False,True
104650,35.0,25479.11,Silver,1.0,57.0,59.25,7.2,2186,0.0172,5.99,422.89,59.25,0,1,False,True,False,True,False,False,False,False,False,False,False,False,True
105155,46.0,26321.95,Bronze,7.0,15.0,104.84,10.0,1766,0.4375,4.84,35.82,733.88,0,0,False,True,False,True,False,False,False,False,False,False,False,True,False
104718,34.0,66593.17,Silver,9.0,124.0,82.14,6.9,2210,0.072,6.05,89.96,739.26,0,1,False,True,False,False,False,True,False,False,False,False,False,True,False
101952,41.0,110491.95000000001,Platinum,6.0,46.0,219.19,7.1,1925,0.1277,5.27,83.95,1315.14,1,3,True,False,False,False,False,False,False,True,False,True,False,False,False
104579,32.0,50486.53,Silver,6.0,46.4,121.03,8.5,1188,0.1266,3.25,69.43,726.18,0,1,False,True,False,False,False,False,True,False,False,True,False,False,False
104936,30.0,24680.09,Bronze,14.0,70.6,94.57,10.0,422,0.1955,1.16,18.63,1323.98,1,0,False,True,False,False,True,False,False,False,False,False,False,True,False
100608,43.0,52779.74,Bronze,4.0,16.0,150.89,8.0,720,0.2353,1.97,87.3,603.56,0,0,False,False,True,False,False,False,True,False,False,False,False,True,False
104094,24.0,43198.12,Bronze,7.0,64.0,74.67,10.0,153,0.1077,0.42,82.49,522.69,0,0,False,True,False,False,False,False,True,False,False,False,True,False,False
104804,50.0,42047.19,Silver,10.0,26.0,95.31,5.1,109,0.3704,0.3,44.07,953.1,0,1,True,False,False,False,False,False,True,False,False,True,False,False,False
103405,20.0,29788.12,Gold,5.0,74.0,220.35,5.9,384,0.0667,1.05,27.01,1101.75,0,2,True,False,False,False,False,False,True,False,True,False,False,False,False
105857,47.0,84431.45,Bronze,12.0,59.0,153.34,6.3,903,0.2,2.47,45.86,1840.08,1,0,True,False,False,False,False,True,False,False,False,False,False,False,True
103942,34.0,37644.7,Bronze,8.0,9.0,38.19,8.1,1319,0.8,3.61,122.81,305.52,0,0,True,False,False,False,True,False,False,False,True,False,False,False,False
104853,62.0,52405.0,Bronze,3.0,56.0,40.24,8.1,46,0.0526,0.13,430.54,120.72,0,0,False,True,False,False,True,False,False,False,False,False,False,True,False
105894,52.0,91872.66,Bronze,4.0,3.0,109.0,6.7,1628,1.0,4.46,210.23,436.0,0,0,True,False,False,False,False,False,True,False,False,False,True,False,False
104507,47.0,58906.56,Bronze,10.0,38.0,242.91,8.5,1176,0.2564,3.22,24.24,2429.1,1,0,True,False,False,False,False,False,True,False,False,False,True,False,False
100204,46.0,49666.09,Silver,16.0,48.0,113.8,7.3,1218,0.3265,3.34,27.26,1820.8,1,1,True,False,False,False,True,False,False,False,True,False,False,False,False
100340,45.0,53178.86,Bronze,7.0,16.0,16.35,6.3,914,0.4118,2.5,460.62,114.45,0,0,True,False,False,False,True,False,False,False,False,True,False,False,False
100838,55.0,42877.51,Gold,10.0,44.0,113.77,6.9,657,0.2222,1.8,37.65,1137.7,0,2,True,False,False,False,False,False,True,False,True,False,False,False,False
104360,61.0,110491.95000000001,Gold,6.0,24.2,104.31,7.9,991,0.2381,2.72,176.26,625.86,0,2,True,False,False,False,True,False,False,False,True,False,False,False,False
100388,44.0,27520.66,Silver,9.0,7.0,148.05,8.3,2038,1.125,5.58,20.64,1332.45,1,1,True,False,False,False,False,True,False,False,False,False,True,False,False
104153,43.0,76276.68,Gold,6.0,23.0,124.85,8.8,1951,0.25,5.35,101.69,749.1,0,2,True,False,False,False,False,False,True,False,False,True,False,False,False
104823,56.0,53921.84,Bronze,8.0,47.0,104.31,6.4,1197,0.1667,3.28,64.54,834.48,0,0,True,False,False,True,False,False,False,False,False,True,False,False,False
102577,28.0,24071.16,Gold,5.0,75.6,216.03,9.1,695,0.0653,1.9,22.26,1080.15,0,2,False,True,False,False,False,True,False,False,False,False,False,False,True
103784,54.0,40445.94,Bronze,8.0,52.0,269.725,7.1,1491,0.1509,4.08,18.74,2157.8,1,0,False,True,False,False,False,True,False,False,False,False,True,False,False
103024,29.0,66004.75,Platinum,8.0,13.0,269.725,8.5,217,0.5714,0.59,30.57,2157.8,1,3,False,True,False,False,False,False,True,False,False,True,False,False,False
103384,30.0,56892.26,Silver,10.0,53.0,201.24,8.7,1573,0.1852,4.31,28.26,2012.4,1,1,False,True,False,False,False,False,True,False,False,False,False,True,False
104666,49.0,53178.86,Silver,10.0,51.0,58.72,6.5,1755,0.1923,4.81,90.41,587.2,0,1,False,True,False,False,False,True,False,False,False,True,False,False,False
102234,57.0,56120.22,Bronze,8.0,33.6,152.89,9.4,819,0.2312,2.24,45.85,1223.12,1,0,False,True,False,False,True,False,False,False,False,False,False,False,True
101651,32.0,14033.78,Bronze,7.0,27.4,62.66,8.2,1744,0.2465,4.78,31.92,438.62,0,0,False,True,False,False,False,False,True,False,False,False,False,False,True
103248,22.0,50431.02,Silver,5.0,39.4,230.96,6.4,338,0.1238,0.93,43.63,1154.8,0,1,True,False,False,False,False,False,False,True,False,False,False,True,False
104907,47.0,88693.0,Silver,7.0,29.0,63.06,7.9,872,0.2333,2.39,200.47,441.42,0,1,True,False,False,True,False,False,False,False,False,True,False,False,False
100678,43.0,45296.82,Silver,8.0,44.0,31.54,3.7,2012,0.1778,5.51,178.81,252.32,0,1,True,False,False,False,False,False,False,True,False,False,True,False,False
103862,47.0,23155.18,Gold,7.0,9.0,55.06,7.2,1383,0.7,3.79,59.92,385.42,0,2,False,True,False,False,False,True,False,False,False,True,False,False,False
101540,56.0,49604.83,Gold,6.0,3.0,227.73,5.3,956,1.5,2.62,36.28,1366.38,1,2,False,False,True,False,True,False,False,False,False,False,True,False,False
101917,31.0,40032.76,Bronze,11.0,2.0,50.61,5.2,1263,3.6667,3.46,71.78,556.71,0,0,False,True,False,False,False,False,False,True,True,False,False,False,False
100062,34.0,36616.73,Silver,6.0,1.0,93.16,6.6,1592,3.0,4.36,65.39,558.96,0,1,True,False,False,False,False,False,True,False,False,False,False,True,False
103660,38.0,53178.86,Bronze,9.0,25.0,78.09,8.3,2082,0.3462,5.7,75.56,702.81,0,0,False,False,True,False,False,False,False,True,False,True,False,False,False
104138,40.0,53178.86,Silver,7.0,25.0,71.13,4.1,1344,0.2692,3.68,106.59,497.91,0,1,True,False,False,False,False,False,False,True,False,True,False,False,False
104358,34.0,51986.7,Bronze,10.0,52.2,269.725,4.5,2139,0.188,5.86,19.27,2697.25,1,0,False,True,False,False,False,False,True,False,True,False,False,False,False
101481,43.0,83488.36,Bronze,4.0,46.0,240.18,7.2,776,0.0851,2.13,86.81,960.72,0,0,True,False,False,False,True,False,False,False,False,False,False,False,True
100791,29.0,75734.11,Gold,9.0,33.0,186.59,7.3,1778,0.2647,4.87,45.07,1679.31,1,2,False,True,False,False,False,False,False,True,False,False,True,False,False
101671,37.0,59537.23,Silver,7.0,11.0,231.77,10.0,1027,0.5833,2.81,36.67,1622.39,1,1,True,False,False,False,False,True,False,False,False,True,False,False,False
103209,50.0,12475.6,Silver,8.0,93.0,98.99,7.9,1630,0.0851,4.47,15.73,791.92,0,1,False,False,True,False,True,False,False,False,False,False,False,False,True
105435,27.0,53114.68,Silver,4.0,15.0,104.31,6.5,1321,0.25,3.62,127.0,417.24,0,1,False,True,False,False,False,False,False,True,False,True,False,False,False
103117,30.0,29904.53,Bronze,6.0,10.0,178.87,8.5,1965,0.5455,5.38,27.84,1073.22,0,0,True,False,False,False,False,False,False,True,False,False,True,False,False
104948,42.0,52698.36,Silver,9.0,55.8,37.38,9.1,672,0.1585,1.84,156.18,336.42,0,1,False,True,False,False,False,False,True,False,False,True,False,False,False
104236,45.0,37551.88,Bronze,10.0,46.0,36.21,4.9,1435,0.2128,3.93,103.42,362.1,0,0,True,False,False,False,False,False,False,True,False,False,False,True,False
105342,40.0,53472.64,Bronze,7.0,29.0,60.63,7.1,1294,0.2333,3.55,125.7,424.41,0,0,False,True,False,True,False,False,False,False,False,False,True,False,False
103750,54.0,66187.9,Bronze,6.0,31.0,34.85,6.2,2422,0.1875,6.64,315.03,209.1,0,0,True,False,False,False,False,True,False,False,False,True,False,False,False
104400,23.0,77462.01,Silver,11.0,6.0,52.14,7.8,129,1.5714,0.35,134.82,573.54,0,1,True,False,False,False,False,False,False,True,False,True,False,False,False
102597,53.0,54725.4,Gold,4.0,42.2,103.82,7.4,1310,0.0926,3.59,131.46,415.28,0,2,True,False,False,False,False,True,False,False,False,False,False,True,False
104005,55.0,78678.01,Bronze,7.0,27.0,65.66,4.7,1384,0.25,3.79,170.81,459.62,0,0,True,False,False,False,False,False,False,True,False,False,True,False,False
102094,48.0,56661.63,Silver,9.0,82.2,158.02,8.6,877,0.1082,2.4,39.81,1422.18,1,1,True,False,False,False,True,False,False,False,False,False,False,True,False
100734,36.0,29248.12,Silver,10.0,24.0,54.28,10.0,1225,0.4,3.36,53.78,542.8,0,1,True,False,False,False,False,False,True,False,False,False,False,False,True
103691,47.0,70304.58,Silver,3.0,219.0,172.12,8.9,1796,0.0136,4.92,135.89,516.36,0,1,False,True,False,False,False,True,False,False,False,False,False,True,False
104550,28.0,30262.11,Bronze,6.0,7.0,269.725,7.0,1965,0.75,5.38,18.69,1618.35,1,0,True,False,False,True,False,False,False,False,False,False,False,False,True
103957,29.0,53178.86,Bronze,10.0,36.6,127.02,5.0,1103,0.266,3.02,41.83,1270.2,1,0,False,True,False,True,False,False,False,False,False,True,False,False,False
105090,62.0,44101.08,Silver,12.0,35.0,203.08,8.5,2133,0.3333,5.84,18.09,2436.96,1,1,False,True,False,False,False,True,False,False,True,False,False,False,False
101841,31.0,54448.22,Bronze,4.0,74.0,104.31,8.9,2091,0.0533,5.73,130.18,417.24,0,0,True,False,False,True,False,False,False,False,True,False,False,False,False
102852,55.0,66724.47,Bronze,10.0,38.2,104.31,6.8,155,0.2551,0.42,63.91,1043.1,0,0,False,True,False,False,False,False,False,True,True,False,False,False,False
103304,50.0,52590.7,Silver,13.0,92.0,49.55,5.7,1154,0.1398,3.16,81.52,644.15,0,1,False,True,False,False,False,False,False,True,False,True,False,False,False
105660,40.0,52444.57,Silver,5.0,25.0,110.2,8.3,428,0.1923,1.17,95.01,551.0,0,1,True,False,False,True,False,False,False,False,True,False,False,False,False
102510,34.0,46943.8,Gold,9.0,30.2,132.45,7.6,2199,0.2885,6.02,39.35,1192.05,0,2,True,False,False,True,False,False,False,False,False,True,False,False,False
102229,64.0,40026.99,Silver,3.0,226.0,190.05,7.1,548,0.0132,1.5,70.08,570.15,0,1,False,True,False,False,True,False,False,False,False,False,False,True,False
102095,39.0,30211.01,Bronze,10.0,31.0,36.64,7.0,380,0.3125,1.04,82.23,366.4,0,0,False,False,True,False,False,False,True,False,False,True,False,False,False
104336,28.0,41863.22,Bronze,10.0,22.0,96.04,8.8,1944,0.4348,5.33,43.54,960.4,0,0,False,True,False,False,False,True,False,False,False,False,False,False,True
100858,43.0,53178.86,Bronze,9.0,9.0,110.26,6.3,555,0.9,1.52,53.54,992.34,0,0,True,False,False,False,True,False,False,False,False,False,False,False,True
103471,19.0,72703.55,Platinum,6.0,165.0,163.47,7.6,2492,0.0361,6.83,74.05,980.82,0,3,False,True,False,False,False,False,False,True,False,True,False,False,False
102419,45.0,85865.24,Bronze,5.0,41.0,39.48,7.9,1567,0.119,4.29,432.79,197.4,0,0,True,False,False,False,False,True,False,False,False,True,False,False,False
102755,51.0,79914.22,Silver,9.0,15.0,76.59,8.1,1938,0.5625,5.31,115.77,689.31,0,1,False,True,False,False,True,False,False,False,False,True,False,False,False
104680,25.0,52417.21,Bronze,12.0,45.0,130.17,6.3,1147,0.2609,3.14,33.54,1562.04,1,0,True,False,False,False,False,False,False,True,False,True,False,False,False
101644,46.0,37396.67,Silver,4.0,108.0,84.56,7.1,2410,0.0367,6.6,110.24,338.24,0,1,True,False,False,False,True,False,False,False,False,True,False,False,False
100220,30.0,39654.67,Bronze,9.0,1.0,101.33,4.9,938,4.5,2.57,43.43,911.97,0,0,False,True,False,False,False,False,True,False,False,False,False,True,False
105175,63.0,27793.31,Bronze,9.0,53.0,154.27,6.9,2085,0.1667,5.71,20.0,1388.43,1,0,False,True,False,False,False,True,False,False,False,True,False,False,False
101289,62.0,53178.86,Bronze,4.0,11.0,157.02,8.7,2399,0.3333,6.57,84.53,628.08,0,0,False,True,False,False,True,False,False,False,True,False,False,False,False
101116,39.0,51449.93,Silver,5.0,59.0,47.29,6.9,759,0.0833,2.08,216.68,236.45,0,1,False,True,False,False,True,False,False,False,False,False,True,False,False
100583,34.0,58275.75,Gold,5.0,24.0,77.73,7.8,493,0.2,1.35,149.56,388.65,0,2,False,True,False,False,False,False,True,False,False,True,False,False,False
103162,45.0,110491.95000000001,Bronze,9.0,8.0,37.49,9.2,2183,1.0,5.98,326.5,337.41,0,0,False,True,False,False,False,False,False,True,False,True,False,False,False
100044,41.0,29580.33,Bronze,9.0,117.0,63.22,8.7,2304,0.0763,6.31,51.9,568.98,0,0,False,True,False,False,False,False,True,False,False,False,False,True,False
105772,45.0,87099.24,Silver,7.0,46.0,177.64,8.0,205,0.1489,0.56,69.99,1243.48,1,1,True,False,False,True,False,False,False,False,False,True,False,False,False
102452,33.0,53178.86,Bronze,14.0,33.8,104.31,5.4,2479,0.4023,6.79,36.39,1460.34,1,0,False,False,True,True,False,False,False,False,False,False,True,False,False
105950,70.0,53178.86,Silver,10.0,34.0,182.63,5.1,133,0.2857,0.36,29.1,1826.3,1,1,False,True,False,False,False,True,False,False,False,False,True,False,False
101521,23.0,16527.4,Bronze,7.0,36.0,73.18,4.7,909,0.1892,2.49,32.2,512.26,0,0,False,True,False,False,False,False,True,False,False,False,True,False,False
101745,46.0,17839.34,Gold,4.0,3.0,106.92,7.4,1833,1.0,5.02,41.61,427.68,0,2,True,False,False,False,True,False,False,False,False,False,False,True,False
105790,54.0,36704.73,Bronze,7.0,22.0,156.06,6.5,1460,0.3043,4.0,33.57,1092.42,0,0,False,True,False,True,False,False,False,False,False,False,True,False,False
101225,27.0,38017.32,Gold,4.0,127.0,104.31,7.2,1399,0.0312,3.83,90.9,417.24,0,2,False,True,False,False,True,False,False,False,False,False,False,False,True
102800,30.0,46297.69,Silver,9.0,23.0,104.31,6.8,2229,0.375,6.11,49.26,938.79,0,1,False,True,False,False,False,False,False,True,False,False,False,False,True
104357,48.0,19487.28,Bronze,6.0,53.0,269.725,6.0,2223,0.1111,6.09,12.03,1618.35,1,0,False,True,False,False,False,False,True,False,False,False,True,False,False
101962,30.0,27071.92,Silver,12.0,11.6,186.72,7.3,1557,0.9524,4.27,12.08,2240.64,1,1,False,True,False,False,False,True,False,False,False,False,False,True,False
100671,47.0,50137.11,Silver,6.0,16.0,117.09,5.9,1622,0.3529,4.44,71.26,702.54,0,1,True,False,False,False,True,False,False,False,False,False,False,True,False
103894,25.0,56085.58,Silver,7.0,12.0,155.96,4.8,1815,0.5385,4.97,51.33,1091.72,0,1,True,False,False,True,False,False,False,False,False,False,False,True,False
103103,47.0,38482.49,Bronze,9.0,87.0,80.59,3.4,2038,0.1023,5.58,52.98,725.31,0,0,False,True,False,False,True,False,False,False,True,False,False,False,False
102046,26.0,63833.41,Platinum,16.0,58.2,192.35,8.2,102,0.2703,0.28,20.73,3077.6,1,3,True,False,False,False,True,False,False,False,False,False,True,False,False
104798,48.0,35676.23,Bronze,6.0,62.0,81.98,5.0,848,0.0952,2.32,72.38,491.88,0,0,False,False,True,False,False,False,True,False,True,False,False,False,False
105954,43.0,49750.15,Silver,9.0,5.0,165.73,8.5,557,1.5,1.53,33.33,1491.57,1,1,True,False,False,False,True,False,False,False,False,False,True,False,False
100898,28.0,53178.86,Silver,8.0,18.0,208.45,7.1,1886,0.4211,5.17,31.87,1667.6,1,1,True,False,False,False,False,False,True,False,False,False,True,False,False
101259,59.0,101330.72,Platinum,10.0,41.0,226.2,9.2,2470,0.2381,6.77,44.78,2262.0,1,3,False,True,False,False,False,True,False,False,False,False,True,False,False
102856,57.0,28637.48,Gold,10.0,17.0,104.31,6.3,590,0.5556,1.62,27.43,1043.1,0,2,False,True,False,False,False,False,True,False,False,False,False,False,True
100096,21.0,85618.77,Bronze,5.0,25.0,149.88,6.2,56,0.1923,0.15,114.1,749.4,0,0,True,False,False,False,False,False,False,True,False,False,False,False,True
103277,50.0,49952.73,Gold,10.0,110.0,83.6,9.5,619,0.0901,1.7,59.68,836.0,0,2,False,True,False,False,True,False,False,False,False,False,False,True,False
100843,59.0,75680.23,Bronze,7.0,18.0,7.76,5.6,2024,0.3684,5.55,1368.04,54.32,0,0,False,True,False,False,True,False,False,False,False,False,True,False,False
104035,29.0,38694.92,Silver,9.0,13.0,58.99,7.0,2375,0.6429,6.51,72.75,530.91,0,1,False,True,False,False,False,False,True,False,False,False,True,False,False
102706,36.0,43716.81,Bronze,7.0,14.0,83.68,8.3,1453,0.4667,3.98,74.51,585.76,0,0,False,True,False,False,False,False,True,False,False,False,True,False,False
104976,31.0,86444.39,Gold,12.0,187.0,121.24,6.8,1433,0.0638,3.93,59.38,1454.88,1,2,True,False,False,False,False,True,False,False,True,False,False,False,False
102619,29.0,55587.96,Bronze,5.0,32.0,38.48,8.5,1812,0.1515,4.96,287.42,192.4,0,0,False,False,True,False,False,False,False,True,False,True,False,False,False
103419,40.0,74580.86,Silver,10.0,97.0,26.24,7.7,1375,0.102,3.77,283.15,262.4,0,1,True,False,False,False,True,False,False,False,False,False,True,False,False
105152,37.0,87847.32,Silver,10.0,1.0,23.93,8.6,1563,5.0,4.28,365.57,239.3,0,1,False,True,False,True,False,False,False,False,False,True,False,False,False
100323,52.0,53178.86,Gold,5.0,8.0,129.93,7.5,1291,0.5556,3.54,81.73,649.65,0,2,False,True,False,True,False,False,False,False,False,False,False,True,False
104356,29.0,48980.48,Gold,7.0,22.0,104.31,5.5,1833,0.3043,5.02,66.99,730.17,0,2,False,True,False,False,True,False,False,False,False,False,True,False,False
102133,33.0,30249.42,Bronze,4.0,8.0,194.79,7.4,1863,0.4444,5.1,38.77,779.16,0,0,False,True,False,False,False,False,False,True,False,False,False,True,False
103728,46.0,94254.24,Bronze,7.0,59.4,47.19,7.0,2230,0.1159,6.11,284.47,330.33,0,0,True,False,False,False,False,False,False,True,False,False,True,False,False
100335,38.0,26137.32,Bronze,9.0,25.2,163.76,6.5,883,0.3435,2.42,17.72,1473.84,1,0,True,False,False,False,False,True,False,False,False,False,True,False,False
102645,55.0,67825.52,Bronze,6.0,33.0,145.46,7.2,2163,0.1765,5.93,77.62,872.76,0,0,False,True,False,False,False,True,False,False,False,False,True,False,False
100333,30.0,48446.22,Silver,5.0,57.0,134.48,8.6,2235,0.0862,6.12,71.94,672.4,0,1,False,True,False,True,False,False,False,False,False,True,False,False,False
100834,33.0,32460.56,Silver,8.0,43.0,122.13,7.5,1224,0.1818,3.35,33.19,977.04,0,1,True,False,False,False,False,False,True,False,False,True,False,False,False
102535,36.0,56678.51,Bronze,8.0,118.0,111.6,4.6,1110,0.0672,3.04,63.41,892.8,0,0,False,True,False,False,False,False,True,False,False,True,False,False,False
102168,18.0,53178.86,Silver,9.0,3.0,63.72,5.0,307,2.25,0.84,92.57,573.48,0,1,True,False,False,False,False,True,False,False,False,True,False,False,False
102252,37.0,50258.86,Bronze,7.0,58.0,50.59,7.7,1280,0.1186,3.51,141.52,354.13,0,0,False,False,True,False,False,True,False,False,False,True,False,False,False
101887,25.0,41056.41,Bronze,7.0,26.0,225.95,7.0,1250,0.2593,3.42,25.94,1581.65,1,0,False,True,False,False,False,True,False,False,False,False,False,False,True
102167,70.0,53412.9,Bronze,10.0,61.2,64.78,6.1,2375,0.1608,6.51,82.33,647.8,0,0,False,True,False,False,True,False,False,False,False,False,False,True,False
100732,39.0,51780.61,Bronze,7.0,39.8,143.98,7.6,668,0.1716,1.83,51.33,1007.86,0,0,False,True,False,False,True,False,False,False,False,True,False,False,False
101696,43.0,53178.86,Silver,17.0,18.0,45.17,6.9,1188,0.8947,3.25,69.16,767.89,0,1,False,True,False,False,False,False,False,True,False,False,True,False,False
100292,40.0,105743.09,Bronze,10.0,69.0,161.36,6.4,1558,0.1429,4.27,65.49,1613.6,1,0,True,False,False,False,False,False,True,False,False,False,False,True,False
100185,43.0,85336.59,Silver,14.0,270.0,57.77,9.5,2298,0.0517,6.3,105.38,808.78,0,1,True,False,False,False,False,False,True,False,True,False,False,False,False
104727,34.0,58998.0,Gold,7.0,4.0,118.25,7.2,1847,1.4,5.06,71.19,827.75,0,2,True,False,False,False,True,False,False,False,False,False,True,False,False
104764,57.0,29782.22,Silver,9.0,114.0,202.42,7.7,842,0.0783,2.31,16.34,1821.78,1,1,True,False,False,False,True,False,False,False,False,False,False,True,False
103212,37.0,40235.91,Bronze,6.0,24.4,104.31,7.5,2193,0.2362,6.01,64.19,625.86,0,0,True,False,False,False,False,False,False,True,False,False,True,False,False
100534,43.0,109878.2,Silver,11.0,4.0,134.26,4.4,160,2.2,0.44,74.35,1476.86,1,1,True,False,False,False,True,False,False,False,False,False,False,False,True
102836,37.0,25781.55,Platinum,8.0,61.0,183.65,9.6,1364,0.129,3.74,17.54,1469.2,1,3,True,False,False,False,True,False,False,False,False,True,False,False,False
102716,39.0,53178.86,Bronze,4.0,34.0,77.95,6.6,1785,0.1143,4.89,170.01,311.8,0,0,False,True,False,False,True,False,False,False,False,False,True,False,False
103899,30.0,107726.79,Bronze,6.0,15.0,148.87,7.5,1978,0.375,5.42,120.47,893.22,0,0,True,False,False,False,False,False,False,True,False,True,False,False,False
103169,27.0,53178.86,Bronze,6.0,17.0,104.53,7.7,1288,0.3333,3.53,84.66,627.18,0,0,True,False,False,False,False,False,True,False,False,True,False,False,False
100658,40.0,53178.86,Bronze,11.0,32.2,104.31,8.0,520,0.3313,1.42,46.31,1147.41,0,0,True,False,False,False,False,False,False,True,False,True,False,False,False
101256,30.0,47206.9,Bronze,7.0,77.0,46.74,4.9,2459,0.0897,6.74,143.84,327.18,0,0,True,False,False,False,False,True,False,False,False,False,False,False,True
102723,18.0,64490.57,Gold,9.0,124.0,174.24,7.0,2060,0.072,5.64,41.1,1568.16,1,2,False,True,False,True,False,False,False,False,False,False,True,False,False
102733,59.0,61479.2,Bronze,4.0,20.0,65.23,7.7,1155,0.1905,3.16,234.73,260.92,0,0,False,True,False,True,False,False,False,False,False,False,True,False,False
102482,27.0,56565.09,Bronze,9.0,66.0,141.17,6.4,1538,0.1343,4.21,44.49,1270.53,1,0,True,False,False,False,False,False,False,True,False,True,False,False,False
100899,44.0,34027.59,Silver,4.0,8.0,104.31,6.8,1393,0.4444,3.82,81.36,417.24,0,1,True,False,False,True,False,False,False,False,False,True,False,False,False
100429,21.0,94746.71,Bronze,7.0,147.0,113.01,7.0,1335,0.0473,3.66,119.62,791.07,0,0,True,False,False,False,True,False,False,False,False,False,False,False,True
105449,54.0,22073.78,Gold,12.0,96.4,80.27,7.1,2109,0.1232,5.78,22.89,963.24,0,2,False,True,False,False,False,False,True,False,False,True,False,False,False
101993,41.0,110491.95000000001,Bronze,8.0,14.0,68.7,8.2,760,0.5333,2.08,200.68,549.6,0,0,True,False,False,True,False,False,False,False,False,False,True,False,False
102005,21.0,59119.01,Gold,10.0,40.4,114.46,4.5,1875,0.2415,5.14,51.61,1144.6,0,2,True,False,False,False,True,False,False,False,False,True,False,False,False
101437,33.0,88033.76,Silver,11.0,23.0,104.31,6.6,1532,0.4583,4.2,76.66,1147.41,0,1,False,True,False,False,False,False,True,False,True,False,False,False,False
105430,65.0,74073.57,Silver,10.0,6.0,164.31,5.8,2115,1.4286,5.79,45.05,1643.1,1,1,True,False,False,True,False,False,False,False,False,False,False,True,False
101223,43.0,70234.74,Gold,6.0,88.0,112.97,7.9,687,0.0674,1.88,103.47,677.82,0,2,False,True,False,False,False,True,False,False,False,True,False,False,False
102888,40.0,42321.25,Silver,9.0,71.0,52.01,8.9,2391,0.125,6.55,90.22,468.09,0,1,False,True,False,False,False,False,True,False,False,False,False,False,True
102338,48.0,51881.66,Platinum,13.0,15.0,269.725,8.2,936,0.8125,2.56,14.79,3506.42,1,3,True,False,False,False,True,False,False,False,False,True,False,False,False
103516,34.0,15164.65,Bronze,6.0,39.0,74.68,7.8,731,0.15,2.0,33.77,448.08,0,0,False,True,False,False,True,False,False,False,False,False,False,True,False
104520,18.0,86743.83,Bronze,7.0,66.0,46.59,9.3,742,0.1045,2.03,265.17,326.13,0,0,False,True,False,False,False,True,False,False,False,False,False,True,False
105911,57.0,26461.79,Bronze,6.0,85.0,104.31,8.0,271,0.0698,0.74,42.21,625.86,0,0,True,False,False,False,True,False,False,False,False,True,False,False,False
104714,27.0,63223.81,Silver,5.0,40.0,124.43,5.9,2195,0.122,6.01,101.46,622.15,0,1,True,False,False,False,False,False,True,False,False,False,False,True,False
102848,31.0,18173.35,Platinum,10.0,26.0,225.09,6.8,1940,0.3704,5.32,8.07,2250.9,1,3,True,False,False,True,False,False,False,False,False,False,False,False,True
104337,40.0,39394.6,Bronze,4.0,5.0,73.05,6.8,955,0.6667,2.62,134.36,292.2,0,0,True,False,False,False,False,False,True,False,True,False,False,False,False
101722,21.0,58500.07,Gold,9.0,120.0,153.33,8.2,1253,0.0744,3.43,42.36,1379.97,1,2,True,False,False,False,False,True,False,False,False,True,False,False,False
102405,28.0,58735.7,Bronze,6.0,62.0,104.31,5.4,504,0.0952,1.38,93.7,625.86,0,0,False,True,False,False,False,False,True,False,False,False,False,True,False
101819,44.0,53178.86,Silver,10.0,13.0,28.2,7.0,498,0.7143,1.36,187.91,282.0,0,1,True,False,False,True,False,False,False,False,False,True,False,False,False
105419,35.0,57185.58,Bronze,8.0,4.0,104.31,7.2,1490,1.6,4.08,68.45,834.48,0,0,True,False,False,False,False,False,True,False,True,False,False,False,False
102677,57.0,15023.25,Silver,8.0,12.0,67.53,5.6,1610,0.6154,4.41,27.76,540.24,0,1,False,True,False,False,False,False,True,False,False,False,False,False,True
104956,63.0,110491.95000000001,Silver,13.0,62.0,187.93,8.6,232,0.2063,0.64,45.21,2443.09,1,1,True,False,False,False,False,True,False,False,False,True,False,False,False
103613,31.0,76976.0,Bronze,8.0,12.0,118.34,7.4,292,0.6154,0.8,81.22,946.72,0,0,True,False,False,False,True,False,False,False,False,False,False,False,True
103729,41.0,30685.22,Gold,5.0,87.0,219.23,6.9,393,0.0568,1.08,27.97,1096.15,0,2,False,True,False,False,False,True,False,False,False,False,False,False,True
102906,38.0,59000.3,Platinum,5.0,46.0,129.76,7.4,1508,0.1064,4.13,90.8,648.8,0,3,False,True,False,False,False,False,False,True,False,False,False,False,True
101411,33.0,77995.24,Gold,6.0,1.0,269.725,7.5,2064,3.0,5.65,48.16,1618.35,1,2,False,True,False,False,False,False,False,True,False,False,False,False,True
104343,37.0,110491.95000000001,Silver,9.0,55.0,38.16,7.8,404,0.1607,1.11,320.79,343.44,0,1,False,True,False,False,False,False,True,False,False,True,False,False,False
104003,41.0,27930.6,Gold,10.0,4.0,89.82,5.8,1296,2.0,3.55,31.06,898.2,0,2,False,True,False,False,False,False,True,False,False,True,False,False,False
105714,69.0,55940.17,Bronze,11.0,5.0,46.19,6.8,321,1.8333,0.88,109.88,508.09,0,0,False,True,False,False,True,False,False,False,True,False,False,False,False
102165,45.0,110491.95000000001,Silver,12.0,24.0,191.63,7.1,406,0.48,1.11,48.03,2299.56,1,1,False,True,False,False,True,False,False,False,False,False,False,True,False
101832,39.0,110491.95000000001,Bronze,9.0,8.0,12.42,9.4,1351,1.0,3.7,979.71,111.78,0,0,False,True,False,False,True,False,False,False,True,False,False,False,False
101127,59.0,45424.66,Silver,10.0,53.0,35.59,9.2,646,0.1852,1.77,127.28,355.9,0,1,True,False,False,False,False,False,True,False,False,False,False,False,True
104372,31.0,38643.77,Silver,8.0,63.0,248.59,8.3,189,0.125,0.52,19.42,1988.72,1,1,True,False,False,False,False,False,True,False,False,True,False,False,False
105638,52.0,53178.86,Silver,8.0,36.4,89.28,8.2,1548,0.2139,4.24,74.35,714.24,0,1,False,False,True,False,False,True,False,False,False,True,False,False,False
105923,70.0,61112.07,Platinum,6.0,19.0,158.14,5.8,2201,0.3,6.03,64.34,948.84,0,3,False,True,False,False,False,False,False,True,True,False,False,False,False
103781,43.0,51283.91,Platinum,5.0,9.0,250.56,7.1,1419,0.5,3.89,40.9,1252.8,1,3,False,False,True,False,False,False,True,False,False,False,True,False,False
100305,37.0,84612.96,Bronze,9.0,35.0,72.23,7.5,829,0.25,2.27,129.96,650.07,0,0,True,False,False,False,False,False,True,False,False,False,False,True,False
101898,43.0,77514.69,Bronze,9.0,45.0,91.66,6.3,2223,0.1957,6.09,93.85,824.94,0,0,True,False,False,False,True,False,False,False,False,False,False,True,False
101293,33.0,49664.92,Gold,14.0,18.0,77.21,9.0,296,0.7368,0.81,45.9,1080.94,0,2,False,True,False,False,False,False,False,True,True,False,False,False,False
100071,23.0,33264.52,Bronze,4.0,83.0,90.45,5.9,1771,0.0476,4.85,91.69,361.8,0,0,True,False,False,False,False,False,False,True,False,True,False,False,False
104145,55.0,56868.28,Bronze,6.0,18.0,70.49,8.0,1641,0.3158,4.5,134.14,422.94,0,0,True,False,False,True,False,False,False,False,False,False,False,True,False
101306,18.0,44467.67,Platinum,10.0,20.0,269.725,4.9,2122,0.4762,5.81,16.48,2697.25,1,3,True,False,False,False,True,False,False,False,False,False,False,False,True
102781,56.0,52621.56,Bronze,8.0,26.0,141.34,7.4,452,0.2963,1.24,46.5,1130.72,0,0,False,True,False,False,False,False,False,True,False,False,False,True,False
105252,55.0,90992.43,Bronze,5.0,8.0,94.39,5.8,335,0.5556,0.92,192.39,471.95,0,0,False,True,False,False,True,False,False,False,False,False,False,False,True
101341,28.0,31148.61,Gold,5.0,4.0,140.92,7.7,1543,1.0,4.23,44.14,704.6,0,2,False,True,False,False,False,False,False,True,False,True,False,False,False
100832,57.0,59429.47,Bronze,8.0,44.0,220.27,7.3,1879,0.1778,5.15,33.71,1762.16,1,0,False,True,False,False,False,False,False,True,True,False,False,False,False
102572,46.0,53178.86,Platinum,6.0,29.2,183.15,10.0,1895,0.1987,5.19,48.35,1098.9,0,3,True,False,False,False,False,True,False,False,False,False,True,False,False
101457,66.0,104957.08,Silver,8.0,97.0,215.5,6.9,1314,0.0816,3.6,60.84,1724.0,1,1,False,True,False,False,True,False,False,False,False,True,False,False,False
103208,42.0,90742.87,Bronze,8.0,19.0,129.69,8.6,743,0.4,2.04,87.38,1037.52,0,0,True,False,False,False,False,True,False,False,False,False,True,False,False
103247,28.0,48793.87,Gold,5.0,150.0,214.37,6.3,437,0.0331,1.2,45.48,1071.85,0,2,True,False,False,False,False,False,False,True,True,False,False,False,False
100239,25.0,33978.15,Gold,7.0,9.0,262.63,8.6,1264,0.7,3.46,18.47,1838.41,1,2,True,False,False,False,False,True,False,False,False,False,False,False,True
100093,33.0,46594.25,Bronze,11.0,19.0,17.3,6.0,907,0.55,2.48,243.57,190.3,0,0,True,False,False,False,True,False,False,False,False,False,True,False,False
105710,28.0,45928.18,Silver,8.0,67.0,65.39,7.8,1177,0.1176,3.22,87.63,523.12,0,1,False,True,False,False,False,True,False,False,False,False,False,True,False
102945,36.0,36611.87,Gold,5.0,168.0,104.31,9.6,2120,0.0296,5.81,70.06,521.55,0,2,True,False,False,False,False,True,False,False,False,False,True,False,False
102520,18.0,64984.03,Gold,7.0,110.0,181.9,7.5,1058,0.0631,2.9,51.0,1273.3,1,2,True,False,False,False,False,False,False,True,False,False,True,False,False
102772,45.0,83432.71,Gold,3.0,56.8,125.74,6.1,2408,0.0519,6.6,220.59,377.22,0,2,False,True,False,True,False,False,False,False,False,False,True,False,False
102604,40.0,52747.35,Gold,4.0,43.0,88.53,7.0,1788,0.0909,4.9,148.53,354.12,0,2,False,True,False,False,False,False,True,False,False,False,True,False,False
105307,40.0,45872.79,Silver,6.0,61.6,207.58,6.1,1758,0.0958,4.82,36.8,1245.48,1,1,False,True,False,False,True,False,False,False,False,True,False,False,False
101002,29.0,36287.42,Silver,6.0,33.6,97.84,6.0,2245,0.1734,6.15,61.71,587.04,0,1,False,True,False,False,True,False,False,False,False,False,False,False,True
102043,61.0,76146.85,Bronze,7.0,22.0,99.45,8.5,572,0.3043,1.57,109.23,696.15,0,0,False,True,False,False,False,False,True,False,False,False,False,True,False
105179,18.0,53178.86,Gold,9.0,62.0,199.86,6.0,1355,0.1429,3.71,29.55,1798.74,1,2,True,False,False,False,False,False,False,True,True,False,False,False,False
103429,61.0,32144.76,Silver,5.0,25.0,110.92,6.7,396,0.1923,1.08,57.86,554.6,0,1,False,True,False,True,False,False,False,False,False,True,False,False,False
102616,30.0,46732.78,Silver,8.0,19.0,66.87,6.9,1420,0.4,3.89,87.19,534.96,0,1,True,False,False,False,False,True,False,False,False,False,True,False,False
100958,65.0,71651.06,Bronze,8.0,45.0,101.28,7.3,186,0.1739,0.51,88.32,810.24,0,0,True,False,False,False,False,True,False,False,False,False,False,False,True
103802,29.0,53178.86,Gold,12.0,14.0,262.36,8.9,925,0.8,2.53,16.89,3148.32,1,2,False,True,False,False,False,False,True,False,False,True,False,False,False
105313,70.0,40736.47,Bronze,6.0,57.0,104.31,6.5,1250,0.1034,3.42,64.98,625.86,0,0,False,True,False,False,True,False,False,False,False,False,False,True,False
104762,70.0,57067.83,Silver,7.0,50.0,32.97,6.7,207,0.1373,0.57,246.2,230.79,0,1,False,True,False,True,False,False,False,False,False,False,True,False,False
101533,50.0,27607.27,Bronze,4.0,16.2,216.12,8.1,511,0.2326,1.4,31.9,864.48,0,0,False,True,False,False,False,True,False,False,False,False,False,False,True
102303,18.0,69904.38,Silver,7.0,30.4,23.19,5.8,1212,0.2229,3.32,427.99,162.33,0,1,True,False,False,False,False,False,True,False,False,False,False,False,True
100412,18.0,55983.72,Gold,3.0,52.6,181.96,6.1,2442,0.056,6.69,102.37,545.88,0,2,True,False,False,False,False,False,True,False,False,False,True,False,False
101406,46.0,47911.28,Bronze,10.0,26.0,12.01,8.2,2216,0.3704,6.07,395.63,120.1,0,0,True,False,False,False,False,True,False,False,True,False,False,False,False
103348,40.0,54349.6,Silver,6.0,82.0,158.15,8.9,294,0.0723,0.81,57.22,948.9,0,1,False,True,False,False,False,False,True,False,False,True,False,False,False
105759,42.0,49998.72,Bronze,5.0,67.0,24.15,8.5,2373,0.0735,6.5,410.67,120.75,0,0,False,True,False,False,False,True,False,False,False,False,False,False,True
102882,49.0,52461.49,Silver,4.0,39.4,110.78,8.1,392,0.099,1.07,118.12,443.12,0,1,True,False,False,True,False,False,False,False,False,False,True,False,False
103051,50.0,30229.43,Bronze,5.0,39.0,176.32,8.5,832,0.125,2.28,34.25,881.6,0,0,False,True,False,False,True,False,False,False,False,False,True,False,False
102088,32.0,53178.86,Silver,9.0,58.6,96.84,7.9,1046,0.151,2.87,60.95,871.56,0,1,False,True,False,False,False,True,False,False,False,True,False,False,False
101035,32.0,44054.08,Gold,12.0,53.0,231.24,7.1,885,0.2222,2.42,15.87,2774.88,1,2,False,True,False,False,False,False,False,True,False,True,False,False,False
105221,49.0,46826.48,Bronze,8.0,50.6,109.95,7.3,2169,0.155,5.94,53.18,879.6,0,0,False,True,False,False,False,True,False,False,False,False,False,False,True
100932,43.0,78109.43,Bronze,13.0,8.0,104.31,7.1,570,1.4444,1.56,57.56,1356.03,1,0,False,True,False,False,False,False,False,True,False,False,False,True,False
105472,32.0,110491.95000000001,Bronze,8.0,52.4,80.65,6.8,2318,0.1498,6.35,170.99,645.2,0,0,False,True,False,False,False,True,False,False,False,False,True,False,False
103329,30.0,23434.75,Gold,7.0,37.0,78.0,7.9,101,0.1842,0.28,42.84,546.0,0,2,True,False,False,True,False,False,False,False,False,False,True,False,False
100634,18.0,29696.14,Gold,9.0,70.4,269.725,7.7,558,0.1261,1.53,12.23,2427.52,1,2,False,True,False,False,False,False,True,False,False,True,False,False,False
101742,56.0,69951.47,Bronze,12.0,13.0,74.63,8.9,223,0.8571,0.61,78.02,895.56,0,0,True,False,False,False,True,False,False,False,False,False,True,False,False
100499,18.0,66373.5,Bronze,10.0,53.0,104.31,6.8,1249,0.1852,3.42,63.57,1043.1,0,0,True,False,False,False,True,False,False,False,False,False,True,False,False
100938,37.0,42340.8,Gold,10.0,63.4,95.85,6.6,319,0.1553,0.87,44.13,958.5,0,2,False,True,False,False,True,False,False,False,False,True,False,False,False
100416,40.0,34324.96,Silver,8.0,20.0,200.41,8.6,160,0.381,0.44,21.4,1603.28,1,1,True,False,False,False,True,False,False,False,False,False,False,False,True
102329,40.0,38225.25,Bronze,7.0,81.0,62.44,6.0,1890,0.0854,5.18,87.26,437.08,0,0,False,True,False,True,False,False,False,False,False,False,True,False,False
103280,33.0,50138.82,Platinum,9.0,22.0,107.52,6.8,1113,0.3913,3.05,51.76,967.68,0,3,False,True,False,False,False,False,True,False,False,True,False,False,False
103587,26.0,87757.6,Bronze,16.0,43.4,104.31,5.3,673,0.3604,1.84,52.55,1668.96,1,0,False,True,False,False,False,False,True,False,False,True,False,False,False
104368,36.0,51255.81,Gold,10.0,47.0,104.31,7.9,315,0.2083,0.86,49.09,1043.1,0,2,False,True,False,False,False,False,False,True,True,False,False,False,False
104913,42.0,110491.95000000001,Bronze,8.0,123.0,30.56,5.7,1348,0.0645,3.69,450.11,244.48,0,0,False,True,False,False,True,False,False,False,False,False,False,False,True
100758,48.0,53178.86,Gold,4.0,40.6,60.89,4.0,2287,0.0962,6.27,217.45,243.56,0,2,True,False,False,False,False,True,False,False,True,False,False,False,False
101617,70.0,98424.85,Bronze,6.0,14.0,104.31,6.6,830,0.4,2.27,157.01,625.86,0,0,True,False,False,False,False,False,True,False,True,False,False,False,False
101042,50.0,90907.76,Gold,1.0,83.0,103.6,9.2,2003,0.0119,5.49,869.1,103.6,0,2,True,False,False,True,False,False,False,False,False,False,True,False,False
103632,52.0,110491.95000000001,Silver,13.0,40.0,112.44,6.0,1132,0.3171,3.1,75.54,1461.72,1,1,True,False,False,False,False,True,False,False,False,False,False,True,False
104654,33.0,48163.76,Gold,7.0,53.0,189.23,8.8,879,0.1296,2.41,36.33,1324.61,1,2,False,True,False,False,False,False,True,False,True,False,False,False,False
102463,36.0,29599.21,Silver,9.0,32.0,69.89,8.1,157,0.2727,0.43,46.98,629.01,0,1,True,False,False,False,True,False,False,False,False,True,False,False,False
100597,32.0,48731.41,Bronze,7.0,63.0,127.02,5.7,775,0.1094,2.12,54.75,889.14,0,0,False,True,False,True,False,False,False,False,False,False,False,False,True
104044,21.0,110491.95000000001,Silver,8.0,100.8,91.83,8.8,463,0.0786,1.27,150.2,734.64,0,1,True,False,False,False,False,False,True,False,False,False,False,True,False
102764,49.0,110491.95000000001,Gold,8.0,28.6,156.32,7.7,258,0.2703,0.71,88.28,1250.56,1,2,True,False,False,False,True,False,False,False,False,False,False,False,True
102196,18.0,40782.37,Bronze,5.0,41.0,147.14,9.2,438,0.119,1.2,55.36,735.7,0,0,True,False,False,False,False,False,False,True,False,False,True,False,False
103040,37.0,53178.86,Bronze,10.0,34.0,197.0,8.4,1168,0.2857,3.2,26.98,1970.0,1,0,True,False,False,False,False,False,True,False,False,False,True,False,False
105605,37.0,40978.72,Silver,6.0,22.6,96.66,7.2,1169,0.2542,3.2,70.54,579.96,0,1,True,False,False,False,False,False,True,False,False,True,False,False,False
103228,37.0,37504.26,Bronze,8.0,32.0,44.96,5.9,963,0.2424,2.64,103.98,359.68,0,0,False,True,False,False,False,False,False,True,False,False,True,False,False
100653,58.0,37172.88,Silver,10.0,11.0,56.32,8.4,2110,0.8333,5.78,65.89,563.2,0,1,False,True,False,False,False,True,False,False,False,False,True,False,False
104625,60.0,53178.86,Bronze,5.0,60.0,139.07,3.0,890,0.082,2.44,76.37,695.35,0,0,False,False,True,True,False,False,False,False,False,True,False,False,False
105332,43.0,26296.15,Bronze,8.0,50.0,64.91,6.5,1594,0.1569,4.37,50.54,519.28,0,0,False,True,False,False,False,True,False,False,False,False,False,True,False
105168,25.0,60826.09,Silver,9.0,88.8,39.39,9.7,716,0.1002,1.96,171.1,354.51,0,1,True,False,False,False,False,False,True,False,False,False,False,False,True
102717,39.0,41633.23,Silver,4.0,27.0,105.47,10.0,1534,0.1429,4.2,98.45,421.88,0,1,True,False,False,False,False,False,False,True,True,False,False,False,False
104854,18.0,53178.86,Bronze,11.0,42.8,53.78,8.3,1153,0.2511,3.16,89.74,591.58,0,0,True,False,False,False,True,False,False,False,False,False,True,False,False
105902,34.0,56712.11,Bronze,6.0,15.0,39.97,5.7,1308,0.375,3.58,235.5,239.82,0,0,True,False,False,False,False,False,False,True,False,False,False,False,True
102700,28.0,53178.86,Bronze,11.0,27.0,124.72,8.1,2237,0.3929,6.13,38.73,1371.92,1,0,False,True,False,False,False,False,True,False,False,False,True,False,False
104546,38.0,34541.2,Silver,10.0,54.0,97.78,4.8,1431,0.1818,3.92,35.29,977.8,0,1,False,True,False,False,False,False,True,False,False,False,False,True,False
100076,46.0,16869.75,Silver,6.0,9.0,89.67,7.5,1912,0.6,5.24,31.3,538.02,0,1,False,True,False,False,False,True,False,False,False,True,False,False,False
103667,38.0,38232.67,Bronze,7.0,25.0,191.35,7.9,103,0.2692,0.28,28.52,1339.45,1,0,False,True,False,False,True,False,False,False,False,False,False,True,False
105925,23.0,50272.1,Bronze,7.0,33.2,103.34,8.1,1332,0.2047,3.65,69.4,723.38,0,0,False,True,False,False,False,False,False,True,False,True,False,False,False
102930,34.0,39711.03,Platinum,9.0,38.0,168.98,8.0,30,0.2308,0.08,26.09,1520.82,1,3,False,True,False,False,False,True,False,False,False,True,False,False,False
105529,35.0,43524.38,Bronze,11.0,95.0,235.1,7.8,1992,0.1146,5.46,16.82,2586.1,1,0,True,False,False,False,False,True,False,False,False,False,False,False,True
105956,40.0,53178.86,Silver,4.0,57.0,201.33,7.8,1094,0.069,3.0,65.95,805.32,0,1,True,False,False,False,False,False,True,False,False,False,False,False,True
103804,42.0,23266.54,Bronze,5.0,4.0,81.07,7.7,1276,1.0,3.5,57.26,405.35,0,0,False,True,False,False,True,False,False,False,False,False,False,True,False
105026,18.0,44112.72,Silver,5.0,90.0,259.91,6.4,2220,0.0549,6.08,33.92,1299.55,1,1,False,True,False,False,True,False,False,False,False,False,False,True,False
105283,26.0,51120.46,Gold,5.0,66.0,110.69,8.2,635,0.0746,1.74,92.2,553.45,0,2,False,True,False,False,False,False,False,True,False,True,False,False,False
102485,37.0,56283.26,Gold,8.0,8.0,165.55,8.7,1523,0.8889,4.17,42.47,1324.4,1,2,True,False,False,False,False,False,False,True,False,True,False,False,False
104792,18.0,25023.91,Platinum,11.0,54.8,242.09,7.7,1134,0.1971,3.11,9.39,2662.99,1,3,True,False,False,False,True,False,False,False,False,True,False,False,False
101011,23.0,28153.03,Gold,7.0,47.0,206.73,8.1,1409,0.1458,3.86,19.44,1447.11,1,2,False,True,False,False,True,False,False,False,False,False,True,False,False
101030,51.0,68048.28,Silver,11.0,94.0,60.6,8.3,1556,0.1158,4.26,101.93,666.6,0,1,False,True,False,False,False,False,False,True,False,False,True,False,False
100829,53.0,45266.34,Bronze,4.0,19.0,52.33,4.7,1551,0.2,4.25,215.23,209.32,0,0,True,False,False,False,False,False,True,False,False,False,True,False,False
102707,43.0,49157.85,Bronze,6.0,54.0,144.65,8.8,1368,0.1091,3.75,56.57,867.9,0,0,False,True,False,False,True,False,False,False,False,False,True,False,False
101877,47.0,45021.69,Silver,12.0,1.0,200.28,7.2,897,6.0,2.46,18.73,2403.36,1,1,True,False,False,False,False,False,False,True,True,False,False,False,False
100097,22.0,53178.86,Bronze,11.0,28.0,124.17,8.3,1952,0.3793,5.35,38.91,1365.87,1,0,False,True,False,False,False,False,False,True,False,False,False,True,False
103379,26.0,110491.95000000001,Silver,10.0,36.0,131.83,5.4,2131,0.2703,5.84,83.75,1318.3,1,1,True,False,False,True,False,False,False,False,False,False,False,True,False
104598,42.0,50564.92,Silver,8.0,60.6,93.4,6.9,1008,0.1299,2.76,67.58,747.2,0,1,True,False,False,False,False,False,False,True,False,False,False,False,True
104596,48.0,53178.86,Gold,9.0,44.8,113.86,8.3,2309,0.1965,6.33,51.84,1024.74,0,2,True,False,False,False,False,False,True,False,False,False,False,False,True
104842,26.0,48748.12,Bronze,6.0,16.0,137.45,7.7,429,0.3529,1.18,59.04,824.7,0,0,True,False,False,False,True,False,False,False,False,True,False,False,False
101201,22.0,79303.01,Silver,12.0,71.0,104.31,6.3,1844,0.1667,5.05,63.3,1251.72,1,1,True,False,False,False,False,False,True,False,False,True,False,False,False
100622,38.0,33184.36,Gold,12.0,1.0,108.85,6.9,2426,6.0,6.65,25.39,1306.2,1,2,False,True,False,True,False,False,False,False,False,False,False,True,False
105454,26.0,34581.98,Silver,12.0,40.2,29.35,6.3,903,0.2913,2.47,97.91,352.2,0,1,True,False,False,False,False,False,False,True,False,False,False,True,False
100567,36.0,91723.13,Bronze,5.0,14.0,153.65,8.6,1299,0.3333,3.56,119.24,768.25,0,0,True,False,False,False,False,False,False,True,False,False,False,False,True
100544,36.0,87057.03,Silver,11.0,20.0,128.3,8.4,1622,0.5238,4.44,61.64,1411.3,1,1,False,False,True,False,False,True,False,False,False,True,False,False,False
101335,43.0,53178.86,Silver,5.0,8.0,83.03,5.4,2497,0.5556,6.84,127.79,415.15,0,1,True,False,False,False,True,False,False,False,False,False,True,False,False
104300,36.0,48607.55,Bronze,11.0,119.0,46.94,5.8,1461,0.0917,4.0,93.96,516.34,0,0,False,True,False,False,False,False,True,False,False,False,True,False,False
100052,46.0,45231.58,Silver,7.0,20.0,31.44,7.8,1352,0.3333,3.7,204.59,220.08,0,1,True,False,False,True,False,False,False,False,False,False,True,False,False
105047,49.0,54065.71,Bronze,8.0,35.2,104.31,6.6,1418,0.221,3.88,64.71,834.48,0,0,False,True,False,False,False,False,True,False,False,True,False,False,False
102068,38.0,33243.84,Platinum,11.0,74.0,170.19,6.2,1739,0.1467,4.76,17.75,1872.09,1,3,False,True,False,False,True,False,False,False,False,False,False,False,True
103873,32.0,73563.4,Silver,11.0,4.0,151.35,8.7,731,2.2,2.0,44.16,1664.85,1,1,True,False,False,False,False,False,False,True,False,True,False,False,False
101559,48.0,43693.05,Platinum,13.0,207.0,166.37,7.5,811,0.0625,2.22,20.19,2162.81,1,3,True,False,False,False,True,False,False,False,False,True,False,False,False
100746,49.0,62846.86,Gold,8.0,14.0,203.38,8.8,2321,0.5333,6.36,38.6,1627.04,1,2,False,True,False,False,False,False,False,True,False,False,False,False,True
104526,24.0,73243.87,Bronze,8.0,152.0,104.31,9.3,1551,0.0523,4.25,87.67,834.48,0,0,False,True,False,False,True,False,False,False,False,False,False,False,True
104672,33.0,43857.24,Gold,6.0,122.0,116.27,7.4,2378,0.0488,6.52,62.78,697.62,0,2,True,False,False,True,False,False,False,False,False,False,True,False,False
101468,22.0,79052.66,Bronze,5.0,14.0,269.725,9.1,608,0.3333,1.67,58.57,1348.62,1,0,True,False,False,False,False,False,False,True,True,False,False,False,False
104463,51.0,86521.38,Silver,7.0,69.6,92.1,6.2,343,0.0992,0.94,134.0,644.7,0,1,True,False,False,True,False,False,False,False,False,True,False,False,False
100196,27.0,50893.46,Silver,7.0,22.0,62.96,7.7,2284,0.3043,6.26,115.22,440.72,0,1,True,False,False,False,False,False,True,False,False,True,False,False,False
103401,43.0,53178.86,Bronze,5.0,73.4,160.52,7.4,1484,0.0672,4.07,66.18,802.6,0,0,False,True,False,False,True,False,False,False,False,False,True,False,False
104268,42.0,66090.69,Bronze,6.0,19.6,37.93,8.6,995,0.2913,2.73,289.14,227.58,0,0,False,True,False,False,False,True,False,False,False,False,True,False,False
103780,18.0,53178.86,Gold,7.0,42.0,137.25,7.5,1163,0.1628,3.19,55.29,960.75,0,2,False,True,False,False,True,False,False,False,False,True,False,False,False
100803,42.0,51255.02,Gold,5.0,1.0,128.65,4.7,1881,2.5,5.15,79.56,643.25,0,2,False,True,False,False,False,False,True,False,False,False,True,False,False
101619,42.0,48302.71,Bronze,12.0,17.0,8.18,6.3,1432,0.6667,3.92,487.12,98.16,0,0,False,True,False,False,False,False,False,True,False,False,True,False,False
105187,45.0,69440.99,Gold,6.0,31.0,183.57,8.7,542,0.1875,1.48,62.99,1101.42,0,2,True,False,False,False,False,False,False,True,False,True,False,False,False
104438,48.0,40766.09,Silver,6.0,55.0,93.72,7.2,1566,0.1071,4.29,72.37,562.32,0,1,True,False,False,False,True,False,False,False,True,False,False,False,False
100621,33.0,50862.05,Bronze,13.0,12.0,6.56,6.6,705,1.0,1.93,589.5,85.28,0,0,True,False,False,False,False,False,True,False,True,False,False,False,False
105340,52.0,61407.01,Gold,4.0,15.8,118.06,8.0,1005,0.2381,2.75,129.76,472.24,0,2,True,False,False,False,False,False,False,True,False,False,True,False,False
104149,37.0,58805.19,Silver,9.0,57.0,23.06,6.6,1663,0.1552,4.56,281.99,207.54,0,1,True,False,False,True,False,False,False,False,False,False,True,False,False
103627,39.0,53178.86,Gold,11.0,6.0,197.32,7.3,139,1.5714,0.38,24.49,2170.52,1,2,True,False,False,False,False,False,True,False,False,False,False,False,True
104113,30.0,50632.92,Gold,10.0,43.6,75.77,5.5,2313,0.2242,6.34,66.74,757.7,0,2,False,True,False,False,False,False,True,False,False,False,False,True,False
103407,47.0,48871.85,Silver,8.0,153.0,135.61,8.9,2431,0.0519,6.66,45.01,1084.88,0,1,True,False,False,False,False,False,False,True,False,False,False,False,True
103385,37.0,81131.44,Platinum,7.0,17.0,199.34,7.8,1805,0.3889,4.95,58.1,1395.38,1,3,False,True,False,False,False,False,True,False,True,False,False,False,False
100645,34.0,53178.86,Bronze,11.0,17.0,78.37,7.6,1744,0.6111,4.78,61.62,862.07,0,0,True,False,False,True,False,False,False,False,False,True,False,False,False
102790,33.0,46287.33,Bronze,8.0,84.0,94.77,7.1,1629,0.0941,4.46,60.97,758.16,0,0,True,False,False,False,True,False,False,False,False,True,False,False,False
105437,31.0,68079.11,Bronze,3.0,88.0,269.725,9.7,1734,0.0337,4.75,84.03,809.18,0,0,False,False,True,False,True,False,False,False,False,False,True,False,False
101790,50.0,46182.51,Bronze,9.0,33.0,104.31,7.2,719,0.2647,1.97,49.14,938.79,0,0,False,True,False,False,False,False,True,False,False,False,True,False,False
101062,55.0,39742.82,Silver,6.0,26.0,118.62,6.6,1356,0.2222,3.72,55.76,711.72,0,1,False,True,False,False,False,False,True,False,False,True,False,False,False
104158,54.0,61537.04,Bronze,5.0,109.0,172.15,6.9,1853,0.0455,5.08,71.41,860.75,0,0,True,False,False,False,False,True,False,False,False,False,False,True,False
104600,61.0,53178.86,Bronze,8.0,11.0,21.32,5.6,2399,0.6667,6.57,309.97,170.56,0,0,True,False,False,False,False,False,True,False,False,False,False,True,False
102917,57.0,70022.9,Gold,7.0,10.0,102.43,7.3,1311,0.6364,3.59,97.52,717.01,0,2,False,True,False,False,False,False,True,False,False,False,False,True,False
103881,32.0,110491.95000000001,Silver,8.0,70.0,171.85,7.9,1116,0.1127,3.06,80.31,1374.8,1,1,False,True,False,False,False,False,True,False,False,False,False,True,False
104130,26.0,100835.32,Gold,7.0,33.0,195.44,7.1,2055,0.2059,5.63,73.65,1368.08,1,2,False,True,False,False,True,False,False,False,False,True,False,False,False
103195,37.0,23422.67,Gold,3.0,87.2,196.12,8.5,2075,0.034,5.68,39.74,588.36,0,2,True,False,False,False,False,False,False,True,False,True,False,False,False
101231,31.0,46522.67,Silver,12.0,3.0,157.18,8.4,703,3.0,1.93,24.65,1886.16,1,1,False,True,False,False,True,False,False,False,False,True,False,False,False
105538,18.0,53178.86,Bronze,4.0,31.0,82.77,8.2,1586,0.125,4.35,160.14,331.08,0,0,True,False,False,True,False,False,False,False,True,False,False,False,False
105575,51.0,47679.81,Silver,10.0,46.0,157.25,7.0,1864,0.2128,5.11,30.3,1572.5,1,1,False,True,False,False,False,True,False,False,False,False,True,False,False
105953,18.0,65266.12,Silver,8.0,41.0,93.16,6.6,2093,0.1905,5.73,87.46,745.28,0,1,True,False,False,False,True,False,False,False,False,True,False,False,False
103307,44.0,53178.86,Bronze,8.0,2.0,104.31,5.4,1213,2.6667,3.32,63.65,834.48,0,0,True,False,False,False,False,True,False,False,False,False,False,False,True
100135,20.0,75449.98,Bronze,6.0,19.2,111.49,7.2,1427,0.297,3.91,112.62,668.94,0,0,False,True,False,False,False,False,True,False,False,False,True,False,False
103484,54.0,57441.53,Platinum,4.0,4.0,104.31,6.2,924,0.8,2.53,137.34,417.24,0,3,True,False,False,False,False,True,False,False,False,False,True,False,False
102580,54.0,110491.95000000001,Silver,14.0,38.0,120.64,8.5,396,0.359,1.08,65.38,1688.96,1,1,True,False,False,True,False,False,False,False,False,True,False,False,False
103793,34.0,23835.31,Bronze,13.0,26.0,67.46,7.4,1408,0.4815,3.86,27.15,876.98,0,0,True,False,False,False,True,False,False,False,False,False,False,False,True
105717,38.0,40389.2,Gold,6.0,170.0,112.7,7.6,1846,0.0351,5.06,59.64,676.2,0,2,False,True,False,False,False,True,False,False,False,False,False,False,True
102219,30.0,78947.65,Bronze,10.0,145.0,104.31,8.3,824,0.0685,2.26,75.61,1043.1,0,0,True,False,False,True,False,False,False,False,False,False,False,False,True
100512,34.0,39770.56,Silver,9.0,23.0,33.45,6.0,405,0.375,1.11,131.67,301.05,0,1,False,True,False,False,False,False,True,False,False,False,False,False,True
105985,18.0,45261.17,Bronze,6.0,17.0,103.73,6.4,1639,0.3333,4.49,72.61,622.38,0,0,True,False,False,False,False,False,True,False,False,True,False,False,False
100063,40.0,58102.21,Gold,8.0,101.0,64.19,7.3,1448,0.0784,3.97,112.93,513.52,0,2,True,False,False,True,False,False,False,False,False,False,True,False,False
101554,34.0,73247.52,Silver,8.0,77.0,191.4,8.0,1011,0.1026,2.77,47.81,1531.2,1,1,False,True,False,False,False,False,True,False,False,True,False,False,False
103771,33.0,90103.57,Gold,7.0,5.0,104.31,5.3,1607,1.1667,4.4,123.23,730.17,0,2,False,True,False,False,False,False,False,True,True,False,False,False,False
105217,29.0,53178.86,Silver,5.0,6.0,126.29,4.7,50,0.7143,0.14,84.08,631.45,0,1,False,True,False,False,False,False,True,False,False,False,False,True,False
105589,36.0,53178.86,Gold,5.0,8.0,93.56,6.7,2154,0.5556,5.9,113.44,467.8,0,2,True,False,False,False,False,True,False,False,False,False,False,False,True
101719,45.0,51653.24,Bronze,6.0,12.0,52.94,6.3,1534,0.4615,4.2,162.11,317.64,0,0,True,False,False,False,True,False,False,False,False,False,False,False,True
102861,20.0,107751.94,Bronze,12.0,1.0,32.27,8.5,844,6.0,2.31,277.54,387.24,0,0,False,True,False,False,False,True,False,False,False,False,True,False,False
104371,19.0,64869.74,Bronze,6.0,39.6,104.31,5.3,2133,0.1478,5.84,103.48,625.86,0,0,False,True,False,False,False,False,False,True,False,True,False,False,False
102096,47.0,53178.86,Gold,11.0,21.0,104.31,7.3,1561,0.5,4.28,46.31,1147.41,0,2,False,False,True,False,False,False,False,True,False,False,True,False,False
100680,36.0,110491.95000000001,Silver,6.0,49.0,165.32,7.0,2269,0.12,6.22,111.28,991.92,0,1,True,False,False,False,False,False,False,True,True,False,False,False,False
103687,23.0,62650.68,Silver,11.0,26.6,116.81,5.3,1915,0.3986,5.25,48.72,1284.91,1,1,True,False,False,False,False,False,False,True,False,False,False,False,True
101212,32.0,32607.75,Gold,11.0,8.0,88.91,7.7,1099,1.2222,3.01,33.31,978.01,0,2,True,False,False,False,True,False,False,False,False,False,False,False,True
100123,41.0,82863.09,Bronze,7.0,112.8,206.53,7.9,2240,0.0615,6.14,57.28,1445.71,1,0,False,True,False,True,False,False,False,False,False,False,True,False,False
102642,37.0,110491.95000000001,Gold,8.0,45.0,125.28,8.9,512,0.1739,1.4,110.14,1002.24,0,2,True,False,False,False,True,False,False,False,False,True,False,False,False
103086,47.0,63251.09,Silver,9.0,17.0,87.52,7.8,543,0.5,1.49,80.2,787.68,0,1,False,False,True,False,False,False,True,False,False,False,False,True,False
104078,32.0,107723.57,Bronze,12.0,42.0,209.07,9.8,479,0.2791,1.31,42.92,2508.84,1,0,True,False,False,False,False,False,True,False,False,False,False,False,True
104918,37.0,93839.01,Bronze,6.0,41.4,94.59,6.0,2458,0.1415,6.73,165.05,567.54,0,0,False,True,False,True,False,False,False,False,True,False,False,False,False
103177,48.0,53178.86,Gold,5.0,28.2,244.08,7.8,289,0.1712,0.79,43.54,1220.4,0,2,True,False,False,False,False,False,True,False,False,False,False,True,False
100568,30.0,53178.86,Gold,8.0,60.0,104.31,8.7,2288,0.1311,6.27,63.65,834.48,0,2,False,True,False,False,True,False,False,False,False,True,False,False,False
103430,48.0,30206.98,Bronze,9.0,40.0,86.29,6.1,2117,0.2195,5.8,38.85,776.61,0,0,False,True,False,False,False,True,False,False,False,False,True,False,False
100549,46.0,15132.35,Bronze,8.0,4.0,17.21,6.8,1858,1.6,5.09,109.12,137.68,0,0,True,False,False,False,False,False,True,False,False,False,True,False,False
100865,30.0,47566.12,Bronze,8.0,42.0,93.29,8.1,1485,0.186,4.07,63.65,746.32,0,0,False,True,False,False,False,False,True,False,False,False,False,True,False
104540,46.0,39827.17,Silver,9.0,49.0,38.19,7.4,1786,0.18,4.89,115.54,343.71,0,1,False,True,False,False,True,False,False,False,False,False,False,False,True
101393,31.0,53178.86,Platinum,12.0,1.0,177.18,7.1,996,6.0,2.73,25.0,2126.16,1,3,False,True,False,False,True,False,False,False,True,False,False,False,False
105726,40.0,17058.21,Silver,10.0,45.4,63.8,7.6,461,0.2155,1.26,26.7,638.0,0,1,True,False,False,False,False,False,True,False,False,True,False,False,False
102403,41.0,45400.03,Gold,11.0,46.8,85.98,8.2,1192,0.2301,3.27,47.95,945.78,0,2,False,True,False,False,False,True,False,False,False,False,False,True,False
102058,18.0,95661.15,Gold,12.0,37.6,127.57,5.8,1076,0.3109,2.95,62.45,1530.84,1,2,False,True,False,True,False,False,False,False,False,False,False,False,True
104771,40.0,72327.36,Bronze,9.0,130.0,51.51,8.1,1318,0.0687,3.61,155.68,463.59,0,0,True,False,False,False,False,True,False,False,False,True,False,False,False
100721,37.0,107174.25,Gold,5.0,44.0,55.91,7.9,2065,0.1111,5.66,382.01,279.55,0,2,False,True,False,False,False,True,False,False,False,False,False,False,True
103838,36.0,45621.23,Silver,11.0,14.0,126.09,6.9,694,0.7333,1.9,32.87,1386.99,1,1,True,False,False,False,False,True,False,False,False,False,False,False,True
102883,47.0,53178.86,Platinum,15.0,33.0,102.17,7.0,729,0.4412,2.0,34.68,1532.55,1,3,False,True,False,True,False,False,False,False,False,False,False,False,True
100691,42.0,48449.92,Silver,10.0,40.8,106.05,10.0,1834,0.2392,5.02,45.64,1060.5,0,1,True,False,False,False,False,True,False,False,False,False,True,False,False
100603,53.0,53178.86,Gold,11.0,40.0,95.28,6.7,1461,0.2683,4.0,50.69,1048.08,0,2,False,True,False,False,True,False,False,False,False,False,True,False,False
104968,25.0,34420.01,Gold,8.0,53.0,177.97,7.0,1162,0.1481,3.18,24.16,1423.76,1,2,True,False,False,False,False,True,False,False,False,False,True,False,False
105376,49.0,20110.52,Silver,8.0,31.6,269.725,7.3,1767,0.2454,4.84,9.32,2157.8,1,1,False,True,False,False,True,False,False,False,False,False,False,False,True
105016,33.0,53178.86,Silver,6.0,27.0,147.53,7.7,2246,0.2143,6.15,60.01,885.18,0,1,True,False,False,False,True,False,False,False,False,False,False,True,False
105578,32.0,45032.7,Bronze,4.0,7.0,149.0,7.9,1569,0.5,4.3,75.43,596.0,0,0,False,True,False,False,False,False,True,False,False,False,False,False,True
100504,20.0,76204.08,Silver,9.0,0.0,73.71,6.9,1591,9.0,4.36,114.7,663.39,0,1,True,False,False,False,False,True,False,False,False,True,False,False,False
104503,22.0,40607.39,Gold,10.0,44.0,132.55,9.7,1532,0.2222,4.2,30.61,1325.5,1,2,False,True,False,False,False,True,False,False,False,False,False,True,False
100319,50.0,35810.95,Silver,9.0,8.0,33.16,9.9,912,1.0,2.5,119.59,298.44,0,1,True,False,False,False,False,False,False,True,True,False,False,False,False
105879,53.0,46877.72,Bronze,13.0,72.0,104.31,6.3,2171,0.1781,5.95,34.54,1356.03,1,0,True,False,False,False,False,True,False,False,False,True,False,False,False
105514,31.0,58977.09,Gold,8.0,24.0,107.81,7.2,1582,0.32,4.33,68.3,862.48,0,2,True,False,False,False,False,False,True,False,False,True,False,False,False
100275,57.0,51266.65,Silver,4.0,226.0,230.65,7.7,1949,0.0176,5.34,55.51,922.6,0,1,False,True,False,True,False,False,False,False,False,False,True,False,False
105156,27.0,57479.18,Platinum,8.0,35.4,98.38,7.2,1199,0.2198,3.28,72.94,787.04,0,3,False,True,False,False,False,False,True,False,False,False,False,True,False
103621,42.0,53178.86,Silver,8.0,31.0,73.64,8.5,2005,0.25,5.49,90.12,589.12,0,1,False,True,False,False,False,False,False,True,False,True,False,False,False
101362,49.0,45122.19,Silver,7.0,83.0,68.45,7.7,803,0.0833,2.2,93.98,479.15,0,1,True,False,False,True,False,False,False,False,False,False,False,True,False
104196,28.0,68698.77,Gold,9.0,35.2,90.54,7.5,513,0.2486,1.41,84.2,814.86,0,2,True,False,False,False,False,False,True,False,True,False,False,False,False
101527,52.0,44048.87,Silver,7.0,12.0,166.85,6.9,2324,0.5385,6.37,37.68,1167.95,0,1,False,True,False,True,False,False,False,False,False,False,True,False,False
102367,51.0,41941.64,Bronze,10.0,12.0,102.79,7.4,663,0.7692,1.82,40.76,1027.9,0,0,True,False,False,True,False,False,False,False,False,False,True,False,False
103376,31.0,64781.97,Bronze,5.0,83.0,101.18,7.2,941,0.0595,2.58,127.8,505.9,0,0,False,False,True,False,False,False,False,True,False,False,True,False,False
104161,22.0,36067.36,Bronze,14.0,41.0,115.87,10.0,2161,0.3333,5.92,22.22,1622.18,1,0,False,True,False,False,False,False,True,False,False,False,True,False,False
102292,52.0,109601.34,Gold,9.0,4.0,174.05,6.9,1888,1.8,5.17,69.92,1566.45,1,2,False,True,False,False,True,False,False,False,False,False,False,False,True
103289,33.0,76417.54,Silver,12.0,13.0,33.52,4.8,183,0.8571,0.5,189.51,402.24,0,1,False,True,False,False,False,False,False,True,False,True,False,False,False
103876,43.0,53178.86,Bronze,5.0,72.0,104.31,5.5,836,0.0685,2.29,101.77,521.55,0,0,True,False,False,False,False,False,False,True,False,True,False,False,False
103559,45.0,44946.71,Bronze,9.0,47.0,104.31,8.1,2473,0.1875,6.78,47.83,938.79,0,0,True,False,False,False,False,True,False,False,True,False,False,False,False
105158,44.0,53178.86,Silver,5.0,24.0,129.0,8.2,405,0.2,1.11,82.32,645.0,0,1,False,True,False,False,True,False,False,False,False,False,False,False,True
100946,34.0,92948.38,Silver,4.0,51.6,45.26,8.4,443,0.076,1.21,510.59,181.04,0,1,False,True,False,True,False,False,False,False,False,True,False,False,False
104717,48.0,68594.37,Gold,8.0,81.0,43.42,4.6,1390,0.0976,3.81,196.91,347.36,0,2,False,True,False,False,True,False,False,False,False,False,False,False,True
105782,20.0,25827.49,Bronze,7.0,61.0,104.31,3.8,204,0.1129,0.56,35.32,730.17,0,0,False,True,False,True,False,False,False,False,False,False,False,False,True
100296,40.0,53178.86,Silver,8.0,73.0,44.13,9.6,2324,0.1081,6.37,150.21,353.04,0,1,True,False,False,False,False,False,True,False,False,False,False,True,False
103167,27.0,53178.86,Bronze,9.0,66.0,93.97,7.2,2413,0.1343,6.61,62.8,845.73,0,0,True,False,False,False,False,True,False,False,False,False,True,False,False
102183,18.0,65393.73,Platinum,4.0,38.0,142.2,6.9,635,0.1026,1.74,114.77,568.8,0,3,False,True,False,True,False,False,False,False,False,False,True,False,False
100299,18.0,84213.05,Silver,13.0,179.0,127.89,6.6,698,0.0722,1.91,50.62,1662.57,1,1,False,True,False,False,False,True,False,False,False,False,False,True,False
100069,48.0,32245.8,Gold,4.0,118.0,127.98,7.7,1569,0.0336,4.3,62.87,511.92,0,2,False,True,False,False,True,False,False,False,False,True,False,False,False
104393,25.0,69578.62,Bronze,11.0,4.0,104.31,9.6,2216,2.2,6.07,60.59,1147.41,0,0,False,True,False,False,False,False,False,True,False,False,True,False,False
100737,47.0,110491.95000000001,Silver,6.0,21.4,269.725,5.8,671,0.2679,1.84,68.23,1618.35,1,1,True,False,False,False,False,False,False,True,False,True,False,False,False
103476,45.0,48019.06,Platinum,9.0,49.0,158.46,7.3,647,0.18,1.77,33.65,1426.14,1,3,True,False,False,False,False,True,False,False,False,True,False,False,False
104267,28.0,53178.86,Gold,6.0,27.0,88.76,7.5,1397,0.2143,3.83,99.67,532.56,0,2,False,True,False,False,False,False,False,True,False,False,True,False,False
102989,41.0,34594.61,Silver,6.0,3.0,176.59,7.9,863,1.5,2.36,32.62,1059.54,0,1,True,False,False,True,False,False,False,False,False,False,True,False,False
103647,55.0,53178.86,Silver,5.0,44.8,80.99,7.5,1874,0.1092,5.13,131.0,404.95,0,1,True,False,False,False,False,True,False,False,False,True,False,False,False
101504,42.0,53178.86,Bronze,12.0,42.0,263.01,7.4,1420,0.2791,3.89,16.84,3156.12,1,0,True,False,False,False,False,False,True,False,False,False,False,True,False
102073,18.0,29088.27,Gold,9.0,66.0,183.41,5.7,953,0.1343,2.61,17.61,1650.69,1,2,False,True,False,False,False,False,True,False,False,True,False,False,False
100151,36.0,40589.53,Silver,8.0,56.4,70.34,6.8,1439,0.1394,3.94,72.0,562.72,0,1,True,False,False,True,False,False,False,False,False,True,False,False,False
100757,27.0,44168.32,Bronze,6.0,24.0,80.16,7.8,539,0.24,1.48,91.64,480.96,0,0,False,True,False,False,False,True,False,False,False,True,False,False,False
105899,43.0,53178.86,Silver,8.0,8.0,78.78,5.0,1635,0.8889,4.48,84.25,630.24,0,1,False,False,True,False,False,False,True,False,False,False,False,True,False
103502,54.0,38569.01,Bronze,13.0,36.0,107.92,6.8,1158,0.3514,3.17,27.47,1402.96,1,0,False,True,False,True,False,False,False,False,False,False,False,True,False
101704,18.0,53178.86,Silver,8.0,126.0,47.25,6.7,1209,0.063,3.31,140.31,378.0,0,1,False,True,False,False,False,False,True,False,False,False,True,False,False
105467,48.0,31015.18,Platinum,8.0,26.0,104.31,6.2,2139,0.2963,5.86,37.12,834.48,0,3,True,False,False,False,False,False,False,True,False,True,False,False,False
102105,35.0,52993.55,Platinum,4.0,26.6,141.61,5.9,1210,0.1449,3.32,93.39,566.44,0,3,True,False,False,False,False,False,False,True,False,False,False,True,False
102155,41.0,53178.86,Bronze,6.0,52.0,104.31,6.0,1253,0.1132,3.43,84.83,625.86,0,0,True,False,False,False,True,False,False,False,False,False,True,False,False
100377,36.0,24383.37,Bronze,6.0,27.0,104.31,7.4,1582,0.2143,4.33,38.9,625.86,0,0,True,False,False,False,False,False,False,True,False,True,False,False,False
102026,20.0,71432.73,Silver,5.0,64.0,31.17,6.9,1771,0.0769,4.85,455.42,155.85,0,1,False,True,False,False,True,False,False,False,False,False,False,False,True
100860,46.0,67186.41,Bronze,6.0,94.0,265.34,6.9,238,0.0632,0.65,42.17,1592.04,1,0,True,False,False,True,False,False,False,False,True,False,False,False,False
102688,35.0,42069.05,Silver,5.0,21.4,104.31,6.1,1452,0.2232,3.98,80.51,521.55,0,1,False,True,False,True,False,False,False,False,False,False,False,False,True
105036,20.0,103222.74,Platinum,4.0,2.0,126.96,5.5,390,1.3333,1.07,202.86,507.84,0,3,False,True,False,False,False,True,False,False,False,False,True,False,False
105349,44.0,68991.42,Bronze,10.0,39.0,114.0,8.1,2036,0.25,5.58,60.47,1140.0,0,0,True,False,False,False,False,False,True,False,False,False,False,True,False
100379,57.0,62665.31,Silver,14.0,35.0,43.93,7.9,1146,0.3889,3.14,101.73,615.02,0,1,True,False,False,False,False,False,True,False,False,True,False,False,False
104784,42.0,53178.86,Bronze,11.0,72.0,269.725,8.9,1151,0.1507,3.15,17.92,2966.98,1,0,False,True,False,False,False,True,False,False,False,False,True,False,False
105457,18.0,40877.79,Gold,6.0,12.0,94.81,6.8,59,0.4615,0.16,71.73,568.86,0,2,True,False,False,False,True,False,False,False,False,False,True,False,False
101295,41.0,36834.66,Bronze,9.0,71.0,47.8,7.9,888,0.125,2.43,85.42,430.2,0,0,False,True,False,False,True,False,False,False,False,False,True,False,False
104972,21.0,53178.86,Bronze,5.0,32.0,253.44,8.1,1113,0.1515,3.05,41.93,1267.2,1,0,True,False,False,False,True,False,False,False,False,True,False,False,False
101433,28.0,103778.48,Silver,3.0,92.0,250.92,8.4,2180,0.0323,5.97,137.68,752.76,0,1,True,False,False,False,False,False,False,True,False,False,False,False,True
105326,58.0,53178.86,Silver,12.0,64.0,92.38,10.0,1227,0.1846,3.36,47.93,1108.56,0,1,True,False,False,False,True,False,False,False,False,False,True,False,False
105860,54.0,59415.83,Silver,10.0,29.4,106.97,6.0,1800,0.3289,4.93,55.49,1069.7,0,1,False,True,False,False,False,False,False,True,False,False,False,False,True
102943,38.0,89777.62,Gold,6.0,57.2,66.67,8.0,1690,0.1031,4.63,223.87,400.02,0,2,True,False,False,True,False,False,False,False,True,False,False,False,False
101780,56.0,53178.86,Silver,8.0,37.0,67.97,6.9,1308,0.2105,3.58,97.62,543.76,0,1,False,True,False,False,True,False,False,False,False,False,False,False,True
105136,34.0,53178.86,Silver,7.0,70.0,151.74,9.1,1543,0.0986,4.23,50.02,1062.18,0,1,False,True,False,False,False,True,False,False,False,True,False,False,False
103544,43.0,40749.44,Gold,16.0,11.0,90.91,9.1,2086,1.3333,5.72,28.0,1454.56,1,2,False,True,False,False,False,False,True,False,True,False,False,False,False
100842,38.0,37961.4,Silver,8.0,9.0,42.72,8.9,1055,0.8,2.89,110.75,341.76,0,1,True,False,False,False,False,False,False,True,False,False,True,False,False
102573,56.0,53178.86,Silver,6.0,10.0,72.04,8.0,952,0.5455,2.61,122.75,432.24,0,1,False,True,False,False,True,False,False,False,False,True,False,False,False
101190,36.0,41870.84,Platinum,3.0,52.0,147.38,7.8,1793,0.0566,4.91,94.49,442.14,0,3,False,True,False,False,False,False,False,True,False,False,False,True,False
100176,40.0,60471.37,Gold,13.0,1.0,66.27,7.2,1803,6.5,4.94,70.11,861.51,0,2,True,False,False,True,False,False,False,False,False,False,False,True,False
104776,47.0,82407.36,Silver,7.0,39.0,213.5,7.7,2140,0.175,5.86,55.1,1494.5,1,1,False,True,False,True,False,False,False,False,False,False,True,False,False
100928,43.0,48849.55,Gold,10.0,50.0,104.31,5.2,1172,0.1961,3.21,46.79,1043.1,0,2,False,True,False,False,True,False,False,False,False,True,False,False,False
103259,27.0,26230.71,Silver,5.0,3.0,108.09,8.9,48,1.25,0.13,48.45,540.45,0,1,False,True,False,False,False,False,False,True,False,False,True,False,False
100046,41.0,52739.2,Silver,7.0,59.0,56.62,7.3,2006,0.1167,5.5,132.73,396.34,0,1,True,False,False,False,True,False,False,False,False,False,False,True,False
101261,50.0,55980.01,Bronze,9.0,17.0,29.85,9.3,1894,0.5,5.19,207.6,268.65,0,0,True,False,False,False,False,False,True,False,False,False,False,False,True
101097,57.0,30061.0,Gold,6.0,18.8,269.725,9.0,1045,0.303,2.86,18.56,1618.35,1,2,False,True,False,False,False,True,False,False,False,False,True,False,False
101444,55.0,32822.8,Silver,7.0,37.2,31.26,6.6,214,0.1832,0.59,149.32,218.82,0,1,False,True,False,False,True,False,False,False,False,False,True,False,False
102108,25.0,85953.27,Silver,12.0,15.0,54.01,7.7,1362,0.75,3.73,132.42,648.12,0,1,True,False,False,False,True,False,False,False,False,True,False,False,False
105004,43.0,73289.66,Silver,11.0,22.0,67.05,6.5,1246,0.4783,3.41,99.23,737.55,0,1,False,True,False,False,False,False,True,False,False,True,False,False,False
101188,42.0,74575.06,Silver,8.0,40.2,205.42,8.6,1795,0.1942,4.92,45.35,1643.36,1,1,False,True,False,False,False,False,True,False,False,False,False,True,False
105094,38.0,26685.16,Gold,8.0,11.0,151.31,7.4,2447,0.6667,6.7,22.03,1210.48,0,2,False,True,False,False,False,True,False,False,False,False,True,False,False
103788,39.0,53178.86,Bronze,12.0,38.0,19.59,9.3,863,0.3077,2.36,225.26,235.08,0,0,False,True,False,False,True,False,False,False,True,False,False,False,False
101031,52.0,49950.98,Silver,8.0,28.0,264.79,8.0,2145,0.2759,5.88,23.57,2118.32,1,1,False,True,False,True,False,False,False,False,False,False,False,True,False
104818,36.0,33633.19,Gold,7.0,21.0,194.03,7.4,670,0.3182,1.84,24.74,1358.21,1,2,True,False,False,False,True,False,False,False,False,True,False,False,False
100301,59.0,109836.11,Silver,8.0,34.0,42.11,4.1,138,0.2286,0.38,325.07,336.88,0,1,False,True,False,False,True,False,False,False,True,False,False,False,False
102524,18.0,44413.1,Platinum,9.0,49.2,217.32,9.9,218,0.1793,0.6,22.7,1955.88,1,3,False,True,False,False,False,True,False,False,False,False,False,False,True
101473,38.0,53178.86,Bronze,7.0,25.4,59.92,6.9,1193,0.2652,3.27,126.48,419.44,0,0,False,True,False,False,True,False,False,False,False,True,False,False,False
100284,43.0,32222.79,Platinum,10.0,136.0,190.36,7.6,965,0.073,2.64,16.92,1903.6,1,3,True,False,False,True,False,False,False,False,False,True,False,False,False
104383,44.0,110491.95000000001,Silver,4.0,4.0,133.11,8.3,2059,0.8,5.64,207.13,532.44,0,1,False,True,False,False,False,False,False,True,False,True,False,False,False
102481,60.0,48930.15,Platinum,9.0,107.0,168.18,5.9,1750,0.0833,4.79,32.31,1513.62,1,3,False,True,False,False,False,False,False,True,False,False,True,False,False
104756,31.0,41753.15,Bronze,2.0,9.0,49.68,6.7,1086,0.2,2.98,416.03,99.36,0,0,False,True,False,False,False,False,True,False,False,True,False,False,False
103347,41.0,38348.61,Bronze,5.0,62.0,26.11,9.6,664,0.0794,1.82,291.51,130.55,0,0,False,True,False,False,False,False,True,False,False,False,False,False,True
103888,33.0,103331.95,Bronze,5.0,56.0,197.64,6.9,2387,0.0877,6.54,104.46,988.2,0,0,True,False,False,False,False,True,False,False,False,False,False,False,True
104314,41.0,89962.48,Bronze,10.0,53.2,104.31,8.4,729,0.1845,2.0,86.16,1043.1,0,0,False,True,False,False,False,False,False,True,False,False,True,False,False
104142,70.0,78781.53,Gold,7.0,233.0,66.26,7.7,303,0.0299,0.83,169.49,463.82,0,2,True,False,False,False,True,False,False,False,False,True,False,False,False
105062,48.0,52672.95,Silver,7.0,44.0,192.22,6.4,475,0.1556,1.3,39.12,1345.54,1,1,False,False,True,False,True,False,False,False,False,True,False,False,False
104828,35.0,36961.59,Platinum,8.0,45.0,269.45,6.8,95,0.1739,0.26,17.14,2155.6,1,3,False,True,False,False,False,False,True,False,False,True,False,False,False
102933,52.0,53178.86,Silver,12.0,26.6,49.87,8.0,1703,0.4348,4.67,88.71,598.44,0,1,True,False,False,False,True,False,False,False,True,False,False,False,False
102120,47.0,76105.14,Bronze,9.0,24.8,269.725,9.0,2069,0.3488,5.67,31.34,2427.52,1,0,False,True,False,False,False,True,False,False,False,False,False,False,True
105658,34.0,59330.62,Gold,3.0,58.0,104.31,5.9,1080,0.0508,2.96,188.99,312.93,0,2,False,True,False,False,False,True,False,False,False,False,False,True,False
104815,40.0,110491.95000000001,Gold,9.0,1.0,104.31,8.2,749,4.5,2.05,117.57,938.79,0,2,False,True,False,False,True,False,False,False,False,False,True,False,False
103808,40.0,81041.57,Silver,7.0,31.0,86.45,6.5,511,0.2188,1.4,133.7,605.15,0,1,True,False,False,False,False,False,True,False,False,False,False,True,False
105775,68.0,53178.86,Bronze,11.0,23.0,48.43,7.8,2389,0.4583,6.55,99.64,532.73,0,0,False,True,False,False,False,False,True,False,False,False,False,False,True
102331,27.0,31736.71,Bronze,3.0,16.0,47.86,4.0,341,0.1765,0.93,219.51,143.58,0,0,False,True,False,False,False,False,True,False,False,False,False,False,True
102030,32.0,53178.86,Gold,10.0,50.0,91.46,8.2,428,0.1961,1.17,58.08,914.6,0,2,False,True,False,False,False,True,False,False,False,True,False,False,False
105465,26.0,24284.61,Bronze,8.0,6.0,53.1,9.5,1683,1.1429,4.61,57.03,424.8,0,0,True,False,False,False,True,False,False,False,False,False,True,False,False
100258,33.0,54478.18,Platinum,9.0,70.6,93.42,7.1,257,0.1257,0.7,64.72,840.78,0,3,False,True,False,False,False,False,True,False,False,False,False,True,False
100508,43.0,56866.34,Silver,7.0,91.0,121.95,6.5,567,0.0761,1.55,66.54,853.65,0,1,True,False,False,True,False,False,False,False,False,False,True,False,False
101943,23.0,75775.69,Platinum,15.0,29.0,155.64,8.0,796,0.5,2.18,32.44,2334.6,1,3,True,False,False,False,False,False,True,False,False,False,False,True,False
100100,27.0,53112.19,Bronze,6.0,56.0,32.09,8.2,2128,0.1053,5.83,274.42,192.54,0,0,True,False,False,False,False,False,True,False,False,True,False,False,False
102956,26.0,25538.55,Silver,12.0,12.0,133.29,8.1,1406,0.9231,3.85,15.96,1599.48,1,1,True,False,False,False,False,False,True,False,False,False,False,True,False
100745,39.0,68616.1,Bronze,8.0,39.0,67.94,7.5,271,0.2,0.74,126.01,543.52,0,0,False,True,False,False,False,False,False,True,False,False,False,False,True
104571,37.0,87170.33,Silver,12.0,55.0,120.92,6.4,565,0.2143,1.55,60.03,1451.04,1,1,True,False,False,False,False,True,False,False,False,False,False,True,False
101376,42.0,39079.81,Gold,8.0,33.0,101.81,5.0,2044,0.2353,5.6,47.92,814.48,0,2,False,True,False,False,False,False,False,True,False,False,True,False,False
103867,43.0,22253.76,Bronze,7.0,116.8,37.18,6.0,2088,0.0594,5.72,85.18,260.26,0,0,False,True,False,True,False,False,False,False,False,False,False,True,False
103820,34.0,33426.99,Gold,8.0,6.0,107.96,5.9,697,1.1429,1.91,38.66,863.68,0,2,False,True,False,False,False,False,True,False,True,False,False,False,False
103683,40.0,54759.33,Bronze,6.0,4.0,31.25,5.8,1077,1.2,2.95,290.5,187.5,0,0,False,True,False,False,False,False,True,False,False,False,False,True,False
101955,41.0,45352.93,Gold,6.0,27.0,231.64,4.1,359,0.2143,0.98,32.61,1389.84,1,2,False,True,False,False,False,True,False,False,False,True,False,False,False
104747,47.0,33116.42,Gold,7.0,51.6,98.17,8.2,1740,0.1331,4.77,48.12,687.19,0,2,False,True,False,False,False,True,False,False,False,False,False,False,True
101158,56.0,60667.84,Silver,8.0,34.0,204.68,7.3,1374,0.2286,3.76,37.03,1637.44,1,1,True,False,False,False,False,False,True,False,False,False,True,False,False
104369,36.0,53178.86,Bronze,6.0,8.0,167.05,6.8,1003,0.6667,2.75,53.0,1002.3,0,0,True,False,False,False,False,False,True,False,False,False,True,False,False
103366,23.0,26371.27,Bronze,9.0,25.0,121.07,3.6,237,0.3462,0.65,24.18,1089.63,0,0,False,False,True,True,False,False,False,False,False,False,False,True,False
104906,53.0,37383.71,Bronze,7.0,59.4,104.31,8.2,768,0.1159,2.1,51.13,730.17,0,0,True,False,False,False,True,False,False,False,False,True,False,False,False
101438,18.0,56961.07,Silver,4.0,9.0,77.55,6.1,371,0.4,1.02,183.04,310.2,0,1,True,False,False,False,False,False,True,False,False,True,False,False,False
100367,29.0,110491.95000000001,Bronze,6.0,90.0,117.56,9.3,273,0.0659,0.75,156.42,705.36,0,0,False,True,False,False,False,True,False,False,False,False,False,False,True
104814,38.0,110491.95000000001,Platinum,4.0,316.0,163.26,6.1,1043,0.0126,2.86,168.94,653.04,0,3,False,True,False,False,False,True,False,False,False,False,False,False,True
102942,53.0,52443.95,Silver,7.0,31.6,269.725,8.3,431,0.2147,1.18,27.76,1888.08,1,1,False,True,False,False,False,False,False,True,False,True,False,False,False
100403,48.0,54766.55,Bronze,9.0,24.6,201.56,5.0,1902,0.3516,5.21,30.17,1814.04,1,0,False,True,False,False,False,False,True,False,True,False,False,False,False
104645,37.0,61646.64,Silver,8.0,47.0,50.99,4.8,1902,0.1667,5.21,150.75,407.92,0,1,True,False,False,False,True,False,False,False,False,True,False,False,False
105655,31.0,38513.94,Silver,9.0,31.2,94.48,6.0,2401,0.2795,6.58,45.24,850.32,0,1,True,False,False,False,False,False,True,False,False,False,False,False,True
100950,18.0,76500.18,Gold,5.0,4.0,81.53,8.8,52,1.0,0.14,187.2,407.65,0,2,False,True,False,False,False,True,False,False,False,False,False,True,False
100020,37.0,50294.97,Platinum,6.0,58.0,225.67,7.6,2200,0.1017,6.03,37.12,1354.02,1,3,True,False,False,False,True,False,False,False,False,False,False,True,False
100230,35.0,51184.57,Gold,5.0,14.0,77.43,7.8,680,0.3333,1.86,131.87,387.15,0,2,False,True,False,False,False,False,True,False,True,False,False,False,False
104188,34.0,31560.17,Bronze,9.0,8.0,104.31,6.7,1564,1.0,4.28,33.58,938.79,0,0,True,False,False,False,False,False,True,False,False,True,False,False,False
100669,32.0,51500.33,Bronze,2.0,52.0,269.725,6.1,445,0.0377,1.22,95.29,539.45,0,0,False,True,False,False,False,False,False,True,False,False,False,False,True
100219,36.0,81375.48,Bronze,7.0,0.0,155.86,6.9,2246,7.0,6.15,74.52,1091.02,0,0,True,False,False,False,False,True,False,False,False,False,False,False,True
105008,43.0,44127.64,Bronze,9.0,12.0,64.4,8.8,824,0.6923,2.26,76.0,579.6,0,0,False,True,False,False,False,True,False,False,False,False,False,False,True
104025,27.0,95021.13,Bronze,6.0,5.0,104.31,6.1,87,1.0,0.24,151.58,625.86,0,0,True,False,False,False,True,False,False,False,False,False,False,False,True
103572,47.0,22357.08,Silver,7.0,100.0,58.02,8.8,1689,0.0693,4.63,54.91,406.14,0,1,False,True,False,False,False,False,True,False,False,True,False,False,False
102514,48.0,41048.65,Bronze,10.0,4.0,269.725,6.6,1101,2.0,3.02,15.21,2697.25,1,0,True,False,False,False,True,False,False,False,False,True,False,False,False
104391,40.0,81619.08,Bronze,9.0,48.0,85.51,7.1,2271,0.1837,6.22,105.92,769.59,0,0,True,False,False,True,False,False,False,False,False,False,False,False,True
100586,62.0,45954.61,Silver,9.0,68.0,174.86,6.7,2082,0.1304,5.7,29.18,1573.74,1,1,True,False,False,False,False,False,True,False,False,True,False,False,False
101913,45.0,50364.02,Silver,4.0,81.0,269.725,8.8,1553,0.0488,4.25,46.64,1078.9,0,1,False,True,False,False,False,False,True,False,False,True,False,False,False
105378,34.0,81766.28,Gold,4.0,42.0,91.01,9.9,1692,0.093,4.64,223.99,364.04,0,2,True,False,False,False,True,False,False,False,False,True,False,False,False
104432,18.0,54195.23,Bronze,14.0,20.0,156.64,7.1,918,0.6667,2.52,24.7,2192.96,1,0,True,False,False,False,False,True,False,False,False,False,False,False,True
104348,18.0,43518.62,Bronze,5.0,56.4,106.36,7.8,1949,0.0871,5.34,81.68,531.8,0,0,False,False,True,False,False,True,False,False,False,True,False,False,False
103830,24.0,45501.31,Bronze,8.0,80.0,91.63,9.4,1622,0.0988,4.44,61.99,733.04,0,0,True,False,False,False,True,False,False,False,False,False,False,True,False
103480,38.0,76885.3,Silver,2.0,1.0,104.31,6.9,1958,1.0,5.36,366.78,208.62,0,1,False,True,False,False,False,False,False,True,False,True,False,False,False
104578,18.0,68541.5,Silver,6.0,34.8,104.31,7.5,2203,0.1676,6.04,109.34,625.86,0,1,False,True,False,False,False,False,True,False,False,False,False,True,False
100778,43.0,51913.6,Silver,9.0,24.0,90.9,8.3,485,0.36,1.33,63.38,818.1,0,1,True,False,False,False,False,False,False,True,False,True,False,False,False
102315,44.0,41223.96,Bronze,6.0,39.4,24.96,6.5,768,0.1485,2.1,273.44,149.76,0,0,True,False,False,False,False,False,True,False,False,False,True,False,False
101019,34.0,37676.77,Gold,6.0,27.0,76.49,7.2,883,0.2143,2.42,81.92,458.94,0,2,False,True,False,False,False,True,False,False,False,False,True,False,False
101607,44.0,50249.55,Silver,6.0,80.0,45.96,4.6,475,0.0741,1.3,181.56,275.76,0,1,False,True,False,True,False,False,False,False,False,True,False,False,False
102506,49.0,55404.16,Gold,7.0,43.4,104.31,8.7,746,0.1577,2.04,75.77,730.17,0,2,True,False,False,False,False,False,True,False,False,False,True,False,False
102808,18.0,48121.31,Platinum,4.0,22.0,104.31,7.2,1487,0.1739,4.07,115.06,417.24,0,3,True,False,False,False,True,False,False,False,False,False,True,False,False
104589,18.0,53178.86,Silver,9.0,35.8,120.1,7.8,434,0.2446,1.19,49.15,1080.9,0,1,True,False,False,False,False,True,False,False,True,False,False,False,False
103214,26.0,93051.86,Gold,14.0,5.0,97.73,7.2,1736,2.3333,4.76,67.96,1368.22,1,2,True,False,False,False,False,True,False,False,False,True,False,False,False
101492,38.0,49412.83,Platinum,8.0,22.0,146.51,9.1,386,0.3478,1.06,42.12,1172.08,0,3,True,False,False,False,False,True,False,False,False,False,False,True,False
104985,21.0,34517.36,Platinum,3.0,60.0,120.15,7.1,2024,0.0492,5.55,95.5,360.45,0,3,True,False,False,False,True,False,False,False,False,False,False,True,False
104341,18.0,79318.18,Platinum,11.0,19.8,105.86,5.8,401,0.5288,1.1,68.06,1164.46,0,3,True,False,False,False,True,False,False,False,False,True,False,False,False
103661,38.0,53225.38,Bronze,9.0,10.0,230.37,9.5,1661,0.8182,4.55,25.66,2073.33,1,0,False,True,False,False,False,False,True,False,False,True,False,False,False
104488,25.0,89892.56,Bronze,8.0,47.0,71.22,7.4,1290,0.1667,3.53,157.5,569.76,0,0,True,False,False,False,True,False,False,False,False,True,False,False,False
102878,32.0,53178.86,Bronze,8.0,73.0,269.725,7.7,1118,0.1081,3.06,24.63,2157.8,1,0,False,False,True,False,False,False,False,True,False,False,True,False,False
101594,29.0,44844.04,Platinum,12.0,2.0,269.725,7.4,291,4.0,0.8,13.85,3236.7,1,3,False,True,False,True,False,False,False,False,False,True,False,False,False
100518,30.0,36412.33,Silver,7.0,97.0,49.89,5.6,471,0.0714,1.29,103.97,349.23,0,1,True,False,False,False,False,False,True,False,False,False,False,False,True
100322,36.0,48355.81,Gold,11.0,37.0,129.89,7.0,380,0.2895,1.04,33.82,1428.79,1,2,False,True,False,False,False,False,True,False,False,False,False,True,False
105265,26.0,51011.95,Bronze,7.0,1.0,136.0,6.3,379,3.5,1.04,53.53,952.0,0,0,True,False,False,False,False,False,False,True,False,True,False,False,False
105636,18.0,79138.3,Bronze,13.0,28.0,116.32,7.5,2197,0.4483,6.02,52.3,1512.16,1,0,True,False,False,False,True,False,False,False,True,False,False,False,False
104100,35.0,42023.32,Platinum,6.0,6.0,269.725,7.2,2340,0.8571,6.41,25.95,1618.35,1,3,False,True,False,False,False,True,False,False,False,False,True,False,False
103690,54.0,53178.86,Platinum,8.0,64.0,222.68,8.5,544,0.1231,1.49,29.83,1781.44,1,3,False,False,True,False,False,True,False,False,False,True,False,False,False
100218,54.0,40226.01,Gold,14.0,3.0,85.76,4.4,1521,3.5,4.17,33.48,1200.64,0,2,True,False,False,False,False,False,False,True,False,False,True,False,False
102389,51.0,66291.25,Bronze,7.0,35.2,69.97,6.5,963,0.1934,2.64,135.07,489.79,0,0,False,True,False,False,False,True,False,False,False,True,False,False,False
100361,36.0,87907.11,Silver,9.0,44.0,115.94,8.0,1216,0.2,3.33,84.17,1043.46,0,1,False,True,False,True,False,False,False,False,False,False,True,False,False
104376,18.0,72031.54,Silver,11.0,52.2,34.1,9.6,968,0.2068,2.65,191.52,375.1,0,1,False,True,False,False,False,False,True,False,False,False,True,False,False
103337,35.0,56036.31,Platinum,2.0,11.0,200.28,9.8,2265,0.1667,6.21,139.55,400.56,0,3,False,True,False,False,False,False,False,True,False,False,True,False,False
103011,66.0,109063.75,Bronze,9.0,20.0,53.3,4.1,1457,0.4286,3.99,226.89,479.7,0,0,False,True,False,False,False,False,False,True,False,False,False,False,True
102319,65.0,110491.95000000001,Bronze,8.0,25.6,32.43,5.9,2447,0.3008,6.7,424.25,259.44,0,0,False,True,False,False,True,False,False,False,True,False,False,False,False
101053,39.0,68531.41,Silver,11.0,43.2,91.82,5.6,467,0.2489,1.28,67.78,1010.02,0,1,True,False,False,False,True,False,False,False,False,False,False,True,False
105141,36.0,45913.96,Bronze,8.0,49.0,30.63,6.2,1598,0.16,4.38,186.61,245.04,0,0,False,True,False,False,False,False,True,False,True,False,False,False,False
104668,48.0,44210.16,Bronze,12.0,19.0,35.15,5.2,644,0.6,1.76,104.57,421.8,0,0,False,True,False,False,False,False,True,False,False,False,True,False,False
105278,32.0,77436.52,Gold,7.0,41.0,269.725,7.2,897,0.1667,2.46,40.99,1888.08,1,2,False,True,False,False,False,False,True,False,False,False,False,False,True
105996,20.0,61524.85,Gold,4.0,180.0,104.31,8.6,1706,0.0221,4.67,147.1,417.24,0,2,False,True,False,False,False,False,False,True,False,True,False,False,False
101427,48.0,67620.48,Silver,7.0,62.6,255.01,4.9,359,0.1101,0.98,37.86,1785.07,1,1,False,True,False,False,False,True,False,False,False,True,False,False,False
104408,41.0,57765.11,Silver,3.0,45.0,76.01,5.9,2115,0.0652,5.79,252.22,228.03,0,1,False,True,False,False,False,False,True,False,False,True,False,False,False
103698,36.0,83329.72,Bronze,7.0,36.8,15.97,8.0,2209,0.1852,6.05,738.8,111.79,0,0,False,True,False,False,False,False,True,False,False,False,False,False,True
100215,34.0,76306.83,Bronze,4.0,62.2,173.55,3.4,1301,0.0633,3.56,109.76,694.2,0,0,True,False,False,False,True,False,False,False,False,True,False,False,False
101615,30.0,27031.53,Gold,10.0,0.0,82.24,6.5,1101,10.0,3.02,32.83,822.4,0,2,False,True,False,False,False,False,False,True,False,True,False,False,False
104676,54.0,22361.37,Silver,3.0,45.0,111.92,7.4,187,0.0652,0.51,66.4,335.76,0,1,True,False,False,True,False,False,False,False,False,False,False,False,True
101718,32.0,89720.27,Bronze,11.0,58.0,104.31,7.0,1610,0.1864,4.41,78.13,1147.41,0,0,True,False,False,False,False,False,False,True,False,False,True,False,False
102742,46.0,54374.14,Silver,6.0,5.0,115.41,7.1,793,1.0,2.17,78.41,692.46,0,1,False,True,False,True,False,False,False,False,False,False,False,True,False
102054,70.0,69558.8,Silver,7.0,45.0,94.79,7.1,2252,0.1522,6.17,104.67,663.53,0,1,True,False,False,False,True,False,False,False,False,True,False,False,False
102999,48.0,53178.86,Gold,5.0,92.0,104.31,7.1,2010,0.0538,5.51,101.77,521.55,0,2,False,True,False,False,True,False,False,False,False,False,True,False,False
101984,35.0,36903.57,Bronze,5.0,68.0,87.25,6.3,1500,0.0725,4.11,84.4,436.25,0,0,False,True,False,False,False,True,False,False,False,False,False,True,False
101703,40.0,18223.55,Gold,11.0,35.2,177.27,9.4,217,0.3039,0.59,9.34,1949.97,1,2,True,False,False,False,True,False,False,False,False,False,False,False,True
103102,32.0,66573.07,Silver,7.0,41.0,39.1,5.7,1846,0.1667,5.06,242.35,273.7,0,1,False,True,False,True,False,False,False,False,False,False,False,False,True
103035,51.0,76414.58,Platinum,9.0,61.6,170.37,5.8,1979,0.1438,5.42,49.8,1533.33,1,3,False,True,False,False,False,False,True,False,False,True,False,False,False
105328,28.0,43054.42,Silver,12.0,68.6,255.69,6.2,2219,0.1724,6.08,14.03,3068.28,1,1,True,False,False,False,False,False,True,False,False,False,True,False,False
100197,46.0,79362.63,Platinum,12.0,26.0,252.6,8.1,1683,0.4444,4.61,26.17,3031.2,1,3,False,True,False,False,False,False,True,False,True,False,False,False,False
100726,56.0,19094.53,Bronze,14.0,50.4,104.31,6.5,998,0.2724,2.73,13.07,1460.34,1,0,False,True,False,False,False,False,False,True,False,False,True,False,False
103919,41.0,43145.63,Silver,12.0,32.2,95.15,10.0,1252,0.3614,3.43,37.75,1141.8,0,1,True,False,False,False,True,False,False,False,False,False,True,False,False
101513,49.0,62034.17,Gold,4.0,42.0,190.04,8.5,2299,0.093,6.3,81.5,760.16,0,2,False,True,False,False,False,True,False,False,False,False,False,False,True
102624,41.0,78221.76,Silver,3.0,33.0,269.725,6.1,1619,0.0882,4.44,96.55,809.18,0,1,True,False,False,False,False,False,False,True,False,False,False,False,True
104539,25.0,45190.13,Silver,8.0,71.6,232.19,6.8,777,0.1102,2.13,24.32,1857.52,1,1,False,True,False,False,True,False,False,False,False,False,False,False,True
104696,42.0,84727.47,Platinum,10.0,17.0,219.79,8.4,2144,0.5556,5.87,38.53,2197.9,1,3,True,False,False,False,True,False,False,False,False,False,True,False,False
101057,40.0,110491.95000000001,Bronze,7.0,9.0,15.82,4.9,1510,0.7,4.14,988.83,110.74,0,0,False,True,False,False,False,False,True,False,False,True,False,False,False
104994,30.0,66752.53,Silver,4.0,11.0,117.14,4.9,2445,0.3333,6.7,142.16,468.56,0,1,True,False,False,False,False,True,False,False,False,True,False,False,False
100888,33.0,34073.25,Silver,13.0,14.0,164.01,8.4,1323,0.8667,3.62,15.97,2132.13,1,1,False,True,False,True,False,False,False,False,False,False,False,False,True
102699,43.0,93072.81,Bronze,13.0,98.0,59.87,8.9,2483,0.1313,6.8,119.43,778.31,0,0,True,False,False,False,False,True,False,False,False,True,False,False,False
101093,48.0,78772.89,Platinum,3.0,59.8,234.92,8.0,1536,0.0493,4.21,111.61,704.76,0,3,True,False,False,False,False,False,False,True,False,True,False,False,False
105098,66.0,91226.15,Gold,8.0,74.0,126.76,7.5,983,0.1067,2.69,89.87,1014.08,0,2,False,True,False,False,False,False,True,False,False,False,True,False,False
104126,37.0,53178.86,Bronze,12.0,94.0,23.56,8.1,581,0.1263,1.59,187.43,282.72,0,0,True,False,False,True,False,False,False,False,False,False,False,False,True
100569,45.0,53178.86,Gold,6.0,4.0,204.84,5.6,1744,1.2,4.78,43.23,1229.04,1,2,True,False,False,False,False,False,True,False,False,False,False,False,True
100517,46.0,32329.33,Platinum,8.0,19.0,231.28,6.8,2075,0.4,5.68,17.46,1850.24,1,3,True,False,False,False,False,False,False,True,False,False,False,True,False
103629,53.0,93071.23,Gold,6.0,51.0,146.41,7.1,723,0.1154,1.98,105.83,878.46,0,2,False,True,False,False,False,False,False,True,False,False,True,False,False
104830,18.0,41591.33,Bronze,11.0,105.0,127.57,7.3,1876,0.1038,5.14,29.62,1403.27,1,0,True,False,False,False,True,False,False,False,False,False,False,False,True
102150,40.0,53178.86,Gold,13.0,103.0,171.98,7.6,652,0.125,1.79,23.78,2235.74,1,2,False,True,False,False,True,False,False,False,False,False,True,False,False
100140,70.0,103929.79,Silver,8.0,72.0,123.41,9.1,2429,0.1096,6.65,105.16,987.28,0,1,False,True,False,False,False,False,True,False,False,True,False,False,False
105830,32.0,79113.39,Silver,5.0,18.0,56.5,4.0,148,0.2632,0.41,279.06,282.5,0,1,True,False,False,False,False,False,True,False,False,False,True,False,False
105275,30.0,51304.23,Silver,10.0,8.0,82.76,6.0,350,1.1111,0.96,61.92,827.6,0,1,False,True,False,False,False,True,False,False,False,False,False,False,True
105011,47.0,65391.69,Silver,8.0,34.0,34.38,7.8,179,0.2286,0.49,236.89,275.04,0,1,False,True,False,False,True,False,False,False,False,True,False,False,False
101150,50.0,65888.15,Platinum,9.0,70.0,114.92,5.4,42,0.1268,0.12,63.64,1034.28,0,3,False,True,False,True,False,False,False,False,False,False,True,False,False
104049,36.0,53178.86,Silver,7.0,30.8,207.72,7.0,2258,0.2201,6.19,36.55,1454.04,1,1,False,True,False,False,False,True,False,False,True,False,False,False,False
102499,31.0,105828.65,Bronze,4.0,23.0,92.39,6.6,2052,0.1667,5.62,285.59,369.56,0,0,False,True,False,False,False,True,False,False,False,False,False,True,False
102274,49.0,71421.98,Bronze,9.0,152.0,48.58,8.0,573,0.0588,1.57,162.98,437.22,0,0,False,True,False,False,False,False,False,True,False,False,False,False,True
102527,37.0,52895.14,Bronze,9.0,2.0,208.13,7.4,892,3.0,2.44,28.22,1873.17,1,0,False,True,False,True,False,False,False,False,False,False,False,False,True
100464,18.0,76124.06,Silver,9.0,30.0,128.91,7.1,1603,0.2903,4.39,65.56,1160.19,0,1,True,False,False,False,False,True,False,False,False,False,True,False,False
103308,46.0,50556.17,Platinum,6.0,62.4,269.725,8.2,690,0.0946,1.89,31.22,1618.35,1,3,True,False,False,False,True,False,False,False,False,False,True,False,False
103133,39.0,44085.34,Bronze,6.0,118.0,92.96,7.8,1749,0.0504,4.79,78.9,557.76,0,0,False,True,False,False,True,False,False,False,True,False,False,False,False
104986,43.0,53178.86,Platinum,7.0,26.0,137.57,5.6,1954,0.2593,5.35,55.17,962.99,0,3,False,False,True,False,False,False,True,False,False,False,False,False,True
100595,23.0,53178.86,Gold,7.0,29.0,74.18,7.3,1913,0.2333,5.24,102.22,519.26,0,2,True,False,False,False,False,True,False,False,False,False,True,False,False
103081,32.0,38872.6,Gold,7.0,18.0,166.61,6.5,117,0.3684,0.32,33.3,1166.27,0,2,True,False,False,False,False,False,False,True,False,False,True,False,False
101808,38.0,64628.58,Silver,6.0,55.0,173.51,5.8,2439,0.1071,6.68,62.02,1041.06,0,1,False,False,True,True,False,False,False,False,False,True,False,False,False
105137,43.0,29133.11,Gold,5.0,28.8,64.02,6.1,247,0.1678,0.68,90.73,320.1,0,2,False,True,False,False,False,True,False,False,False,True,False,False,False
100451,36.0,53178.86,Silver,5.0,31.0,57.08,5.9,1158,0.1562,3.17,185.68,285.4,0,1,False,True,False,False,False,True,False,False,False,True,False,False,False
103044,32.0,43017.18,Silver,7.0,49.0,46.53,7.2,1851,0.14,5.07,131.67,325.71,0,1,False,True,False,False,False,True,False,False,False,False,True,False,False
105827,50.0,95197.67,Bronze,12.0,57.0,269.725,7.4,1995,0.2069,5.47,29.4,3236.7,1,0,True,False,False,False,False,False,True,False,False,False,False,False,True
102523,35.0,53998.29,Bronze,5.0,10.0,25.53,6.1,1237,0.4545,3.39,419.73,127.65,0,0,True,False,False,False,False,False,True,False,False,True,False,False,False
100313,59.0,56117.5,Silver,7.0,33.0,97.56,6.7,1262,0.2059,3.46,82.05,682.92,0,1,False,True,False,False,False,True,False,False,False,False,True,False,False
105888,62.0,37073.26,Silver,6.0,55.0,136.52,8.3,546,0.1071,1.5,45.2,819.12,0,1,False,True,False,True,False,False,False,False,False,False,True,False,False
104484,41.0,38005.66,Silver,3.0,2.0,207.24,4.2,1382,1.0,3.79,61.03,621.72,0,1,True,False,False,False,False,False,False,True,True,False,False,False,False
102648,32.0,53178.86,Bronze,6.0,96.2,104.31,5.0,1982,0.0617,5.43,84.83,625.86,0,0,True,False,False,False,False,False,True,False,False,False,False,True,False
103438,39.0,45395.31,Gold,6.0,63.0,97.67,4.9,1938,0.0938,5.31,77.33,586.02,0,2,False,True,False,False,True,False,False,False,False,True,False,False,False
101175,37.0,108534.8,Gold,7.0,11.0,183.56,5.4,969,0.5833,2.65,84.4,1284.92,1,2,True,False,False,True,False,False,False,False,False,False,True,False,False
103533,54.0,34116.04,Gold,10.0,28.0,130.32,8.8,2378,0.3448,6.52,26.16,1303.2,1,2,False,True,False,False,False,False,False,True,False,False,False,True,False
100452,42.0,62443.13,Gold,8.0,88.2,177.24,6.3,921,0.0897,2.52,44.01,1417.92,1,2,False,True,False,False,False,True,False,False,False,False,True,False,False
105038,29.0,30988.95,Bronze,3.0,9.0,104.31,7.3,1756,0.3,4.81,98.71,312.93,0,0,False,True,False,False,False,True,False,False,False,False,False,False,True
103425,70.0,53178.86,Bronze,14.0,22.0,49.34,5.7,926,0.6087,2.54,76.87,690.76,0,0,False,False,True,False,False,False,True,False,False,True,False,False,False
101113,24.0,91587.71,Bronze,11.0,19.2,47.7,5.6,1331,0.5446,3.65,174.22,524.7,0,0,False,True,False,False,False,True,False,False,False,False,False,False,True
104845,37.0,39187.29,Gold,7.0,32.4,99.36,7.6,100,0.2096,0.27,56.26,695.52,0,2,True,False,False,False,False,True,False,False,False,True,False,False,False
101579,18.0,99208.82,Silver,11.0,34.0,229.87,8.0,1362,0.3143,3.73,39.22,2528.57,1,1,False,True,False,False,False,False,False,True,False,False,False,False,True
100891,28.0,53178.86,Bronze,9.0,13.2,180.24,9.9,1353,0.6338,3.71,32.76,1622.16,1,0,False,True,False,False,False,True,False,False,False,True,False,False,False
101616,44.0,53178.86,Gold,10.0,59.6,52.24,7.7,2277,0.165,6.24,101.6,522.4,0,2,True,False,False,False,True,False,False,False,False,True,False,False,False
103980,47.0,33939.2,Silver,11.0,7.0,140.49,7.1,1976,1.375,5.41,21.95,1545.39,1,1,False,True,False,False,False,False,True,False,True,False,False,False,False
105840,21.0,47637.34,Platinum,4.0,22.0,154.25,8.1,339,0.1739,0.93,77.08,617.0,0,3,False,True,False,True,False,False,False,False,False,False,False,True,False
102926,49.0,73913.67,Bronze,12.0,31.0,81.07,8.0,2236,0.375,6.13,75.9,972.84,0,0,False,True,False,False,False,False,False,True,False,True,False,False,False
101264,33.0,44841.26,Bronze,8.0,53.4,44.68,6.6,2284,0.1471,6.26,125.1,357.44,0,0,False,True,False,True,False,False,False,False,False,True,False,False,False
105616,33.0,56810.98,Bronze,9.0,67.0,65.16,7.1,332,0.1324,0.91,96.71,586.44,0,0,False,True,False,False,False,True,False,False,False,False,True,False,False
101000,48.0,66956.09,Silver,10.0,62.0,125.96,7.7,554,0.1587,1.52,53.11,1259.6,1,1,True,False,False,False,False,True,False,False,False,False,False,True,False
103762,47.0,13530.29,Silver,5.0,8.0,90.74,8.5,656,0.5556,1.8,29.76,453.7,0,1,True,False,False,False,False,False,True,False,False,True,False,False,False
101360,35.0,73289.18,Silver,4.0,23.0,173.71,8.1,1249,0.1667,3.42,105.32,694.84,0,1,True,False,False,False,True,False,False,False,False,False,True,False,False
105995,26.0,110491.95000000001,Bronze,7.0,15.0,105.46,7.9,714,0.4375,1.96,149.47,738.22,0,0,False,True,False,False,False,True,False,False,False,True,False,False,False
101477,63.0,53178.86,Silver,4.0,44.0,27.55,6.9,1527,0.0889,4.18,478.23,110.2,0,1,False,True,False,True,False,False,False,False,False,True,False,False,False
100193,33.0,29826.22,Bronze,10.0,18.0,61.95,7.4,584,0.5263,1.6,48.07,619.5,0,0,True,False,False,False,True,False,False,False,False,False,False,True,False
104693,41.0,74848.04,Gold,8.0,14.0,96.97,8.6,490,0.5333,1.34,96.36,775.76,0,2,False,True,False,False,True,False,False,False,False,False,False,False,True
105399,18.0,35646.15,Gold,2.0,54.0,45.25,9.0,2485,0.0364,6.81,389.58,90.5,0,2,True,False,False,True,False,False,False,False,False,True,False,False,False
102793,29.0,85458.43,Gold,6.0,34.0,150.46,7.6,1303,0.1714,3.57,94.56,902.76,0,2,True,False,False,False,False,False,True,False,False,True,False,False,False
105002,34.0,40763.74,Bronze,8.0,24.8,269.725,6.6,217,0.3101,0.59,18.88,2157.8,1,0,False,True,False,False,False,True,False,False,False,True,False,False,False
102408,34.0,25628.78,Silver,5.0,105.0,56.08,6.2,237,0.0472,0.65,91.08,280.4,0,1,True,False,False,True,False,False,False,False,False,True,False,False,False
105058,33.0,76380.99,Bronze,12.0,30.0,107.68,5.8,1430,0.3871,3.92,59.07,1292.16,1,0,False,True,False,False,False,True,False,False,False,False,False,False,True
101875,25.0,54004.85,Bronze,6.0,35.0,269.725,7.1,837,0.1667,2.29,33.35,1618.35,1,0,True,False,False,False,False,False,False,True,True,False,False,False,False
105301,29.0,77605.04,Gold,5.0,85.0,145.28,10.0,273,0.0581,0.75,106.69,726.4,0,2,False,True,False,False,True,False,False,False,False,False,True,False,False
101339,70.0,43553.74,Silver,3.0,63.6,137.2,5.4,751,0.0464,2.06,105.56,411.6,0,1,True,False,False,False,False,True,False,False,False,True,False,False,False
103478,35.0,45489.61,Silver,7.0,68.6,71.37,10.0,772,0.1006,2.12,90.87,499.59,0,1,False,False,True,False,False,False,False,True,False,False,True,False,False
104843,20.0,53178.86,Gold,9.0,27.0,269.42,6.0,2205,0.3214,6.04,21.92,2424.78,1,2,False,True,False,False,False,False,False,True,True,False,False,False,False
102806,39.0,110491.95000000001,Bronze,12.0,6.0,13.42,8.4,1993,1.7143,5.46,681.88,161.04,0,0,False,False,True,False,False,False,True,False,False,False,True,False,False
105900,43.0,37729.12,Silver,5.0,56.0,69.97,7.5,1810,0.0877,4.96,107.54,349.85,0,1,False,False,True,False,True,False,False,False,False,True,False,False,False
101294,18.0,64529.73,Gold,8.0,35.0,81.83,6.7,92,0.2222,0.25,98.42,654.64,0,2,False,True,False,False,False,False,True,False,True,False,False,False,False
105286,43.0,32766.65,Gold,4.0,31.0,72.47,6.3,508,0.125,1.39,112.65,289.88,0,2,False,True,False,False,True,False,False,False,False,True,False,False,False
104513,53.0,67821.89,Silver,9.0,25.0,63.19,8.3,2006,0.3462,5.5,119.05,568.71,0,1,False,False,True,False,False,False,True,False,False,False,True,False,False
105618,37.0,53178.86,Bronze,10.0,39.6,175.98,8.5,1336,0.2463,3.66,30.2,1759.8,1,0,False,True,False,False,False,False,False,True,True,False,False,False,False
103520,46.0,45194.42,Gold,5.0,44.0,87.75,8.7,2107,0.1111,5.77,102.77,438.75,0,2,False,True,False,False,False,False,False,True,False,True,False,False,False
102665,33.0,53178.86,Silver,9.0,43.0,89.3,8.0,2078,0.2045,5.69,66.09,803.7,0,1,False,True,False,False,False,False,True,False,True,False,False,False,False
101908,40.0,28716.45,Bronze,12.0,41.0,27.33,6.0,818,0.2857,2.24,87.29,327.96,0,0,False,True,False,False,False,False,True,False,False,True,False,False,False
103759,43.0,110491.95000000001,Gold,14.0,4.0,108.84,8.2,983,2.8,2.69,72.47,1523.76,1,2,False,True,False,False,False,False,False,True,False,False,True,False,False
104154,28.0,76520.09,Platinum,13.0,45.0,128.12,6.9,1712,0.2826,4.69,45.91,1665.56,1,3,False,True,False,False,False,True,False,False,False,False,False,True,False
100369,40.0,35455.96,Bronze,11.0,91.0,20.15,7.4,1729,0.1196,4.74,159.25,221.65,0,0,False,True,False,False,False,False,True,False,False,True,False,False,False
101938,24.0,63270.49,Bronze,3.0,14.0,58.77,7.0,1371,0.2,3.76,356.84,176.31,0,0,True,False,False,False,True,False,False,False,True,False,False,False,False
103574,37.0,43740.05,Silver,10.0,118.0,163.82,9.0,2418,0.084,6.62,26.68,1638.2,1,1,True,False,False,False,False,False,False,True,False,False,False,True,False
101152,50.0,53178.86,Bronze,2.0,34.6,67.06,8.1,1534,0.0562,4.2,393.57,134.12,0,0,False,True,False,False,False,False,True,False,False,False,True,False,False
104922,48.0,61305.55,Gold,7.0,33.0,51.72,5.6,377,0.2059,1.03,168.87,362.04,0,2,False,False,True,False,False,True,False,False,False,False,False,False,True
104013,46.0,64872.4,Bronze,11.0,39.6,104.31,6.7,304,0.2709,0.83,56.49,1147.41,0,0,False,True,False,False,True,False,False,False,False,True,False,False,False
102352,45.0,46620.25,Platinum,7.0,5.0,269.725,7.4,577,1.1667,1.58,24.68,1888.08,1,3,True,False,False,True,False,False,False,False,False,False,False,False,True
104052,37.0,49715.46,Silver,7.0,90.0,31.86,7.5,1799,0.0769,4.93,221.92,223.02,0,1,False,True,False,True,False,False,False,False,False,False,False,False,True
105661,43.0,34033.18,Gold,6.0,225.0,252.46,8.1,537,0.0265,1.47,22.45,1514.76,1,2,True,False,False,False,False,False,True,False,False,False,False,False,True
103556,35.0,53178.86,Bronze,7.0,221.0,104.31,8.2,907,0.0315,2.48,72.73,730.17,0,0,False,False,True,False,False,False,True,False,False,True,False,False,False
101873,31.0,53589.71,Gold,7.0,7.0,49.89,7.5,316,0.875,0.87,153.01,349.23,0,2,True,False,False,False,False,True,False,False,True,False,False,False,False
105903,36.0,110491.95000000001,Gold,0.0,145.0,111.25,8.6,221,0.0,0.61,110491.95,0.0,0,2,True,False,False,False,False,True,False,False,True,False,False,False,False
100192,36.0,79597.02,Bronze,14.0,44.0,106.93,6.4,2399,0.3111,6.57,53.13,1497.02,1,0,True,False,False,False,False,False,True,False,True,False,False,False,False
102441,39.0,34747.19,Silver,9.0,46.0,206.59,7.8,2189,0.1915,6.0,18.68,1859.31,1,1,False,True,False,False,False,False,True,False,False,True,False,False,False
100109,48.0,97465.59,Bronze,6.0,2.0,26.8,7.8,873,2.0,2.39,602.38,160.8,0,0,True,False,False,True,False,False,False,False,False,False,False,False,True
100175,23.0,110491.95000000001,Bronze,4.0,16.0,104.31,8.3,1127,0.2353,3.09,264.18,417.24,0,0,False,True,False,False,True,False,False,False,False,True,False,False,False
103170,24.0,53178.86,Silver,9.0,30.0,132.33,7.1,957,0.2903,2.62,44.61,1190.97,0,1,False,True,False,False,False,True,False,False,False,True,False,False,False
103353,48.0,45605.31,Gold,7.0,46.0,165.55,7.7,2286,0.1489,6.26,39.32,1158.85,0,2,False,True,False,False,False,True,False,False,False,True,False,False,False
103835,55.0,44638.72,Bronze,5.0,63.0,74.25,5.7,1601,0.0781,4.39,119.92,371.25,0,0,False,True,False,True,False,False,False,False,False,True,False,False,False
101599,57.0,45344.78,Bronze,2.0,107.0,10.0,8.4,1853,0.0185,5.08,2159.28,20.0,0,0,True,False,False,False,True,False,False,False,False,False,False,True,False
101361,33.0,42037.77,Silver,11.0,65.6,165.13,5.9,2406,0.1652,6.59,23.13,1816.43,1,1,False,True,False,False,True,False,False,False,True,False,False,False,False
102104,47.0,98895.15,Bronze,11.0,4.0,47.25,5.0,1298,2.2,3.56,189.91,519.75,0,0,False,True,False,False,False,False,True,False,True,False,False,False,False
105220,45.0,39054.2,Bronze,8.0,7.0,94.86,5.3,76,1.0,0.21,51.4,758.88,0,0,True,False,False,False,True,False,False,False,False,False,False,False,True
105841,31.0,58123.13,Bronze,6.0,90.0,39.4,7.8,2369,0.0659,6.49,244.83,236.4,0,0,True,False,False,False,False,False,True,False,False,True,False,False,False
105044,18.0,53178.86,Bronze,7.0,23.0,13.15,6.3,1596,0.2917,4.37,571.51,92.05,0,0,True,False,False,False,False,False,False,True,False,True,False,False,False
103581,46.0,33863.98,Silver,10.0,3.0,85.79,5.2,279,2.5,0.76,39.43,857.9,0,1,True,False,False,True,False,False,False,False,False,False,False,False,True
101165,26.0,54698.33,Platinum,5.0,27.0,204.8,5.4,504,0.1786,1.38,53.36,1024.0,0,3,False,True,False,False,False,False,False,True,False,False,True,False,False
103679,30.0,29267.28,Silver,12.0,22.0,44.56,8.7,1434,0.5217,3.93,54.63,534.72,0,1,True,False,False,False,False,True,False,False,True,False,False,False,False
105285,42.0,50073.43,Silver,6.0,26.0,119.45,7.1,1178,0.2222,3.23,69.77,716.7,0,1,False,True,False,False,False,False,False,True,False,True,False,False,False
101662,25.0,81279.65,Gold,15.0,100.0,173.77,7.9,1174,0.1485,3.22,31.17,2606.55,1,2,True,False,False,False,False,False,True,False,True,False,False,False,False
100509,31.0,40478.35,Gold,7.0,34.0,127.18,6.5,2155,0.2,5.9,45.42,890.26,0,2,False,True,False,False,True,False,False,False,False,False,False,True,False
100167,49.0,73234.4,Gold,9.0,2.0,269.725,6.0,857,3.0,2.35,30.16,2427.52,1,2,False,True,False,True,False,False,False,False,False,False,True,False,False
102788,37.0,110491.95000000001,Platinum,12.0,54.4,259.55,7.0,1751,0.2166,4.8,35.46,3114.6,1,3,False,True,False,True,False,False,False,False,False,True,False,False,False
105522,46.0,45011.45,Bronze,9.0,179.0,269.725,7.2,721,0.05,1.98,18.53,2427.52,1,0,False,True,False,False,False,True,False,False,False,False,False,False,True
102255,50.0,53178.86,Silver,6.0,4.0,107.05,8.5,1054,1.2,2.89,82.67,642.3,0,1,True,False,False,False,False,False,False,True,False,False,False,False,True
103962,54.0,47862.25,Platinum,13.0,38.6,220.93,7.6,696,0.3283,1.91,16.66,2872.09,1,3,True,False,False,False,False,False,True,False,True,False,False,False,False
102413,18.0,38254.5,Gold,7.0,19.0,180.85,8.0,1606,0.35,4.4,30.19,1265.95,1,2,False,True,False,False,False,False,False,True,False,False,False,True,False
104926,51.0,71994.01,Gold,12.0,86.4,89.23,9.1,2482,0.1373,6.8,67.17,1070.76,0,2,False,True,False,False,False,False,True,False,True,False,False,False,False
104882,41.0,109124.74,Bronze,8.0,51.2,155.15,7.0,826,0.1533,2.26,87.85,1241.2,1,0,True,False,False,False,False,False,False,True,False,False,False,True,False
101753,30.0,21712.21,Bronze,9.0,64.0,87.95,5.8,916,0.1385,2.51,27.4,791.55,0,0,False,True,False,False,False,False,True,False,False,False,False,False,True
105104,36.0,54613.99,Silver,9.0,60.4,37.24,8.5,1404,0.1466,3.85,162.46,335.16,0,1,True,False,False,False,False,True,False,False,False,False,True,False,False
101659,47.0,55001.99,Silver,8.0,115.0,189.39,5.6,2410,0.069,6.6,36.28,1515.12,1,1,False,True,False,False,False,True,False,False,False,False,False,False,True
100153,18.0,31857.01,Silver,5.0,23.4,38.31,7.5,1924,0.2049,5.27,165.45,191.55,0,1,True,False,False,False,False,False,False,True,False,False,False,False,True
102587,39.0,70958.22,Gold,9.0,43.2,50.43,6.6,821,0.2036,2.25,156.0,453.87,0,2,False,True,False,False,False,False,True,False,False,False,True,False,False
101584,30.0,24246.35,Silver,7.0,18.2,48.18,7.3,1991,0.3646,5.45,71.68,337.26,0,1,False,True,False,True,False,False,False,False,False,False,False,False,True
102178,44.0,50420.22,Silver,8.0,4.0,177.11,5.3,1427,1.6,3.91,35.56,1416.88,1,1,False,True,False,False,False,False,False,True,False,True,False,False,False
105970,56.0,53178.86,Bronze,9.0,13.0,104.31,6.9,959,0.6429,2.63,56.59,938.79,0,0,False,True,False,False,False,True,False,False,False,False,False,False,True
102115,44.0,75148.86,Bronze,13.0,23.0,12.77,6.8,59,0.5417,0.16,449.97,166.01,0,0,False,True,False,False,False,False,True,False,False,False,False,False,True
102647,58.0,51072.61,Silver,7.0,137.0,102.46,6.9,511,0.0507,1.4,71.11,717.22,0,1,True,False,False,False,False,False,True,False,False,False,False,False,True
101823,53.0,58058.65,Bronze,4.0,95.0,113.97,7.8,1384,0.0417,3.79,127.08,455.88,0,0,False,False,True,False,True,False,False,False,False,False,False,False,True
105070,53.0,110491.95000000001,Silver,5.0,36.0,63.91,7.0,2233,0.1351,6.12,344.69,319.55,0,1,True,False,False,False,False,False,True,False,False,True,False,False,False
103127,37.0,42164.75,Bronze,13.0,51.0,77.02,6.3,1847,0.25,5.06,42.07,1001.26,0,0,False,True,False,False,False,True,False,False,False,False,True,False,False
100310,59.0,28250.73,Bronze,8.0,125.0,180.49,7.5,1215,0.0635,3.33,19.55,1443.92,1,0,True,False,False,False,True,False,False,False,False,False,False,False,True
105792,38.0,25174.43,Bronze,13.0,8.0,74.98,8.2,1460,1.4444,4.0,25.8,974.74,0,0,False,True,False,False,False,False,True,False,False,False,False,False,True
102432,50.0,59665.21,Bronze,7.0,38.0,16.28,6.8,432,0.1795,1.18,519.01,113.96,0,0,True,False,False,True,False,False,False,False,False,True,False,False,False
102571,65.0,33547.92,Gold,9.0,64.0,269.725,8.1,2414,0.1385,6.61,13.81,2427.52,1,2,True,False,False,False,True,False,False,False,False,False,False,True,False
100496,49.0,22298.69,Bronze,3.0,64.8,31.0,9.3,1977,0.0456,5.42,237.22,93.0,0,0,True,False,False,True,False,False,False,False,False,False,False,False,True
100206,37.0,26009.16,Silver,14.0,31.0,109.92,8.3,917,0.4375,2.51,16.89,1538.88,1,1,True,False,False,False,True,False,False,False,False,False,True,False,False
101435,41.0,34846.94,Gold,9.0,112.0,51.09,7.2,1775,0.0796,4.86,75.62,459.81,0,2,True,False,False,False,False,True,False,False,False,True,False,False,False
101136,53.0,110491.95000000001,Gold,2.0,34.0,223.23,10.0,1075,0.0571,2.95,246.93,446.46,0,2,True,False,False,False,False,True,False,False,False,True,False,False,False
100869,31.0,28307.72,Gold,4.0,49.0,210.6,6.6,335,0.08,0.92,33.56,842.4,0,2,True,False,False,False,False,False,False,True,False,True,False,False,False
100306,25.0,53178.86,Gold,12.0,80.0,258.67,8.5,2403,0.1481,6.58,17.13,3104.04,1,2,False,True,False,False,False,False,True,False,False,False,False,False,True
101850,46.0,70670.92,Gold,10.0,44.0,83.28,6.0,1950,0.2222,5.34,84.76,832.8,0,2,False,True,False,False,False,False,False,True,False,False,False,False,True
102237,38.0,44720.21,Silver,10.0,49.0,104.31,7.1,1712,0.2,4.69,42.83,1043.1,0,1,False,True,False,False,True,False,False,False,False,False,False,False,True
101989,28.0,52025.82,Silver,4.0,21.0,100.54,6.2,108,0.1818,0.3,129.05,402.16,0,1,True,False,False,True,False,False,False,False,False,False,True,False,False
105968,37.0,72061.76,Bronze,10.0,77.0,108.66,4.7,346,0.1282,0.95,66.26,1086.6,0,0,False,True,False,False,False,False,True,False,False,False,True,False,False
101535,62.0,53178.86,Silver,11.0,24.0,67.98,7.7,226,0.44,0.62,71.02,747.78,0,1,True,False,False,False,False,False,True,False,False,False,False,True,False
100844,37.0,52741.04,Bronze,8.0,75.4,3.0,6.2,1722,0.1047,4.72,2109.64,24.0,0,0,True,False,False,False,False,False,True,False,False,False,False,True,False
101988,29.0,52530.02,Gold,8.0,17.6,140.89,7.2,477,0.4301,1.31,46.56,1127.12,0,2,False,True,False,True,False,False,False,False,False,False,True,False,False
105596,42.0,33006.4,Bronze,4.0,4.0,118.24,4.5,2135,0.8,5.85,69.64,472.96,0,0,False,True,False,False,False,False,True,False,False,False,False,False,True
103842,37.0,48364.47,Bronze,12.0,77.0,90.27,6.4,1808,0.1538,4.95,44.61,1083.24,0,0,False,True,False,False,False,True,False,False,False,False,False,True,False
102537,28.0,62723.0,Platinum,9.0,4.0,104.31,8.8,1604,1.8,4.39,66.74,938.79,0,3,False,True,False,False,False,False,False,True,False,False,True,False,False
105281,20.0,48284.74,Bronze,11.0,72.0,112.24,10.0,544,0.1507,1.49,39.08,1234.64,1,0,True,False,False,False,False,False,True,False,False,True,False,False,False
101958,24.0,62983.95,Gold,10.0,5.0,130.29,9.5,1998,1.6667,5.47,48.3,1302.9,1,2,False,True,False,False,False,False,True,False,False,True,False,False,False
103722,46.0,37428.47,Bronze,5.0,86.4,38.66,7.4,1234,0.0572,3.38,192.63,193.3,0,0,True,False,False,True,False,False,False,False,False,False,False,False,True
104705,47.0,90058.56,Silver,6.0,28.0,94.7,7.0,1450,0.2069,3.97,158.22,568.2,0,1,False,True,False,False,True,False,False,False,False,True,False,False,False
102708,18.0,70106.63,Bronze,7.0,48.0,163.18,9.7,1775,0.1429,4.86,61.32,1142.26,0,0,False,True,False,False,False,False,False,True,False,False,True,False,False
101350,37.0,71633.69,Bronze,7.0,64.0,147.17,7.8,1576,0.1077,4.32,69.47,1030.19,0,0,False,False,True,False,True,False,False,False,False,False,False,False,True
104309,42.0,28698.59,Silver,4.0,107.0,99.91,7.9,404,0.037,1.11,71.63,399.64,0,1,True,False,False,False,False,False,True,False,False,False,True,False,False
104588,56.0,53178.86,Bronze,3.0,26.0,59.08,7.6,643,0.1111,1.76,298.36,177.24,0,0,False,True,False,False,False,False,False,True,True,False,False,False,False
100681,48.0,53178.86,Bronze,10.0,61.0,180.92,7.7,588,0.1613,1.61,29.38,1809.2,1,0,True,False,False,False,False,False,False,True,False,False,False,True,False
100181,54.0,55072.16,Gold,10.0,19.0,67.44,6.6,339,0.5,0.93,81.54,674.4,0,2,True,False,False,True,False,False,False,False,False,False,True,False,False
103758,23.0,110491.95000000001,Platinum,8.0,27.0,209.61,8.6,657,0.2857,1.8,65.85,1676.88,1,3,False,False,True,False,False,False,True,False,False,False,True,False,False
103291,35.0,39785.45,Bronze,8.0,82.0,85.7,7.5,2276,0.0964,6.24,57.95,685.6,0,0,False,True,False,False,False,False,True,False,False,True,False,False,False
100290,37.0,36827.46,Silver,5.0,79.0,52.37,4.3,668,0.0625,1.83,140.11,261.85,0,1,False,True,False,False,True,False,False,False,False,False,True,False,False
104729,42.0,32673.53,Bronze,6.0,138.0,159.39,7.1,1931,0.0432,5.29,34.13,956.34,0,0,False,True,False,False,False,False,False,True,False,True,False,False,False
100994,54.0,53178.86,Silver,12.0,5.0,131.17,7.5,1903,2.0,5.21,33.76,1574.04,1,1,True,False,False,False,False,False,True,False,False,False,True,False,False
105091,42.0,45037.38,Bronze,6.0,9.0,108.15,7.3,1058,0.6,2.9,69.3,648.9,0,0,True,False,False,True,False,False,False,False,True,False,False,False,False
105039,18.0,51328.72,Gold,2.0,61.0,195.43,8.1,971,0.0323,2.66,130.99,390.86,0,2,True,False,False,False,True,False,False,False,False,False,False,False,True
104713,51.0,85505.85,Silver,8.0,14.0,63.64,4.8,1809,0.5333,4.96,167.62,509.12,0,1,True,False,False,False,False,False,True,False,False,False,False,True,False
104807,62.0,53178.86,Platinum,11.0,37.0,250.46,7.0,1168,0.2895,3.2,19.3,2755.06,1,3,True,False,False,True,False,False,False,False,False,False,False,True,False
100271,29.0,64090.29,Gold,6.0,86.0,157.91,7.9,654,0.069,1.79,67.57,947.46,0,2,True,False,False,False,True,False,False,False,False,True,False,False,False
102305,42.0,28893.12,Bronze,11.0,4.0,29.54,7.2,878,2.2,2.41,88.65,324.94,0,0,False,True,False,False,False,False,True,False,False,False,False,False,True
104896,37.0,88634.41,Bronze,6.0,5.0,51.28,9.1,1531,1.0,4.19,287.14,307.68,0,0,True,False,False,False,False,False,True,False,False,False,False,True,False
105833,40.0,74080.71,Bronze,8.0,34.2,68.68,6.0,401,0.2273,1.1,134.58,549.44,0,0,True,False,False,False,False,False,True,False,False,True,False,False,False
105806,33.0,54404.47,Bronze,8.0,36.0,104.31,6.3,936,0.2162,2.56,65.12,834.48,0,0,True,False,False,False,False,False,True,False,False,True,False,False,False
100112,41.0,49197.1,Silver,3.0,38.8,269.725,10.0,1046,0.0754,2.87,60.72,809.18,0,1,True,False,False,True,False,False,False,False,False,False,True,False,False
101392,56.0,53178.86,Silver,8.0,1.0,158.77,7.3,2101,4.0,5.76,41.83,1270.16,1,1,False,True,False,False,False,True,False,False,False,False,False,False,True
100221,35.0,105695.79,Silver,10.0,20.0,21.69,4.2,404,0.4762,1.11,485.07,216.9,0,1,False,True,False,False,False,True,False,False,False,False,False,True,False
100084,33.0,33005.66,Platinum,14.0,2.0,151.14,7.1,351,4.6667,0.96,15.59,2115.96,1,3,True,False,False,False,False,False,False,True,False,False,False,True,False
103434,39.0,34872.92,Silver,11.0,16.0,167.19,7.9,1133,0.6471,3.1,18.95,1839.09,1,1,False,False,True,False,False,False,True,False,False,True,False,False,False
100462,28.0,83822.27,Silver,12.0,34.0,34.43,8.4,658,0.3429,1.8,202.39,413.16,0,1,False,True,False,False,False,True,False,False,False,False,False,True,False
105272,51.0,81110.88,Bronze,15.0,33.0,82.75,7.8,1382,0.4412,3.79,65.29,1241.25,1,0,False,True,False,False,True,False,False,False,False,False,False,False,True
100552,45.0,33239.47,Gold,3.0,45.2,104.31,7.9,823,0.0649,2.25,105.88,312.93,0,2,False,True,False,False,False,False,True,False,False,False,True,False,False
105041,38.0,33640.95,Bronze,6.0,52.0,77.4,6.3,2125,0.1132,5.82,72.28,464.4,0,0,False,True,False,False,False,False,False,True,False,True,False,False,False
104695,37.0,53508.2,Bronze,6.0,32.0,107.6,8.0,2337,0.1818,6.4,82.75,645.6,0,0,True,False,False,False,False,True,False,False,False,True,False,False,False
102766,30.0,61275.31,Gold,6.0,17.0,168.73,8.5,1007,0.3333,2.76,60.47,1012.38,0,2,True,False,False,False,True,False,False,False,False,True,False,False,False
105166,30.0,48544.43,Silver,14.0,22.0,84.38,6.2,2206,0.6087,6.04,41.06,1181.32,0,1,True,False,False,False,False,True,False,False,False,False,True,False,False
102953,34.0,53178.86,Silver,8.0,19.8,62.56,7.2,70,0.3846,0.19,106.04,500.48,0,1,True,False,False,False,False,True,False,False,False,False,False,True,False
100651,60.0,78333.67,Silver,4.0,9.0,135.45,6.8,2180,0.4,5.97,144.31,541.8,0,1,False,False,True,False,False,False,False,True,False,False,False,True,False
100709,35.0,77700.02,Gold,7.0,80.8,74.15,7.2,2450,0.0856,6.71,149.41,519.05,0,2,True,False,False,False,True,False,False,False,False,False,False,False,True
104744,37.0,73016.99,Bronze,6.0,40.0,104.31,8.8,2451,0.1463,6.72,116.48,625.86,0,0,False,False,True,True,False,False,False,False,False,False,False,False,True
102410,32.0,52080.33,Bronze,4.0,122.0,128.72,5.0,743,0.0325,2.04,100.95,514.88,0,0,False,True,False,False,False,False,False,True,False,False,False,False,True
102415,51.0,72759.14,Silver,7.0,46.0,249.55,7.0,2001,0.1489,5.48,41.63,1746.85,1,1,True,False,False,False,True,False,False,False,False,True,False,False,False
101425,40.0,59457.11,Gold,8.0,35.6,201.95,4.6,352,0.2186,0.96,36.78,1615.6,1,2,False,True,False,False,False,False,True,False,False,False,False,False,True
101217,18.0,53178.86,Silver,4.0,50.0,169.18,8.4,2165,0.0784,5.93,78.47,676.72,0,1,True,False,False,False,False,True,False,False,False,True,False,False,False
104577,27.0,53178.86,Gold,12.0,73.0,209.47,7.8,2365,0.1622,6.48,21.15,2513.64,1,2,True,False,False,False,False,True,False,False,False,True,False,False,False
104910,37.0,21945.85,Bronze,4.0,62.0,269.725,6.1,924,0.0635,2.53,20.32,1078.9,0,0,False,True,False,True,False,False,False,False,False,True,False,False,False
102684,30.0,53539.7,Silver,10.0,20.0,101.26,8.6,2431,0.4762,6.66,52.82,1012.6,0,1,True,False,False,False,False,False,False,True,True,False,False,False,False
100315,48.0,110491.95000000001,Bronze,8.0,90.0,269.725,6.3,655,0.0879,1.79,51.18,2157.8,1,0,False,True,False,False,False,False,True,False,False,True,False,False,False
102729,60.0,62524.45,Bronze,3.0,82.0,103.05,5.0,1851,0.0361,5.07,201.59,309.15,0,0,False,True,False,False,True,False,False,False,False,True,False,False,False
101428,49.0,46681.82,Bronze,6.0,20.0,33.26,8.2,1099,0.2857,3.01,232.76,199.56,0,0,True,False,False,False,False,False,True,False,False,False,False,False,True
104754,21.0,30885.14,Bronze,9.0,37.0,129.83,9.3,388,0.2368,1.06,26.41,1168.47,0,0,True,False,False,True,False,False,False,False,False,True,False,False,False
104120,29.0,65328.96,Bronze,9.0,17.0,104.31,6.2,71,0.5,0.19,69.51,938.79,0,0,True,False,False,False,False,False,True,False,False,False,False,True,False
103865,18.0,53178.86,Bronze,10.0,51.6,97.95,6.4,1574,0.1901,4.31,54.24,979.5,0,0,True,False,False,True,False,False,False,False,False,False,False,True,False
103215,50.0,28697.99,Gold,4.0,18.0,96.18,8.6,382,0.2105,1.05,74.4,384.72,0,2,False,True,False,False,False,False,True,False,False,False,False,False,True
104415,36.0,51044.88,Silver,12.0,54.0,167.19,9.7,737,0.2182,2.02,25.43,2006.28,1,1,True,False,False,False,True,False,False,False,False,False,False,False,True
103828,41.0,51210.79,Silver,6.0,69.0,58.18,6.2,923,0.0857,2.53,146.28,349.08,0,1,False,True,False,True,False,False,False,False,False,False,True,False,False
106000,21.0,28887.84,Platinum,10.0,87.0,269.725,5.9,253,0.1136,0.69,10.71,2697.25,1,3,True,False,False,False,False,False,False,True,False,True,False,False,False
102526,46.0,53178.86,Bronze,11.0,10.0,132.24,5.6,1659,1.0,4.55,36.53,1454.64,1,0,False,True,False,False,False,False,True,False,False,True,False,False,False
100685,33.0,48016.26,Silver,5.0,48.4,124.26,6.3,279,0.1012,0.76,77.16,621.3,0,1,False,False,True,False,False,False,True,False,False,True,False,False,False
104395,24.0,68986.71,Silver,15.0,72.0,110.04,9.3,2352,0.2055,6.44,41.77,1650.6,1,1,True,False,False,True,False,False,False,False,False,False,False,False,True
102522,59.0,53178.86,Silver,7.0,405.0,104.31,4.8,101,0.0172,0.28,72.73,730.17,0,1,True,False,False,False,True,False,False,False,False,False,True,False,False
102909,24.0,53178.86,Gold,7.0,20.2,150.09,9.6,2200,0.3302,6.03,50.57,1050.63,0,2,False,True,False,False,False,True,False,False,False,False,False,False,True
102390,37.0,98469.07,Platinum,6.0,7.0,104.31,6.2,54,0.75,0.15,157.08,625.86,0,3,True,False,False,False,False,False,True,False,False,False,True,False,False
100327,19.0,51291.52,Bronze,10.0,41.0,62.35,7.4,1940,0.2381,5.32,82.13,623.5,0,0,False,True,False,False,False,True,False,False,False,False,False,False,True
105014,58.0,41778.39,Bronze,12.0,66.8,41.8,5.8,1485,0.177,4.07,83.12,501.6,0,0,True,False,False,False,False,False,False,True,True,False,False,False,False
102593,44.0,56119.82,Gold,9.0,27.8,101.81,7.7,950,0.3125,2.6,61.18,916.29,0,2,False,False,True,False,False,False,True,False,False,True,False,False,False
105186,41.0,53178.86,Silver,11.0,67.0,228.65,7.7,2327,0.1618,6.38,21.14,2515.15,1,1,False,True,False,False,True,False,False,False,False,True,False,False,False
102928,41.0,43598.07,Silver,5.0,75.0,163.11,7.6,433,0.0658,1.19,53.39,815.55,0,1,True,False,False,False,False,False,False,True,False,False,False,False,True
104051,49.0,51736.99,Gold,11.0,79.0,94.13,5.0,398,0.1375,1.09,49.92,1035.43,0,2,True,False,False,False,False,False,False,True,False,False,False,False,True
105807,26.0,59555.64,Gold,13.0,72.0,57.07,9.2,647,0.1781,1.77,80.17,741.91,0,2,False,True,False,True,False,False,False,False,False,False,True,False,False
103786,23.0,58236.77,Bronze,9.0,66.0,159.99,6.6,70,0.1343,0.19,40.42,1439.91,1,0,False,True,False,False,False,False,True,False,False,True,False,False,False
100349,19.0,72304.73,Bronze,8.0,37.0,104.31,8.3,491,0.2105,1.35,86.54,834.48,0,0,True,False,False,False,False,False,False,True,False,True,False,False,False
101627,18.0,110491.95000000001,Bronze,11.0,50.0,11.82,5.4,2015,0.2157,5.52,843.32,130.02,0,0,False,True,False,False,False,False,True,False,False,True,False,False,False
104411,55.0,53178.86,Silver,7.0,30.6,269.725,5.5,819,0.2215,2.24,28.15,1888.08,1,1,False,True,False,False,False,False,False,True,False,True,False,False,False
100872,26.0,53178.86,Silver,7.0,21.6,78.04,4.3,2241,0.3097,6.14,97.17,546.28,0,1,True,False,False,True,False,False,False,False,False,True,False,False,False
103359,26.0,64492.83,Silver,12.0,66.0,71.7,7.6,156,0.1791,0.43,74.87,860.4,0,1,False,True,False,False,True,False,False,False,False,True,False,False,False
102340,48.0,106557.57,Bronze,11.0,33.8,62.12,8.0,2090,0.3161,5.73,155.71,683.32,0,0,False,True,False,False,False,False,False,True,False,False,True,False,False
104704,41.0,84752.67,Bronze,4.0,27.0,54.99,8.9,2475,0.1429,6.78,383.57,219.96,0,0,False,True,False,False,False,False,True,False,False,True,False,False,False
102122,39.0,82051.72,Bronze,7.0,34.0,115.97,8.8,1494,0.2,4.09,100.95,811.79,0,0,False,True,False,False,True,False,False,False,False,False,False,True,False
103928,21.0,53178.86,Gold,4.0,16.0,78.48,7.9,2401,0.2353,6.58,168.86,313.92,0,2,True,False,False,False,False,True,False,False,True,False,False,False,False
100086,44.0,29212.99,Silver,8.0,3.0,61.8,7.1,1069,2.0,2.93,58.97,494.4,0,1,True,False,False,False,False,True,False,False,False,False,False,True,False
102819,47.0,53178.86,Bronze,6.0,49.0,104.31,3.2,1013,0.12,2.78,84.83,625.86,0,0,True,False,False,False,True,False,False,False,False,True,False,False,False
101878,60.0,68410.76,Bronze,7.0,41.8,104.31,7.4,1269,0.1636,3.48,93.56,730.17,0,0,True,False,False,False,False,False,False,True,False,False,False,False,True
105690,27.0,70077.59,Bronze,6.0,34.0,90.18,9.8,1256,0.1714,3.44,129.28,541.08,0,0,False,False,True,False,True,False,False,False,False,False,False,True,False
104086,38.0,53178.86,Silver,12.0,6.0,266.5,5.0,848,1.7143,2.32,16.62,3198.0,1,1,True,False,False,True,False,False,False,False,False,True,False,False,False
102967,55.0,46587.16,Bronze,6.0,20.0,45.19,8.0,661,0.2857,1.81,171.19,271.14,0,0,True,False,False,False,False,False,True,False,False,True,False,False,False
103110,28.0,51384.51,Bronze,14.0,38.0,104.31,5.0,661,0.359,1.81,35.16,1460.34,1,0,False,True,False,False,False,False,True,False,False,True,False,False,False
102760,48.0,39713.75,Silver,12.0,22.0,55.72,7.3,553,0.5217,1.52,59.31,668.64,0,1,True,False,False,False,False,False,True,False,False,False,False,False,True
101271,56.0,69902.76,Silver,2.0,53.0,138.61,7.3,2345,0.037,6.42,251.25,277.22,0,1,True,False,False,False,False,False,False,True,False,True,False,False,False
102655,38.0,31629.79,Bronze,10.0,112.0,66.0,8.6,726,0.0885,1.99,47.85,660.0,0,0,False,True,False,False,False,False,False,True,False,True,False,False,False
102634,38.0,86814.85,Bronze,11.0,94.6,201.46,8.7,1502,0.1151,4.12,39.16,2216.06,1,0,False,True,False,False,True,False,False,False,False,False,False,False,True
104955,51.0,40599.34,Gold,8.0,20.0,130.2,9.7,272,0.381,0.75,38.94,1041.6,0,2,True,False,False,False,False,False,False,True,False,False,False,False,True
100619,31.0,89043.7,Bronze,9.0,16.0,120.27,5.5,1090,0.5294,2.99,82.19,1082.43,0,0,False,True,False,False,False,True,False,False,True,False,False,False,False
105131,27.0,25693.91,Gold,1.0,40.0,51.68,7.5,2290,0.0244,6.27,487.74,51.68,0,2,False,True,False,False,False,False,False,True,False,True,False,False,False
102630,37.0,53178.86,Gold,10.0,27.0,133.58,9.5,897,0.3571,2.46,39.78,1335.8,1,2,True,False,False,False,False,False,True,False,True,False,False,False,False
105228,35.0,49399.83,Silver,12.0,37.0,203.3,9.6,1305,0.3158,3.58,20.24,2439.6,1,1,True,False,False,False,True,False,False,False,True,False,False,False,False
102230,41.0,56794.14,Bronze,3.0,36.0,37.57,7.1,86,0.0811,0.24,499.46,112.71,0,0,False,True,False,False,False,False,True,False,False,False,False,False,True
105033,53.0,77032.74,Gold,9.0,23.0,66.79,8.6,2111,0.375,5.78,127.94,601.11,0,2,True,False,False,False,False,True,False,False,False,False,False,True,False
101414,53.0,82095.98,Bronze,6.0,24.0,160.29,9.1,254,0.24,0.7,85.27,961.74,0,0,False,True,False,True,False,False,False,False,False,False,False,True,False
102202,36.0,25182.99,Bronze,5.0,11.0,119.73,9.6,1818,0.4167,4.98,42.0,598.65,0,0,True,False,False,False,False,False,False,True,False,False,True,False,False
104964,32.0,53178.86,Bronze,5.0,8.0,122.09,6.7,1587,0.5556,4.35,86.97,610.45,0,0,False,True,False,True,False,False,False,False,False,True,False,False,False
104478,32.0,110491.95000000001,Gold,5.0,5.0,77.38,5.4,570,0.8333,1.56,284.85,386.9,0,2,False,False,True,False,True,False,False,False,False,False,True,False,False
100870,37.0,88361.29,Bronze,7.0,6.0,18.13,5.5,2136,1.0,5.85,690.81,126.91,0,0,True,False,False,False,False,False,False,True,False,False,True,False,False
102007,37.0,56646.86,Silver,9.0,14.0,46.42,10.0,546,0.6,1.5,135.27,417.78,0,1,True,False,False,False,True,False,False,False,False,False,True,False,False
104148,62.0,110491.95000000001,Silver,10.0,170.0,71.5,8.0,727,0.0585,1.99,154.32,715.0,0,1,False,True,False,False,True,False,False,False,False,False,True,False,False
100357,41.0,77900.97,Silver,7.0,48.0,83.76,8.5,875,0.1429,2.4,132.64,586.32,0,1,False,True,False,True,False,False,False,False,False,False,True,False,False
101163,35.0,44925.54,Silver,8.0,28.0,186.51,7.2,176,0.2759,0.48,30.09,1492.08,1,1,False,True,False,False,False,True,False,False,True,False,False,False,False
105916,42.0,56593.44,Silver,13.0,6.0,123.98,6.1,1645,1.8571,4.51,35.09,1611.74,1,1,True,False,False,True,False,False,False,False,False,True,False,False,False
101891,50.0,54074.58,Bronze,11.0,22.0,184.62,5.1,232,0.4783,0.64,26.61,2030.82,1,0,False,True,False,False,True,False,False,False,False,False,False,True,False
100580,42.0,67530.31,Gold,10.0,176.0,52.91,7.2,246,0.0565,0.67,127.39,529.1,0,2,False,True,False,True,False,False,False,False,False,False,True,False,False
102553,33.0,47217.94,Platinum,8.0,43.0,193.08,6.9,1639,0.1818,4.49,30.55,1544.64,1,3,True,False,False,False,False,False,True,False,False,False,True,False,False
101692,19.0,53178.86,Bronze,4.0,130.0,104.31,7.1,1451,0.0305,3.98,127.15,417.24,0,0,False,True,False,False,False,True,False,False,False,False,False,False,True
100863,37.0,108650.9,Gold,5.0,17.0,43.39,6.3,75,0.2778,0.21,498.51,216.95,0,2,True,False,False,False,True,False,False,False,False,True,False,False,False
105370,59.0,31708.35,Bronze,7.0,25.2,158.19,9.0,1663,0.2672,4.56,28.61,1107.33,0,0,True,False,False,False,False,True,False,False,False,False,False,False,True
105811,61.0,110491.95000000001,Bronze,10.0,76.0,93.76,5.3,1593,0.1299,4.36,117.72,937.6,0,0,True,False,False,True,False,False,False,False,False,False,True,False,False
104790,45.0,56413.98,Bronze,7.0,15.0,104.31,8.0,2150,0.4375,5.89,77.16,730.17,0,0,False,True,False,True,False,False,False,False,False,True,False,False,False
104646,28.0,100921.79,Bronze,6.0,73.0,61.32,4.2,107,0.0811,0.29,273.56,367.92,0,0,False,True,False,True,False,False,False,False,False,False,True,False,False
101117,52.0,59129.35,Bronze,5.0,33.0,134.42,6.2,1708,0.1471,4.68,87.85,672.1,0,0,True,False,False,True,False,False,False,False,False,False,False,True,False
101542,48.0,45336.11,Silver,6.0,88.0,66.04,2.3,1315,0.0674,3.6,114.13,396.24,0,1,False,True,False,False,False,False,True,False,False,False,False,False,True
103791,32.0,66098.94,Bronze,4.0,21.0,127.23,4.1,1226,0.1818,3.36,129.63,508.92,0,0,True,False,False,False,False,True,False,False,False,False,False,True,False
105519,48.0,65387.34,Gold,5.0,40.0,115.1,6.1,234,0.122,0.64,113.42,575.5,0,2,False,True,False,True,False,False,False,False,False,True,False,False,False
103296,45.0,63404.32,Silver,6.0,30.0,111.3,9.4,1429,0.1935,3.92,94.8,667.8,0,1,True,False,False,True,False,False,False,False,False,False,True,False,False
105299,45.0,29168.05,Gold,9.0,10.0,102.2,3.9,2408,0.8182,6.6,31.68,919.8,0,2,False,False,True,False,True,False,False,False,False,False,True,False,False
105314,36.0,58649.22,Bronze,8.0,30.0,153.8,6.9,1620,0.2581,4.44,47.63,1230.4,1,0,True,False,False,False,False,True,False,False,True,False,False,False,False
105905,59.0,51864.33,Bronze,12.0,0.0,110.33,4.8,426,12.0,1.17,39.14,1323.96,1,0,False,True,False,False,False,False,True,False,False,False,False,False,True
103048,44.0,110491.95000000001,Gold,9.0,7.0,112.17,10.0,1317,1.125,3.61,109.34,1009.53,0,2,False,True,False,False,False,False,False,True,False,False,False,True,False
102438,41.0,32887.02,Gold,12.0,49.0,154.08,7.8,339,0.24,0.93,17.78,1848.96,1,2,False,True,False,False,True,False,False,False,False,False,False,False,True
105755,28.0,53178.86,Gold,8.0,134.0,104.31,6.7,1237,0.0593,3.39,63.65,834.48,0,2,False,True,False,False,False,False,False,True,False,True,False,False,False
101777,22.0,110491.95000000001,Bronze,11.0,86.0,143.85,7.3,1020,0.1264,2.79,69.78,1582.35,1,0,False,True,False,False,False,False,False,True,False,False,False,False,True
103270,28.0,53239.72,Silver,5.0,12.0,61.93,5.2,1994,0.3846,5.46,171.38,309.65,0,1,True,False,False,False,False,False,False,True,False,True,False,False,False
104303,29.0,29430.26,Silver,14.0,92.0,130.94,7.5,1429,0.1505,3.92,16.05,1833.16,1,1,False,False,True,True,False,False,False,False,False,False,True,False,False
101593,36.0,57141.68,Gold,11.0,20.4,151.98,5.6,347,0.514,0.95,34.16,1671.78,1,2,True,False,False,False,False,False,False,True,True,False,False,False,False
101724,61.0,21380.51,Silver,7.0,33.0,222.39,10.0,1638,0.2059,4.49,13.73,1556.73,1,1,False,True,False,False,False,False,False,True,False,False,False,False,True
104694,29.0,107234.07,Bronze,10.0,62.0,27.51,7.5,456,0.1587,1.25,388.39,275.1,0,0,False,True,False,False,True,False,False,False,False,False,True,False,False
100491,51.0,85368.79,Bronze,10.0,104.0,49.5,5.5,2159,0.0952,5.92,172.11,495.0,0,0,False,True,False,True,False,False,False,False,True,False,False,False,False
105078,39.0,58828.29,Silver,11.0,14.0,50.38,7.8,1935,0.7333,5.3,105.96,554.18,0,1,False,False,True,True,False,False,False,False,False,True,False,False,False
101007,46.0,26309.62,Silver,3.0,66.0,102.73,6.8,1897,0.0448,5.2,85.09,308.19,0,1,False,True,False,False,False,True,False,False,True,False,False,False,False
103149,59.0,56186.97,Silver,9.0,36.2,153.42,8.6,2321,0.2419,6.36,40.66,1380.78,1,1,True,False,False,False,False,False,False,True,False,False,False,False,True
104249,30.0,29226.31,Gold,13.0,31.0,269.725,4.2,1780,0.4062,4.88,8.33,3506.42,1,2,False,True,False,False,False,False,False,True,False,False,False,True,False
101418,50.0,38617.06,Bronze,7.0,56.8,118.28,6.6,953,0.1211,2.61,46.58,827.96,0,0,False,True,False,False,True,False,False,False,False,False,True,False,False
100026,34.0,67804.66,Silver,7.0,37.4,112.67,9.0,157,0.1823,0.43,85.86,788.69,0,1,True,False,False,False,False,False,False,True,True,False,False,False,False
101114,35.0,58908.3,Gold,7.0,6.0,128.62,5.4,535,1.0,1.47,65.36,900.34,0,2,True,False,False,False,False,False,False,True,False,False,False,True,False
105586,40.0,72229.59,Bronze,8.0,14.0,44.91,9.2,553,0.5333,1.52,200.48,359.28,0,0,False,True,False,False,False,False,True,False,False,True,False,False,False
101553,31.0,57542.01,Bronze,7.0,44.0,74.6,8.4,98,0.1556,0.27,109.98,522.2,0,0,False,True,False,False,False,True,False,False,False,False,False,True,False
105124,37.0,39122.81,Silver,6.0,41.0,60.8,6.9,645,0.1429,1.77,106.95,364.8,0,1,True,False,False,False,True,False,False,False,True,False,False,False,False
104483,43.0,51387.41,Bronze,8.0,46.0,152.43,7.8,314,0.1702,0.86,42.11,1219.44,0,0,False,True,False,False,False,True,False,False,True,False,False,False,False
100434,18.0,108261.99,Bronze,3.0,37.0,204.98,7.1,692,0.0789,1.9,175.77,614.94,0,0,False,False,True,False,False,False,False,True,False,True,False,False,False
102927,48.0,53178.86,Silver,6.0,86.0,66.22,4.2,2160,0.069,5.92,133.51,397.32,0,1,False,False,True,False,True,False,False,False,True,False,False,False,False
103858,38.0,66527.47,Silver,10.0,23.0,71.5,7.7,2178,0.4167,5.97,92.92,715.0,0,1,True,False,False,False,False,False,True,False,False,False,False,False,True
104016,37.0,39415.65,Platinum,4.0,42.0,269.725,6.5,1056,0.093,2.89,36.5,1078.9,0,3,True,False,False,False,False,True,False,False,False,False,False,False,True
102964,29.0,26946.43,Bronze,6.0,39.0,269.725,7.8,2373,0.15,6.5,16.64,1618.35,1,0,False,True,False,True,False,False,False,False,False,False,True,False,False
103099,62.0,44307.22,Bronze,10.0,79.6,269.725,6.0,804,0.1241,2.2,16.42,2697.25,1,0,False,True,False,False,False,True,False,False,False,True,False,False,False
105876,51.0,108400.01,Bronze,7.0,97.0,143.91,4.2,1468,0.0714,4.02,107.5,1007.37,0,0,False,True,False,False,False,False,False,True,False,False,False,False,True
104457,31.0,82145.1,Bronze,7.0,54.0,23.45,6.7,905,0.1273,2.48,497.4,164.15,0,0,False,True,False,False,False,False,True,False,False,True,False,False,False
104541,51.0,60480.74,Bronze,4.0,13.0,104.31,5.9,1919,0.2857,5.26,144.61,417.24,0,0,False,False,True,False,True,False,False,False,False,False,True,False,False
105769,37.0,38052.66,Bronze,8.0,32.0,263.45,6.8,1909,0.2424,5.23,18.05,2107.6,1,0,True,False,False,True,False,False,False,False,False,True,False,False,False
101103,45.0,70011.1,Bronze,16.0,25.0,41.85,7.9,1853,0.6154,5.08,104.4,669.6,0,0,True,False,False,False,False,False,False,True,False,True,False,False,False
105066,42.0,65088.62,Platinum,11.0,2.0,204.46,6.3,1011,3.6667,2.77,28.93,2249.06,1,3,False,True,False,False,False,True,False,False,False,False,True,False,False
104518,36.0,53178.86,Silver,9.0,52.0,269.725,5.1,1365,0.1698,3.74,21.9,2427.52,1,1,True,False,False,True,False,False,False,False,False,False,True,False,False
104163,44.0,52892.4,Bronze,5.0,67.0,99.47,7.7,1362,0.0735,3.73,106.14,497.35,0,0,True,False,False,False,False,True,False,False,False,False,False,True,False
100616,23.0,70420.23,Bronze,11.0,89.2,192.57,6.9,1804,0.122,4.94,33.23,2118.27,1,0,False,True,False,False,True,False,False,False,False,False,False,False,True
100644,40.0,33868.41,Silver,8.0,82.0,37.19,7.0,2297,0.0964,6.29,113.45,297.52,0,1,True,False,False,False,False,False,True,False,False,True,False,False,False
104310,18.0,67341.59,Silver,8.0,29.0,89.95,10.0,1967,0.2667,5.39,93.45,719.6,0,1,False,True,False,False,False,True,False,False,False,True,False,False,False
103154,36.0,65526.49,Gold,11.0,26.0,113.43,8.2,2239,0.4074,6.13,52.47,1247.73,1,2,True,False,False,False,False,True,False,False,False,False,True,False,False
105071,32.0,53178.86,Silver,6.0,33.0,62.34,7.4,677,0.1765,1.85,141.8,374.04,0,1,False,True,False,False,False,True,False,False,True,False,False,False,False
100331,56.0,103538.74,Bronze,6.0,46.0,59.94,7.0,515,0.1277,1.41,287.1,359.64,0,0,True,False,False,False,False,True,False,False,False,False,False,False,True
103826,35.0,110491.95000000001,Silver,9.0,31.0,78.19,6.6,2294,0.2812,6.28,156.79,703.71,0,1,False,True,False,False,False,False,True,False,False,False,True,False,False
104516,49.0,21801.87,Bronze,10.0,16.0,239.98,6.9,654,0.5882,1.79,9.08,2399.8,1,0,True,False,False,True,False,False,False,False,False,True,False,False,False
103114,47.0,47266.78,Gold,8.0,7.0,174.88,8.0,726,1.0,1.99,33.76,1399.04,1,2,True,False,False,False,True,False,False,False,True,False,False,False,False
105366,62.0,48764.13,Silver,13.0,177.0,117.3,7.3,949,0.073,2.6,31.96,1524.9,1,1,False,True,False,False,False,True,False,False,False,True,False,False,False
100484,45.0,110491.95000000001,Silver,7.0,38.0,88.42,9.5,1506,0.1795,4.13,178.23,618.94,0,1,True,False,False,False,False,False,False,True,False,False,True,False,False
105198,24.0,41443.34,Gold,15.0,3.0,74.1,6.5,1277,3.75,3.5,37.25,1111.5,0,2,True,False,False,False,False,True,False,False,False,False,False,True,False
102672,55.0,56185.63,Silver,9.0,28.0,66.58,6.9,1009,0.3103,2.76,93.61,599.22,0,1,True,False,False,False,False,False,True,False,False,True,False,False,False
102060,25.0,100806.77,Bronze,14.0,131.0,269.725,9.6,716,0.1061,1.96,26.69,3776.15,1,0,True,False,False,False,False,False,True,False,False,False,False,True,False
104679,27.0,83567.79,Platinum,12.0,0.0,269.725,6.1,978,12.0,2.68,25.81,3236.7,1,3,True,False,False,False,False,False,False,True,False,False,False,True,False
100033,32.0,103567.04,Bronze,7.0,40.0,40.42,7.2,2170,0.1707,5.95,364.75,282.94,0,0,True,False,False,True,False,False,False,False,False,True,False,False,False
100665,37.0,39201.64,Gold,7.0,5.0,153.83,7.2,2419,1.1667,6.63,36.37,1076.81,0,2,False,True,False,False,False,True,False,False,False,False,True,False,False
105160,18.0,82411.35,Bronze,9.0,7.0,182.38,3.8,1874,1.125,5.13,50.18,1641.42,1,0,False,True,False,False,False,True,False,False,False,False,False,False,True
104183,21.0,87687.37,Bronze,9.0,17.0,90.79,6.3,2039,0.5,5.59,107.18,817.11,0,0,True,False,False,False,False,False,True,False,False,False,False,True,False
101445,36.0,51571.97,Gold,12.0,27.0,117.63,7.0,2152,0.4286,5.9,36.51,1411.56,1,2,False,False,True,True,False,False,False,False,False,False,False,True,False
102400,45.0,76628.63,Silver,5.0,41.0,155.56,8.8,927,0.119,2.54,98.39,777.8,0,1,True,False,False,False,False,True,False,False,False,False,False,True,False
102442,45.0,53178.86,Silver,5.0,74.0,114.75,6.8,1042,0.0667,2.85,92.53,573.75,0,1,False,True,False,False,False,False,True,False,False,False,False,False,True
105853,46.0,36123.47,Silver,8.0,37.0,59.75,5.2,1275,0.2105,3.49,75.41,478.0,0,1,True,False,False,False,True,False,False,False,True,False,False,False,False
101706,61.0,45047.72,Bronze,11.0,110.0,101.95,9.5,1153,0.0991,3.16,40.13,1121.45,0,0,True,False,False,False,False,False,False,True,False,False,False,False,True
105983,36.0,30658.34,Bronze,10.0,47.0,140.22,7.3,209,0.2083,0.57,21.85,1402.2,1,0,False,True,False,False,False,True,False,False,False,True,False,False,False
102851,36.0,94391.44,Bronze,10.0,49.0,137.34,7.3,2131,0.2,5.84,68.68,1373.4,1,0,True,False,False,True,False,False,False,False,False,True,False,False,False
105502,18.0,67366.4,Silver,2.0,51.0,269.725,8.3,727,0.0385,1.99,124.65,539.45,0,1,True,False,False,False,False,False,False,True,False,False,False,False,True
102278,61.0,47030.76,Platinum,8.0,46.4,224.49,7.4,163,0.1688,0.45,26.17,1795.92,1,3,True,False,False,False,False,False,True,False,False,False,False,False,True
101402,34.0,108684.76,Gold,5.0,95.0,104.31,8.4,556,0.0521,1.52,207.99,521.55,0,2,True,False,False,False,False,False,False,True,False,True,False,False,False
105549,42.0,38804.09,Silver,9.0,23.0,29.26,6.6,2090,0.375,5.73,146.8,263.34,0,1,True,False,False,False,False,False,False,True,False,False,False,True,False
100171,30.0,53178.86,Bronze,7.0,88.0,104.31,5.6,730,0.0787,2.0,72.73,730.17,0,0,True,False,False,False,True,False,False,False,False,False,False,False,True
100541,18.0,26868.56,Silver,6.0,56.0,71.9,9.0,1655,0.1053,4.53,62.14,431.4,0,1,False,True,False,True,False,False,False,False,True,False,False,False,False
105466,44.0,32786.84,Bronze,6.0,27.6,115.39,3.7,1546,0.2098,4.24,47.29,692.34,0,0,False,False,True,False,False,False,True,False,False,False,False,False,True
104606,40.0,79936.19,Bronze,5.0,17.2,11.05,8.9,1634,0.2747,4.48,1421.09,55.25,0,0,True,False,False,False,False,False,False,True,False,False,False,False,True
102459,18.0,32785.82,Gold,9.0,44.0,49.56,6.4,1827,0.2,5.01,73.34,446.04,0,2,False,True,False,False,False,False,True,False,False,False,True,False,False
103909,26.0,31090.18,Gold,4.0,13.8,227.58,5.4,1890,0.2703,5.18,34.12,910.32,0,2,False,False,True,True,False,False,False,False,False,True,False,False,False
100675,48.0,110491.95000000001,Silver,8.0,9.0,123.44,6.4,1375,0.8,3.77,111.78,987.52,0,1,False,False,True,False,False,False,False,True,False,False,False,True,False
102919,26.0,49170.93,Bronze,11.0,29.0,56.79,6.5,1539,0.3667,4.22,78.59,624.69,0,0,False,True,False,False,False,False,False,True,False,False,False,True,False
104077,18.0,110491.95000000001,Gold,9.0,104.0,86.28,7.4,58,0.0857,0.16,142.11,776.52,0,2,True,False,False,False,False,False,True,False,False,False,True,False,False
101816,32.0,15715.98,Silver,5.0,4.0,83.44,7.6,479,1.0,1.31,37.58,417.2,0,1,True,False,False,False,False,False,True,False,False,False,True,False,False
102555,43.0,99807.63,Gold,11.0,32.0,104.31,7.9,1552,0.3333,4.25,86.91,1147.41,0,2,True,False,False,True,False,False,False,False,False,False,False,False,True
102101,41.0,94961.34,Bronze,9.0,194.0,54.4,8.6,1902,0.0462,5.21,193.56,489.6,0,0,True,False,False,False,True,False,False,False,False,True,False,False,False
103126,45.0,65131.63,Bronze,13.0,154.0,13.6,6.2,235,0.0839,0.64,366.32,176.8,0,0,False,True,False,False,True,False,False,False,False,False,False,False,True
105494,31.0,43188.87,Silver,8.0,23.0,104.31,6.5,2054,0.3333,5.63,51.69,834.48,0,1,False,True,False,False,False,False,True,False,False,False,False,True,False
102102,18.0,50439.27,Silver,14.0,54.0,104.31,8.6,1321,0.2545,3.62,34.52,1460.34,1,1,False,True,False,False,False,False,True,False,False,False,True,False,False
105081,26.0,66798.19,Bronze,8.0,65.0,190.72,8.5,2278,0.1212,6.24,43.75,1525.76,1,0,False,False,True,False,True,False,False,False,False,False,False,True,False
102804,26.0,46255.61,Silver,10.0,16.0,59.72,8.5,277,0.5882,0.76,77.32,597.2,0,1,False,True,False,False,False,False,True,False,False,False,True,False,False
101549,45.0,76186.31,Gold,5.0,7.0,174.64,6.8,1349,0.625,3.7,87.15,873.2,0,2,True,False,False,False,False,True,False,False,False,True,False,False,False
104751,48.0,46534.14,Bronze,5.0,14.0,127.53,7.0,687,0.3333,1.88,72.86,637.65,0,0,False,False,True,False,False,False,True,False,False,False,True,False,False
104851,34.0,53178.86,Bronze,5.0,54.0,140.8,9.3,2397,0.0909,6.57,75.43,704.0,0,0,True,False,False,False,True,False,False,False,False,False,False,False,True
100356,41.0,49762.1,Silver,10.0,26.0,104.88,5.4,1486,0.3704,4.07,47.4,1048.8,0,1,False,True,False,False,False,False,False,True,False,False,False,True,False
102641,45.0,80510.12,Silver,11.0,56.0,140.92,7.9,2289,0.193,6.27,51.9,1550.12,1,1,False,True,False,False,False,False,True,False,False,False,False,False,True
104170,44.0,46413.98,Bronze,5.0,44.0,112.2,7.3,1859,0.1111,5.09,82.59,561.0,0,0,False,True,False,False,False,False,False,True,False,True,False,False,False
104677,43.0,56689.97,Platinum,7.0,73.6,113.85,5.6,952,0.0938,2.61,71.04,796.95,0,3,False,True,False,False,False,False,True,False,False,False,True,False,False
105310,47.0,82985.01,Silver,8.0,17.0,269.725,7.9,2266,0.4444,6.21,38.44,2157.8,1,1,True,False,False,False,False,False,False,True,False,False,False,True,False
104274,60.0,90123.7,Platinum,9.0,38.6,269.725,8.3,375,0.2273,1.03,37.11,2427.52,1,3,False,False,True,False,False,True,False,False,True,False,False,False,False
101052,36.0,110491.95000000001,Gold,12.0,13.0,269.725,6.0,81,0.8571,0.22,34.13,3236.7,1,2,True,False,False,False,False,True,False,False,False,True,False,False,False
102322,53.0,50787.56,Bronze,7.0,13.0,63.02,5.4,2281,0.5,6.25,114.87,441.14,0,0,True,False,False,False,False,True,False,False,False,True,False,False,False
104329,45.0,38570.26,Gold,12.0,8.0,184.85,8.1,50,1.3333,0.14,17.38,2218.2,1,2,False,True,False,False,True,False,False,False,False,False,True,False,False
103920,43.0,110491.95000000001,Silver,8.0,17.0,77.62,7.3,2297,0.4444,6.29,177.65,620.96,0,1,True,False,False,False,True,False,False,False,False,True,False,False,False
101752,31.0,58911.83,Silver,5.0,14.0,104.31,10.0,1041,0.3333,2.85,112.74,521.55,0,1,False,True,False,False,False,False,False,True,False,False,False,True,False
102465,30.0,74736.83,Bronze,11.0,5.0,172.02,7.9,2182,1.8333,5.98,39.48,1892.22,1,0,True,False,False,False,True,False,False,False,False,False,True,False,False
101773,22.0,48594.38,Silver,0.0,41.4,104.31,7.6,1957,0.0,5.36,48594.38,0.0,0,1,False,True,False,False,True,False,False,False,False,True,False,False,False
101197,23.0,41908.24,Bronze,7.0,8.0,178.49,5.8,1191,0.7778,3.26,33.52,1249.43,1,0,True,False,False,False,False,False,False,True,False,False,False,False,True
101879,55.0,53178.86,Gold,10.0,93.0,61.71,7.6,2096,0.1064,5.74,86.04,617.1,0,2,False,True,False,False,True,False,False,False,False,True,False,False,False
102017,38.0,53178.86,Bronze,8.0,19.0,113.68,7.1,711,0.4,1.95,58.41,909.44,0,0,True,False,False,False,False,True,False,False,False,False,False,False,True
102006,51.0,23415.51,Bronze,12.0,58.4,137.67,7.3,886,0.202,2.43,14.17,1652.04,1,0,True,False,False,True,False,False,False,False,False,True,False,False,False
104076,28.0,17502.2,Silver,7.0,100.0,125.23,7.4,310,0.0693,0.85,19.94,876.61,0,1,True,False,False,False,True,False,False,False,False,False,False,False,True
101483,39.0,57128.63,Gold,10.0,19.0,252.53,7.1,1454,0.5,3.98,22.61,2525.3,1,2,False,True,False,False,True,False,False,False,False,False,True,False,False
100329,24.0,85553.68,Gold,5.0,52.0,75.01,6.2,2093,0.0943,5.73,227.51,375.05,0,2,False,False,True,False,False,True,False,False,False,True,False,False,False
100649,40.0,35085.54,Bronze,8.0,81.0,153.19,9.0,1546,0.0976,4.24,28.61,1225.52,1,0,True,False,False,True,False,False,False,False,True,False,False,False,False
102895,30.0,53178.86,Gold,6.0,106.0,131.77,7.0,2348,0.0561,6.43,67.18,790.62,0,2,True,False,False,False,False,True,False,False,False,False,False,False,True
101124,35.0,63459.63,Platinum,9.0,151.0,269.725,8.1,943,0.0592,2.58,26.13,2427.52,1,3,True,False,False,False,False,True,False,False,False,False,False,False,True
102777,45.0,71545.35,Bronze,10.0,12.0,76.13,3.9,391,0.7692,1.07,93.85,761.3,0,0,False,True,False,False,False,False,True,False,False,False,False,False,True
102961,23.0,49331.72,Silver,7.0,23.0,131.21,8.6,140,0.2917,0.38,53.65,918.47,0,1,True,False,False,True,False,False,False,False,False,False,True,False,False
103456,28.0,73284.96,Bronze,14.0,30.0,37.31,7.9,139,0.4516,0.38,140.03,522.34,0,0,False,True,False,False,False,True,False,False,False,True,False,False,False
102844,47.0,77730.27,Gold,7.0,81.4,149.81,6.9,249,0.085,0.68,74.05,1048.67,0,2,True,False,False,False,False,False,False,True,False,False,False,True,False
103090,50.0,26712.45,Gold,9.0,10.0,227.94,6.7,1546,0.8182,4.24,13.01,2051.46,1,2,False,True,False,False,False,False,True,False,False,False,True,False,False
105022,51.0,54827.95,Bronze,8.0,41.0,104.31,7.0,1907,0.1905,5.22,65.62,834.48,0,0,True,False,False,True,False,False,False,False,False,False,True,False,False
104315,38.0,34468.49,Bronze,6.0,58.0,69.46,10.0,655,0.1017,1.79,82.51,416.76,0,0,True,False,False,False,False,True,False,False,True,False,False,False,False
103412,18.0,53178.86,Bronze,6.0,28.0,70.43,7.2,33,0.2069,0.09,125.55,422.58,0,0,False,False,True,False,False,True,False,False,True,False,False,False,False
104620,45.0,61740.54,Silver,9.0,29.0,74.23,5.4,1299,0.3,3.56,92.28,668.07,0,1,False,True,False,False,True,False,False,False,False,True,False,False,False
101520,18.0,27547.76,Bronze,5.0,54.0,70.14,7.3,1050,0.0909,2.88,78.33,350.7,0,0,False,True,False,False,False,True,False,False,False,True,False,False,False
101379,41.0,29556.59,Bronze,5.0,4.0,116.56,7.6,1957,1.0,5.36,50.63,582.8,0,0,True,False,False,False,False,True,False,False,True,False,False,False,False
104382,42.0,42129.39,Bronze,8.0,21.0,37.36,7.0,655,0.3636,1.79,140.49,298.88,0,0,False,True,False,False,True,False,False,False,False,False,True,False,False
101024,45.0,76519.62,Bronze,8.0,30.6,229.8,5.0,997,0.2532,2.73,41.6,1838.4,1,0,False,True,False,True,False,False,False,False,False,False,False,False,True
102877,22.0,60948.57,Bronze,10.0,38.0,104.31,6.6,643,0.2564,1.76,58.37,1043.1,0,0,False,True,False,False,True,False,False,False,False,False,False,False,True
104554,42.0,77306.8,Bronze,6.0,46.8,169.21,6.3,2307,0.1255,6.32,76.07,1015.26,0,0,True,False,False,False,False,True,False,False,False,False,False,False,True
104796,27.0,31067.47,Bronze,11.0,16.8,145.42,6.1,1799,0.618,4.93,19.41,1599.62,1,0,False,True,False,False,False,True,False,False,False,False,False,False,True
100913,45.0,110491.95000000001,Silver,9.0,31.0,149.47,8.8,527,0.2812,1.44,82.08,1345.23,1,1,True,False,False,True,False,False,False,False,False,False,False,True,False
104039,30.0,34945.78,Bronze,8.0,16.0,135.0,4.7,142,0.4706,0.39,32.33,1080.0,0,0,False,True,False,False,False,False,False,True,False,False,False,False,True
101676,19.0,30419.98,Silver,5.0,8.0,82.77,7.3,1925,0.5556,5.27,73.33,413.85,0,1,True,False,False,False,False,False,True,False,False,True,False,False,False
101747,31.0,79571.35,Silver,11.0,12.0,269.725,4.7,474,0.8462,1.3,26.81,2966.98,1,1,False,True,False,False,True,False,False,False,True,False,False,False,False
102971,50.0,62642.82,Bronze,7.0,12.0,39.0,8.7,2229,0.5385,6.11,228.62,273.0,0,0,True,False,False,True,False,False,False,False,False,False,False,True,False
101737,22.0,88017.97,Bronze,9.0,191.0,104.31,7.2,2301,0.0469,6.3,93.66,938.79,0,0,True,False,False,False,False,False,True,False,False,False,False,False,True
104320,70.0,64912.04,Bronze,9.0,1.0,269.725,6.9,496,4.5,1.36,26.73,2427.52,1,0,False,True,False,False,False,False,True,False,False,False,False,True,False
101809,38.0,57037.09,Bronze,6.0,9.0,159.42,6.2,332,0.6,0.91,59.57,956.52,0,0,False,True,False,True,False,False,False,False,False,False,False,True,False
103528,22.0,43178.51,Silver,11.0,5.0,125.35,9.7,164,1.8333,0.45,31.29,1378.85,1,1,False,True,False,True,False,False,False,False,False,True,False,False,False
102388,46.0,109600.45,Bronze,6.0,19.8,99.56,7.3,1420,0.2885,3.89,183.17,597.36,0,0,True,False,False,True,False,False,False,False,False,False,False,False,True
103403,29.0,53178.86,Silver,10.0,7.0,89.49,5.7,2057,1.25,5.64,59.36,894.9,0,1,True,False,False,False,False,False,True,False,False,True,False,False,False
103481,32.0,48092.01,Bronze,10.0,80.0,104.31,8.5,2213,0.1235,6.06,46.06,1043.1,0,0,False,True,False,True,False,False,False,False,False,True,False,False,False
105707,50.0,53178.86,Bronze,3.0,20.0,192.79,8.0,388,0.1429,1.06,91.79,578.37,0,0,False,True,False,False,False,True,False,False,False,True,False,False,False
102223,39.0,36073.75,Silver,6.0,67.0,23.63,9.6,860,0.0882,2.36,252.65,141.78,0,1,True,False,False,True,False,False,False,False,False,False,True,False,False
104199,18.0,52859.05,Bronze,11.0,59.8,41.76,7.4,1794,0.1809,4.92,114.82,459.36,0,0,True,False,False,False,False,False,False,True,False,False,True,False,False
104167,24.0,43819.27,Silver,8.0,16.0,130.93,8.9,1418,0.4706,3.88,41.79,1047.44,0,1,True,False,False,False,False,False,True,False,False,True,False,False,False
105351,31.0,47605.93,Gold,5.0,56.0,109.35,8.1,1869,0.0877,5.12,86.91,546.75,0,2,False,True,False,False,False,False,False,True,False,True,False,False,False
105882,34.0,25875.17,Silver,9.0,28.0,181.88,7.5,1093,0.3103,2.99,15.8,1636.92,1,1,False,True,False,False,False,True,False,False,False,False,False,True,False
104587,44.0,37073.88,Bronze,9.0,25.0,74.82,6.3,641,0.3462,1.76,54.97,673.38,0,0,False,True,False,True,False,False,False,False,False,True,False,False,False
105325,38.0,59336.36,Bronze,5.0,7.0,150.31,7.2,970,0.625,2.66,78.85,751.55,0,0,True,False,False,False,False,False,False,True,False,False,False,False,True
101996,43.0,43149.07,Platinum,8.0,30.0,129.24,6.1,1860,0.2581,5.1,41.69,1033.92,0,3,False,True,False,False,False,False,False,True,False,False,False,True,False
104991,19.0,72341.89,Bronze,10.0,1.0,115.68,6.3,1863,5.0,5.1,62.48,1156.8,0,0,False,True,False,False,False,False,False,True,False,False,False,True,False
102225,25.0,53178.86,Bronze,11.0,22.0,75.97,5.4,1831,0.4783,5.02,63.56,835.67,0,0,True,False,False,False,False,False,True,False,False,False,True,False,False
101107,22.0,65401.61,Bronze,8.0,40.0,131.62,7.6,2205,0.1951,6.04,62.05,1052.96,0,0,True,False,False,False,True,False,False,False,False,False,False,False,True
100819,41.0,57543.82,Platinum,11.0,70.2,248.27,6.7,1164,0.1545,3.19,21.06,2730.97,1,3,False,True,False,False,False,False,True,False,False,False,True,False,False
104073,36.0,53178.86,Platinum,4.0,25.0,104.31,8.4,1356,0.1538,3.72,127.15,417.24,0,3,False,False,True,False,False,False,True,False,False,False,True,False,False
104359,33.0,86032.33,Silver,10.0,30.0,48.31,6.3,1318,0.3226,3.61,177.72,483.1,0,1,False,True,False,False,False,False,True,False,False,False,False,False,True
101698,66.0,92107.63,Bronze,10.0,2.0,52.28,6.8,2263,3.3333,6.2,175.85,522.8,0,0,False,False,True,False,False,False,True,False,False,False,True,False,False
103222,6.0,53365.47,Bronze,16.0,3.0,49.23,7.3,646,4.0,1.77,67.66,787.68,0,0,True,False,False,False,False,False,True,False,False,True,False,False,False
100137,42.0,33644.78,Silver,7.0,38.0,28.21,4.6,1093,0.1795,2.99,169.52,197.47,0,1,False,True,False,False,False,False,True,False,False,False,False,True,False
102922,41.0,53178.86,Silver,9.0,11.0,47.07,5.8,855,0.75,2.34,125.24,423.63,0,1,True,False,False,False,True,False,False,False,False,True,False,False,False
105317,47.0,53178.86,Bronze,10.0,16.0,179.11,6.6,968,0.5882,2.65,29.67,1791.1,1,0,False,True,False,False,False,False,True,False,False,True,False,False,False
100889,18.0,53297.48,Silver,7.0,28.2,107.32,6.7,2345,0.2397,6.42,70.85,751.24,0,1,True,False,False,False,False,False,True,False,True,False,False,False,False
102657,41.0,32589.89,Bronze,10.0,12.0,147.95,5.9,1666,0.7692,4.56,22.01,1479.5,1,0,False,True,False,True,False,False,False,False,False,True,False,False,False
105734,39.0,53178.86,Bronze,3.0,101.0,74.2,7.4,46,0.0294,0.13,237.83,222.6,0,0,False,True,False,False,False,False,True,False,False,True,False,False,False
102896,23.0,53178.86,Bronze,8.0,26.4,13.75,5.9,1120,0.292,3.07,479.09,110.0,0,0,False,False,True,False,True,False,False,False,False,False,True,False,False
101112,35.0,84594.11,Bronze,8.0,43.4,117.73,8.7,1255,0.1802,3.44,89.72,941.84,0,0,True,False,False,False,False,False,True,False,False,True,False,False,False
103413,40.0,41611.68,Bronze,6.0,67.0,158.18,10.0,517,0.0882,1.42,43.8,949.08,0,0,False,True,False,False,False,False,True,False,False,False,False,False,True
102342,36.0,53417.7,Silver,4.0,44.2,36.12,8.6,2020,0.0885,5.53,367.18,144.48,0,1,False,True,False,False,False,True,False,False,False,False,False,True,False
105991,18.0,50745.64,Bronze,10.0,15.0,71.35,5.9,453,0.625,1.24,71.02,713.5,0,0,True,False,False,False,False,True,False,False,False,False,True,False,False
103760,18.0,68233.81,Bronze,9.0,27.0,38.38,5.0,2463,0.3214,6.75,196.97,345.42,0,0,False,True,False,False,False,True,False,False,False,False,True,False,False
101265,37.0,69548.62,Platinum,9.0,40.0,180.47,6.3,2250,0.2195,6.16,42.79,1624.23,1,3,True,False,False,True,False,False,False,False,False,False,False,False,True
100991,48.0,42722.71,Silver,9.0,80.0,161.99,5.9,1463,0.1111,4.01,29.28,1457.91,1,1,False,True,False,False,True,False,False,False,True,False,False,False,False
103236,45.0,54333.11,Bronze,12.0,48.0,64.4,4.2,1081,0.2449,2.96,70.22,772.8,0,0,True,False,False,False,False,False,True,False,False,True,False,False,False
101740,39.0,69760.97,Bronze,11.0,0.0,7.36,7.5,1373,11.0,3.76,851.16,80.96,0,0,False,True,False,False,False,False,False,True,False,False,False,False,True
102478,41.0,110491.95000000001,Bronze,6.0,42.0,104.31,5.0,1652,0.1395,4.53,176.26,625.86,0,0,True,False,False,False,False,False,True,False,False,False,True,False,False
100354,48.0,41738.16,Bronze,7.0,137.0,60.52,8.2,2223,0.0507,6.09,98.29,423.64,0,0,True,False,False,False,True,False,False,False,False,False,False,False,True
105270,29.0,77164.38,Silver,7.0,62.0,97.13,9.9,1129,0.1111,3.09,113.33,679.91,0,1,False,False,True,False,True,False,False,False,False,False,False,False,True
102458,31.0,41986.4,Silver,13.0,15.0,47.69,7.0,281,0.8125,0.77,67.61,619.97,0,1,False,True,False,False,True,False,False,False,False,False,True,False,False
104208,49.0,110491.95000000001,Silver,6.0,4.0,237.82,6.4,838,1.2,2.3,77.38,1426.92,1,1,False,True,False,False,True,False,False,False,False,True,False,False,False
101490,40.0,50284.64,Bronze,9.0,1.0,103.06,7.3,1861,4.5,5.1,54.15,927.54,0,0,True,False,False,True,False,False,False,False,False,True,False,False,False
103927,47.0,46190.11,Gold,5.0,12.0,106.53,6.1,1716,0.3846,4.7,86.56,532.65,0,2,False,True,False,False,False,False,True,False,False,True,False,False,False
101229,45.0,53178.86,Silver,7.0,49.0,61.63,7.0,188,0.14,0.52,122.98,431.41,0,1,True,False,False,False,False,True,False,False,False,False,False,False,True
105933,35.0,41957.96,Gold,7.0,9.0,104.31,9.4,2004,0.7,5.49,57.38,730.17,0,2,True,False,False,False,False,True,False,False,False,False,False,True,False
102690,18.0,70718.13,Silver,5.0,21.0,131.19,6.2,958,0.2273,2.62,107.65,655.95,0,1,True,False,False,False,False,True,False,False,False,False,True,False,False
105683,33.0,30576.43,Bronze,10.0,38.8,74.25,9.3,1242,0.2513,3.4,41.12,742.5,0,0,False,True,False,True,False,False,False,False,False,False,False,False,True
100053,21.0,31613.06,Bronze,5.0,16.0,256.34,8.8,2405,0.2941,6.59,24.65,1281.7,1,0,False,True,False,False,False,False,False,True,False,True,False,False,False
103124,45.0,66944.65,Silver,6.0,48.0,59.53,8.2,1456,0.1224,3.99,186.9,357.18,0,1,True,False,False,False,False,False,False,True,False,False,True,False,False
103949,37.0,91688.67,Silver,6.0,23.8,35.04,5.2,1555,0.2419,4.26,434.05,210.24,0,1,False,True,False,False,True,False,False,False,False,False,False,True,False
103322,34.0,23311.29,Bronze,9.0,26.0,111.12,9.1,966,0.3333,2.65,23.29,1000.08,0,0,False,True,False,False,False,True,False,False,False,True,False,False,False
103653,48.0,75511.68,Gold,12.0,46.0,145.63,9.0,2469,0.2553,6.76,43.19,1747.56,1,2,True,False,False,False,False,True,False,False,False,False,False,False,True
101590,33.0,110491.95000000001,Gold,9.0,2.0,114.72,7.8,949,3.0,2.6,106.91,1032.48,0,2,False,True,False,False,False,True,False,False,False,True,False,False,False
101480,58.0,41844.97,Bronze,3.0,15.0,162.31,6.1,1401,0.1875,3.84,85.76,486.93,0,0,False,True,False,False,False,True,False,False,False,True,False,False,False
101470,18.0,77263.78,Bronze,9.0,31.0,50.94,5.9,1636,0.2812,4.48,168.16,458.46,0,0,False,True,False,False,True,False,False,False,False,False,False,False,True
102779,44.0,62009.23,Gold,6.0,13.0,107.89,9.5,178,0.4286,0.49,95.64,647.34,0,2,False,True,False,False,False,False,True,False,False,True,False,False,False
105988,32.0,30278.96,Gold,7.0,64.0,155.13,6.9,2173,0.1077,5.95,27.86,1085.91,0,2,True,False,False,True,False,False,False,False,False,True,False,False,False
102079,18.0,71518.42,Silver,7.0,40.4,166.58,5.1,2160,0.1691,5.92,61.28,1166.06,0,1,True,False,False,False,False,False,True,False,False,True,False,False,False
103451,19.0,66645.01,Bronze,9.0,23.0,203.75,6.3,630,0.375,1.73,36.32,1833.75,1,0,False,True,False,False,False,False,False,True,True,False,False,False,False
102952,47.0,83233.12,Bronze,11.0,4.0,104.31,6.6,611,2.2,1.67,72.48,1147.41,0,0,False,False,True,True,False,False,False,False,True,False,False,False,False
100437,32.0,81250.41,Silver,6.0,60.0,104.31,7.8,1795,0.0984,4.92,129.61,625.86,0,1,True,False,False,False,False,True,False,False,False,False,False,True,False
102887,44.0,50410.97,Bronze,8.0,42.0,88.69,9.3,732,0.186,2.01,70.95,709.52,0,0,False,True,False,False,False,False,False,True,False,True,False,False,False
101589,26.0,31783.95,Bronze,11.0,14.8,39.23,10.0,875,0.6962,2.4,73.48,431.53,0,0,False,True,False,False,False,False,False,True,False,False,False,False,True
104418,42.0,46775.48,Bronze,10.0,42.6,96.12,3.0,684,0.2294,1.87,48.61,961.2,0,0,False,True,False,False,False,True,False,False,False,True,False,False,False
101591,21.0,35219.59,Bronze,13.0,18.0,78.51,6.9,930,0.6842,2.55,34.47,1020.63,0,0,True,False,False,False,True,False,False,False,False,False,False,False,True
103251,52.0,93802.04,Silver,8.0,13.0,81.64,9.1,2430,0.5714,6.66,143.4,653.12,0,1,False,True,False,False,False,True,False,False,False,False,False,True,False
100974,45.0,47577.88,Gold,10.0,3.0,194.46,5.7,376,2.5,1.03,24.45,1944.6,1,2,True,False,False,True,False,False,False,False,False,False,True,False,False
101239,45.0,110491.95000000001,Bronze,13.0,43.4,62.19,7.5,2070,0.2928,5.67,136.5,808.47,0,0,False,True,False,False,True,False,False,False,False,False,False,True,False
102474,45.0,106517.01,Bronze,5.0,55.0,208.46,7.9,1298,0.0893,3.56,102.1,1042.3,0,0,True,False,False,False,False,True,False,False,False,False,False,True,False
103589,28.0,55560.18,Silver,16.0,61.0,212.76,6.3,1726,0.2581,4.73,16.32,3404.16,1,1,True,False,False,False,True,False,False,False,False,False,True,False,False
105121,40.0,36139.58,Bronze,8.0,99.0,269.725,5.2,2054,0.08,5.63,16.74,2157.8,1,0,True,False,False,False,False,True,False,False,False,False,True,False,False
102232,25.0,110491.95000000001,Bronze,9.0,24.6,260.37,7.1,580,0.3516,1.59,47.13,2343.33,1,0,True,False,False,False,False,False,False,True,False,True,False,False,False
102519,45.0,56571.31,Silver,11.0,15.0,141.11,6.1,254,0.6875,0.7,36.42,1552.21,1,1,False,True,False,False,False,True,False,False,False,False,False,False,True
101498,24.0,59811.0,Silver,8.0,25.0,78.78,6.1,1719,0.3077,4.71,94.75,630.24,0,1,False,True,False,True,False,False,False,False,False,False,True,False,False
100450,43.0,104655.37,Bronze,10.0,18.0,18.46,4.4,2266,0.5263,6.21,563.88,184.6,0,0,False,True,False,True,False,False,False,False,False,False,False,False,True
104123,26.0,53178.86,Silver,7.0,23.0,37.12,7.2,1183,0.2917,3.24,203.88,259.84,0,1,True,False,False,False,False,False,True,False,False,False,True,False,False
102423,57.0,60149.74,Gold,8.0,57.0,269.725,5.5,871,0.1379,2.39,27.86,2157.8,1,2,True,False,False,False,False,True,False,False,True,False,False,False,False
105387,23.0,91723.32,Silver,5.0,17.6,135.91,8.2,1300,0.2688,3.56,134.78,679.55,0,1,True,False,False,False,True,False,False,False,False,False,False,False,True
105957,27.0,58298.58,Silver,8.0,33.0,75.98,7.6,2442,0.2353,6.69,95.75,607.84,0,1,True,False,False,True,False,False,False,False,True,False,False,False,False
101552,29.0,73736.2,Silver,8.0,81.2,31.0,5.5,2038,0.0973,5.58,296.13,248.0,0,1,False,True,False,False,False,True,False,False,False,False,True,False,False
105319,18.0,46861.87,Platinum,10.0,18.0,250.23,8.1,2207,0.5263,6.05,18.72,2502.3,1,3,False,True,False,False,False,True,False,False,False,True,False,False,False
101147,44.0,110491.95000000001,Platinum,7.0,29.8,153.14,5.6,1054,0.2273,2.89,102.98,1071.98,0,3,True,False,False,False,False,False,True,False,True,False,False,False,False
105599,41.0,84042.27,Silver,8.0,39.0,147.45,8.0,1036,0.2,2.84,71.19,1179.6,0,1,False,True,False,False,False,True,False,False,False,True,False,False,False
102093,40.0,73945.01,Bronze,12.0,40.8,129.12,8.1,754,0.2871,2.07,47.69,1549.44,1,0,True,False,False,False,True,False,False,False,False,False,False,True,False
101314,43.0,53178.86,Bronze,6.0,31.0,94.2,5.3,1075,0.1875,2.95,93.92,565.2,0,0,False,True,False,False,True,False,False,False,True,False,False,False,False
102016,40.0,91092.38,Silver,9.0,17.0,59.63,8.6,2356,0.5,6.45,169.42,536.67,0,1,False,True,False,False,False,True,False,False,False,False,False,False,True
104307,41.0,42716.92,Silver,7.0,51.2,69.96,7.4,988,0.1341,2.71,87.05,489.72,0,1,False,True,False,True,False,False,False,False,False,False,False,False,True
103709,36.0,39509.06,Silver,7.0,40.8,85.52,5.4,1399,0.1675,3.83,65.89,598.64,0,1,False,True,False,False,True,False,False,False,True,False,False,False,False
103009,35.0,53178.86,Gold,7.0,71.6,104.31,6.4,250,0.0964,0.68,72.73,730.17,0,2,True,False,False,False,False,False,False,True,True,False,False,False,False
101382,18.0,37915.9,Bronze,9.0,22.0,56.8,9.8,2380,0.3913,6.52,74.03,511.2,0,0,False,True,False,False,False,False,True,False,False,False,False,False,True
103249,48.0,97128.17,Gold,12.0,18.0,90.72,7.0,1394,0.6316,3.82,89.14,1088.64,0,2,False,True,False,False,False,False,False,True,False,True,False,False,False
100414,47.0,53178.86,Bronze,7.0,96.0,14.65,9.6,2005,0.0722,5.49,513.56,102.55,0,0,False,False,True,False,False,True,False,False,True,False,False,False,False
100942,49.0,21798.83,Gold,9.0,74.0,85.99,9.2,1464,0.12,4.01,28.13,773.91,0,2,True,False,False,False,False,False,False,True,False,False,False,True,False
100802,25.0,86919.71,Gold,5.0,31.2,39.82,6.3,1741,0.1553,4.77,434.38,199.1,0,2,False,True,False,False,False,False,False,True,False,False,True,False,False
104914,25.0,69950.99,Gold,16.0,13.0,69.77,6.0,1408,1.1429,3.86,62.61,1116.32,0,2,False,True,False,False,False,True,False,False,False,True,False,False,False
105484,55.0,37938.38,Bronze,10.0,0.0,109.02,8.5,2324,10.0,6.37,34.77,1090.2,0,0,False,False,True,False,False,False,True,False,False,False,True,False,False
100257,43.0,32140.45,Bronze,9.0,31.8,104.31,4.6,1784,0.2744,4.89,34.2,938.79,0,0,False,True,False,False,True,False,False,False,False,False,False,False,True
105887,42.0,59979.24,Bronze,11.0,49.0,62.82,6.8,1428,0.22,3.91,86.67,691.02,0,0,False,False,True,False,False,False,False,True,False,False,False,True,False
102236,25.0,47416.92,Bronze,16.0,32.8,137.08,8.9,2164,0.4734,5.93,21.61,2193.28,1,0,False,True,False,False,False,True,False,False,False,True,False,False,False
100648,18.0,53178.86,Silver,10.0,30.0,93.39,6.5,295,0.3226,0.81,56.88,933.9,0,1,True,False,False,False,True,False,False,False,False,True,False,False,False
101768,48.0,28282.1,Silver,8.0,107.6,93.26,5.8,2174,0.0737,5.96,37.86,746.08,0,1,True,False,False,False,False,False,True,False,False,True,False,False,False
104106,47.0,22985.37,Gold,11.0,30.0,92.94,6.6,333,0.3548,0.91,22.46,1022.34,0,2,False,True,False,False,False,False,False,True,False,False,True,False,False
103936,41.0,58772.04,Bronze,8.0,31.0,70.55,7.0,1131,0.25,3.1,103.95,564.4,0,0,False,True,False,False,False,False,True,False,False,True,False,False,False
105413,32.0,42122.34,Bronze,8.0,5.0,71.97,5.1,607,1.3333,1.66,73.03,575.76,0,0,False,True,False,False,False,False,True,False,True,False,False,False,False
103950,38.0,53178.86,Gold,10.0,11.0,102.82,7.3,1031,0.8333,2.82,51.67,1028.2,0,2,True,False,False,False,True,False,False,False,False,False,False,True,False
100025,33.0,29691.48,Gold,8.0,52.0,106.54,8.2,1775,0.1509,4.86,34.8,852.32,0,2,True,False,False,False,False,True,False,False,False,False,True,False,False
101089,46.0,78986.64,Bronze,1.0,65.2,30.48,5.8,1775,0.0151,4.86,2509.11,30.48,0,0,False,False,True,False,False,False,True,False,False,False,False,False,True
105112,35.0,53401.5,Platinum,9.0,120.0,180.61,10.0,131,0.0744,0.36,32.83,1625.49,1,3,False,True,False,False,True,False,False,False,False,True,False,False,False
104166,42.0,35125.71,Gold,5.0,30.0,101.8,6.7,1983,0.1613,5.43,68.87,509.0,0,2,False,True,False,False,False,True,False,False,False,False,False,False,True
100113,31.0,57851.95,Gold,10.0,54.2,117.83,8.3,2161,0.1812,5.92,49.06,1178.3,0,2,False,True,False,False,False,False,True,False,False,True,False,False,False
102312,41.0,57243.65,Gold,4.0,94.0,129.75,7.1,2239,0.0421,6.13,110.08,519.0,0,2,False,True,False,False,True,False,False,False,False,False,True,False,False
104648,29.0,53178.86,Gold,8.0,100.8,104.31,6.6,82,0.0786,0.22,63.65,834.48,0,2,True,False,False,False,False,False,True,False,False,False,True,False,False
100057,35.0,53178.86,Silver,7.0,18.0,115.2,7.8,2086,0.3684,5.72,65.86,806.4,0,1,True,False,False,True,False,False,False,False,False,False,False,True,False
100696,29.0,33214.58,Silver,5.0,5.0,167.77,8.5,547,0.8333,1.5,39.55,838.85,0,1,True,False,False,False,False,True,False,False,False,False,False,True,False
102000,65.0,60583.47,Bronze,6.0,24.2,269.725,6.7,278,0.2381,0.76,37.41,1618.35,1,0,False,True,False,False,False,False,True,False,False,True,False,False,False
100277,29.0,75706.79,Silver,11.0,123.0,37.34,8.8,1438,0.0887,3.94,183.87,410.74,0,1,False,True,False,True,False,False,False,False,False,False,False,False,True
104061,41.0,63235.49,Silver,7.0,35.0,37.68,8.0,539,0.1944,1.48,238.84,263.76,0,1,True,False,False,False,False,False,True,False,False,False,True,False,False
103008,51.0,40711.84,Silver,3.0,2.0,181.83,8.1,101,1.0,0.28,74.5,545.49,0,1,True,False,False,False,False,True,False,False,False,False,True,False,False
101834,43.0,69471.41,Bronze,3.0,27.2,106.25,7.8,303,0.1064,0.83,217.27,318.75,0,0,True,False,False,False,False,False,False,True,False,False,False,False,True
100683,53.0,29060.77,Platinum,12.0,16.0,227.92,7.7,1003,0.7059,2.75,10.62,2735.04,1,3,False,True,False,False,False,False,False,True,False,True,False,False,False
103140,62.0,23543.97,Silver,11.0,51.2,59.86,6.0,2017,0.2107,5.53,35.7,658.46,0,1,True,False,False,False,False,False,True,False,False,False,True,False,False
104335,45.0,57695.66,Bronze,9.0,29.0,146.94,6.9,308,0.3,0.84,43.59,1322.46,1,0,False,True,False,True,False,False,False,False,False,False,False,True,False
101138,38.0,42146.74,Bronze,12.0,84.0,28.34,7.8,1389,0.1412,3.81,123.57,340.08,0,0,True,False,False,False,False,True,False,False,False,False,False,True,False
103753,36.0,75016.08,Silver,18.0,104.0,144.51,4.3,1408,0.1714,3.86,28.83,2601.18,1,1,False,True,False,False,False,True,False,False,False,False,False,True,False
103783,27.0,61238.77,Silver,6.0,31.0,103.02,6.3,112,0.1875,0.31,98.91,618.12,0,1,True,False,False,True,False,False,False,False,False,True,False,False,False
103012,34.0,34093.56,Bronze,2.0,79.0,193.79,7.0,966,0.025,2.65,87.74,387.58,0,0,False,True,False,False,False,False,True,False,False,False,False,False,True
104089,33.0,53178.86,Bronze,4.0,84.0,72.99,6.0,807,0.0471,2.21,181.52,291.96,0,0,True,False,False,False,False,False,True,False,False,False,False,False,True
104834,28.0,44710.16,Gold,11.0,18.0,127.23,6.9,1727,0.5789,4.73,31.92,1399.53,1,2,True,False,False,False,False,True,False,False,False,True,False,False,False
101347,42.0,96668.68,Platinum,4.0,22.0,156.1,6.8,1745,0.1739,4.78,154.57,624.4,0,3,False,True,False,False,False,False,True,False,False,False,True,False,False
102551,18.0,53178.86,Silver,7.0,55.0,120.26,6.5,2054,0.125,5.63,63.1,841.82,0,1,True,False,False,False,False,False,True,False,False,False,False,True,False
104923,40.0,46727.3,Gold,9.0,46.0,244.62,7.4,1933,0.1915,5.3,21.21,2201.58,1,2,False,True,False,False,False,False,False,True,False,False,False,False,True
102385,46.0,49228.23,Silver,2.0,43.0,129.62,8.5,1938,0.0455,5.31,189.16,259.24,0,1,True,False,False,False,False,False,False,True,False,True,False,False,False
104767,26.0,63402.15,Bronze,7.0,98.0,133.78,6.8,832,0.0707,2.28,67.63,936.46,0,0,False,True,False,False,False,False,True,False,False,True,False,False,False
104177,70.0,49386.29,Bronze,11.0,38.8,41.66,7.1,1096,0.2764,3.0,107.53,458.26,0,0,False,True,False,False,True,False,False,False,True,False,False,False,False
103254,50.0,73350.03,Gold,11.0,57.0,47.45,5.9,1131,0.1897,3.1,140.26,521.95,0,2,True,False,False,False,True,False,False,False,False,False,True,False,False
102610,22.0,35327.41,Silver,13.0,30.0,85.15,7.3,225,0.4194,0.62,31.89,1106.95,0,1,True,False,False,False,False,False,False,True,True,False,False,False,False
103255,34.0,35727.56,Bronze,12.0,90.0,114.79,5.6,1292,0.1319,3.54,25.92,1377.48,1,0,False,True,False,False,False,False,False,True,False,False,True,False,False
102570,44.0,39254.12,Bronze,8.0,78.0,106.7,8.5,2100,0.1013,5.75,45.93,853.6,0,0,False,True,False,False,True,False,False,False,False,False,False,True,False
102754,39.0,39561.44,Platinum,7.0,18.0,221.72,7.4,1470,0.3684,4.03,25.47,1552.04,1,3,False,True,False,False,False,True,False,False,False,False,True,False,False
104989,32.0,61493.43,Bronze,8.0,37.0,132.79,5.2,482,0.2105,1.32,57.83,1062.32,0,0,False,True,False,False,False,True,False,False,True,False,False,False,False
104927,52.0,63150.58,Gold,8.0,8.0,47.61,5.6,243,0.8889,0.67,165.37,380.88,0,2,False,True,False,False,False,False,True,False,False,False,True,False,False
100082,30.0,20104.88,Bronze,5.0,43.0,68.87,8.3,1384,0.1136,3.79,58.22,344.35,0,0,True,False,False,False,False,False,False,True,False,False,False,False,True
101973,39.0,48029.8,Bronze,13.0,13.0,44.54,5.8,837,0.9286,2.29,82.81,579.02,0,0,False,True,False,False,False,True,False,False,False,False,False,False,True
101715,26.0,39130.07,Silver,12.0,24.0,48.24,6.9,717,0.48,1.96,67.48,578.88,0,1,True,False,False,False,False,False,False,True,False,False,True,False,False
103143,35.0,24185.81,Bronze,11.0,17.0,65.35,7.3,528,0.6111,1.45,33.6,718.85,0,0,True,False,False,False,False,True,False,False,False,False,True,False,False
103623,27.0,55521.8,Silver,11.0,38.0,147.56,7.4,1036,0.2821,2.84,34.18,1623.16,1,1,True,False,False,False,False,False,False,True,False,False,True,False,False
101947,29.0,53178.86,Bronze,5.0,39.0,113.19,8.7,2368,0.125,6.49,93.8,565.95,0,0,True,False,False,False,False,False,True,False,False,True,False,False,False
103318,30.0,41893.85,Silver,6.0,16.0,66.45,9.0,1315,0.3529,3.6,104.81,398.7,0,1,True,False,False,False,False,False,True,False,False,True,False,False,False
104085,50.0,42020.34,Silver,2.0,41.0,151.11,7.4,2388,0.0476,6.54,138.58,302.22,0,1,True,False,False,False,False,False,True,False,False,False,False,True,False
104710,45.0,52573.87,Bronze,6.0,70.0,25.41,7.3,1276,0.0845,3.5,342.59,152.46,0,0,False,True,False,False,False,False,True,False,False,True,False,False,False
104641,56.0,60577.78,Silver,6.0,5.0,53.7,6.3,326,1.0,0.89,187.43,322.2,0,1,True,False,False,False,False,False,True,False,False,True,False,False,False
102891,28.0,49999.52,Bronze,11.0,8.0,21.58,9.1,1021,1.2222,2.8,209.75,237.38,0,0,True,False,False,False,False,False,True,False,False,False,True,False,False
103246,42.0,43513.31,Bronze,7.0,117.0,109.14,8.3,1906,0.0593,5.22,56.88,763.98,0,0,False,False,True,False,True,False,False,False,False,False,False,False,True
105864,44.0,53178.86,Bronze,12.0,43.0,80.74,8.5,300,0.2727,0.82,54.83,968.88,0,0,False,True,False,False,False,True,False,False,False,False,False,False,True
104626,43.0,110491.95000000001,Silver,7.0,26.0,121.11,6.9,1861,0.2593,5.1,130.18,847.77,0,1,False,True,False,False,False,False,True,False,True,False,False,False,False
100666,18.0,48091.11,Platinum,7.0,39.0,262.12,6.9,1449,0.175,3.97,26.2,1834.84,1,3,False,True,False,True,False,False,False,False,False,False,False,False,True
102195,40.0,89116.21,Silver,10.0,69.4,108.98,7.6,1385,0.142,3.79,81.7,1089.8,0,1,True,False,False,True,False,False,False,False,False,False,True,False,False
105723,38.0,40654.2,Platinum,8.0,26.2,214.54,4.7,900,0.2941,2.47,23.67,1716.32,1,3,True,False,False,False,False,True,False,False,False,False,True,False,False
105101,27.0,81764.1,Bronze,8.0,20.2,69.89,7.9,1009,0.3774,2.76,145.98,559.12,0,0,True,False,False,False,False,False,True,False,False,False,False,False,True
101018,35.0,53178.86,Silver,8.0,16.0,169.15,7.1,277,0.4706,0.76,39.27,1353.2,1,1,False,True,False,False,True,False,False,False,True,False,False,False,False
100558,26.0,48711.97,Platinum,7.0,19.0,228.49,9.6,1322,0.35,3.62,30.44,1599.43,1,3,True,False,False,False,False,False,True,False,False,False,True,False,False
104399,26.0,55879.99,Gold,11.0,63.0,101.8,5.0,686,0.1719,1.88,49.86,1119.8,0,2,True,False,False,False,False,True,False,False,False,False,False,True,False
105767,32.0,50910.32,Bronze,6.0,56.0,77.48,6.1,726,0.1053,1.99,109.28,464.88,0,0,False,True,False,False,False,False,False,True,False,False,False,False,True
101208,27.0,53178.86,Silver,13.0,18.8,53.74,10.0,1435,0.6566,3.93,76.01,698.62,0,1,True,False,False,False,False,True,False,False,False,True,False,False,False
103803,35.0,64478.43,Bronze,8.0,72.8,24.43,4.8,2444,0.1084,6.7,328.23,195.44,0,0,True,False,False,False,False,True,False,False,True,False,False,False,False
103025,36.0,90945.48,Silver,15.0,18.0,177.51,6.5,1304,0.7895,3.57,34.14,2662.65,1,1,True,False,False,False,False,True,False,False,True,False,False,False,False
101511,39.0,83828.34,Gold,8.0,16.0,73.81,7.8,771,0.4706,2.11,141.73,590.48,0,2,False,True,False,False,False,False,False,True,True,False,False,False,False
105115,58.0,39872.9,Bronze,10.0,12.0,199.24,8.8,761,0.7692,2.08,20.0,1992.4,1,0,True,False,False,False,False,True,False,False,False,False,False,True,False
105550,26.0,53178.86,Silver,9.0,42.0,79.99,9.5,2411,0.2093,6.61,73.77,719.91,0,1,False,True,False,True,False,False,False,False,False,True,False,False,False
104202,18.0,86384.02,Silver,7.0,53.2,104.31,4.5,618,0.1292,1.69,118.14,730.17,0,1,False,True,False,True,False,False,False,False,False,True,False,False,False
104568,40.0,53178.86,Silver,11.0,53.8,51.19,6.0,685,0.2007,1.88,94.27,563.09,0,1,False,True,False,False,True,False,False,False,False,False,True,False,False
100267,40.0,53178.86,Bronze,15.0,1.0,119.45,9.5,486,7.5,1.33,29.66,1791.75,1,0,False,True,False,False,True,False,False,False,True,False,False,False,False
102689,53.0,45810.29,Silver,9.0,31.4,104.31,7.9,1487,0.2778,4.07,48.75,938.79,0,1,False,True,False,False,False,True,False,False,False,False,True,False,False
105463,25.0,54587.2,Silver,7.0,33.0,142.06,4.7,1983,0.2059,5.43,54.84,994.42,0,1,False,True,False,False,False,False,False,True,False,False,False,False,True
102112,44.0,75397.54,Gold,13.0,4.0,174.56,9.0,2144,2.6,5.87,33.21,2269.28,1,2,False,True,False,False,False,False,True,False,True,False,False,False,False
102944,34.0,110491.95000000001,Bronze,5.0,34.0,269.725,8.2,2319,0.1429,6.35,81.87,1348.62,1,0,False,True,False,False,True,False,False,False,False,False,False,True,False
101910,43.0,17302.5,Bronze,12.0,21.0,100.9,8.2,1628,0.5455,4.46,14.28,1210.8,0,0,False,True,False,False,False,False,False,True,False,False,False,False,True
103106,39.0,65461.46,Gold,5.0,104.0,57.68,8.7,250,0.0476,0.68,226.2,288.4,0,2,False,True,False,False,False,True,False,False,False,False,False,True,False
103904,35.0,63733.86,Bronze,11.0,61.8,38.4,7.8,2350,0.1752,6.44,150.53,422.4,0,0,False,True,False,False,False,False,True,False,False,False,False,False,True
103952,67.0,86625.21,Bronze,10.0,25.0,162.94,7.8,2311,0.3846,6.33,53.13,1629.4,1,0,False,False,True,False,False,False,True,False,False,True,False,False,False
104237,40.0,53178.86,Gold,7.0,2.0,99.06,7.5,1920,2.3333,5.26,76.58,693.42,0,2,True,False,False,False,True,False,False,False,False,False,True,False,False
103571,47.0,82053.66,Silver,9.0,21.0,114.23,8.9,511,0.4091,1.4,79.74,1028.07,0,1,False,True,False,False,False,False,False,True,False,False,True,False,False
104824,31.0,74444.71,Silver,11.0,38.2,220.83,9.2,2146,0.2806,5.88,30.63,2429.13,1,1,True,False,False,False,True,False,False,False,False,False,True,False,False
103218,52.0,96749.83,Bronze,4.0,6.0,60.48,8.8,1067,0.5714,2.92,398.28,241.92,0,0,True,False,False,False,False,True,False,False,False,True,False,False,False
101785,46.0,32788.39,Bronze,7.0,25.0,66.23,5.2,1972,0.2692,5.4,70.57,463.61,0,0,False,True,False,False,False,True,False,False,False,False,False,False,True
101238,45.0,55194.29,Gold,6.0,104.0,123.02,7.0,280,0.0571,0.77,74.68,738.12,0,2,False,True,False,True,False,False,False,False,False,False,False,False,True
104701,48.0,40669.31,Bronze,4.0,70.0,157.54,5.2,250,0.0563,0.68,64.44,630.16,0,0,False,True,False,False,True,False,False,False,False,False,True,False,False
104201,28.0,32371.0,Bronze,9.0,76.0,152.47,8.9,108,0.1169,0.3,23.57,1372.23,1,0,True,False,False,False,False,False,True,False,False,False,True,False,False
104866,39.0,32870.97,Silver,9.0,18.0,94.94,4.6,1303,0.4737,3.57,38.42,854.46,0,1,True,False,False,False,False,False,True,False,False,False,True,False,False
105921,35.0,53178.86,Platinum,6.0,0.0,159.97,8.7,379,6.0,1.04,55.35,959.82,0,3,False,True,False,True,False,False,False,False,False,False,False,False,True
102187,37.0,110491.95000000001,Bronze,11.0,81.0,51.37,8.0,2250,0.1341,6.16,195.19,565.07,0,0,True,False,False,False,False,False,True,False,False,True,False,False,False
100909,39.0,53178.86,Silver,10.0,20.0,62.26,6.6,1439,0.4762,3.94,85.28,622.6,0,1,False,True,False,False,True,False,False,False,False,False,True,False,False
101304,47.0,51361.06,Silver,9.0,177.0,239.87,5.2,101,0.0506,0.28,23.78,2158.83,1,1,True,False,False,True,False,False,False,False,False,True,False,False,False
105602,54.0,53802.12,Gold,13.0,13.4,149.4,7.8,2007,0.9028,5.5,27.69,1942.2,1,2,True,False,False,True,False,False,False,False,False,True,False,False,False
101628,57.0,25358.4,Bronze,6.0,38.0,90.81,6.7,2042,0.1538,5.59,46.46,544.86,0,0,False,True,False,False,False,False,False,True,False,True,False,False,False
101523,35.0,65777.45,Bronze,3.0,5.0,24.69,6.9,1947,0.5,5.33,876.21,74.07,0,0,True,False,False,False,True,False,False,False,False,True,False,False,False
100836,27.0,54528.31,Silver,15.0,26.0,77.68,5.6,656,0.5556,1.8,46.76,1165.2,0,1,False,True,False,False,False,False,False,True,False,True,False,False,False
100359,28.0,90769.93,Silver,9.0,17.0,60.3,6.8,2183,0.5,5.98,166.95,542.7,0,1,True,False,False,False,False,False,False,True,False,False,False,False,True
100139,62.0,53178.86,Bronze,6.0,68.8,138.49,6.0,2078,0.086,5.69,63.92,830.94,0,0,True,False,False,False,False,False,True,False,False,True,False,False,False
100300,42.0,42101.63,Bronze,4.0,0.0,104.31,8.9,1217,4.0,3.33,100.66,417.24,0,0,False,True,False,False,False,False,False,True,False,True,False,False,False
101557,29.0,49061.14,Silver,5.0,100.0,141.53,8.0,1781,0.0495,4.88,69.23,707.65,0,1,False,False,True,False,False,False,False,True,False,True,False,False,False
101004,46.0,49339.49,Bronze,13.0,31.2,252.27,7.1,1102,0.4037,3.02,15.04,3279.51,1,0,False,True,False,False,False,True,False,False,False,False,True,False,False
100383,19.0,75167.24,Gold,4.0,101.0,92.06,8.1,2048,0.0392,5.61,203.57,368.24,0,2,False,False,True,False,True,False,False,False,False,True,False,False,False
100762,46.0,45500.8,Bronze,13.0,50.0,123.26,4.8,1177,0.2549,3.22,28.38,1602.38,1,0,False,True,False,False,False,False,True,False,False,False,False,False,True
105722,48.0,53178.86,Silver,7.0,4.0,269.725,6.3,1311,1.4,3.59,28.15,1888.08,1,1,True,False,False,False,True,False,False,False,False,True,False,False,False
102955,18.0,68122.91,Bronze,8.0,39.0,25.38,6.7,2466,0.2,6.76,333.87,203.04,0,0,True,False,False,True,False,False,False,False,False,False,True,False,False
104175,25.0,88138.37,Bronze,10.0,37.6,264.35,8.6,2122,0.2591,5.81,33.33,2643.5,1,0,True,False,False,True,False,False,False,False,False,False,False,False,True
104848,46.0,62202.57,Silver,8.0,8.0,162.35,8.6,1160,0.8889,3.18,47.86,1298.8,1,1,True,False,False,False,False,True,False,False,False,True,False,False,False
104440,26.0,44024.46,Silver,10.0,86.0,269.725,7.1,326,0.1149,0.89,16.32,2697.25,1,1,False,True,False,False,False,False,False,True,False,False,False,True,False
101403,36.0,27816.97,Bronze,9.0,6.0,117.59,5.4,1152,1.2857,3.16,26.26,1058.31,0,0,False,True,False,False,False,False,False,True,False,False,True,False,False
102938,55.0,99519.23,Gold,12.0,43.2,68.5,8.8,2478,0.2715,6.79,120.92,822.0,0,2,False,True,False,False,False,True,False,False,True,False,False,False,False
101933,28.0,81159.96,Silver,8.0,41.0,227.71,7.1,756,0.1905,2.07,44.53,1821.68,1,1,True,False,False,False,True,False,False,False,False,False,True,False,False
103211,38.0,53069.16,Gold,3.0,2.0,245.25,8.6,113,1.0,0.31,72.03,735.75,0,2,True,False,False,False,True,False,False,False,True,False,False,False,False
102898,39.0,97245.14,Bronze,10.0,30.4,17.53,6.7,118,0.3185,0.32,551.59,175.3,0,0,False,True,False,False,False,False,True,False,False,False,False,False,True
105144,51.0,110491.95000000001,Platinum,10.0,84.0,100.11,7.5,820,0.1176,2.25,110.26,1001.1,0,3,False,False,True,False,False,False,False,True,False,False,False,True,False
102828,61.0,74219.29,Silver,6.0,22.0,52.6,7.9,1580,0.2609,4.33,234.43,315.6,0,1,False,True,False,False,False,True,False,False,False,False,False,True,False
103871,38.0,38006.28,Bronze,9.0,4.0,104.31,6.9,1162,1.8,3.18,40.44,938.79,0,0,True,False,False,False,False,True,False,False,False,True,False,False,False
102756,24.0,53178.86,Bronze,7.0,12.0,61.99,5.6,1274,0.5385,3.49,122.27,433.93,0,0,False,True,False,True,False,False,False,False,True,False,False,False,False
100059,28.0,48764.3,Silver,8.0,70.0,104.31,7.4,2297,0.1127,6.29,58.37,834.48,0,1,True,False,False,False,False,False,True,False,False,False,True,False,False
100797,50.0,46313.15,Bronze,12.0,15.0,156.84,6.3,1999,0.75,5.48,24.59,1882.08,1,0,False,True,False,False,False,True,False,False,False,True,False,False,False
102417,29.0,82569.3,Silver,5.0,62.0,269.725,6.6,2339,0.0794,6.41,61.18,1348.62,1,1,False,True,False,False,False,True,False,False,False,True,False,False,False
102986,33.0,96538.09,Gold,5.0,27.4,257.44,5.8,1059,0.1761,2.9,74.94,1287.2,1,2,True,False,False,False,False,True,False,False,False,True,False,False,False
104388,45.0,56112.5,Bronze,7.0,28.0,197.88,6.3,2472,0.2414,6.77,40.48,1385.16,1,0,True,False,False,False,False,False,True,False,False,False,False,False,True
100786,41.0,32947.08,Bronze,7.0,54.0,169.31,9.3,396,0.1273,1.08,27.78,1185.17,0,0,False,True,False,False,False,True,False,False,False,True,False,False,False
105068,49.0,35160.03,Silver,6.0,4.0,145.18,5.7,1945,1.2,5.33,40.32,871.08,0,1,False,True,False,False,False,True,False,False,False,False,False,True,False
102218,37.0,33024.18,Platinum,11.0,42.0,128.75,5.4,316,0.2558,0.87,23.3,1416.25,1,3,False,False,True,False,True,False,False,False,False,False,False,False,True
105322,20.0,30958.06,Silver,6.0,52.0,91.73,6.0,130,0.1132,0.36,56.15,550.38,0,1,False,True,False,False,False,False,False,True,False,True,False,False,False
103505,40.0,53925.48,Silver,5.0,30.0,63.16,7.6,880,0.1613,2.41,170.22,315.8,0,1,True,False,False,True,False,False,False,False,False,False,False,True,False
103371,35.0,75638.11,Silver,10.0,27.6,269.725,10.0,1987,0.3497,5.44,28.03,2697.25,1,1,True,False,False,True,False,False,False,False,False,False,False,True,False
103983,34.0,35019.28,Bronze,8.0,5.0,125.32,6.5,1335,1.3333,3.66,34.9,1002.56,0,0,False,True,False,False,False,True,False,False,False,False,True,False,False
100911,29.0,71947.46,Silver,10.0,49.0,72.23,9.1,1481,0.2,4.06,99.47,722.3,0,1,False,True,False,False,False,True,False,False,False,True,False,False,False
102173,34.0,46777.56,Gold,8.0,32.0,104.31,7.4,1872,0.2424,5.13,55.99,834.48,0,2,True,False,False,True,False,False,False,False,False,False,False,True,False
103519,38.0,56668.09,Silver,7.0,13.0,82.19,6.7,876,0.5,2.4,98.33,575.33,0,1,False,True,False,False,True,False,False,False,False,True,False,False,False
102310,41.0,54380.74,Bronze,6.0,141.0,136.02,6.3,1289,0.0423,3.53,66.55,816.12,0,0,True,False,False,False,False,False,True,False,False,True,False,False,False
105895,38.0,36991.53,Platinum,6.0,143.0,164.45,8.6,410,0.0417,1.12,37.45,986.7,0,3,True,False,False,False,False,True,False,False,True,False,False,False,False
101258,38.0,39193.58,Gold,11.0,53.0,172.67,3.9,543,0.2037,1.49,20.62,1899.37,1,2,False,True,False,False,True,False,False,False,False,False,False,False,True
102496,65.0,48535.46,Silver,7.0,27.0,81.77,8.0,1954,0.25,5.35,84.65,572.39,0,1,True,False,False,False,False,False,True,False,True,False,False,False,False
104521,25.0,58017.4,Gold,12.0,74.0,95.56,7.4,182,0.16,0.5,50.55,1146.72,0,2,True,False,False,False,True,False,False,False,False,False,True,False,False
104886,34.0,48737.35,Bronze,8.0,66.4,108.17,6.7,801,0.1187,2.19,56.26,865.36,0,0,False,True,False,False,False,False,False,True,False,True,False,False,False
101179,42.0,71582.3,Bronze,8.0,83.0,115.49,8.8,132,0.0952,0.36,77.39,923.92,0,0,False,False,True,False,False,False,False,True,False,False,False,False,True
104514,29.0,37532.63,Silver,8.0,40.0,143.48,7.9,489,0.1951,1.34,32.67,1147.84,0,1,False,True,False,False,False,False,False,True,False,False,True,False,False
100443,42.0,94620.31,Platinum,7.0,42.0,222.74,9.0,892,0.1628,2.44,60.65,1559.18,1,3,False,True,False,False,True,False,False,False,False,False,True,False,False
104067,28.0,38551.51,Silver,6.0,36.6,80.44,6.3,560,0.1596,1.53,79.71,482.64,0,1,False,True,False,False,True,False,False,False,True,False,False,False,False
103039,28.0,34680.75,Bronze,10.0,57.0,89.76,5.9,1911,0.1724,5.24,38.59,897.6,0,0,False,True,False,True,False,False,False,False,False,False,True,False,False
105720,44.0,61413.88,Silver,8.0,39.0,87.06,6.4,1683,0.2,4.61,88.05,696.48,0,1,False,True,False,False,True,False,False,False,False,False,False,False,True
101055,21.0,81266.2,Gold,8.0,11.0,177.56,5.4,1768,0.6667,4.84,57.17,1420.48,1,2,False,True,False,False,False,True,False,False,False,False,True,False,False
102670,30.0,55066.19,Bronze,4.0,20.0,69.04,6.0,121,0.1905,0.33,198.68,276.16,0,0,False,False,True,False,True,False,False,False,False,False,False,True,False
104597,34.0,62002.72,Bronze,12.0,52.0,178.93,10.0,2044,0.2264,5.6,28.86,2147.16,1,0,False,True,False,False,False,False,True,False,False,False,True,False,False
103045,40.0,56607.08,Bronze,10.0,32.0,91.6,6.1,77,0.303,0.21,61.73,916.0,0,0,False,True,False,True,False,False,False,False,False,False,False,False,True
101416,28.0,29890.41,Bronze,7.0,8.0,104.31,7.5,888,0.7778,2.43,40.88,730.17,0,0,False,True,False,False,False,False,True,False,False,False,False,False,True
102373,37.0,57372.21,Gold,9.0,32.0,92.8,9.0,285,0.2727,0.78,68.61,835.2,0,2,False,True,False,False,False,False,True,False,False,False,False,True,False
104238,41.0,93263.38,Gold,2.0,7.0,139.34,9.4,698,0.25,1.91,333.46,278.68,0,2,True,False,False,False,False,False,False,True,False,False,False,False,True
102973,38.0,52483.79,Bronze,6.0,40.0,179.44,5.1,891,0.1463,2.44,48.7,1076.64,0,0,True,False,False,False,False,False,True,False,False,False,False,False,True
105429,50.0,42991.14,Bronze,11.0,20.0,33.83,6.7,1275,0.5238,3.49,115.22,372.13,0,0,True,False,False,False,False,False,False,True,False,False,False,False,True
103686,41.0,25131.15,Silver,9.0,172.0,192.55,6.1,1169,0.052,3.2,14.49,1732.95,1,1,True,False,False,False,False,False,False,True,False,False,True,False,False
105167,18.0,29539.82,Silver,3.0,74.0,153.68,6.4,1540,0.04,4.22,63.93,461.04,0,1,True,False,False,False,False,False,True,False,False,False,False,True,False
101503,54.0,42207.08,Bronze,9.0,59.8,56.73,8.3,1554,0.148,4.26,82.5,510.57,0,0,False,True,False,False,True,False,False,False,False,False,False,False,True
104703,18.0,34267.01,Silver,9.0,126.0,96.87,7.0,1518,0.0709,4.16,39.26,871.83,0,1,True,False,False,False,False,True,False,False,False,False,True,False,False
102012,59.0,25249.06,Bronze,5.0,135.0,104.31,8.8,1486,0.0368,4.07,48.32,521.55,0,0,False,True,False,False,True,False,False,False,False,True,False,False,False
105257,44.0,24306.22,Bronze,6.0,1.0,39.23,8.0,996,3.0,2.73,102.83,235.38,0,0,False,True,False,False,False,False,True,False,False,False,False,False,True
105256,23.0,53178.86,Bronze,7.0,16.6,148.66,7.1,1721,0.3977,4.72,51.05,1040.62,0,0,False,True,False,False,False,False,False,True,False,False,True,False,False
102860,27.0,31831.45,Gold,4.0,23.4,71.58,6.2,986,0.1639,2.7,110.79,286.32,0,2,True,False,False,True,False,False,False,False,True,False,False,False,False
104837,18.0,43105.75,Bronze,10.0,77.0,189.48,7.4,1740,0.1282,4.77,22.74,1894.8,1,0,True,False,False,False,False,False,True,False,False,False,True,False,False
104532,41.0,53178.86,Bronze,11.0,28.0,175.79,6.9,1347,0.3793,3.69,27.49,1933.69,1,0,True,False,False,False,True,False,False,False,False,True,False,False,False
103465,44.0,28418.98,Silver,8.0,64.4,45.06,4.7,2171,0.1223,5.95,78.62,360.48,0,1,True,False,False,False,False,False,False,True,False,False,False,False,True
100007,40.0,34490.33,Gold,9.0,8.0,81.67,6.2,267,1.0,0.73,46.86,735.03,0,2,True,False,False,False,False,True,False,False,True,False,False,False,False
102488,48.0,46278.76,Bronze,6.0,58.0,82.54,9.0,2087,0.1017,5.72,93.26,495.24,0,0,False,True,False,False,False,False,True,False,False,True,False,False,False
101944,18.0,59293.57,Gold,4.0,42.0,99.93,5.9,274,0.093,0.75,147.97,399.72,0,2,True,False,False,False,False,False,True,False,False,True,False,False,False
105521,46.0,53932.49,Bronze,12.0,78.0,104.31,7.1,2318,0.1519,6.35,43.05,1251.72,1,0,True,False,False,False,False,False,True,False,False,False,False,False,True
105644,59.0,53178.86,Platinum,8.0,30.0,106.84,6.2,1496,0.2581,4.1,62.15,854.72,0,3,True,False,False,True,False,False,False,False,False,False,True,False,False
104603,37.0,59857.89,Gold,8.0,10.0,96.99,9.5,1110,0.7273,3.04,77.05,775.92,0,2,True,False,False,True,False,False,False,False,False,False,True,False,False
102608,36.0,29654.83,Silver,5.0,17.0,128.81,7.8,508,0.2778,1.39,45.97,644.05,0,1,False,True,False,False,True,False,False,False,False,True,False,False,False
104661,19.0,60365.62,Bronze,2.0,31.0,152.73,5.5,1658,0.0625,4.54,196.98,305.46,0,0,False,False,True,False,False,True,False,False,False,False,True,False,False
105517,39.0,36375.85,Bronze,3.0,61.0,102.71,7.3,1514,0.0484,4.15,117.67,308.13,0,0,False,True,False,False,False,True,False,False,False,False,True,False,False
101065,30.0,110255.03,Gold,7.0,46.0,87.99,7.4,2351,0.1489,6.44,178.72,615.93,0,2,False,True,False,False,False,False,True,False,False,False,True,False,False
103733,70.0,31300.53,Bronze,9.0,6.0,62.82,5.7,420,1.2857,1.15,55.26,565.38,0,0,False,True,False,False,False,True,False,False,False,False,False,False,True
102243,21.0,64828.25,Bronze,7.0,41.2,104.31,7.4,595,0.1659,1.63,88.66,730.17,0,0,True,False,False,False,False,True,False,False,False,False,True,False,False
101475,36.0,93993.27,Gold,7.0,41.0,230.04,8.5,531,0.1667,1.45,58.33,1610.28,1,2,False,True,False,False,False,False,True,False,False,False,False,False,True
104450,38.0,83314.31,Silver,8.0,11.0,38.61,4.6,1956,0.6667,5.36,268.86,308.88,0,1,False,True,False,False,True,False,False,False,False,True,False,False,False
101890,45.0,53178.86,Platinum,12.0,27.2,269.725,5.9,2118,0.4255,5.8,16.42,3236.7,1,3,False,True,False,False,False,True,False,False,False,False,False,False,True
103455,56.0,97661.84,Silver,2.0,26.6,130.28,8.0,257,0.0725,0.7,373.38,260.56,0,1,True,False,False,False,False,False,True,False,False,True,False,False,False
102022,29.0,28015.76,Silver,8.0,83.0,70.05,5.3,1332,0.0952,3.65,49.9,560.4,0,1,False,True,False,True,False,False,False,False,False,True,False,False,False
105236,35.0,47277.48,Silver,7.0,44.0,151.84,8.9,1161,0.1556,3.18,44.44,1062.88,0,1,True,False,False,False,False,False,False,True,False,False,False,True,False
104271,23.0,53178.86,Silver,10.0,9.0,87.11,7.0,116,1.0,0.32,60.98,871.1,0,1,True,False,False,False,False,True,False,False,True,False,False,False,False
102659,36.0,72113.11,Bronze,7.0,2.0,127.47,7.6,179,2.3333,0.49,80.73,892.29,0,0,False,False,True,False,False,True,False,False,False,True,False,False,False
102468,54.0,53178.86,Bronze,3.0,33.0,88.17,6.1,2035,0.0882,5.58,200.29,264.51,0,0,True,False,False,False,False,False,True,False,False,False,False,False,True
102752,33.0,53178.86,Gold,4.0,16.0,112.68,7.7,916,0.2353,2.51,117.73,450.72,0,2,False,True,False,False,True,False,False,False,False,True,False,False,False
101131,27.0,54637.26,Silver,9.0,135.0,104.31,6.4,2140,0.0662,5.86,58.14,938.79,0,1,True,False,False,False,False,True,False,False,True,False,False,False,False
101462,29.0,50543.46,Silver,2.0,34.0,104.31,4.7,2103,0.0571,5.76,241.12,208.62,0,1,False,True,False,True,False,False,False,False,False,True,False,False,False
104690,31.0,41264.67,Bronze,15.0,19.0,28.77,5.1,397,0.75,1.09,95.4,431.55,0,0,False,True,False,False,False,False,False,True,False,False,False,True,False
105431,20.0,23675.17,Gold,9.0,5.0,269.725,6.4,2009,1.5,5.5,9.75,2427.52,1,2,True,False,False,False,False,False,False,True,False,True,False,False,False
103309,26.0,44996.19,Bronze,6.0,52.0,68.51,6.7,1637,0.1132,4.48,109.2,411.06,0,0,True,False,False,False,True,False,False,False,False,True,False,False,False
103261,39.0,70101.07,Bronze,8.0,4.0,37.85,5.1,597,1.6,1.64,230.75,302.8,0,0,True,False,False,True,False,False,False,False,False,False,False,False,True
100223,40.0,54678.66,Gold,8.0,70.0,120.63,9.7,56,0.1127,0.15,56.6,965.04,0,2,False,True,False,False,False,False,True,False,False,True,False,False,False
105563,43.0,48614.02,Gold,7.0,12.0,104.31,6.8,307,0.5385,0.84,66.49,730.17,0,2,True,False,False,False,False,False,True,False,False,False,False,True,False
100049,46.0,78730.08,Platinum,11.0,31.0,104.31,7.6,838,0.3438,2.3,68.56,1147.41,0,3,False,True,False,False,False,False,True,False,False,False,False,False,True
100574,27.0,32316.72,Gold,11.0,31.0,118.51,6.7,1959,0.3438,5.37,24.77,1303.61,1,2,False,False,True,False,False,False,True,False,False,False,True,False,False
101237,38.0,110491.95000000001,Gold,0.0,34.6,133.79,6.3,303,0.0,0.83,110491.95,0.0,0,2,False,True,False,False,False,False,False,True,False,False,False,False,True
104562,29.0,85325.48,Bronze,11.0,44.0,78.83,9.5,1468,0.2444,4.02,98.29,867.13,0,0,True,False,False,False,False,True,False,False,False,False,False,True,False
105816,33.0,52552.41,Bronze,8.0,24.0,94.18,10.0,1602,0.32,4.39,69.66,753.44,0,0,False,True,False,False,True,False,False,False,False,False,False,True,False
105390,35.0,44639.39,Platinum,9.0,32.6,104.31,6.1,728,0.2679,1.99,47.5,938.79,0,3,True,False,False,False,False,False,False,True,False,True,False,False,False
102283,51.0,53178.86,Gold,6.0,7.0,104.31,6.1,745,0.75,2.04,84.83,625.86,0,2,True,False,False,False,False,False,True,False,False,False,False,True,False
104079,33.0,64651.61,Bronze,9.0,27.0,269.725,7.8,601,0.3214,1.65,26.62,2427.52,1,0,False,True,False,False,True,False,False,False,True,False,False,False,False
100268,42.0,90140.43,Silver,8.0,30.4,110.62,8.7,1056,0.2548,2.89,101.74,884.96,0,1,False,True,False,False,False,False,True,False,False,False,True,False,False
101105,25.0,49817.93,Gold,6.0,11.0,209.05,7.6,1435,0.5,3.93,39.69,1254.3,1,2,False,True,False,False,False,False,False,True,False,True,False,False,False
102306,32.0,68434.08,Gold,8.0,54.4,82.53,6.0,1008,0.1444,2.76,103.49,660.24,0,2,False,True,False,False,False,False,True,False,False,False,False,False,True
105118,36.0,28665.81,Bronze,8.0,145.0,57.13,7.7,1497,0.0548,4.1,62.58,457.04,0,0,False,True,False,False,True,False,False,False,False,False,True,False,False
101702,32.0,48981.99,Bronze,8.0,50.0,123.2,6.2,2012,0.1569,5.51,49.65,985.6,0,0,True,False,False,False,False,False,False,True,False,False,True,False,False
101629,43.0,49752.0,Silver,9.0,67.0,154.3,7.1,2416,0.1324,6.62,35.8,1388.7,1,1,True,False,False,False,False,False,True,False,False,False,False,True,False
102715,36.0,38834.55,Silver,9.0,26.0,115.03,6.0,1214,0.3333,3.33,37.48,1035.27,0,1,True,False,False,False,False,False,True,False,False,True,False,False,False
102987,41.0,40341.9,Bronze,7.0,39.0,76.38,6.6,1794,0.175,4.92,75.31,534.66,0,0,False,True,False,False,False,False,True,False,False,False,False,True,False
105246,40.0,20524.97,Bronze,9.0,29.6,41.3,6.0,46,0.2941,0.13,55.07,371.7,0,0,True,False,False,False,False,True,False,False,False,False,False,False,True
101564,24.0,46201.46,Gold,16.0,18.0,104.31,7.2,1563,0.8421,4.28,27.67,1668.96,1,2,True,False,False,False,False,False,True,False,False,False,True,False,False
103579,45.0,45906.45,Bronze,11.0,19.0,54.48,5.8,905,0.55,2.48,76.48,599.28,0,0,False,True,False,False,True,False,False,False,True,False,False,False,False
100210,34.0,40961.2,Gold,6.0,5.0,142.6,6.4,2182,1.0,5.98,47.82,855.6,0,2,False,True,False,False,False,False,False,True,False,False,True,False,False
101290,48.0,86946.8,Gold,8.0,6.0,224.46,8.5,883,1.1429,2.42,48.39,1795.68,1,2,True,False,False,True,False,False,False,False,False,True,False,False,False
104529,30.0,56677.54,Platinum,13.0,0.0,269.725,7.6,2026,13.0,5.55,16.16,3506.42,1,3,False,True,False,False,False,False,False,True,False,False,False,False,True
101843,6.0,49724.2,Platinum,4.0,66.2,193.49,5.5,2323,0.0595,6.36,64.16,773.96,0,3,True,False,False,False,True,False,False,False,False,False,True,False,False
102498,6.0,53178.86,Silver,9.0,33.8,165.34,8.1,2191,0.2586,6.0,35.71,1488.06,1,1,False,True,False,False,False,False,True,False,False,False,False,False,True
104905,63.0,74527.99,Bronze,5.0,48.6,21.16,7.2,843,0.1008,2.31,697.83,105.8,0,0,False,True,False,True,False,False,False,False,False,False,False,False,True
104324,39.0,91404.63,Bronze,4.0,38.2,14.99,5.1,578,0.102,1.58,1499.42,59.96,0,0,False,True,False,False,False,False,True,False,False,False,True,False,False
100959,38.0,39176.93,Bronze,11.0,44.6,188.77,9.5,565,0.2412,1.55,18.86,2076.47,1,0,False,True,False,True,False,False,False,False,False,True,False,False,False
101794,34.0,45109.43,Platinum,12.0,212.0,269.725,8.3,1381,0.0563,3.78,13.93,3236.7,1,3,False,True,False,False,False,False,False,True,False,True,False,False,False
102089,30.0,66548.03,Bronze,10.0,64.8,228.64,7.5,1307,0.152,3.58,29.09,2286.4,1,0,True,False,False,True,False,False,False,False,False,False,False,False,True
102703,48.0,54401.41,Bronze,8.0,138.0,136.92,6.4,2243,0.0576,6.15,49.62,1095.36,0,0,False,False,True,False,True,False,False,False,False,False,False,False,True
100332,46.0,58343.86,Gold,6.0,46.6,116.4,7.0,927,0.1261,2.54,83.42,698.4,0,2,True,False,False,False,False,False,False,True,False,False,False,True,False
103335,39.0,80112.31,Silver,5.0,51.0,64.76,7.8,882,0.0962,2.42,246.65,323.8,0,1,False,True,False,False,False,False,True,False,False,False,False,False,True
103882,55.0,60208.31,Silver,6.0,7.0,126.2,8.2,1033,0.75,2.83,79.41,757.2,0,1,False,True,False,False,False,False,True,False,False,False,False,True,False
102992,58.0,15954.06,Bronze,12.0,43.0,123.26,6.2,2456,0.2727,6.73,10.78,1479.12,1,0,False,True,False,False,False,False,True,False,False,True,False,False,False
102460,18.0,64448.28,Bronze,7.0,57.0,97.94,6.5,729,0.1207,2.0,93.87,685.58,0,0,True,False,False,False,False,False,False,True,False,True,False,False,False
101775,51.0,51978.47,Bronze,13.0,216.0,33.42,6.0,289,0.0599,0.79,119.36,434.46,0,0,False,True,False,False,False,False,False,True,False,False,True,False,False
104212,42.0,25960.33,Platinum,5.0,42.0,163.54,6.8,1716,0.1163,4.7,31.71,817.7,0,3,False,False,True,False,False,False,False,True,False,False,True,False,False
104742,37.0,49905.83,Bronze,6.0,50.0,171.92,9.5,611,0.1176,1.67,48.33,1031.52,0,0,False,True,False,False,True,False,False,False,False,False,False,False,True
104152,55.0,85736.42,Bronze,9.0,140.0,104.31,6.9,2350,0.0638,6.44,91.23,938.79,0,0,False,True,False,False,True,False,False,False,False,True,False,False,False
104164,22.0,24745.26,Bronze,5.0,33.0,201.53,7.5,839,0.1471,2.3,24.53,1007.65,0,0,True,False,False,False,False,False,False,True,False,True,False,False,False
104868,34.0,14838.31,Bronze,7.0,20.0,38.83,8.1,2359,0.3333,6.46,54.39,271.81,0,0,True,False,False,False,True,False,False,False,False,True,False,False,False
105291,44.0,53178.86,Silver,8.0,86.0,238.32,7.3,1086,0.092,2.98,27.88,1906.56,1,1,False,True,False,True,False,False,False,False,False,True,False,False,False
103766,52.0,31292.21,Bronze,9.0,54.0,79.24,6.2,1993,0.1636,5.46,43.82,713.16,0,0,False,True,False,False,False,False,True,False,True,False,False,False,False
102810,21.0,53178.86,Silver,4.0,39.2,63.36,5.5,1644,0.0995,4.5,209.0,253.44,0,1,True,False,False,False,True,False,False,False,False,True,False,False,False
101711,31.0,42036.79,Bronze,13.0,65.6,214.8,7.4,1700,0.1952,4.66,15.05,2792.4,1,0,True,False,False,False,False,True,False,False,False,True,False,False,False
104580,47.0,57004.33,Bronze,10.0,49.0,3.0,5.2,1593,0.2,4.36,1838.85,30.0,0,0,True,False,False,True,False,False,False,False,True,False,False,False,False
102479,47.0,30353.71,Bronze,13.0,75.2,59.11,8.3,1003,0.1706,2.75,39.45,768.43,0,0,False,True,False,False,True,False,False,False,False,False,False,True,False
101367,24.0,44431.93,Bronze,10.0,27.0,104.31,10.0,1815,0.3571,4.97,42.56,1043.1,0,0,True,False,False,False,False,False,True,False,True,False,False,False,False
100174,23.0,31549.6,Gold,13.0,12.0,124.58,7.8,1028,1.0,2.82,19.47,1619.54,1,2,True,False,False,False,False,False,False,True,False,True,False,False,False
104040,36.0,56508.56,Bronze,12.0,83.0,104.77,8.7,2116,0.1429,5.8,44.91,1257.24,1,0,True,False,False,False,False,False,False,True,False,False,True,False,False
104420,54.0,110491.95000000001,Bronze,6.0,37.0,68.12,8.3,1719,0.1579,4.71,269.68,408.72,0,0,False,True,False,False,True,False,False,False,False,False,False,False,True
104444,26.0,30349.02,Bronze,6.0,53.0,39.37,7.9,1731,0.1111,4.74,127.94,236.22,0,0,False,False,True,True,False,False,False,False,False,True,False,False,False
105998,57.0,78973.26,Gold,8.0,65.2,103.79,6.9,2352,0.1208,6.44,95.0,830.32,0,2,True,False,False,False,False,True,False,False,False,True,False,False,False
104093,29.0,59474.48,Silver,6.0,17.0,66.19,6.3,2141,0.3333,5.87,149.38,397.14,0,1,False,True,False,False,False,False,True,False,False,True,False,False,False
101953,18.0,53636.07,Silver,8.0,16.6,80.16,6.5,1324,0.4545,3.63,83.51,641.28,0,1,False,False,True,False,False,False,False,True,False,False,False,True,False
103204,51.0,110491.95000000001,Silver,9.0,1.0,106.6,6.9,1391,4.5,3.81,115.05,959.4,0,1,True,False,False,False,False,False,True,False,False,True,False,False,False
103354,28.0,57851.65,Bronze,11.0,20.0,168.95,5.2,435,0.5238,1.19,31.11,1858.45,1,0,False,True,False,False,False,False,True,False,False,True,False,False,False
102037,32.0,51068.69,Silver,6.0,10.0,124.17,8.9,1589,0.5455,4.35,68.45,745.02,0,1,True,False,False,False,True,False,False,False,False,False,False,False,True
103879,22.0,36176.6,Platinum,7.0,3.0,172.8,8.4,1039,1.75,2.85,29.88,1209.6,0,3,False,True,False,False,False,False,False,True,False,True,False,False,False
104401,37.0,26724.08,Bronze,10.0,71.0,16.82,6.1,2133,0.1389,5.84,157.94,168.2,0,0,False,True,False,True,False,False,False,False,True,False,False,False,False
100019,49.0,87466.55,Bronze,11.0,33.0,103.61,4.7,854,0.3235,2.34,76.68,1139.71,0,0,False,True,False,False,False,False,False,True,True,False,False,False,False
100001,42.0,59952.18,Silver,10.0,41.0,90.22,5.1,1561,0.2381,4.28,66.38,902.2,0,1,True,False,False,False,True,False,False,False,False,True,False,False,False
102175,42.0,67396.3,Bronze,11.0,25.0,61.16,6.3,1562,0.4231,4.28,100.03,672.76,0,0,False,True,False,False,False,False,False,True,True,False,False,False,False
101357,33.0,53178.86,Bronze,9.0,42.0,63.39,6.1,1212,0.2093,3.32,93.05,570.51,0,0,False,True,False,False,True,False,False,False,True,False,False,False,False
105577,43.0,69906.19,Bronze,5.0,10.0,110.62,6.9,2492,0.4545,6.83,126.16,553.1,0,0,True,False,False,False,False,False,True,False,False,False,False,False,True
104773,34.0,106188.97,Gold,4.0,61.2,61.01,5.8,1522,0.0643,4.17,433.35,244.04,0,2,False,True,False,False,True,False,False,False,True,False,False,False,False
103160,30.0,96437.05,Bronze,11.0,20.0,180.87,6.4,115,0.5238,0.32,48.45,1989.57,1,0,False,True,False,False,False,False,False,True,False,False,True,False,False
100397,47.0,53178.86,Gold,7.0,30.0,93.55,4.5,269,0.2258,0.74,81.08,654.85,0,2,False,True,False,False,True,False,False,False,False,True,False,False,False
104508,26.0,53178.86,Bronze,6.0,19.0,120.25,8.3,1812,0.3,4.96,73.6,721.5,0,0,False,True,False,False,True,False,False,False,False,True,False,False,False
103342,47.0,58331.9,Gold,10.0,41.0,182.59,8.1,478,0.2381,1.31,31.93,1825.9,1,2,False,False,True,False,True,False,False,False,False,False,True,False,False
101813,41.0,34926.89,Silver,7.0,49.0,128.97,7.5,2063,0.14,5.65,38.64,902.79,0,1,True,False,False,False,False,False,False,True,False,False,True,False,False
103897,22.0,51184.4,Bronze,8.0,22.0,6.94,8.0,574,0.3478,1.57,905.6,55.52,0,0,False,True,False,False,False,False,True,False,True,False,False,False,False
104350,44.0,57786.85,Silver,5.0,74.0,120.32,6.5,779,0.0667,2.13,95.9,601.6,0,1,True,False,False,False,False,False,False,True,False,True,False,False,False
100817,33.0,42486.04,Gold,8.0,61.4,181.32,7.6,2158,0.1282,5.91,29.27,1450.56,1,2,False,True,False,False,True,False,False,False,False,False,False,False,True
101573,42.0,42143.33,Silver,4.0,45.0,156.91,4.8,663,0.087,1.82,67.04,627.64,0,1,True,False,False,True,False,False,False,False,True,False,False,False,False
104731,36.0,21071.26,Silver,6.0,26.0,170.47,10.0,2406,0.2222,6.59,20.58,1022.82,0,1,False,True,False,False,False,True,False,False,False,False,True,False,False
101801,38.0,69775.27,Bronze,6.0,8.0,33.51,8.4,1051,0.6667,2.88,345.32,201.06,0,0,False,True,False,False,False,True,False,False,False,True,False,False,False
102281,53.0,64955.85,Gold,12.0,42.6,166.23,6.3,2256,0.2752,6.18,32.55,1994.76,1,2,False,True,False,False,False,False,True,False,False,False,False,False,True
105059,39.0,28155.34,Silver,8.0,61.0,160.41,7.7,1782,0.129,4.88,21.92,1283.28,1,1,True,False,False,False,True,False,False,False,False,False,False,True,False
105822,22.0,49751.64,Bronze,7.0,34.0,44.81,7.2,1840,0.2,5.04,158.11,313.67,0,0,True,False,False,False,False,False,False,True,False,False,False,False,True
103911,54.0,45507.47,Bronze,8.0,18.0,157.44,5.2,2143,0.4211,5.87,36.1,1259.52,1,0,False,False,True,False,False,False,False,True,True,False,False,False,False
104536,42.0,103076.5,Bronze,4.0,6.0,162.37,6.2,1383,0.5714,3.79,158.46,649.48,0,0,False,True,False,True,False,False,False,False,False,False,True,False,False
105145,18.0,42664.22,Gold,11.0,1.0,104.31,7.2,1315,5.5,3.6,37.15,1147.41,0,2,False,True,False,False,False,False,True,False,False,False,False,False,True
105172,37.0,41973.99,Bronze,17.0,10.0,104.31,6.9,1186,1.5455,3.25,23.66,1773.27,1,0,False,True,False,False,False,False,True,False,False,True,False,False,False
104396,41.0,43120.14,Gold,9.0,39.0,104.31,5.7,748,0.225,2.05,45.88,938.79,0,2,False,True,False,False,False,False,False,True,False,False,False,False,True
104156,31.0,53178.86,Gold,6.0,57.0,84.41,8.9,2310,0.1034,6.33,104.79,506.46,0,2,False,True,False,False,False,True,False,False,False,False,True,False,False
103836,41.0,28840.23,Bronze,11.0,97.0,26.58,8.9,1361,0.1122,3.73,98.3,292.38,0,0,True,False,False,False,False,True,False,False,True,False,False,False,False
104732,34.0,53178.86,Platinum,4.0,36.0,269.725,9.0,209,0.1081,0.57,49.24,1078.9,0,3,False,True,False,True,False,False,False,False,True,False,False,False,False
105338,49.0,92910.61,Bronze,10.0,136.0,112.99,4.7,2122,0.073,5.81,82.16,1129.9,0,0,False,True,False,False,False,True,False,False,False,True,False,False,False
100555,37.0,40297.36,Bronze,12.0,20.0,83.5,7.3,1136,0.5714,3.11,40.18,1002.0,0,0,True,False,False,False,False,True,False,False,True,False,False,False,False
101160,21.0,30851.56,Gold,14.0,28.0,133.7,8.9,1778,0.4828,4.87,16.47,1871.8,1,2,False,True,False,False,False,True,False,False,False,False,False,True,False
101214,29.0,44937.52,Silver,7.0,66.0,116.96,5.5,880,0.1045,2.41,54.82,818.72,0,1,False,True,False,True,False,False,False,False,False,False,False,True,False
104033,45.0,69420.81,Bronze,6.0,21.0,126.18,5.7,412,0.2727,1.13,91.57,757.08,0,0,True,False,False,False,False,False,True,False,False,False,True,False,False
101326,50.0,53178.86,Silver,10.0,35.0,81.23,7.0,296,0.2778,0.81,65.39,812.3,0,1,True,False,False,False,False,False,True,False,False,True,False,False,False
103287,22.0,53117.98,Bronze,9.0,92.0,29.08,4.9,591,0.0968,1.62,202.18,261.72,0,0,False,True,False,False,True,False,False,False,False,False,True,False,False
103350,27.0,41147.68,Silver,5.0,31.0,228.67,8.3,2198,0.1562,6.02,35.96,1143.35,0,1,False,True,False,False,False,True,False,False,False,False,True,False,False
100701,51.0,38048.3,Silver,10.0,81.0,54.18,7.2,2232,0.122,6.12,70.1,541.8,0,1,True,False,False,False,False,False,True,False,False,True,False,False,False
102701,48.0,29005.1,Platinum,10.0,20.0,222.19,7.3,2271,0.4762,6.22,13.05,2221.9,1,3,False,True,False,False,False,True,False,False,False,False,False,False,True
104294,53.0,48161.14,Bronze,10.0,38.8,26.61,5.3,1282,0.2513,3.51,180.31,266.1,0,0,False,True,False,False,False,False,False,True,False,True,False,False,False
101848,25.0,64728.47,Gold,14.0,9.0,156.84,8.7,638,1.4,1.75,29.47,2195.76,1,2,False,True,False,False,False,False,True,False,False,True,False,False,False
105635,38.0,91426.01,Bronze,8.0,30.0,55.1,7.6,1536,0.2581,4.21,206.94,440.8,0,0,False,True,False,False,False,False,True,False,False,True,False,False,False
101456,37.0,63089.92,Silver,3.0,77.6,104.31,9.8,2253,0.0382,6.17,200.97,312.93,0,1,True,False,False,False,False,False,False,True,False,False,False,False,True
105020,49.0,91795.07,Gold,15.0,28.0,76.82,7.7,834,0.5172,2.28,79.59,1152.3,0,2,True,False,False,False,False,True,False,False,False,False,False,True,False
104585,34.0,97964.13,Bronze,6.0,88.0,185.55,8.2,2369,0.0674,6.49,87.92,1113.3,0,0,True,False,False,False,False,False,False,True,False,True,False,False,False
101645,20.0,66506.87,Platinum,4.0,13.0,147.65,5.8,2408,0.2857,6.6,112.42,590.6,0,3,False,True,False,True,False,False,False,False,False,True,False,False,False
102141,37.0,69990.26,Bronze,8.0,4.0,50.71,5.9,1724,1.6,4.72,172.1,405.68,0,0,False,True,False,True,False,False,False,False,False,True,False,False,False
104464,31.0,66806.06,Silver,15.0,55.0,63.36,5.8,528,0.2679,1.45,70.22,950.4,0,1,False,False,True,True,False,False,False,False,False,True,False,False,False
103989,52.0,75041.87,Silver,6.0,5.0,242.9,4.9,2055,1.0,5.63,51.45,1457.4,1,1,True,False,False,False,True,False,False,False,False,False,False,False,True
101491,31.0,29748.89,Bronze,7.0,50.0,49.3,7.7,787,0.1373,2.16,85.95,345.1,0,0,True,False,False,False,False,True,False,False,False,False,False,False,True
105507,32.0,110491.95000000001,Bronze,7.0,111.0,41.64,10.0,1258,0.0625,3.45,377.78,291.48,0,0,True,False,False,False,True,False,False,False,False,True,False,False,False
100730,25.0,24906.04,Gold,11.0,4.0,269.725,7.8,1969,2.2,5.39,8.39,2966.98,1,2,True,False,False,False,False,False,True,False,False,False,False,False,True
104583,40.0,42176.3,Gold,5.0,41.8,96.65,4.0,1735,0.1168,4.75,87.1,483.25,0,2,False,True,False,False,False,False,False,True,False,False,False,True,False
103500,45.0,33613.68,Platinum,3.0,49.0,269.725,5.8,1268,0.06,3.47,41.49,809.18,0,3,False,True,False,False,False,False,False,True,False,False,False,False,True
102621,30.0,86452.98,Platinum,12.0,66.0,133.31,7.6,657,0.1791,1.8,54.01,1599.72,1,3,True,False,False,False,True,False,False,False,False,False,False,False,True
101937,38.0,42471.82,Gold,10.0,32.0,184.97,6.3,1683,0.303,4.61,22.95,1849.7,1,2,False,True,False,False,False,False,True,False,False,True,False,False,False
105552,36.0,53178.86,Gold,8.0,86.0,259.81,8.7,612,0.092,1.68,25.57,2078.48,1,2,True,False,False,False,False,True,False,False,False,False,False,False,True
101111,56.0,34825.75,Bronze,13.0,70.0,51.62,7.0,331,0.1831,0.91,51.82,671.06,0,0,True,False,False,False,True,False,False,False,False,True,False,False,False
104871,24.0,42777.38,Silver,11.0,9.0,85.76,5.9,499,1.1,1.37,45.3,943.36,0,1,False,True,False,False,True,False,False,False,False,False,False,False,True
105361,32.0,41076.81,Gold,8.0,7.0,144.54,8.7,128,1.0,0.35,35.49,1156.32,0,2,True,False,False,False,False,False,True,False,False,False,False,False,True
102395,27.0,67344.75,Platinum,11.0,12.0,147.35,7.7,670,0.8462,1.84,41.52,1620.85,1,3,False,True,False,False,False,False,True,False,False,False,True,False,False
101186,21.0,71062.94,Silver,10.0,38.6,125.53,9.0,42,0.2525,0.12,56.57,1255.3,1,1,True,False,False,True,False,False,False,False,False,True,False,False,False
102008,25.0,37899.94,Bronze,9.0,34.0,110.54,7.3,1985,0.2571,5.44,38.06,994.86,0,0,True,False,False,False,False,False,False,True,False,False,True,False,False
100194,56.0,49050.35,Silver,13.0,16.0,107.69,6.8,1955,0.7647,5.36,35.01,1399.97,1,1,True,False,False,False,False,False,False,True,False,False,True,False,False
101516,41.0,53178.86,Silver,10.0,2.0,100.0,7.5,1804,3.3333,4.94,53.13,1000.0,0,1,False,True,False,False,False,False,False,True,False,False,False,False,True
100579,35.0,26334.89,Bronze,6.0,34.8,62.17,6.6,855,0.1676,2.34,70.41,373.02,0,0,False,False,True,False,False,False,False,True,False,False,True,False,False
102124,39.0,53178.86,Bronze,5.0,61.0,47.1,4.5,2137,0.0806,5.85,224.86,235.5,0,0,True,False,False,False,True,False,False,False,False,False,False,False,True
101430,47.0,86831.0,Bronze,7.0,6.0,47.67,7.3,998,1.0,2.73,259.44,333.69,0,0,True,False,False,False,False,False,True,False,False,False,True,False,False
100772,54.0,110491.95000000001,Silver,5.0,3.0,114.85,7.2,50,1.25,0.14,192.08,574.25,0,1,False,False,True,False,False,True,False,False,False,False,False,True,False
105206,35.0,62191.29,Bronze,10.0,22.8,269.725,8.8,700,0.4202,1.92,23.05,2697.25,1,0,False,True,False,False,False,True,False,False,False,True,False,False,False
102396,24.0,45540.39,Gold,9.0,82.0,58.69,9.4,1649,0.1084,4.52,86.05,528.21,0,2,True,False,False,True,False,False,False,False,False,False,False,True,False
105942,20.0,68581.92,Bronze,7.0,44.0,269.725,5.4,1827,0.1556,5.01,36.3,1888.08,1,0,False,True,False,True,False,False,False,False,False,False,False,False,True
101847,38.0,70228.26,Bronze,7.0,56.0,104.31,6.6,2471,0.1228,6.77,96.05,730.17,0,0,False,True,False,False,False,False,False,True,True,False,False,False,False
100179,37.0,16758.91,Gold,10.0,21.0,93.1,5.9,1409,0.4545,3.86,17.98,931.0,0,2,False,True,False,False,False,True,False,False,False,False,False,True,False
105356,48.0,53178.86,Bronze,7.0,43.2,104.31,4.8,2033,0.1584,5.57,72.73,730.17,0,0,False,True,False,False,False,True,False,False,False,False,False,False,True
103810,43.0,25834.16,Platinum,6.0,66.0,104.31,7.5,1254,0.0896,3.44,41.21,625.86,0,3,False,True,False,False,False,False,False,True,False,True,False,False,False
103568,24.0,31416.45,Gold,8.0,2.0,104.31,7.5,916,2.6667,2.51,37.6,834.48,0,2,False,True,False,False,False,True,False,False,True,False,False,False,False
102581,26.0,24036.81,Bronze,12.0,18.0,104.31,4.8,572,0.6316,1.57,19.19,1251.72,1,0,False,True,False,False,True,False,False,False,False,False,False,False,True
103626,62.0,82516.96,Gold,5.0,103.0,46.4,7.2,1930,0.0481,5.29,354.15,232.0,0,2,True,False,False,False,False,True,False,False,False,False,True,False,False
104280,26.0,86684.41,Bronze,7.0,59.0,111.24,7.7,1346,0.1167,3.69,111.18,778.68,0,0,False,True,False,False,False,True,False,False,False,False,False,True,False
102653,53.0,54914.42,Gold,8.0,21.2,141.55,7.6,860,0.3604,2.36,48.45,1132.4,0,2,False,True,False,True,False,False,False,False,True,False,False,False,False
104220,33.0,58257.76,Bronze,12.0,81.0,269.725,8.7,668,0.1463,1.83,17.99,3236.7,1,0,False,True,False,False,False,False,False,True,False,False,True,False,False
102074,35.0,59207.21,Bronze,9.0,36.0,65.24,5.8,797,0.2432,2.18,100.67,587.16,0,0,False,True,False,False,True,False,False,False,False,False,False,True,False
100659,53.0,87748.88,Silver,6.0,34.0,41.49,8.9,123,0.1714,0.34,351.08,248.94,0,1,True,False,False,False,False,False,False,True,False,False,False,True,False
101897,19.0,29882.84,Bronze,9.0,70.2,85.61,7.0,1184,0.1264,3.24,38.73,770.49,0,0,False,True,False,False,True,False,False,False,False,False,True,False,False
104412,36.0,57536.37,Bronze,4.0,6.0,99.93,7.1,773,0.5714,2.12,143.58,399.72,0,0,False,True,False,False,False,True,False,False,False,True,False,False,False
104064,30.0,65447.64,Gold,9.0,35.6,81.09,10.0,720,0.2459,1.97,89.55,729.81,0,2,False,True,False,False,False,False,False,True,False,False,False,True,False
102222,29.0,41002.52,Bronze,5.0,15.0,161.3,8.6,1906,0.3125,5.22,50.78,806.5,0,0,True,False,False,False,True,False,False,False,False,True,False,False,False
105679,41.0,37000.75,Platinum,4.0,107.0,171.18,7.1,759,0.037,2.08,53.96,684.72,0,3,True,False,False,False,False,False,False,True,True,False,False,False,False
102380,37.0,110491.95000000001,Bronze,10.0,46.0,66.71,5.4,273,0.2128,0.75,165.38,667.1,0,0,True,False,False,False,False,True,False,False,False,False,False,False,True
101448,56.0,94972.42,Silver,10.0,52.2,138.38,6.6,2451,0.188,6.72,68.58,1383.8,1,1,False,False,True,False,True,False,False,False,False,True,False,False,False
100343,39.0,71683.54,Bronze,4.0,148.0,110.57,7.3,754,0.0268,2.07,161.71,442.28,0,0,False,True,False,False,False,False,True,False,False,True,False,False,False
103605,39.0,53178.86,Gold,8.0,2.0,101.18,7.6,2225,2.6667,6.1,65.62,809.44,0,2,False,True,False,False,True,False,False,False,False,True,False,False,False
102528,34.0,110491.95000000001,Silver,7.0,18.8,113.85,4.6,2364,0.3535,6.48,138.47,796.95,0,1,False,True,False,False,False,False,False,True,True,False,False,False,False
100728,47.0,49211.65,Silver,5.0,36.0,104.31,6.6,1663,0.1351,4.56,94.18,521.55,0,1,False,True,False,False,False,False,False,True,False,False,True,False,False
104723,37.0,65332.72,Silver,6.0,33.0,83.52,9.1,1012,0.1765,2.77,130.11,501.12,0,1,False,True,False,False,False,False,True,False,False,False,False,True,False
100977,51.0,69717.46,Gold,5.0,48.0,104.75,7.0,1933,0.102,5.3,132.86,523.75,0,2,True,False,False,False,False,False,True,False,False,False,False,False,True
103615,18.0,96430.77,Silver,5.0,120.0,23.48,7.4,1021,0.0413,2.8,814.45,117.4,0,1,False,True,False,False,False,True,False,False,False,False,False,False,True
104162,22.0,39219.05,Silver,7.0,1.0,82.45,5.4,2146,3.5,5.88,67.84,577.15,0,1,False,True,False,True,False,False,False,False,False,False,False,True,False
101929,48.0,22484.42,Silver,7.0,66.0,186.36,7.6,2122,0.1045,5.81,17.22,1304.52,1,1,True,False,False,True,False,False,False,False,False,False,False,False,True
103695,53.0,41576.57,Bronze,6.0,92.0,58.5,6.8,2327,0.0645,6.38,118.12,351.0,0,0,False,False,True,False,False,False,True,False,False,False,False,True,False
105761,67.0,83832.83,Bronze,13.0,37.0,269.725,5.3,1019,0.3421,2.79,23.9,3506.42,1,0,False,True,False,False,False,False,True,False,False,False,False,True,False
101300,26.0,55941.91,Bronze,6.0,135.0,60.12,8.3,1359,0.0441,3.72,154.66,360.72,0,0,True,False,False,False,False,False,True,False,False,False,False,True,False
104174,29.0,53178.86,Silver,12.0,22.0,71.26,8.5,495,0.5217,1.36,62.12,855.12,0,1,True,False,False,True,False,False,False,False,False,False,False,False,True
105509,40.0,41441.29,Bronze,8.0,9.0,39.89,7.0,273,0.8,0.75,129.46,319.12,0,0,False,True,False,False,False,False,True,False,False,False,True,False,False
100661,18.0,53178.86,Bronze,9.0,4.0,59.36,5.7,384,1.8,1.05,99.36,534.24,0,0,False,True,False,False,False,False,False,True,False,True,False,False,False
103391,25.0,47159.22,Bronze,8.0,49.0,36.71,9.8,957,0.16,2.62,160.04,293.68,0,0,True,False,False,False,True,False,False,False,False,False,False,False,True
105934,38.0,42522.61,Gold,12.0,15.0,132.29,7.7,708,0.75,1.94,26.77,1587.48,1,2,False,False,True,False,False,False,False,True,False,False,False,True,False
103113,57.0,67161.29,Bronze,6.0,3.0,26.95,4.2,1583,1.5,4.34,412.79,161.7,0,0,True,False,False,False,True,False,False,False,False,False,True,False,False
104903,38.0,37791.37,Silver,2.0,75.0,89.39,9.4,2494,0.0263,6.83,210.21,178.78,0,1,True,False,False,False,False,False,True,False,True,False,False,False,False
104990,48.0,34843.22,Silver,6.0,29.0,138.59,6.5,1243,0.2,3.41,41.85,831.54,0,1,False,False,True,False,False,False,True,False,False,True,False,False,False
103827,48.0,29566.34,Bronze,8.0,37.0,23.57,7.9,1827,0.2105,5.01,155.97,188.56,0,0,True,False,False,False,False,False,False,True,False,True,False,False,False
105523,28.0,77279.38,Bronze,7.0,46.8,104.31,8.6,1184,0.1464,3.24,105.69,730.17,0,0,False,True,False,False,False,False,True,False,False,False,True,False,False
101086,33.0,52087.64,Silver,3.0,38.0,60.01,5.7,767,0.0769,2.1,287.73,180.03,0,1,False,True,False,False,False,False,True,False,False,False,False,True,False
105663,35.0,45360.47,Silver,8.0,76.0,63.95,6.9,1550,0.1039,4.25,88.49,511.6,0,1,False,True,False,False,False,False,False,True,False,False,True,False,False
100695,28.0,43295.91,Silver,2.0,38.8,87.45,5.1,412,0.0503,1.13,246.14,174.9,0,1,False,True,False,False,False,False,False,True,True,False,False,False,False
104230,49.0,60980.46,Silver,7.0,44.2,104.31,8.5,1177,0.1549,3.22,83.4,730.17,0,1,True,False,False,False,False,False,True,False,False,True,False,False,False
101622,39.0,53178.86,Bronze,8.0,6.0,25.37,7.3,1510,1.1429,4.14,260.73,202.96,0,0,False,True,False,False,False,False,False,True,False,False,True,False,False
102562,39.0,89014.45,Bronze,7.0,56.6,263.39,7.7,600,0.1215,1.64,48.25,1843.73,1,0,False,True,False,False,False,False,False,True,False,True,False,False,False
105185,25.0,47891.12,Bronze,5.0,1.0,86.18,9.0,343,2.5,0.94,110.88,430.9,0,0,True,False,False,False,False,False,False,True,False,False,True,False,False
104009,28.0,25323.78,Bronze,9.0,61.0,37.53,6.6,489,0.1452,1.34,74.75,337.77,0,0,False,True,False,False,False,False,True,False,False,False,True,False,False
100068,32.0,74882.38,Bronze,12.0,49.0,39.46,6.5,1490,0.24,4.08,157.81,473.52,0,0,True,False,False,True,False,False,False,False,False,False,False,False,True
104083,39.0,110491.95000000001,Gold,9.0,60.6,103.53,6.9,1652,0.1461,4.53,118.46,931.77,0,2,False,True,False,True,False,False,False,False,False,False,True,False,False
104838,26.0,77304.31,Gold,8.0,42.0,121.36,9.6,539,0.186,1.48,79.54,970.88,0,2,True,False,False,False,False,False,True,False,False,True,False,False,False
102270,33.0,73128.86,Bronze,9.0,10.0,58.33,8.1,1300,0.8182,3.56,139.04,524.97,0,0,False,True,False,False,False,False,False,True,True,False,False,False,False
105780,31.0,96142.67,Gold,10.0,31.4,150.67,6.4,542,0.3086,1.48,63.77,1506.7,1,2,True,False,False,False,False,True,False,False,False,True,False,False,False
104726,52.0,44541.8,Silver,13.0,35.0,49.82,8.1,2328,0.3611,6.38,68.67,647.66,0,1,True,False,False,False,False,False,True,False,False,False,True,False,False
100821,32.0,51126.52,Silver,7.0,89.6,269.725,6.0,1024,0.0773,2.81,27.06,1888.08,1,1,False,True,False,False,False,True,False,False,False,True,False,False,False
101227,47.0,30693.2,Bronze,7.0,13.0,71.79,7.2,272,0.5,0.75,60.96,502.53,0,0,True,False,False,False,False,True,False,False,False,True,False,False,False
101678,42.0,40872.56,Silver,9.0,23.0,104.31,6.3,2214,0.375,6.07,43.49,938.79,0,1,False,True,False,False,False,True,False,False,True,False,False,False,False
105012,23.0,84185.92,Bronze,6.0,19.0,151.61,6.2,1389,0.3,3.81,92.44,909.66,0,0,False,True,False,False,False,True,False,False,False,False,False,False,True
102868,56.0,80994.38,Bronze,4.0,66.0,51.9,3.0,1711,0.0597,4.69,388.28,207.6,0,0,True,False,False,False,False,True,False,False,False,True,False,False,False
104377,20.0,61300.34,Gold,6.0,28.4,131.46,8.7,1869,0.2041,5.12,77.62,788.76,0,2,False,True,False,True,False,False,False,False,False,False,True,False,False
102368,33.0,42753.8,Bronze,6.0,11.0,147.97,7.9,41,0.5,0.11,48.1,887.82,0,0,False,True,False,False,False,False,False,True,False,False,True,False,False
104026,26.0,53178.86,Bronze,3.0,21.2,169.26,7.2,1011,0.1351,2.77,104.52,507.78,0,0,True,False,False,False,False,True,False,False,False,False,False,True,False
103922,34.0,110491.95000000001,Platinum,8.0,28.0,156.48,7.1,187,0.2759,0.51,88.19,1251.84,1,3,True,False,False,False,False,False,True,False,False,False,False,True,False
102513,41.0,46890.54,Bronze,7.0,70.0,3.13,7.5,471,0.0986,1.29,2046.73,21.91,0,0,False,True,False,True,False,False,False,False,False,False,False,True,False
102724,40.0,46828.67,Bronze,8.0,80.0,104.31,6.0,898,0.0988,2.46,56.05,834.48,0,0,False,True,False,True,False,False,False,False,False,True,False,False,False
105344,18.0,56666.98,Bronze,8.0,14.0,57.64,7.6,1941,0.5333,5.32,122.62,461.12,0,0,True,False,False,True,False,False,False,False,False,False,False,False,True
105452,28.0,36736.47,Bronze,7.0,32.0,172.74,7.7,626,0.2121,1.72,30.36,1209.18,0,0,True,False,False,True,False,False,False,False,False,True,False,False,False
104435,61.0,23875.55,Bronze,10.0,29.0,158.04,6.9,2023,0.3333,5.54,15.1,1580.4,1,0,True,False,False,False,False,True,False,False,False,False,False,False,True
101144,31.0,53178.86,Silver,9.0,60.0,46.29,7.5,1379,0.1475,3.78,127.34,416.61,0,1,True,False,False,True,False,False,False,False,False,False,False,False,True
100398,41.0,30632.3,Bronze,6.0,56.0,62.93,6.7,525,0.1053,1.44,80.91,377.58,0,0,False,False,True,False,True,False,False,False,False,False,True,False,False
100787,39.0,24515.16,Bronze,14.0,61.0,54.69,7.1,1516,0.2258,4.15,31.98,765.66,0,0,False,True,False,True,False,False,False,False,True,False,False,False,False
105140,44.0,53178.86,Bronze,9.0,28.0,124.94,10.0,584,0.3103,1.6,47.25,1124.46,0,0,True,False,False,False,False,False,True,False,False,False,True,False,False
101399,45.0,38411.97,Bronze,4.0,57.0,104.31,7.0,142,0.069,0.39,91.84,417.24,0,0,False,True,False,False,False,True,False,False,False,True,False,False,False
101660,40.0,60104.97,Silver,4.0,26.0,101.36,10.0,717,0.1481,1.96,147.88,405.44,0,1,True,False,False,False,False,False,False,True,False,False,False,False,True
105736,18.0,110491.95000000001,Bronze,14.0,13.0,37.43,9.6,216,1.0,0.59,210.45,524.02,0,0,True,False,False,False,False,False,True,False,False,False,False,False,True
102221,39.0,30815.61,Gold,2.0,98.0,101.31,6.7,661,0.0202,1.81,151.34,202.62,0,2,False,True,False,False,True,False,False,False,False,False,True,False,False
100980,43.0,26573.51,Bronze,11.0,52.0,104.31,5.8,1620,0.2075,4.44,23.14,1147.41,0,0,False,True,False,False,False,False,False,True,False,False,False,True,False
101299,24.0,55382.68,Bronze,5.0,56.2,48.94,7.3,1722,0.0874,4.72,225.41,244.7,0,0,True,False,False,False,False,False,True,False,False,True,False,False,False
105420,23.0,110223.28,Bronze,9.0,34.0,242.88,8.3,1125,0.2571,3.08,50.4,2185.92,1,0,False,True,False,False,False,False,False,True,True,False,False,False,False
100083,34.0,63764.78,Bronze,3.0,214.0,7.56,7.6,1715,0.014,4.7,2692.77,22.68,0,0,False,True,False,True,False,False,False,False,False,False,False,False,True
103101,26.0,104281.87,Gold,5.0,53.0,104.31,6.0,922,0.0926,2.53,199.56,521.55,0,2,False,True,False,False,False,False,True,False,False,False,True,False,False
103482,49.0,41140.17,Bronze,12.0,30.0,50.69,7.2,1668,0.3871,4.57,67.52,608.28,0,0,False,True,False,True,False,False,False,False,False,True,False,False,False
104794,37.0,55764.67,Bronze,8.0,53.4,62.96,6.9,932,0.1471,2.55,110.5,503.68,0,0,True,False,False,False,False,False,True,False,False,False,True,False,False
104530,55.0,34531.25,Bronze,10.0,9.0,84.86,6.7,2101,1.0,5.76,40.64,848.6,0,0,False,True,False,False,True,False,False,False,False,False,False,True,False
105634,49.0,58667.43,Gold,3.0,6.0,98.97,7.6,1904,0.4286,5.22,196.93,296.91,0,2,True,False,False,False,False,False,False,True,False,True,False,False,False
105515,33.0,51813.6,Gold,13.0,24.0,104.31,6.9,1922,0.52,5.27,38.18,1356.03,1,2,True,False,False,False,False,False,True,False,False,False,False,False,True
102904,32.0,69864.13,Silver,8.0,40.4,99.34,7.4,180,0.1932,0.49,87.8,794.72,0,1,False,False,True,False,False,False,True,False,False,False,True,False,False
100424,20.0,59410.29,Bronze,8.0,23.0,57.88,5.3,2466,0.3333,6.76,128.03,463.04,0,0,False,True,False,False,False,False,False,True,True,False,False,False,False
105190,25.0,65793.47,Bronze,15.0,2.0,104.31,8.0,1024,5.0,2.81,42.02,1564.65,1,0,False,False,True,False,False,True,False,False,False,False,True,False,False
101905,45.0,38781.0,Gold,6.0,18.0,243.86,5.6,1067,0.3158,2.92,26.49,1463.16,1,2,False,True,False,False,False,False,True,False,False,False,True,False,False
105440,44.0,77445.23,Bronze,5.0,10.0,32.56,8.7,950,0.4545,2.6,472.8,162.8,0,0,False,True,False,False,True,False,False,False,False,False,True,False,False
101531,45.0,46973.4,Bronze,7.0,22.0,51.74,7.5,1854,0.3043,5.08,129.34,362.18,0,0,False,False,True,False,True,False,False,False,False,False,False,False,True
104252,33.0,46135.38,Bronze,12.0,54.4,53.67,6.7,1753,0.2166,4.8,71.52,644.04,0,0,False,True,False,True,False,False,False,False,True,False,False,False,False
101566,30.0,28108.89,Silver,8.0,68.8,57.31,8.4,756,0.1146,2.07,61.18,458.48,0,1,True,False,False,False,False,False,False,True,True,False,False,False,False
104437,33.0,37691.23,Silver,11.0,46.0,104.31,6.9,2192,0.234,6.01,32.82,1147.41,0,1,True,False,False,True,False,False,False,False,False,True,False,False,False
102750,47.0,20219.32,Gold,8.0,6.0,54.47,3.9,423,1.1429,1.16,46.29,435.76,0,2,False,True,False,True,False,False,False,False,False,True,False,False,False
100840,34.0,51710.76,Bronze,6.0,12.0,104.31,7.2,857,0.4615,2.35,82.49,625.86,0,0,True,False,False,False,False,False,False,True,False,False,True,False,False
104031,23.0,62584.37,Bronze,6.0,3.0,41.04,5.3,2456,1.5,6.73,253.13,246.24,0,0,False,True,False,True,False,False,False,False,False,False,False,True,False
100142,26.0,63571.42,Silver,7.0,5.0,36.66,8.8,490,1.1667,1.34,246.76,256.62,0,1,True,False,False,False,False,True,False,False,False,False,False,True,False
104950,48.0,56005.69,Bronze,13.0,63.8,11.93,7.5,233,0.2006,0.64,358.8,155.09,0,0,True,False,False,False,True,False,False,False,False,True,False,False,False
102606,27.0,32983.33,Bronze,14.0,72.0,104.31,8.4,930,0.1918,2.55,22.57,1460.34,1,0,False,True,False,False,False,False,False,True,False,True,False,False,False
103506,58.0,82457.51,Bronze,12.0,15.0,115.97,5.1,1217,0.75,3.33,59.21,1391.64,1,0,True,False,False,False,False,False,True,False,False,True,False,False,False
101378,40.0,23330.6,Bronze,6.0,132.0,175.42,8.7,339,0.0451,0.93,22.15,1052.52,0,0,True,False,False,False,False,False,True,False,False,False,True,False,False
104662,34.0,30379.61,Silver,8.0,20.0,140.57,5.6,2430,0.381,6.66,26.99,1124.56,0,1,False,True,False,False,False,True,False,False,False,False,False,False,True
105883,37.0,90963.74,Bronze,8.0,30.0,135.93,6.3,1092,0.2581,2.99,83.57,1087.44,0,0,False,True,False,False,False,False,False,True,True,False,False,False,False
102267,45.0,98894.06,Bronze,6.0,4.0,52.41,8.6,1470,1.2,4.03,313.49,314.46,0,0,False,True,False,False,False,False,False,True,False,True,False,False,False
105341,40.0,36468.73,Platinum,8.0,13.0,251.37,6.7,1753,0.5714,4.8,18.13,2010.96,1,3,False,True,False,True,False,False,False,False,False,False,True,False,False
101139,37.0,110491.95000000001,Gold,8.0,13.0,166.54,7.1,1384,0.5714,3.79,82.87,1332.32,1,2,False,True,False,False,True,False,False,False,False,False,True,False,False
102258,41.0,38818.61,Bronze,12.0,91.0,39.8,6.1,1405,0.1304,3.85,81.11,477.6,0,0,False,True,False,False,False,False,False,True,False,True,False,False,False
101788,19.0,70871.17,Silver,6.0,36.0,191.04,7.3,2049,0.1622,5.61,61.78,1146.24,0,1,False,True,False,False,False,False,True,False,True,False,False,False,False
103635,36.0,68750.35,Silver,7.0,115.0,72.04,7.2,152,0.0603,0.42,136.06,504.28,0,1,True,False,False,True,False,False,False,False,False,True,False,False,False
100551,43.0,53178.86,Gold,5.0,10.0,176.99,5.7,1316,0.4545,3.61,60.02,884.95,0,2,False,True,False,False,False,False,True,False,False,False,False,False,True
100460,38.0,81366.71,Silver,10.0,113.0,52.77,5.4,2318,0.0877,6.35,153.9,527.7,0,1,False,True,False,False,True,False,False,False,False,True,False,False,False
102020,44.0,53178.86,Bronze,7.0,6.0,65.33,7.8,1630,1.0,4.47,116.03,457.31,0,0,True,False,False,False,False,True,False,False,True,False,False,False,False
100949,43.0,100925.14,Bronze,8.0,79.0,37.41,7.1,229,0.1,0.63,336.1,299.28,0,0,True,False,False,False,False,False,True,False,False,False,True,False,False
103219,65.0,57955.02,Bronze,7.0,2.0,145.93,7.0,182,2.3333,0.5,56.68,1021.51,0,0,False,True,False,True,False,False,False,False,False,False,True,False,False
105181,30.0,53178.86,Silver,14.0,14.0,44.94,6.6,2081,0.9333,5.7,84.39,629.16,0,1,False,True,False,True,False,False,False,False,False,False,False,True,False
100533,33.0,91008.42,Silver,9.0,43.6,110.87,6.6,1619,0.2018,4.44,91.12,997.83,0,1,True,False,False,False,False,True,False,False,False,False,False,True,False
103843,42.0,24975.09,Silver,5.0,11.0,65.08,7.9,2244,0.4167,6.15,76.52,325.4,0,1,True,False,False,False,False,False,True,False,False,True,False,False,False
101830,35.0,44604.15,Bronze,11.0,18.0,89.45,6.8,1641,0.5789,4.5,45.29,983.95,0,0,True,False,False,False,False,False,False,True,False,False,True,False,False
105407,19.0,25690.5,Gold,7.0,20.0,105.26,6.9,1682,0.3333,4.61,34.82,736.82,0,2,True,False,False,False,False,False,False,True,False,True,False,False,False
105293,42.0,31595.23,Gold,7.0,84.0,82.12,5.8,1858,0.0824,5.09,54.87,574.84,0,2,False,False,True,False,False,True,False,False,True,False,False,False,False
104775,35.0,58324.68,Gold,7.0,26.0,61.2,7.8,1249,0.2593,3.42,135.83,428.4,0,2,False,True,False,False,False,True,False,False,False,False,True,False,False
103915,18.0,65826.13,Silver,5.0,30.0,162.78,4.4,2040,0.1613,5.59,80.78,813.9,0,1,False,True,False,False,False,True,False,False,False,False,False,False,True
101603,53.0,79472.76,Bronze,6.0,47.8,27.11,4.0,594,0.123,1.63,485.6,162.66,0,0,True,False,False,False,True,False,False,False,False,True,False,False,False
102239,27.0,65177.33,Silver,7.0,393.0,41.91,6.8,463,0.0178,1.27,221.41,293.37,0,1,True,False,False,True,False,False,False,False,False,True,False,False,False
100640,44.0,74287.98,Bronze,9.0,31.4,157.27,4.8,1631,0.2778,4.47,52.45,1415.43,1,0,False,True,False,True,False,False,False,False,False,False,False,False,True
105793,33.0,47038.38,Gold,11.0,15.0,59.28,8.6,763,0.6875,2.09,72.03,652.08,0,2,False,True,False,False,False,False,True,False,False,False,True,False,False
100968,29.0,30983.74,Bronze,7.0,50.0,66.63,5.3,2119,0.1373,5.81,66.29,466.41,0,0,False,True,False,False,False,True,False,False,False,False,True,False,False
105067,18.0,42929.57,Gold,3.0,36.4,269.725,8.7,602,0.0802,1.65,52.99,809.18,0,2,True,False,False,True,False,False,False,False,False,True,False,False,False
103712,46.0,79132.33,Bronze,11.0,132.0,55.08,8.0,1411,0.0827,3.87,130.39,605.88,0,0,True,False,False,True,False,False,False,False,False,False,False,True,False
101684,53.0,53178.86,Silver,8.0,44.0,84.74,8.4,354,0.1778,0.97,78.33,677.92,0,1,True,False,False,False,False,False,False,True,False,False,True,False,False
102249,37.0,97638.23,Silver,8.0,29.0,80.6,8.8,2091,0.2667,5.73,151.19,644.8,0,1,True,False,False,False,False,False,False,True,False,False,True,False,False
104127,50.0,41514.76,Platinum,8.0,61.0,104.31,7.7,944,0.129,2.59,49.69,834.48,0,3,True,False,False,False,False,True,False,False,False,True,False,False,False
105360,36.0,22321.49,Bronze,10.0,105.0,127.36,5.8,2426,0.0943,6.65,17.51,1273.6,1,0,False,True,False,False,False,False,True,False,False,True,False,False,False
103320,47.0,53178.86,Bronze,4.0,30.0,108.7,5.0,1345,0.129,3.68,122.03,434.8,0,0,True,False,False,False,False,True,False,False,False,False,False,True,False
100156,59.0,110491.95000000001,Bronze,8.0,56.2,32.08,6.1,1367,0.1399,3.75,428.86,256.64,0,0,False,True,False,False,False,True,False,False,False,False,True,False,False
102296,49.0,36560.31,Bronze,8.0,35.0,104.31,7.1,2381,0.2222,6.52,43.76,834.48,0,0,False,False,True,False,False,False,True,False,False,False,False,False,True
103524,19.0,72229.44,Silver,6.0,40.6,137.24,7.9,836,0.1442,2.29,87.61,823.44,0,1,False,True,False,False,False,True,False,False,False,False,True,False,False
104020,38.0,53178.86,Gold,6.0,16.0,131.25,7.3,37,0.3529,0.1,67.44,787.5,0,2,True,False,False,False,False,True,False,False,False,True,False,False,False
101090,35.0,53158.53,Bronze,9.0,45.4,15.55,5.7,1108,0.194,3.04,377.14,139.95,0,0,True,False,False,False,False,True,False,False,False,True,False,False,False
105820,42.0,65657.32,Silver,5.0,9.0,133.32,8.1,2314,0.5,6.34,98.35,666.6,0,1,False,True,False,False,False,False,False,True,False,True,False,False,False
102320,35.0,68723.68,Silver,9.0,10.0,71.26,9.3,856,0.8182,2.35,106.99,641.34,0,1,True,False,False,True,False,False,False,False,False,False,False,False,True
102941,58.0,17419.47,Silver,7.0,40.8,203.99,6.8,1301,0.1675,3.56,12.19,1427.93,1,1,True,False,False,False,True,False,False,False,False,False,False,False,True
105072,37.0,45418.71,Bronze,7.0,299.0,12.62,6.9,255,0.0233,0.7,508.38,88.34,0,0,False,True,False,False,False,True,False,False,False,False,False,False,True
100289,34.0,56016.95,Bronze,8.0,130.0,80.84,8.2,2251,0.0611,6.17,86.48,646.72,0,0,False,True,False,True,False,False,False,False,False,True,False,False,False
100931,38.0,53178.86,Gold,5.0,89.0,263.13,8.6,1119,0.0556,3.07,40.39,1315.65,1,2,True,False,False,False,False,False,True,False,False,True,False,False,False
102910,45.0,23312.0,Bronze,10.0,59.6,104.31,8.0,2452,0.165,6.72,22.33,1043.1,0,0,True,False,False,False,False,True,False,False,False,True,False,False,False
103586,62.0,56703.48,Bronze,12.0,0.0,14.89,5.9,2387,12.0,6.54,315.58,178.68,0,0,False,True,False,True,False,False,False,False,False,False,False,True,False
104657,28.0,68907.45,Bronze,12.0,108.0,82.03,6.5,1630,0.1101,4.47,69.93,984.36,0,0,False,True,False,False,False,False,True,False,False,False,False,True,False
102885,38.0,53178.86,Silver,4.0,8.0,145.4,7.7,1715,0.4444,4.7,91.28,581.6,0,1,True,False,False,False,False,False,False,True,False,False,False,False,True
103378,35.0,50091.51,Silver,7.0,48.4,33.63,5.5,539,0.1417,1.48,211.88,235.41,0,1,False,True,False,False,False,False,False,True,False,False,False,False,True
103221,55.0,45061.56,Silver,12.0,22.0,269.725,7.7,328,0.5217,0.9,13.92,3236.7,1,1,False,True,False,False,False,True,False,False,False,False,False,False,True
105445,52.0,30786.28,Silver,6.0,32.0,93.27,7.5,376,0.1818,1.03,54.91,559.62,0,1,True,False,False,False,True,False,False,False,False,False,False,False,True
103001,53.0,53178.86,Silver,5.0,34.0,115.98,7.3,2051,0.1429,5.62,91.55,579.9,0,1,False,True,False,False,False,True,False,False,False,True,False,False,False
104451,29.0,53720.93,Silver,10.0,0.0,46.5,8.7,790,10.0,2.16,115.28,465.0,0,1,True,False,False,True,False,False,False,False,False,False,False,False,True
105914,36.0,46329.81,Silver,10.0,4.0,178.15,8.1,669,2.0,1.83,25.99,1781.5,1,1,True,False,False,False,False,False,False,True,False,True,False,False,False
100943,44.0,42090.69,Gold,11.0,46.0,61.32,7.5,2238,0.234,6.13,62.31,674.52,0,2,False,True,False,True,False,False,False,False,False,False,False,False,True
102355,24.0,38530.62,Bronze,6.0,36.2,93.7,8.0,2008,0.1613,5.5,68.41,562.2,0,0,True,False,False,False,False,False,False,True,False,False,False,True,False
104765,52.0,69516.28,Silver,9.0,13.0,38.16,7.7,1002,0.6429,2.75,201.82,343.44,0,1,False,False,True,False,False,False,False,True,False,False,False,True,False
105789,29.0,68304.08,Silver,7.0,0.0,108.98,6.9,159,7.0,0.44,89.42,762.86,0,1,False,True,False,False,False,True,False,False,False,False,True,False,False
105594,43.0,36998.26,Bronze,11.0,77.0,6.05,6.6,723,0.141,1.98,547.72,66.55,0,0,False,True,False,True,False,False,False,False,False,False,True,False,False
101699,18.0,43385.82,Bronze,10.0,72.0,116.0,6.8,1349,0.137,3.7,37.37,1160.0,0,0,False,False,True,False,False,False,True,False,False,False,False,False,True
105647,20.0,54836.79,Bronze,6.0,36.0,98.51,6.2,401,0.1622,1.1,92.62,591.06,0,0,True,False,False,False,False,True,False,False,True,False,False,False,False
103546,30.0,53178.86,Platinum,9.0,27.0,99.81,6.6,2248,0.3214,6.16,59.13,898.29,0,3,True,False,False,False,False,False,False,True,False,True,False,False,False
103978,35.0,53178.86,Silver,13.0,2.0,127.49,9.6,1681,4.3333,4.61,32.07,1657.37,1,1,True,False,False,False,True,False,False,False,False,False,True,False,False
105015,42.0,109049.4,Bronze,7.0,58.6,25.66,6.1,2173,0.1174,5.95,603.75,179.62,0,0,True,False,False,True,False,False,False,False,True,False,False,False,False
100986,46.0,53178.86,Silver,9.0,20.0,199.91,5.8,969,0.4286,2.65,29.54,1799.19,1,1,True,False,False,False,True,False,False,False,False,True,False,False,False
105279,33.0,62878.46,Bronze,6.0,63.0,43.15,8.5,1971,0.0938,5.4,241.93,258.9,0,0,True,False,False,False,False,False,True,False,False,True,False,False,False
103108,40.0,29283.46,Silver,11.0,13.0,37.38,8.4,1501,0.7857,4.11,71.05,411.18,0,1,True,False,False,False,False,False,True,False,False,True,False,False,False
103166,42.0,66907.49,Silver,7.0,28.6,104.31,8.4,425,0.2365,1.16,91.51,730.17,0,1,True,False,False,False,False,False,False,True,False,False,True,False,False
105727,18.0,47005.98,Bronze,10.0,71.0,43.78,5.5,1573,0.1389,4.31,107.12,437.8,0,0,False,True,False,False,False,False,True,False,False,False,True,False,False
100982,20.0,42118.32,Gold,9.0,31.0,184.28,6.7,1096,0.2812,3.0,25.38,1658.52,1,2,True,False,False,False,False,True,False,False,True,False,False,False,False
103529,20.0,59236.13,Platinum,7.0,17.0,192.54,7.1,215,0.3889,0.59,43.92,1347.78,1,3,True,False,False,False,False,False,False,True,False,False,False,False,True
103263,42.0,102469.77,Silver,5.0,134.0,92.64,5.4,1189,0.037,3.26,220.74,463.2,0,1,True,False,False,True,False,False,False,False,False,False,False,False,True
105459,45.0,53178.86,Gold,7.0,28.4,104.31,5.6,1769,0.2381,4.85,72.73,730.17,0,2,True,False,False,False,False,False,True,False,True,False,False,False,False
103443,39.0,32395.71,Platinum,6.0,43.8,236.63,4.7,1462,0.1339,4.01,22.8,1419.78,1,3,True,False,False,False,False,False,True,False,False,False,True,False,False
104297,35.0,45579.61,Gold,5.0,29.0,59.87,7.4,1694,0.1667,4.64,151.75,299.35,0,2,False,True,False,False,False,True,False,False,False,False,True,False,False
103498,51.0,110491.95000000001,Bronze,8.0,43.0,18.84,7.5,953,0.1818,2.61,728.26,150.72,0,0,True,False,False,False,False,False,True,False,False,False,True,False,False
101474,18.0,40788.39,Silver,4.0,105.0,86.52,7.5,1157,0.0377,3.17,117.52,346.08,0,1,False,True,False,False,False,False,False,True,False,True,False,False,False
104551,50.0,53178.86,Silver,5.0,92.0,101.62,9.4,1739,0.0538,4.76,104.46,508.1,0,1,False,True,False,False,True,False,False,False,False,True,False,False,False
104458,35.0,53178.86,Bronze,5.0,10.0,66.37,6.5,959,0.4545,2.63,159.77,331.85,0,0,False,True,False,False,False,True,False,False,False,False,True,False,False
104883,30.0,74717.11,Bronze,6.0,70.0,104.31,4.6,165,0.0845,0.45,119.19,625.86,0,0,False,True,False,True,False,False,False,False,False,True,False,False,False
101458,39.0,53178.86,Bronze,3.0,32.0,104.31,5.3,1275,0.0909,3.49,169.4,312.93,0,0,False,True,False,False,False,False,False,True,False,True,False,False,False
101396,60.0,54535.97,Gold,6.0,7.0,104.3,5.8,2080,0.75,5.7,87.01,625.8,0,2,False,True,False,False,False,True,False,False,False,True,False,False,False
100265,44.0,55447.92,Gold,7.0,50.0,104.31,6.6,2268,0.1373,6.21,75.83,730.17,0,2,True,False,False,False,False,False,True,False,False,True,False,False,False
102749,36.0,53450.83,Gold,10.0,73.0,269.725,7.6,697,0.1351,1.91,19.81,2697.25,1,2,True,False,False,True,False,False,False,False,False,True,False,False,False
103394,25.0,83393.93,Silver,9.0,94.0,195.04,5.7,397,0.0947,1.09,47.48,1755.36,1,1,False,True,False,False,False,False,False,True,False,False,False,False,True
102693,37.0,50389.19,Gold,5.0,55.0,129.98,10.0,1236,0.0893,3.39,77.41,649.9,0,2,False,True,False,False,False,False,True,False,False,False,False,False,True
100930,39.0,59418.09,Platinum,11.0,1.0,262.69,6.5,799,5.5,2.19,20.56,2889.59,1,3,True,False,False,True,False,False,False,False,False,False,False,False,True
104221,57.0,110491.95000000001,Bronze,6.0,22.6,104.31,10.0,98,0.2542,0.27,176.26,625.86,0,0,True,False,False,True,False,False,False,False,False,False,False,False,True
102401,33.0,43684.48,Bronze,7.0,28.0,177.93,4.6,832,0.2414,2.28,35.05,1245.51,1,0,True,False,False,True,False,False,False,False,False,False,False,True,False
102179,45.0,49614.17,Platinum,11.0,53.2,122.91,10.0,1026,0.203,2.81,36.67,1352.01,1,3,False,True,False,False,False,False,False,True,False,False,False,True,False
103807,28.0,45588.58,Platinum,8.0,32.0,172.57,6.8,1788,0.2424,4.9,33.0,1380.56,1,3,False,True,False,False,False,False,True,False,False,False,True,False,False
100247,25.0,36905.26,Bronze,3.0,37.0,43.91,8.1,1256,0.0789,3.44,278.05,131.73,0,0,True,False,False,False,False,False,False,True,True,False,False,False,False
101595,43.0,53094.41,Silver,7.0,63.0,100.47,6.5,2419,0.1094,6.63,75.39,703.29,0,1,True,False,False,True,False,False,False,False,False,False,False,False,True
101759,26.0,42457.36,Bronze,10.0,108.0,28.34,2.8,2281,0.0917,6.25,149.29,283.4,0,0,False,True,False,False,False,True,False,False,False,True,False,False,False
105837,49.0,26251.68,Silver,7.0,0.0,52.56,7.0,1914,7.0,5.24,71.16,367.92,0,1,True,False,False,False,False,False,True,False,False,True,False,False,False
104055,45.0,85105.6,Bronze,10.0,4.0,221.74,8.5,1306,2.0,3.58,38.36,2217.4,1,0,False,True,False,False,False,True,False,False,False,True,False,False,False
100924,31.0,86735.95,Bronze,10.0,322.0,217.77,5.9,1254,0.031,3.44,39.81,2177.7,1,0,False,True,False,False,True,False,False,False,False,False,False,True,False
103323,40.0,28654.52,Silver,10.0,57.6,104.31,8.3,2259,0.1706,6.19,27.44,1043.1,0,1,False,False,True,False,False,False,False,True,False,False,False,True,False
100269,39.0,52279.43,Bronze,6.0,105.0,21.36,8.5,894,0.0566,2.45,404.76,128.16,0,0,True,False,False,False,False,False,True,False,False,False,False,True,False
100670,18.0,35957.46,Gold,5.0,81.0,96.19,4.2,459,0.061,1.26,74.61,480.95,0,2,True,False,False,False,False,True,False,False,False,False,False,False,True
104257,18.0,50306.72,Bronze,8.0,66.0,104.31,6.8,524,0.1194,1.44,60.21,834.48,0,0,True,False,False,False,False,False,True,False,False,True,False,False,False
101911,29.0,70821.94,Bronze,8.0,37.6,269.725,7.7,1708,0.2073,4.68,32.81,2157.8,1,0,True,False,False,True,False,False,False,False,False,True,False,False,False
104397,39.0,66619.75,Silver,6.0,36.0,117.29,5.8,2386,0.1622,6.54,94.53,703.74,0,1,False,True,False,False,False,False,True,False,False,False,False,False,True
101153,41.0,93353.34,Silver,7.0,8.0,144.71,5.9,1194,0.7778,3.27,92.07,1012.97,0,1,False,True,False,False,False,True,False,False,False,False,True,False,False
104919,41.0,36334.39,Bronze,9.0,16.0,49.42,5.5,1105,0.5294,3.03,81.51,444.78,0,0,False,True,False,False,False,False,True,False,False,False,True,False,False
105773,37.0,41141.95,Silver,10.0,44.6,89.5,6.0,2287,0.2193,6.27,45.92,895.0,0,1,True,False,False,True,False,False,False,False,False,True,False,False,False
102697,44.0,91578.81,Gold,9.0,10.0,179.44,5.6,2429,0.8182,6.65,56.67,1614.96,1,2,True,False,False,False,False,False,True,False,True,False,False,False,False
102592,64.0,53178.86,Gold,6.0,54.0,75.1,7.5,2100,0.1091,5.75,117.76,450.6,0,2,True,False,False,False,False,False,True,False,False,True,False,False,False
105073,61.0,47105.49,Gold,5.0,52.2,54.21,7.6,671,0.094,1.84,173.15,271.05,0,2,False,True,False,False,False,True,False,False,False,False,True,False,False
101782,39.0,49742.52,Silver,6.0,163.0,197.66,9.4,1633,0.0366,4.47,41.91,1185.96,0,1,False,True,False,True,False,False,False,False,False,False,False,False,True
102414,21.0,35894.6,Silver,8.0,223.0,44.97,9.2,199,0.0357,0.55,99.5,359.76,0,1,True,False,False,True,False,False,False,False,False,False,False,False,True
103014,39.0,53178.86,Bronze,10.0,9.0,104.31,9.3,1895,1.0,5.19,50.93,1043.1,0,0,False,True,False,False,True,False,False,False,False,False,True,False,False
105239,29.0,23863.03,Silver,6.0,60.0,197.73,6.8,1702,0.0984,4.66,20.1,1186.38,0,1,True,False,False,False,False,True,False,False,False,True,False,False,False
102308,38.0,71871.95,Bronze,6.0,27.8,24.91,8.2,1983,0.2083,5.43,477.68,149.46,0,0,False,True,False,True,False,False,False,False,False,False,True,False,False
103823,37.0,37037.1,Silver,6.0,12.0,32.2,6.9,947,0.4615,2.59,190.72,193.2,0,1,True,False,False,False,False,False,False,True,False,False,False,True,False
100688,56.0,33228.25,Gold,7.0,37.6,174.15,7.9,287,0.1813,0.79,27.24,1219.05,0,2,False,True,False,False,True,False,False,False,False,True,False,False,False
101916,18.0,43691.92,Silver,9.0,24.0,59.32,4.8,1592,0.36,4.36,81.69,533.88,0,1,True,False,False,False,False,False,False,True,False,True,False,False,False
105646,18.0,67421.57,Bronze,9.0,20.0,146.98,10.0,790,0.4286,2.16,50.93,1322.82,1,0,False,True,False,False,True,False,False,False,False,False,True,False,False
103072,40.0,53178.86,Bronze,6.0,14.0,64.12,6.2,2359,0.4,6.46,137.87,384.72,0,0,False,True,False,False,False,False,False,True,False,False,True,False,False
103406,23.0,24026.82,Platinum,3.0,16.0,127.6,7.7,2151,0.1765,5.89,62.6,382.8,0,3,False,True,False,False,False,False,True,False,False,False,True,False,False
102268,35.0,31863.67,Gold,11.0,30.0,140.82,6.7,2119,0.3548,5.81,20.56,1549.02,1,2,True,False,False,False,True,False,False,False,False,False,True,False,False
105753,51.0,58827.95,Platinum,7.0,38.0,211.93,8.0,1970,0.1795,5.4,39.63,1483.51,1,3,False,True,False,False,True,False,False,False,True,False,False,False,False
102534,40.0,59114.31,Bronze,6.0,48.0,104.31,6.7,310,0.1224,0.85,94.3,625.86,0,0,True,False,False,False,False,True,False,False,False,True,False,False,False
100040,46.0,76178.97,Bronze,10.0,17.8,103.37,8.3,192,0.5319,0.53,73.62,1033.7,0,0,False,True,False,False,False,False,True,False,False,False,False,False,True
101899,33.0,49163.66,Bronze,5.0,152.0,74.58,9.1,2419,0.0327,6.63,131.49,372.9,0,0,True,False,False,False,False,False,False,True,False,False,False,True,False
101650,30.0,23208.09,Silver,4.0,4.0,38.04,5.4,489,0.8,1.34,151.53,152.16,0,1,True,False,False,True,False,False,False,False,False,True,False,False,False
103472,34.0,33954.21,Gold,10.0,20.0,104.31,6.1,1079,0.4762,2.96,32.52,1043.1,0,2,True,False,False,True,False,False,False,False,True,False,False,False,False
100259,36.0,32811.18,Bronze,5.0,18.0,113.24,8.4,1454,0.2632,3.98,57.85,566.2,0,0,True,False,False,True,False,False,False,False,False,False,False,False,True
102925,30.0,32021.89,Silver,9.0,13.6,101.68,8.3,2236,0.6164,6.13,34.95,915.12,0,1,True,False,False,True,False,False,False,False,False,False,False,False,True
102435,35.0,62269.62,Silver,3.0,17.0,82.46,6.2,656,0.1667,1.8,250.7,247.38,0,1,False,True,False,False,False,False,True,False,True,False,False,False,False
100848,48.0,16352.17,Bronze,7.0,22.0,89.4,8.1,573,0.3043,1.57,26.09,625.8,0,0,False,True,False,False,True,False,False,False,True,False,False,False,False
102823,46.0,47825.72,Silver,11.0,5.0,41.43,7.5,1328,1.8333,3.64,104.71,455.73,0,1,True,False,False,False,False,False,True,False,False,False,False,True,False
104402,32.0,33549.85,Gold,10.0,48.8,150.17,10.0,2092,0.2008,5.73,22.33,1501.7,1,2,True,False,False,False,False,True,False,False,False,False,True,False,False
105085,47.0,61457.72,Bronze,4.0,7.0,63.31,7.0,2014,0.5,5.52,241.73,253.24,0,0,False,True,False,False,True,False,False,False,False,True,False,False,False
103955,38.0,15558.32,Silver,8.0,41.0,118.22,9.6,93,0.1905,0.25,16.43,945.76,0,1,True,False,False,False,False,True,False,False,False,False,True,False,False
103642,58.0,110491.95000000001,Silver,3.0,4.0,83.1,4.2,250,0.6,0.68,441.44,249.3,0,1,True,False,False,False,False,False,True,False,False,False,False,False,True
101234,39.0,39934.81,Gold,5.0,14.0,104.31,6.3,2008,0.3333,5.5,76.42,521.55,0,2,False,True,False,False,False,True,False,False,False,False,False,False,True
101128,37.0,37772.41,Bronze,7.0,29.8,269.725,8.5,1651,0.2273,4.52,20.0,1888.08,1,0,False,True,False,True,False,False,False,False,False,False,False,False,True
103490,35.0,32019.85,Bronze,7.0,34.0,14.49,5.4,1284,0.2,3.52,312.6,101.43,0,0,False,True,False,False,False,False,True,False,False,False,False,True,False
101968,37.0,71778.75,Gold,9.0,68.0,73.78,6.6,502,0.1304,1.38,107.93,664.02,0,2,False,True,False,False,False,False,False,True,False,True,False,False,False
100559,23.0,44181.54,Bronze,6.0,32.0,57.61,4.6,330,0.1818,0.9,127.45,345.66,0,0,False,True,False,False,False,False,True,False,False,True,False,False,False
100905,31.0,37185.13,Silver,12.0,27.0,37.56,7.6,1369,0.4286,3.75,82.32,450.72,0,1,False,True,False,False,False,False,False,True,False,True,False,False,False
100485,37.0,72981.8,Bronze,13.0,5.0,72.83,7.6,389,2.1667,1.07,77.0,946.79,0,0,True,False,False,False,True,False,False,False,False,True,False,False,False
102212,50.0,50601.96,Silver,6.0,33.2,63.42,10.0,127,0.1754,0.35,132.63,380.52,0,1,True,False,False,False,False,True,False,False,True,False,False,False,False
103333,18.0,58084.92,Bronze,9.0,11.0,86.87,8.0,1169,0.75,3.2,74.2,781.83,0,0,True,False,False,False,False,False,True,False,False,True,False,False,False
100008,34.0,28573.13,Bronze,12.0,84.0,133.66,8.0,2193,0.1412,6.01,17.8,1603.92,1,0,False,True,False,True,False,False,False,False,False,False,False,False,True
102316,42.0,66474.88,Bronze,12.0,24.0,104.31,7.1,1742,0.48,4.77,53.06,1251.72,1,0,False,False,True,False,False,False,True,False,False,False,False,False,True
104385,47.0,44220.48,Silver,9.0,3.0,82.73,8.9,1999,2.25,5.48,59.31,744.57,0,1,True,False,False,False,True,False,False,False,False,False,True,False,False
104316,37.0,37095.58,Gold,11.0,5.0,229.44,6.6,2200,1.8333,6.03,14.69,2523.84,1,2,True,False,False,False,False,False,True,False,True,False,False,False,False
105268,18.0,26204.63,Silver,4.0,25.0,104.31,8.4,1746,0.1538,4.78,62.65,417.24,0,1,True,False,False,False,False,False,False,True,False,False,True,False,False
101451,34.0,18929.3,Bronze,9.0,32.0,111.89,6.3,2200,0.2727,6.03,18.78,1007.01,0,0,False,True,False,False,True,False,False,False,True,False,False,False,False
101202,32.0,75548.16,Silver,11.0,26.2,98.27,6.7,2390,0.4044,6.55,69.82,1080.97,0,1,False,True,False,False,False,True,False,False,False,False,False,False,True
102427,63.0,55318.46,Silver,8.0,95.0,51.52,4.5,2039,0.0833,5.59,133.89,412.16,0,1,True,False,False,False,True,False,False,False,False,True,False,False,False
102649,41.0,44118.01,Bronze,11.0,55.0,91.73,6.8,1488,0.1964,4.08,43.68,1009.03,0,0,False,True,False,False,True,False,False,False,False,False,False,False,True
101815,40.0,40814.59,Silver,7.0,116.0,101.01,6.0,1455,0.0598,3.99,57.64,707.07,0,1,False,True,False,False,True,False,False,False,True,False,False,False,False
100774,54.0,53178.86,Bronze,7.0,47.6,91.94,7.3,2171,0.144,5.95,82.5,643.58,0,0,True,False,False,False,True,False,False,False,True,False,False,False,False
102275,40.0,90122.22,Gold,11.0,31.2,151.16,5.5,280,0.3416,0.77,54.17,1662.76,1,2,False,True,False,False,True,False,False,False,False,False,False,False,True
101012,55.0,41231.72,Bronze,10.0,78.0,167.13,6.2,1895,0.1266,5.19,24.66,1671.3,1,0,False,True,False,False,False,False,True,False,False,True,False,False,False
104060,37.0,64637.51,Gold,5.0,32.2,153.09,6.5,1719,0.1506,4.71,84.33,765.45,0,2,True,False,False,False,False,False,True,False,False,False,True,False,False
103468,18.0,28774.16,Bronze,8.0,45.0,160.64,6.0,584,0.1739,1.6,22.37,1285.12,1,0,True,False,False,False,False,False,True,False,False,True,False,False,False
101992,45.0,40547.87,Silver,5.0,140.0,104.31,7.7,2421,0.0355,6.63,77.6,521.55,0,1,False,True,False,False,False,False,True,False,True,False,False,False,False
101278,57.0,48340.85,Platinum,7.0,26.0,220.81,7.6,307,0.2593,0.84,31.25,1545.67,1,3,True,False,False,False,True,False,False,False,False,False,False,False,True
101784,26.0,48741.23,Silver,7.0,14.0,205.55,5.5,1487,0.4667,4.07,33.85,1438.85,1,1,False,True,False,False,False,False,True,False,False,False,False,False,True
104254,18.0,85347.65,Silver,2.0,172.0,72.74,8.5,1663,0.0116,4.56,582.66,145.48,0,1,False,True,False,False,False,True,False,False,False,False,False,False,True
100447,51.0,110491.95000000001,Bronze,9.0,10.0,145.19,6.9,1386,0.8182,3.8,84.49,1306.71,1,0,False,True,False,False,False,False,True,False,False,False,False,False,True
100881,41.0,25141.03,Bronze,8.0,36.4,17.34,6.8,117,0.2139,0.32,179.94,138.72,0,0,False,True,False,False,True,False,False,False,False,False,False,True,False
105347,24.0,36076.13,Bronze,9.0,102.0,91.51,6.7,1362,0.0874,3.73,43.75,823.59,0,0,True,False,False,False,True,False,False,False,False,False,True,False,False
102728,36.0,40212.92,Gold,6.0,16.0,100.49,4.9,251,0.3529,0.69,66.58,602.94,0,2,False,True,False,False,False,True,False,False,False,False,True,False,False
103049,49.0,65427.26,Silver,9.0,13.0,269.725,6.1,1427,0.6429,3.91,26.94,2427.52,1,1,False,True,False,False,False,False,False,True,False,False,False,False,True
100782,37.0,53411.79,Bronze,4.0,16.0,36.1,8.8,1779,0.2353,4.87,367.34,144.4,0,0,False,True,False,False,False,True,False,False,False,True,False,False,False
102652,18.0,104965.74,Bronze,8.0,37.6,14.67,3.9,1896,0.2073,5.19,886.83,117.36,0,0,True,False,False,False,False,False,False,True,False,False,True,False,False
101750,49.0,32005.12,Silver,7.0,65.0,269.725,6.7,2246,0.1061,6.15,16.94,1888.08,1,1,True,False,False,False,True,False,False,False,False,True,False,False,False
102127,64.0,95145.0,Platinum,6.0,17.0,128.11,7.8,1466,0.3333,4.02,123.62,768.66,0,3,False,True,False,False,False,False,True,False,False,True,False,False,False
104422,47.0,40698.64,Bronze,7.0,4.0,130.47,7.1,675,1.4,1.85,44.51,913.29,0,0,False,True,False,True,False,False,False,False,True,False,False,False,False
102792,37.0,107360.57,Bronze,7.0,38.0,30.82,7.2,1333,0.1795,3.65,495.34,215.74,0,0,True,False,False,False,False,False,True,False,False,True,False,False,False
102424,33.0,92668.48,Bronze,10.0,47.2,39.95,8.6,538,0.2075,1.47,231.38,399.5,0,0,True,False,False,False,False,True,False,False,False,True,False,False,False
105858,38.0,57111.07,Bronze,6.0,40.0,104.31,8.0,1061,0.1463,2.91,91.11,625.86,0,0,False,True,False,False,False,True,False,False,False,False,True,False,False
105169,50.0,55558.21,Bronze,4.0,40.2,200.97,3.8,2116,0.0971,5.8,69.03,803.88,0,0,True,False,False,False,True,False,False,False,False,False,False,False,True
103358,32.0,30913.33,Gold,7.0,6.0,110.32,6.2,753,1.0,2.06,39.98,772.24,0,2,True,False,False,False,False,False,True,False,True,False,False,False,False
101092,38.0,53178.86,Bronze,8.0,31.0,116.39,4.9,149,0.25,0.41,57.05,931.12,0,0,False,True,False,True,False,False,False,False,False,False,True,False,False
105623,46.0,29923.51,Bronze,6.0,71.0,110.85,6.4,936,0.0833,2.56,44.92,665.1,0,0,True,False,False,True,False,False,False,False,False,True,False,False,False
105129,41.0,66866.63,Gold,8.0,7.0,43.14,5.9,1956,1.0,5.36,193.19,345.12,0,2,True,False,False,False,False,False,False,True,True,False,False,False,False
100532,27.0,53178.86,Bronze,13.0,50.8,71.93,4.8,2242,0.251,6.14,56.81,935.09,0,0,False,True,False,False,False,False,False,True,False,False,False,True,False
103591,37.0,40207.45,Silver,5.0,31.0,123.49,8.5,2305,0.1562,6.32,65.01,617.45,0,1,False,True,False,True,False,False,False,False,False,False,False,True,False
104862,45.0,57674.23,Platinum,9.0,9.0,127.63,6.2,473,0.9,1.3,50.17,1148.67,0,3,False,True,False,False,False,False,True,False,False,False,False,True,False
105065,34.0,36727.61,Platinum,11.0,18.0,148.91,8.2,2491,0.5789,6.82,22.41,1638.01,1,3,True,False,False,False,False,False,False,True,False,False,False,True,False
104967,33.0,48663.75,Bronze,13.0,4.0,104.31,6.5,2315,2.6,6.34,35.86,1356.03,1,0,False,True,False,False,True,False,False,False,False,True,False,False,False
102291,43.0,49692.8,Bronze,10.0,61.0,20.73,4.7,2300,0.1613,6.3,238.56,207.3,0,0,False,True,False,False,False,True,False,False,False,True,False,False,False
101728,32.0,105909.17,Silver,6.0,17.0,64.33,10.0,2086,0.3333,5.72,273.68,385.98,0,1,True,False,False,False,False,False,True,False,False,True,False,False,False
100611,26.0,17589.04,Gold,10.0,17.0,72.77,6.3,1412,0.5556,3.87,24.14,727.7,0,2,True,False,False,True,False,False,False,False,True,False,False,False,False
100571,21.0,53178.86,Gold,9.0,11.0,77.02,6.3,508,0.75,1.39,76.61,693.18,0,2,False,True,False,True,False,False,False,False,False,False,True,False,False
103775,51.0,53178.86,Gold,14.0,36.2,223.64,7.4,2128,0.3763,5.83,16.98,3130.96,1,2,True,False,False,False,True,False,False,False,False,False,True,False,False
101318,43.0,50190.56,Silver,5.0,1.0,92.32,4.2,181,2.5,0.5,108.5,461.6,0,1,True,False,False,True,False,False,False,False,False,False,True,False,False
100588,28.0,61595.41,Bronze,6.0,80.2,153.2,9.0,1886,0.0739,5.17,66.94,919.2,0,0,True,False,False,True,False,False,False,False,False,False,False,False,True
104678,48.0,66008.61,Silver,15.0,32.2,49.08,4.0,1996,0.4518,5.47,89.54,736.2,0,1,False,True,False,False,False,False,True,False,False,False,False,False,True
100637,36.0,53178.86,Silver,12.0,7.0,52.18,6.8,470,1.5,1.29,84.79,626.16,0,1,False,True,False,False,False,False,True,False,True,False,False,False,False
100435,49.0,63150.74,Gold,14.0,79.0,101.16,6.4,1332,0.175,3.65,44.56,1416.24,1,2,False,True,False,False,False,False,True,False,False,False,True,False,False
101904,36.0,42847.34,Silver,13.0,2.0,203.85,6.7,243,4.3333,0.67,16.16,2650.05,1,1,False,True,False,False,False,False,True,False,False,False,False,False,True
100098,26.0,37076.35,Silver,4.0,88.0,71.68,10.0,1868,0.0449,5.12,128.86,286.72,0,1,False,True,False,False,False,False,True,False,False,True,False,False,False
104929,56.0,55107.56,Gold,7.0,51.0,196.5,7.7,1610,0.1346,4.41,40.03,1375.5,1,2,True,False,False,False,False,False,False,True,False,True,False,False,False
103426,43.0,110491.95000000001,Platinum,4.0,27.0,113.52,8.8,2317,0.1429,6.35,242.8,454.08,0,3,False,True,False,False,False,False,False,True,False,True,False,False,False
104421,52.0,70871.24,Bronze,8.0,29.0,240.73,8.4,337,0.2667,0.92,36.78,1925.84,1,0,True,False,False,False,True,False,False,False,True,False,False,False,False
102070,36.0,100760.23,Bronze,7.0,17.0,119.78,9.0,1558,0.3889,4.27,120.03,838.46,0,0,True,False,False,False,False,False,False,True,True,False,False,False,False
101538,18.0,62709.62,Platinum,4.0,90.0,180.8,5.3,2299,0.044,6.3,86.59,723.2,0,3,True,False,False,False,False,True,False,False,False,True,False,False,False
103207,44.0,35449.41,Bronze,9.0,25.2,100.48,8.2,2473,0.3435,6.78,39.16,904.32,0,0,False,True,False,False,False,True,False,False,False,True,False,False,False
104547,18.0,86127.45,Gold,1.0,27.0,119.48,5.4,465,0.0357,1.27,714.87,119.48,0,2,True,False,False,False,False,False,False,True,False,True,False,False,False
103324,47.0,42983.88,Silver,4.0,34.0,93.67,7.6,1950,0.1143,5.34,114.42,374.68,0,1,True,False,False,False,True,False,False,False,True,False,False,False,False
101518,54.0,50136.32,Silver,10.0,89.0,185.57,7.6,2050,0.1111,5.62,27.0,1855.7,1,1,False,True,False,False,True,False,False,False,False,False,True,False,False
100966,22.0,62015.03,Silver,10.0,60.2,35.33,9.3,1617,0.1634,4.43,175.04,353.3,0,1,True,False,False,False,True,False,False,False,False,False,True,False,False
105276,18.0,103742.24,Bronze,9.0,22.0,86.08,9.1,273,0.3913,0.75,133.74,774.72,0,0,True,False,False,True,False,False,False,False,False,False,False,False,True
100529,41.0,53178.86,Bronze,4.0,105.0,16.65,9.9,350,0.0377,0.96,786.67,66.6,0,0,False,True,False,False,False,False,True,False,False,True,False,False,False
100177,57.0,53178.86,Silver,8.0,12.0,70.42,8.5,1493,0.6154,4.09,94.23,563.36,0,1,True,False,False,False,False,False,True,False,False,False,True,False,False
102471,32.0,65012.11,Bronze,10.0,87.0,74.45,5.1,1354,0.1136,3.71,87.21,744.5,0,0,True,False,False,False,True,False,False,False,False,True,False,False,False
104522,42.0,99434.43,Gold,9.0,35.0,127.31,8.3,585,0.25,1.6,86.71,1145.79,0,2,True,False,False,False,False,False,True,False,False,True,False,False,False
103600,55.0,25125.79,Gold,5.0,21.0,76.58,8.4,2444,0.2273,6.7,65.45,382.9,0,2,True,False,False,False,False,False,True,False,False,False,True,False,False
103002,46.0,32755.67,Silver,5.0,34.2,31.7,4.4,1663,0.142,4.56,205.36,158.5,0,1,True,False,False,False,False,True,False,False,False,False,True,False,False
105866,18.0,49470.07,Bronze,12.0,40.0,131.38,4.8,153,0.2927,0.42,31.36,1576.56,1,0,True,False,False,False,True,False,False,False,False,True,False,False,False
100573,41.0,105806.87,Bronze,8.0,6.0,104.31,10.0,2304,1.1429,6.31,126.64,834.48,0,0,False,True,False,False,False,False,True,False,True,False,False,False,False
103266,43.0,27116.66,Gold,9.0,32.0,68.26,3.8,832,0.2727,2.28,44.07,614.34,0,2,False,True,False,False,False,False,True,False,False,True,False,False,False
100593,60.0,77176.14,Bronze,6.0,31.0,81.12,6.7,2301,0.1875,6.3,158.24,486.72,0,0,False,True,False,False,False,False,False,True,True,False,False,False,False
104975,33.0,110491.95000000001,Bronze,6.0,96.0,96.19,7.8,191,0.0619,0.52,191.12,577.14,0,0,False,True,False,False,False,False,False,True,False,False,False,True,False
103063,68.0,65697.98,Silver,9.0,127.0,133.04,6.1,1661,0.0703,4.55,54.82,1197.36,0,1,True,False,False,False,False,False,False,True,False,False,True,False,False
103483,50.0,110491.95000000001,Bronze,13.0,49.0,93.96,6.8,2372,0.26,6.5,90.38,1221.48,0,0,True,False,False,False,False,False,False,True,False,False,True,False,False
102375,34.0,50227.28,Bronze,10.0,11.0,85.94,4.9,1989,0.8333,5.45,58.38,859.4,0,0,True,False,False,True,False,False,False,False,False,True,False,False,False
103065,35.0,40162.99,Bronze,7.0,11.0,156.26,7.2,974,0.5833,2.67,36.68,1093.82,0,0,True,False,False,False,False,False,True,False,False,True,False,False,False
105628,18.0,48957.68,Platinum,9.0,65.0,208.62,6.8,793,0.1364,2.17,26.06,1877.58,1,3,False,True,False,False,True,False,False,False,False,True,False,False,False
104333,56.0,48294.65,Silver,12.0,32.0,64.34,9.1,1873,0.3636,5.13,62.47,772.08,0,1,True,False,False,False,False,False,True,False,False,False,False,True,False
103657,35.0,53178.86,Bronze,9.0,22.0,176.48,5.7,1284,0.3913,3.52,33.46,1588.32,1,0,False,True,False,False,False,False,False,True,False,False,True,False,False
102209,45.0,35871.35,Bronze,6.0,173.0,23.07,6.4,2193,0.0345,6.01,257.29,138.42,0,0,False,True,False,False,True,False,False,False,False,False,False,True,False
104417,53.0,25008.95,Gold,7.0,18.8,104.31,6.3,1875,0.3535,5.14,34.2,730.17,0,2,True,False,False,False,True,False,False,False,False,False,False,False,True
102493,47.0,66583.09,Gold,15.0,211.0,246.61,6.0,694,0.0708,1.9,17.99,3699.15,1,2,False,True,False,False,True,False,False,False,False,False,False,True,False
103902,46.0,60634.06,Bronze,4.0,30.0,141.87,5.4,1553,0.129,4.25,106.66,567.48,0,0,False,True,False,False,False,False,False,True,True,False,False,False,False
100384,23.0,53178.86,Bronze,4.0,6.0,122.23,3.9,71,0.5714,0.19,108.55,488.92,0,0,True,False,False,False,False,True,False,False,False,False,False,False,True
100853,49.0,53750.72,Bronze,9.0,5.0,67.82,7.6,938,1.5,2.57,87.92,610.38,0,0,True,False,False,True,False,False,False,False,False,False,True,False,False
101881,47.0,41732.79,Bronze,3.0,11.0,79.21,7.5,1635,0.25,4.48,174.88,237.63,0,0,True,False,False,False,True,False,False,False,False,True,False,False,False
100371,38.0,71757.44,Gold,10.0,12.0,152.88,9.7,2099,0.7692,5.75,46.91,1528.8,1,2,True,False,False,False,False,False,False,True,False,False,False,True,False
103363,41.0,110491.95000000001,Silver,4.0,58.0,93.93,7.5,2030,0.0678,5.56,293.3,375.72,0,1,False,True,False,False,True,False,False,False,False,False,False,False,True
104232,46.0,56145.77,Silver,9.0,23.0,269.725,7.0,1458,0.375,3.99,23.12,2427.52,1,1,False,True,False,False,False,False,False,True,False,False,True,False,False
105205,18.0,55675.01,Silver,9.0,87.0,46.88,5.4,863,0.1023,2.36,131.64,421.92,0,1,True,False,False,True,False,False,False,False,True,False,False,False,False
105958,47.0,43991.67,Platinum,5.0,22.2,104.31,7.5,1487,0.2155,4.07,84.19,521.55,0,3,False,True,False,False,True,False,False,False,False,True,False,False,False
101106,46.0,50927.02,Gold,14.0,7.0,137.77,6.7,1745,1.75,4.78,26.39,1928.78,1,2,False,True,False,False,False,False,False,True,False,False,True,False,False
104685,30.0,42497.78,Bronze,8.0,29.0,98.58,8.4,933,0.2667,2.56,53.82,788.64,0,0,True,False,False,False,True,False,False,False,True,False,False,False,False
102362,26.0,47367.8,Bronze,7.0,5.0,17.72,7.2,268,1.1667,0.73,378.82,124.04,0,0,False,True,False,False,True,False,False,False,False,False,False,False,True
105154,54.0,64771.35,Silver,8.0,41.2,104.82,10.0,2472,0.1896,6.77,77.15,838.56,0,1,True,False,False,False,False,True,False,False,True,False,False,False,False
101337,44.0,110491.95000000001,Platinum,7.0,79.0,104.31,8.5,1917,0.0875,5.25,151.12,730.17,0,3,False,True,False,False,False,True,False,False,False,False,True,False,False
102190,45.0,59279.73,Bronze,9.0,37.0,104.31,4.6,409,0.2368,1.12,63.08,938.79,0,0,True,False,False,True,False,False,False,False,False,False,False,True,False
105503,25.0,51843.62,Bronze,8.0,17.0,164.4,5.4,2430,0.4444,6.66,39.39,1315.2,1,0,True,False,False,False,False,False,False,True,False,False,False,False,True
105404,38.0,46781.32,Bronze,12.0,29.2,38.74,3.7,46,0.3974,0.13,100.41,464.88,0,0,True,False,False,False,True,False,False,False,False,False,True,False,False
104849,29.0,59355.88,Bronze,10.0,16.8,45.88,7.6,623,0.5618,1.71,129.09,458.8,0,0,True,False,False,False,False,False,False,True,False,False,True,False,False
102247,19.0,59931.24,Platinum,10.0,10.0,104.31,8.4,449,0.9091,1.23,57.4,1043.1,0,3,False,True,False,False,False,False,True,False,False,False,False,False,True
105975,54.0,55569.33,Platinum,7.0,49.0,139.89,6.6,1604,0.14,4.39,56.69,979.23,0,3,True,False,False,False,True,False,False,False,False,False,True,False,False
103993,34.0,42708.79,Bronze,9.0,35.0,104.31,6.7,138,0.25,0.38,45.45,938.79,0,0,True,False,False,False,True,False,False,False,False,True,False,False,False
103809,37.0,60013.27,Gold,4.0,4.0,81.4,9.1,517,0.8,1.42,183.75,325.6,0,2,False,True,False,True,False,False,False,False,False,False,False,True,False
101423,43.0,69364.86,Gold,8.0,1.0,81.73,8.7,1940,4.0,5.32,105.93,653.84,0,2,True,False,False,False,True,False,False,False,False,True,False,False,False
102687,18.0,30043.53,Bronze,5.0,145.0,91.82,8.1,180,0.0342,0.49,65.3,459.1,0,0,True,False,False,False,False,True,False,False,False,True,False,False,False
105381,53.0,36845.99,Platinum,10.0,61.8,116.0,6.3,2219,0.1592,6.08,31.74,1160.0,0,3,False,True,False,False,False,False,False,True,False,True,False,False,False
103319,52.0,72122.11,Silver,5.0,43.6,106.32,7.2,989,0.1121,2.71,135.42,531.6,0,1,False,True,False,False,False,True,False,False,False,False,False,True,False
105814,49.0,110491.95000000001,Silver,8.0,131.0,104.31,4.6,540,0.0606,1.48,132.25,834.48,0,1,False,True,False,False,False,False,True,False,True,False,False,False,False
105708,43.0,40206.71,Bronze,8.0,52.6,68.95,5.6,2097,0.1493,5.75,72.76,551.6,0,0,False,True,False,False,False,False,False,True,False,True,False,False,False
101465,50.0,53178.86,Bronze,9.0,54.6,78.61,7.6,177,0.1619,0.48,75.06,707.49,0,0,False,True,False,False,True,False,False,False,False,False,False,True,False
100875,18.0,31396.67,Gold,10.0,63.0,187.36,6.4,162,0.1562,0.44,16.75,1873.6,1,2,False,True,False,False,True,False,False,False,False,True,False,False,False
102298,29.0,48051.89,Bronze,13.0,61.0,112.17,7.9,2373,0.2097,6.5,32.93,1458.21,1,0,True,False,False,False,False,False,True,False,False,False,False,True,False
102644,27.0,110491.95000000001,Silver,11.0,28.0,49.44,6.3,2122,0.3793,5.81,202.8,543.84,0,1,True,False,False,False,False,False,False,True,False,False,False,False,True
105191,39.0,53178.86,Bronze,12.0,18.8,37.35,7.1,2284,0.6061,6.26,118.39,448.2,0,0,False,True,False,False,True,False,False,False,False,False,False,True,False
101252,56.0,53178.86,Bronze,6.0,4.0,105.54,7.0,93,1.2,0.25,83.85,633.24,0,0,True,False,False,False,False,True,False,False,False,False,False,False,True
103327,45.0,53178.86,Silver,14.0,32.6,104.31,5.8,1519,0.4167,4.16,36.39,1460.34,1,1,False,True,False,False,False,False,True,False,False,False,True,False,False
100841,61.0,110491.95000000001,Bronze,9.0,11.0,98.65,7.6,2269,0.75,6.22,124.31,887.85,0,0,True,False,False,False,False,True,False,False,False,False,False,True,False
100582,24.0,44308.91,Platinum,6.0,124.0,269.725,7.1,1608,0.048,4.41,27.36,1618.35,1,3,True,False,False,False,False,False,True,False,False,True,False,False,False
100205,18.0,52661.91,Gold,13.0,73.0,77.6,9.1,387,0.1757,1.06,52.15,1008.8,0,2,True,False,False,False,False,False,True,False,False,False,False,False,True
101642,44.0,53178.86,Silver,4.0,93.0,80.61,7.2,1310,0.0426,3.59,164.42,322.44,0,1,False,True,False,True,False,False,False,False,False,False,False,True,False
100906,63.0,76251.33,Silver,11.0,163.0,75.82,7.2,1848,0.0671,5.06,91.32,834.02,0,1,True,False,False,False,False,False,True,False,False,True,False,False,False
100632,69.0,46114.17,Bronze,12.0,128.0,76.57,7.4,1922,0.093,5.27,50.13,918.84,0,0,False,False,True,False,False,False,True,False,False,False,False,False,True
104245,41.0,91636.16,Bronze,3.0,23.8,49.86,7.9,1792,0.121,4.91,608.55,149.58,0,0,True,False,False,False,False,False,True,False,False,False,True,False,False
101975,22.0,110244.59,Platinum,5.0,16.0,201.85,7.7,1917,0.2941,5.25,109.13,1009.25,0,3,False,True,False,False,True,False,False,False,False,False,True,False,False
100163,64.0,55974.86,Gold,8.0,57.0,175.92,8.4,1094,0.1379,3.0,39.74,1407.36,1,2,True,False,False,False,True,False,False,False,False,False,False,False,True
104305,38.0,46118.15,Gold,8.0,51.8,73.04,6.9,2330,0.1515,6.38,78.79,584.32,0,2,True,False,False,False,False,False,False,True,False,False,False,False,True
104056,43.0,54665.36,Bronze,6.0,52.0,110.07,6.2,925,0.1132,2.53,82.65,660.42,0,0,False,True,False,False,True,False,False,False,False,False,True,False,False
103514,51.0,47488.03,Bronze,9.0,40.0,106.58,4.2,365,0.2195,1.0,49.46,959.22,0,0,False,False,True,False,False,False,True,False,False,True,False,False,False
100618,41.0,53392.41,Bronze,3.0,56.0,69.72,6.4,1191,0.0526,3.26,254.06,209.16,0,0,True,False,False,False,False,True,False,False,False,False,True,False,False
100876,18.0,76258.99,Gold,12.0,53.0,114.62,9.2,1761,0.2222,4.82,55.4,1375.44,1,2,False,True,False,True,False,False,False,False,False,True,False,False,False
101432,27.0,99511.94,Bronze,11.0,115.0,79.49,6.3,1799,0.0948,4.93,113.68,874.39,0,0,True,False,False,False,True,False,False,False,True,False,False,False,False
102974,31.0,32020.86,Silver,15.0,19.0,197.81,6.5,2366,0.75,6.48,10.79,2967.15,1,1,True,False,False,True,False,False,False,False,False,False,True,False,False
105363,61.0,33358.48,Bronze,7.0,125.0,83.71,4.8,2480,0.0556,6.79,56.83,585.97,0,0,True,False,False,False,False,False,True,False,False,True,False,False,False
100548,26.0,110491.95000000001,Bronze,10.0,9.0,241.78,7.4,102,1.0,0.28,45.68,2417.8,1,0,True,False,False,False,False,False,False,True,False,False,False,True,False
105450,40.0,41939.75,Gold,10.0,50.0,104.31,8.9,1439,0.1961,3.94,40.17,1043.1,0,2,False,True,False,False,False,False,False,True,False,False,True,False,False
105049,38.0,89270.27,Platinum,4.0,112.0,117.85,6.8,1891,0.0354,5.18,188.97,471.4,0,3,False,True,False,True,False,False,False,False,False,False,False,True,False
103382,42.0,69075.01,Silver,6.0,3.0,104.31,6.7,733,1.5,2.01,110.19,625.86,0,1,True,False,False,False,False,True,False,False,False,False,False,False,True
105810,26.0,54259.7,Silver,10.0,1.0,77.05,7.6,115,5.0,0.32,70.33,770.5,0,1,True,False,False,False,False,False,False,True,False,False,True,False,False
105703,45.0,33026.4,Silver,3.0,17.0,104.31,10.0,392,0.1667,1.07,105.2,312.93,0,1,True,False,False,False,False,True,False,False,False,False,True,False,False
104891,45.0,45637.5,Gold,7.0,45.0,43.54,7.0,852,0.1522,2.33,149.25,304.78,0,2,True,False,False,False,False,False,False,True,False,True,False,False,False
102857,37.0,32320.97,Bronze,7.0,92.0,139.95,7.7,1724,0.0753,4.72,32.96,979.65,0,0,False,True,False,False,False,False,True,False,True,False,False,False,False
102660,43.0,73719.62,Gold,9.0,72.0,86.74,5.1,2172,0.1233,5.95,94.31,780.66,0,2,False,True,False,False,True,False,False,False,False,True,False,False,False
105506,27.0,110491.95000000001,Silver,6.0,29.0,53.01,8.3,1083,0.2,2.97,346.3,318.06,0,1,True,False,False,False,False,False,False,True,False,False,True,False,False
100641,20.0,69475.39,Gold,9.0,20.0,101.91,7.1,1429,0.4286,3.92,75.67,917.19,0,2,False,True,False,False,True,False,False,False,False,False,True,False,False
105108,33.0,51301.28,Silver,8.0,86.8,23.79,6.0,2360,0.0911,6.47,268.14,190.32,0,1,True,False,False,False,False,False,False,True,False,True,False,False,False
101010,43.0,50058.93,Bronze,8.0,148.0,81.15,9.3,295,0.0537,0.81,76.99,649.2,0,0,False,True,False,False,False,False,False,True,False,False,True,False,False
105863,26.0,58219.13,Bronze,8.0,68.0,107.45,9.8,1383,0.1159,3.79,67.65,859.6,0,0,False,True,False,True,False,False,False,False,False,False,True,False,False
100638,25.0,59245.6,Platinum,13.0,20.0,130.15,9.6,126,0.619,0.35,35.0,1691.95,1,3,False,True,False,False,False,False,False,True,False,True,False,False,False
104900,33.0,38240.11,Bronze,10.0,27.0,78.43,7.7,1374,0.3571,3.76,48.69,784.3,0,0,True,False,False,False,False,False,False,True,False,False,False,True,False
104505,30.0,73153.8,Silver,5.0,44.8,131.0,8.2,1456,0.1092,3.99,111.51,655.0,0,1,False,True,False,False,False,False,True,False,False,False,True,False,False
102309,53.0,43120.93,Gold,6.0,65.6,136.69,6.1,373,0.0901,1.02,52.51,820.14,0,2,True,False,False,True,False,False,False,False,False,False,True,False,False
104169,37.0,55142.67,Silver,5.0,6.0,59.96,6.5,1182,0.7143,3.24,183.32,299.8,0,1,False,True,False,False,False,True,False,False,False,False,False,True,False
103146,42.0,70838.65,Bronze,6.0,28.0,41.67,5.6,2247,0.2069,6.16,282.2,250.02,0,0,True,False,False,False,False,False,False,True,False,False,False,True,False
103782,18.0,49263.59,Gold,7.0,27.0,104.31,8.9,2394,0.25,6.56,67.38,730.17,0,2,False,True,False,False,False,True,False,False,False,True,False,False,False
102097,48.0,49208.93,Silver,9.0,6.0,64.31,6.0,110,1.2857,0.3,84.87,578.79,0,1,False,True,False,False,False,True,False,False,False,False,True,False,False
105520,26.0,96601.6,Silver,7.0,60.0,136.71,7.6,2056,0.1148,5.63,100.84,956.97,0,1,True,False,False,False,False,False,False,True,False,True,False,False,False
101957,49.0,50877.47,Bronze,5.0,54.0,103.45,6.6,1480,0.0909,4.05,98.17,517.25,0,0,True,False,False,True,False,False,False,False,False,True,False,False,False
101373,43.0,29111.57,Silver,12.0,24.0,105.36,9.2,2388,0.48,6.54,23.01,1264.32,1,1,False,True,False,False,False,False,True,False,True,False,False,False,False
104023,22.0,53178.86,Bronze,10.0,14.0,104.31,7.0,1899,0.6667,5.2,50.93,1043.1,0,0,True,False,False,False,False,False,True,False,False,False,True,False,False
100922,28.0,28561.82,Gold,6.0,257.0,153.79,4.9,2468,0.0233,6.76,30.92,922.74,0,2,False,True,False,False,False,False,False,True,False,False,False,False,True
100547,40.0,53439.62,Platinum,6.0,84.0,93.82,5.2,666,0.0706,1.82,94.76,562.92,0,3,True,False,False,False,False,False,False,True,False,True,False,False,False
101450,31.0,54365.35,Silver,6.0,10.0,269.725,7.1,119,0.5455,0.33,33.57,1618.35,1,1,False,True,False,False,False,False,True,False,False,False,False,True,False
102805,28.0,90218.61,Silver,12.0,87.0,220.33,6.1,299,0.1364,0.82,34.11,2643.96,1,1,True,False,False,False,True,False,False,False,True,False,False,False,False
102611,18.0,110491.95000000001,Bronze,6.0,76.4,104.31,5.0,1759,0.0775,4.82,176.26,625.86,0,0,False,False,True,False,False,True,False,False,False,False,False,False,True
101901,31.0,42753.55,Bronze,8.0,11.0,110.34,8.8,1696,0.6667,4.65,48.38,882.72,0,0,False,True,False,True,False,False,False,False,False,False,True,False,False
102029,40.0,59676.1,Gold,6.0,31.0,269.725,6.7,470,0.1875,1.29,36.85,1618.35,1,2,True,False,False,False,True,False,False,False,False,True,False,False,False
102302,27.0,41384.11,Bronze,6.0,90.0,60.01,3.8,1163,0.0659,3.19,114.62,360.06,0,0,True,False,False,False,False,True,False,False,False,False,False,True,False
101886,41.0,27881.55,Bronze,8.0,3.0,74.16,8.1,1441,2.0,3.95,46.92,593.28,0,0,False,True,False,False,False,True,False,False,True,False,False,False,False
100973,41.0,32019.95,Silver,8.0,46.0,195.87,7.5,957,0.1702,2.62,20.42,1566.96,1,1,True,False,False,False,False,True,False,False,False,False,True,False,False
105765,34.0,40320.45,Silver,9.0,16.0,28.53,8.1,271,0.5294,0.74,156.42,256.77,0,1,True,False,False,False,False,False,False,True,False,False,False,True,False
102098,28.0,42592.35,Silver,9.0,34.0,42.88,8.6,750,0.2571,2.05,110.08,385.92,0,1,True,False,False,True,False,False,False,False,False,True,False,False,False
105209,33.0,76406.38,Bronze,13.0,12.0,111.94,8.9,1351,1.0,3.7,52.47,1455.22,1,0,False,True,False,False,False,False,False,True,False,True,False,False,False
104576,42.0,53178.86,Silver,9.0,39.0,33.56,7.5,2313,0.225,6.34,175.48,302.04,0,1,False,True,False,False,False,False,False,True,False,True,False,False,False
105491,35.0,79566.85,Bronze,8.0,4.0,88.51,5.5,1941,1.6,5.32,112.21,708.08,0,0,True,False,False,False,False,False,False,True,False,False,False,False,True
105959,21.0,110491.95000000001,Silver,8.0,5.0,78.28,5.8,1657,1.3333,4.54,176.16,626.24,0,1,False,True,False,False,False,False,False,True,True,False,False,False,False
100837,34.0,63346.77,Bronze,11.0,60.0,168.94,9.3,772,0.1803,2.12,34.07,1858.34,1,0,False,True,False,False,False,False,True,False,False,False,True,False,False
100602,31.0,47213.96,Silver,9.0,21.0,104.31,7.6,619,0.4091,1.7,50.24,938.79,0,1,True,False,False,False,False,False,True,False,False,True,False,False,False
102185,18.0,51210.12,Silver,8.0,8.0,130.51,5.9,1663,0.8889,4.56,49.0,1044.08,0,1,False,True,False,False,False,False,True,False,True,False,False,False,False
104769,20.0,73200.96,Silver,10.0,56.2,104.31,8.3,54,0.1748,0.15,70.11,1043.1,0,1,True,False,False,False,True,False,False,False,False,False,True,False,False
103517,43.0,72076.25,Bronze,9.0,155.0,104.31,4.6,1095,0.0577,3.0,76.69,938.79,0,0,True,False,False,False,False,False,False,True,False,False,False,False,True
105150,22.0,43971.54,Bronze,7.0,55.0,59.44,5.4,64,0.125,0.18,105.43,416.08,0,0,False,True,False,False,False,True,False,False,True,False,False,False,False
101583,45.0,73142.91,Bronze,9.0,44.0,66.63,6.5,180,0.2,0.49,121.77,599.67,0,0,True,False,False,False,False,True,False,False,False,True,False,False,False
105102,57.0,50668.99,Silver,7.0,6.0,122.74,4.4,463,1.0,1.27,58.91,859.18,0,1,False,True,False,False,False,False,True,False,False,True,False,False,False
103859,33.0,38357.4,Bronze,2.0,160.0,74.84,6.1,2002,0.0124,5.48,254.56,149.68,0,0,True,False,False,False,False,False,True,False,False,True,False,False,False
101071,36.0,59911.68,Gold,12.0,24.0,195.92,6.3,170,0.48,0.47,25.47,2351.04,1,2,False,True,False,False,True,False,False,False,False,False,False,False,True
101776,42.0,32893.2,Silver,9.0,75.0,54.97,6.0,2156,0.1184,5.91,66.35,494.73,0,1,False,True,False,False,False,False,False,True,False,False,False,False,True
101284,48.0,55229.11,Silver,9.0,3.0,77.06,7.9,2489,2.25,6.82,79.52,693.54,0,1,True,False,False,False,False,True,False,False,False,False,False,False,True
104988,41.0,54111.87,Bronze,10.0,1.0,95.81,4.3,541,5.0,1.48,56.42,958.1,0,0,True,False,False,False,False,True,False,False,False,True,False,False,False
104885,43.0,48041.39,Bronze,9.0,20.0,172.15,7.6,1819,0.4286,4.98,30.99,1549.35,1,0,False,True,False,True,False,False,False,False,False,True,False,False,False
105700,18.0,48440.91,Bronze,8.0,19.0,64.59,8.9,2090,0.4,5.73,93.57,516.72,0,0,False,True,False,False,False,True,False,False,False,True,False,False,False
101837,41.0,53178.86,Bronze,3.0,130.0,104.31,5.3,42,0.0229,0.12,169.4,312.93,0,0,False,True,False,True,False,False,False,False,False,True,False,False,False
105453,59.0,53178.86,Bronze,13.0,1.0,40.12,6.9,973,6.5,2.67,101.77,521.56,0,0,True,False,False,True,False,False,False,False,True,False,False,False,False
101020,45.0,56530.19,Bronze,12.0,6.0,96.52,10.0,64,1.7143,0.18,48.76,1158.24,0,0,True,False,False,False,False,True,False,False,False,True,False,False,False
100971,35.0,59524.37,Gold,5.0,39.0,93.66,3.1,550,0.125,1.51,126.84,468.3,0,2,False,True,False,False,True,False,False,False,False,False,True,False,False
101327,42.0,73338.75,Silver,7.0,2.0,94.93,7.8,1189,2.3333,3.26,110.2,664.51,0,1,False,True,False,True,False,False,False,False,False,False,True,False,False
103334,33.0,43826.79,Gold,10.0,32.0,126.14,7.5,669,0.303,1.83,34.72,1261.4,1,2,True,False,False,False,False,False,True,False,False,False,False,False,True
100476,34.0,36583.35,Gold,8.0,45.6,104.31,8.3,1246,0.1717,3.41,43.79,834.48,0,2,True,False,False,False,False,False,True,False,False,False,False,False,True
102811,30.0,42827.48,Bronze,8.0,75.0,133.59,8.2,179,0.1053,0.49,40.04,1068.72,0,0,False,False,True,False,False,True,False,False,False,False,True,False,False
105609,41.0,53178.86,Silver,14.0,14.0,106.96,6.1,1735,0.9333,4.75,35.49,1497.44,1,1,True,False,False,False,False,True,False,False,False,False,False,True,False
101652,53.0,27221.88,Silver,7.0,40.0,28.45,6.0,396,0.1707,1.08,136.01,199.15,0,1,False,True,False,False,False,False,True,False,False,False,False,False,True
105570,40.0,76226.03,Gold,6.0,46.8,221.57,8.8,839,0.1255,2.3,57.29,1329.42,1,2,True,False,False,False,False,False,True,False,False,False,True,False,False
105122,21.0,65858.04,Bronze,9.0,30.0,28.51,5.7,1589,0.2903,4.35,255.67,256.59,0,0,True,False,False,True,False,False,False,False,False,False,False,False,True
102529,51.0,49630.35,Silver,7.0,3.0,60.24,7.4,1687,1.75,4.62,117.42,421.68,0,1,False,True,False,False,False,True,False,False,False,False,False,True,False
103692,37.0,86600.44,Gold,9.0,18.0,53.91,6.5,285,0.4737,0.78,178.12,485.19,0,2,False,True,False,False,False,True,False,False,False,False,True,False,False
104510,45.0,78226.92,Bronze,7.0,22.0,31.63,9.8,1416,0.3043,3.88,351.72,221.41,0,0,False,True,False,False,False,False,True,False,False,True,False,False,False
104087,28.0,100824.59,Silver,5.0,84.0,89.44,4.8,670,0.0588,1.84,224.95,447.2,0,1,False,True,False,False,True,False,False,False,False,False,False,False,True
101374,19.0,36524.79,Bronze,6.0,33.0,117.4,7.6,1398,0.1765,3.83,51.78,704.4,0,0,False,True,False,True,False,False,False,False,False,True,False,False,False
100740,18.0,34484.38,Silver,6.0,52.0,192.24,7.0,2306,0.1132,6.32,29.87,1153.44,0,1,True,False,False,False,False,False,True,False,False,False,False,False,True
104609,24.0,65612.11,Platinum,10.0,42.0,92.08,6.8,447,0.2326,1.22,71.18,920.8,0,3,True,False,False,False,False,True,False,False,False,False,False,True,False
105803,46.0,53178.86,Gold,10.0,38.0,104.31,7.2,2193,0.2564,6.01,50.93,1043.1,0,2,False,True,False,False,False,False,True,False,False,True,False,False,False
100868,33.0,57878.07,Bronze,7.0,16.0,211.6,7.0,450,0.4118,1.23,39.05,1481.2,1,0,False,True,False,True,False,False,False,False,False,True,False,False,False
102975,39.0,32756.68,Platinum,4.0,0.0,237.61,7.1,377,4.0,1.03,34.43,950.44,0,3,False,False,True,False,False,True,False,False,False,False,False,True,False
101141,59.0,29115.0,Platinum,7.0,4.0,201.02,8.5,2473,1.4,6.78,20.68,1407.14,1,3,False,True,False,False,False,True,False,False,False,False,False,True,False
100998,39.0,33863.74,Bronze,4.0,32.0,175.09,8.1,502,0.1212,1.38,48.28,700.36,0,0,True,False,False,False,False,True,False,False,False,True,False,False,False
101338,46.0,53178.86,Bronze,6.0,29.0,104.31,4.8,252,0.2,0.69,84.83,625.86,0,0,True,False,False,False,False,False,True,False,False,False,True,False,False
100542,28.0,72580.03,Bronze,8.0,7.0,88.75,8.2,2085,1.0,5.71,102.08,710.0,0,0,False,True,False,False,False,False,True,False,False,False,False,True,False
101133,30.0,49720.67,Silver,12.0,57.4,75.46,7.9,2320,0.2055,6.36,54.85,905.52,0,1,False,True,False,True,False,False,False,False,False,False,True,False,False
105817,41.0,34748.27,Bronze,11.0,70.0,150.3,7.9,506,0.1549,1.39,21.0,1653.3,1,0,False,False,True,False,False,False,True,False,False,True,False,False,False
105928,49.0,47779.15,Silver,12.0,58.0,104.31,8.0,141,0.2034,0.39,38.14,1251.72,1,1,True,False,False,False,True,False,False,False,False,False,True,False,False
102259,51.0,59110.82,Bronze,8.0,12.0,96.45,7.2,2026,0.6154,5.55,76.51,771.6,0,0,False,True,False,False,False,False,True,False,False,False,True,False,False
102963,42.0,52193.7,Silver,2.0,37.8,108.49,10.0,796,0.0515,2.18,239.44,216.98,0,1,True,False,False,False,False,False,False,True,True,False,False,False,False
100060,50.0,88923.94,Gold,9.0,39.2,73.6,6.1,390,0.2239,1.07,134.04,662.4,0,2,False,True,False,False,False,False,False,True,False,False,False,False,True
103260,34.0,39167.24,Bronze,8.0,68.0,79.89,7.0,2252,0.1159,6.17,61.19,639.12,0,0,False,True,False,False,True,False,False,False,False,True,False,False,False
104084,34.0,57476.83,Bronze,10.0,32.0,152.83,6.5,2420,0.303,6.63,37.58,1528.3,1,0,True,False,False,False,False,False,True,False,False,False,True,False,False
101939,30.0,70752.89,Silver,9.0,70.0,78.95,7.7,832,0.1268,2.28,99.43,710.55,0,1,False,False,True,False,True,False,False,False,False,True,False,False,False
103651,55.0,110491.95000000001,Gold,6.0,33.0,86.12,8.8,904,0.1765,2.48,213.42,516.72,0,2,False,True,False,False,False,False,True,False,False,False,True,False,False
105924,24.0,60940.53,Bronze,5.0,38.0,212.3,7.4,541,0.1282,1.48,57.36,1061.5,0,0,False,True,False,False,False,False,True,False,False,False,False,False,True
105997,41.0,51123.08,Silver,4.0,91.0,153.8,7.2,1370,0.0435,3.75,82.97,615.2,0,1,False,False,True,False,False,False,False,True,True,False,False,False,False
105657,18.0,55225.17,Bronze,9.0,27.2,95.11,4.8,2366,0.3191,6.48,64.44,855.99,0,0,False,True,False,False,True,False,False,False,False,True,False,False,False
101079,31.0,53178.86,Bronze,8.0,19.0,35.09,6.5,882,0.4,2.42,188.76,280.72,0,0,True,False,False,False,False,False,False,True,False,True,False,False,False
104533,60.0,110491.95000000001,Silver,9.0,26.0,104.31,5.7,2074,0.3333,5.68,117.57,938.79,0,1,True,False,False,False,False,False,True,False,False,True,False,False,False
105832,41.0,20161.17,Gold,4.0,64.0,114.01,8.4,1031,0.0615,2.82,44.11,456.04,0,2,False,True,False,True,False,False,False,False,False,False,False,True,False
104273,43.0,42637.01,Gold,7.0,67.4,230.11,8.5,1683,0.1023,4.61,26.45,1610.77,1,2,True,False,False,False,False,False,False,True,False,True,False,False,False
104284,32.0,44951.25,Bronze,11.0,66.8,269.725,7.0,2244,0.1622,6.15,15.15,2966.98,1,0,False,True,False,False,False,False,True,False,False,False,False,False,True
105100,26.0,107003.58,Silver,8.0,44.2,129.49,7.5,96,0.177,0.26,103.19,1035.92,0,1,True,False,False,True,False,False,False,False,False,False,False,False,True
104802,45.0,42192.37,Bronze,9.0,51.6,31.71,8.4,2192,0.1711,6.01,147.32,285.39,0,0,True,False,False,False,False,False,False,True,False,False,False,False,True
103525,27.0,48826.86,Bronze,7.0,46.0,104.31,7.0,1478,0.1489,4.05,66.78,730.17,0,0,False,True,False,False,False,False,True,False,True,False,False,False,False
103564,36.0,54310.38,Silver,9.0,25.0,103.73,7.5,916,0.3462,2.51,58.11,933.57,0,1,True,False,False,False,False,False,True,False,False,True,False,False,False
100941,41.0,37279.02,Silver,10.0,91.0,141.37,7.5,2204,0.1087,6.04,26.35,1413.7,1,1,True,False,False,True,False,False,False,False,True,False,False,False,False
101081,41.0,94122.56,Bronze,8.0,38.6,213.28,8.5,1590,0.202,4.36,55.13,1706.24,1,0,True,False,False,False,False,False,True,False,False,True,False,False,False
100188,23.0,53178.86,Platinum,10.0,5.0,142.63,8.6,643,1.6667,1.76,37.26,1426.3,1,3,True,False,False,False,False,False,False,True,False,False,True,False,False
102086,47.0,52599.35,Bronze,7.0,45.0,137.78,6.8,2199,0.1522,6.02,54.48,964.46,0,0,False,True,False,False,False,True,False,False,False,False,True,False,False
102250,52.0,58921.86,Bronze,8.0,75.0,40.02,8.6,1289,0.1053,3.53,183.47,320.16,0,0,False,True,False,False,False,False,False,True,False,False,False,False,True
103689,70.0,53178.86,Bronze,6.0,31.8,45.53,8.9,1703,0.1829,4.67,193.96,273.18,0,0,False,True,False,False,False,False,True,False,False,False,True,False,False
105869,44.0,60549.75,Silver,10.0,0.0,139.56,4.9,1145,10.0,3.14,43.36,1395.6,1,1,False,True,False,True,False,False,False,False,False,True,False,False,False
102024,37.0,43390.6,Gold,9.0,10.0,231.69,6.7,1955,0.8182,5.36,20.8,2085.21,1,2,True,False,False,False,True,False,False,False,False,True,False,False,False
103795,20.0,52353.47,Bronze,11.0,15.0,9.02,6.7,1093,0.6875,2.99,522.39,99.22,0,0,False,True,False,False,False,False,False,True,False,False,False,True,False
101493,31.0,30708.39,Silver,5.0,49.2,53.2,7.9,558,0.0996,1.53,115.01,266.0,0,1,False,True,False,False,False,True,False,False,False,False,True,False,False
104602,39.0,32550.38,Bronze,7.0,1.0,131.69,6.2,1606,3.5,4.4,35.27,921.83,0,0,False,True,False,False,False,False,False,True,False,False,False,True,False
104041,39.0,95196.14,Silver,6.0,10.0,120.36,7.0,1828,0.5455,5.01,131.64,722.16,0,1,True,False,False,False,False,False,True,False,True,False,False,False,False
100227,68.0,53449.33,Bronze,8.0,29.0,83.59,5.2,546,0.2667,1.5,79.81,668.72,0,0,True,False,False,False,False,False,True,False,False,True,False,False,False
102584,42.0,31668.85,Silver,8.0,55.2,61.57,5.3,2099,0.1423,5.75,64.16,492.56,0,1,False,True,False,False,False,True,False,False,False,False,False,True,False
101930,47.0,53178.86,Gold,8.0,68.0,129.89,7.8,847,0.1159,2.32,51.13,1039.12,0,2,False,False,True,False,False,False,True,False,False,True,False,False,False
105383,30.0,86377.92,Gold,3.0,21.0,114.38,5.3,2298,0.1364,6.3,251.0,343.14,0,2,False,True,False,True,False,False,False,False,False,True,False,False,False
101405,31.0,110491.95000000001,Bronze,9.0,54.0,190.62,6.3,243,0.1636,0.67,64.37,1715.58,1,0,False,True,False,False,False,True,False,False,False,False,False,False,True
102180,34.0,110491.95000000001,Silver,6.0,59.0,78.85,9.3,2423,0.1,6.64,233.06,473.1,0,1,False,True,False,False,False,False,True,False,False,True,False,False,False
100698,26.0,43932.66,Gold,12.0,125.0,234.41,5.4,662,0.0952,1.81,15.61,2812.92,1,2,False,False,True,False,False,True,False,False,False,False,False,False,True
101125,36.0,52816.08,Bronze,7.0,38.0,66.26,7.5,146,0.1795,0.4,113.63,463.82,0,0,False,True,False,False,False,True,False,False,False,False,False,False,True
103283,31.0,68689.79,Platinum,7.0,60.0,236.98,8.3,1022,0.1148,2.8,41.38,1658.86,1,3,False,True,False,False,False,True,False,False,False,False,True,False,False
103961,54.0,54352.63,Silver,4.0,13.0,240.96,7.0,2335,0.2857,6.4,56.33,963.84,0,1,True,False,False,False,False,False,False,True,False,False,True,False,False
104111,45.0,53178.86,Gold,5.0,13.0,93.97,7.7,2261,0.3571,6.19,112.94,469.85,0,2,False,True,False,False,False,False,True,False,False,False,False,True,False
101779,25.0,53178.86,Platinum,8.0,55.0,104.31,7.8,1838,0.1429,5.04,63.65,834.48,0,3,True,False,False,True,False,False,False,False,False,False,False,True,False
102635,52.0,53178.86,Bronze,9.0,8.0,104.31,7.8,1738,1.0,4.76,56.59,938.79,0,0,True,False,False,False,False,False,True,False,False,True,False,False,False
103092,30.0,58845.08,Gold,9.0,49.0,212.42,6.4,1494,0.18,4.09,30.76,1911.78,1,2,False,True,False,True,False,False,False,False,False,False,True,False,False
104048,31.0,23685.84,Bronze,4.0,75.6,53.97,7.9,406,0.0522,1.11,109.21,215.88,0,0,False,True,False,False,False,True,False,False,False,False,True,False,False
101038,31.0,37458.73,Bronze,4.0,36.0,84.12,7.7,1979,0.1081,5.42,111.0,336.48,0,0,True,False,False,False,False,False,True,False,False,False,True,False,False
104995,43.0,53178.86,Bronze,13.0,34.2,104.31,6.8,2283,0.3693,6.25,39.19,1356.03,1,0,False,False,True,False,False,False,False,True,False,False,True,False,False
102257,42.0,70134.98,Silver,6.0,66.2,181.61,7.1,2058,0.0893,5.64,64.31,1089.66,0,1,True,False,False,True,False,False,False,False,False,False,True,False,False
103774,45.0,68498.98,Bronze,5.0,1.0,51.82,7.3,412,2.5,1.13,263.36,259.1,0,0,True,False,False,False,True,False,False,False,False,False,False,True,False
105930,40.0,53178.86,Bronze,12.0,6.0,154.52,8.5,313,1.7143,0.86,28.66,1854.24,1,0,False,True,False,False,False,False,True,False,True,False,False,False,False
102650,67.0,48002.9,Bronze,9.0,33.6,28.52,7.4,1478,0.2601,4.05,186.29,256.68,0,0,False,False,True,False,False,True,False,False,False,False,True,False,False
102282,38.0,49194.89,Silver,12.0,2.0,112.85,8.5,662,4.0,1.81,36.3,1354.2,1,1,True,False,False,False,True,False,False,False,True,False,False,False,False
103694,22.0,110491.95000000001,Silver,8.0,67.0,143.87,7.7,1119,0.1176,3.07,95.92,1150.96,0,1,True,False,False,False,False,False,False,True,False,True,False,False,False
104288,30.0,53178.86,Platinum,6.0,160.0,113.63,5.6,1838,0.0373,5.04,77.89,681.78,0,3,True,False,False,False,False,True,False,False,False,False,False,True,False
102548,62.0,110491.95000000001,Silver,7.0,67.0,61.78,8.3,759,0.1029,2.08,254.91,432.46,0,1,False,False,True,False,True,False,False,False,False,False,True,False,False
101417,65.0,48890.98,Bronze,6.0,57.6,51.01,7.5,777,0.1024,2.13,159.22,306.06,0,0,True,False,False,False,False,True,False,False,False,True,False,False,False
101037,50.0,69595.25,Platinum,7.0,53.0,129.34,8.3,215,0.1296,0.59,76.78,905.38,0,3,False,False,True,False,False,True,False,False,False,True,False,False,False
102160,29.0,49549.58,Silver,6.0,70.6,45.13,9.8,2252,0.0838,6.17,182.32,270.78,0,1,True,False,False,False,True,False,False,False,False,False,True,False,False
102985,22.0,53178.86,Bronze,10.0,73.0,78.51,9.5,1867,0.1351,5.12,67.65,785.1,0,0,True,False,False,False,False,True,False,False,False,False,True,False,False
103138,51.0,51714.17,Silver,9.0,49.0,153.59,7.2,641,0.18,1.76,37.38,1382.31,1,1,True,False,False,False,True,False,False,False,False,True,False,False,False
104982,40.0,50976.93,Bronze,5.0,58.0,104.31,4.1,132,0.0847,0.36,97.55,521.55,0,0,False,True,False,False,False,False,False,True,False,False,True,False,False
101755,51.0,62326.58,Bronze,7.0,8.0,266.44,4.8,878,0.7778,2.41,33.4,1865.08,1,0,False,True,False,False,False,False,False,True,False,False,False,True,False
104263,32.0,52831.29,Silver,6.0,25.0,77.48,8.6,282,0.2308,0.77,113.4,464.88,0,1,True,False,False,False,True,False,False,False,False,True,False,False,False
103981,42.0,30445.0,Silver,4.0,9.0,116.92,7.5,2211,0.4,6.06,64.96,467.68,0,1,False,True,False,True,False,False,False,False,False,False,False,False,True
105346,30.0,62584.73,Bronze,14.0,17.0,32.61,9.2,75,0.7778,0.21,136.79,456.54,0,0,True,False,False,False,False,False,True,False,False,True,False,False,False
102521,35.0,42508.61,Silver,12.0,55.0,96.3,8.1,105,0.2143,0.29,36.75,1155.6,0,1,False,True,False,False,False,False,False,True,False,False,False,False,True
100874,39.0,50955.61,Silver,11.0,44.0,26.34,6.2,1398,0.2444,3.83,175.26,289.74,0,1,False,True,False,False,False,False,True,False,False,False,False,True,False
105230,34.0,27408.47,Bronze,10.0,39.8,33.96,6.8,750,0.2451,2.05,80.47,339.6,0,0,False,True,False,False,False,False,True,False,False,True,False,False,False
104490,34.0,45031.56,Bronze,8.0,114.0,231.9,5.4,63,0.0696,0.17,24.26,1855.2,1,0,True,False,False,False,False,False,False,True,False,False,True,False,False
101507,18.0,23692.58,Gold,11.0,23.0,97.32,8.5,2298,0.4583,6.3,22.11,1070.52,0,2,False,True,False,False,True,False,False,False,False,False,False,False,True
103892,21.0,61538.24,Silver,8.0,70.0,76.02,8.2,45,0.1127,0.12,101.02,608.16,0,1,False,True,False,False,True,False,False,False,False,True,False,False,False
101924,52.0,25495.93,Silver,7.0,35.0,147.54,8.3,344,0.1944,0.94,24.66,1032.78,0,1,True,False,False,False,False,True,False,False,False,False,False,True,False
100449,51.0,44174.45,Gold,7.0,41.0,104.31,6.3,879,0.1667,2.41,60.42,730.17,0,2,True,False,False,False,False,False,False,True,False,False,True,False,False
103461,39.0,64985.91,Gold,5.0,42.8,117.3,6.1,913,0.1142,2.5,110.61,586.5,0,2,False,True,False,False,False,False,True,False,False,False,True,False,False
103576,18.0,73331.33,Silver,7.0,10.0,25.16,8.3,797,0.6364,2.18,414.02,176.12,0,1,False,False,True,False,True,False,False,False,False,False,False,False,True
105961,33.0,41424.33,Silver,10.0,36.0,58.01,6.9,1835,0.2703,5.03,71.29,580.1,0,1,False,True,False,False,False,False,False,True,False,True,False,False,False
103633,30.0,58455.51,Gold,8.0,40.0,104.31,6.2,1789,0.1951,4.9,69.97,834.48,0,2,True,False,False,False,False,True,False,False,False,True,False,False,False
103258,58.0,77922.38,Silver,9.0,25.6,30.71,8.9,2163,0.3383,5.93,280.91,276.39,0,1,True,False,False,False,False,True,False,False,False,False,True,False,False
100362,43.0,110491.95000000001,Bronze,6.0,13.0,77.28,6.5,268,0.4286,0.73,237.78,463.68,0,0,False,True,False,False,False,True,False,False,False,True,False,False,False
102184,26.0,69254.87,Gold,7.0,23.0,209.66,4.4,2452,0.2917,6.72,47.16,1467.62,1,2,False,True,False,False,True,False,False,False,False,True,False,False,False
101135,36.0,46252.4,Bronze,3.0,50.0,26.92,7.5,1501,0.0588,4.11,565.71,80.76,0,0,False,True,False,False,True,False,False,False,False,False,False,False,True
104831,22.0,53178.86,Platinum,10.0,77.0,269.725,4.6,2286,0.1282,6.26,19.71,2697.25,1,3,True,False,False,False,True,False,False,False,False,True,False,False,False
103200,33.0,33651.45,Bronze,7.0,25.0,172.01,7.3,41,0.2692,0.11,27.92,1204.07,0,0,True,False,False,False,False,False,True,False,False,False,False,True,False
105818,35.0,107766.26,Bronze,5.0,54.6,87.37,8.1,751,0.0899,2.06,246.13,436.85,0,0,False,True,False,False,False,False,False,True,False,False,False,False,True
103439,35.0,84692.09,Bronze,4.0,102.0,68.26,7.0,1613,0.0388,4.42,309.05,273.04,0,0,True,False,False,True,False,False,False,False,False,True,False,False,False
102156,45.0,34256.23,Bronze,8.0,14.0,6.88,7.8,1816,0.5333,4.98,611.28,55.04,0,0,False,True,False,False,False,True,False,False,False,False,False,True,False
101831,47.0,110491.95000000001,Bronze,7.0,44.0,104.31,6.8,974,0.1556,2.67,151.12,730.17,0,0,True,False,False,False,True,False,False,False,True,False,False,False,False
102461,23.0,53178.86,Bronze,7.0,19.8,36.63,4.6,1239,0.3365,3.39,206.59,256.41,0,0,True,False,False,False,False,False,False,True,False,True,False,False,False
100023,53.0,50715.03,Bronze,2.0,84.0,120.53,7.0,2106,0.0235,5.77,209.51,241.06,0,0,False,True,False,False,False,False,False,True,False,False,False,False,True
102067,50.0,65614.29,Gold,8.0,134.0,62.07,6.7,589,0.0593,1.61,131.87,496.56,0,2,True,False,False,False,False,False,True,False,False,False,True,False,False
101654,33.0,52593.4,Gold,11.0,4.0,104.31,8.8,1586,2.2,4.35,45.8,1147.41,0,2,False,False,True,False,False,False,False,True,False,False,False,False,True
103662,43.0,57485.31,Silver,12.0,22.0,40.73,5.8,1244,0.5217,3.41,117.37,488.76,0,1,True,False,False,False,False,False,True,False,False,False,True,False,False
104332,24.0,69093.01,Bronze,8.0,64.0,83.59,8.7,1025,0.1231,2.81,103.17,668.72,0,0,False,True,False,False,False,False,False,True,False,False,True,False,False
105245,51.0,44026.16,Bronze,4.0,169.0,11.78,9.8,1244,0.0235,3.41,914.92,47.12,0,0,True,False,False,False,False,False,False,True,False,True,False,False,False
104873,22.0,49166.85,Silver,4.0,85.0,109.38,7.6,2432,0.0465,6.66,112.12,437.52,0,1,True,False,False,False,True,False,False,False,False,True,False,False,False
102469,46.0,54562.04,Bronze,10.0,1.0,104.31,6.8,1718,5.0,4.71,52.26,1043.1,0,0,False,True,False,True,False,False,False,False,False,True,False,False,False
102326,44.0,69200.91,Silver,13.0,33.0,96.98,6.6,1282,0.3824,3.51,54.85,1260.74,1,1,False,True,False,False,False,True,False,False,False,False,False,True,False
101068,43.0,20458.74,Bronze,8.0,29.6,197.28,7.9,1729,0.2614,4.74,12.95,1578.24,1,0,True,False,False,False,True,False,False,False,False,False,True,False,False
100088,38.0,74619.61,Bronze,8.0,30.0,104.31,9.1,1975,0.2581,5.41,89.31,834.48,0,0,False,True,False,False,False,True,False,False,False,False,False,False,True
101431,35.0,39193.02,Silver,8.0,36.2,68.69,6.2,2157,0.2151,5.91,71.19,549.52,0,1,False,True,False,False,False,False,True,False,False,False,False,False,True
103740,32.0,83789.77,Bronze,12.0,106.0,26.62,5.2,2106,0.1121,5.77,261.48,319.44,0,0,False,True,False,False,True,False,False,False,False,False,False,True,False
100283,49.0,71689.42,Gold,12.0,86.0,82.4,6.7,948,0.1379,2.6,72.43,988.8,0,2,True,False,False,False,False,True,False,False,False,False,False,False,True
102484,38.0,90489.35,Bronze,7.0,76.0,63.18,7.1,1938,0.0909,5.31,204.15,442.26,0,0,True,False,False,True,False,False,False,False,False,False,False,False,True
100463,19.0,47843.39,Silver,11.0,86.0,152.4,6.5,1977,0.1264,5.42,28.52,1676.4,1,1,True,False,False,False,False,False,False,True,False,True,False,False,False
100213,38.0,84731.95,Gold,9.0,54.0,110.18,7.9,1518,0.1636,4.16,85.36,991.62,0,2,True,False,False,True,False,False,False,False,False,False,False,True,False
102589,42.0,53178.86,Silver,7.0,39.4,104.31,5.8,2280,0.1733,6.25,72.73,730.17,0,1,True,False,False,False,True,False,False,False,False,True,False,False,False
104292,19.0,78369.61,Bronze,6.0,16.0,103.2,5.8,940,0.3529,2.58,126.36,619.2,0,0,True,False,False,False,False,False,False,True,False,False,False,False,True
102908,38.0,22068.11,Bronze,10.0,9.0,221.33,6.5,1625,1.0,4.45,9.97,2213.3,1,0,True,False,False,False,False,False,False,True,True,False,False,False,False
102582,50.0,61962.48,Silver,10.0,9.0,26.95,7.9,100,1.0,0.27,229.07,269.5,0,1,False,False,True,True,False,False,False,False,False,True,False,False,False
101369,53.0,99428.41,Bronze,7.0,27.0,212.56,8.5,688,0.25,1.88,66.78,1487.92,1,0,True,False,False,False,False,True,False,False,False,False,False,True,False
100235,29.0,50491.37,Bronze,7.0,168.0,7.07,6.7,1573,0.0414,4.31,1000.03,49.49,0,0,True,False,False,False,False,True,False,False,False,False,False,True,False
103923,25.0,35488.01,Bronze,1.0,54.0,213.22,5.7,2200,0.0182,6.03,165.66,213.22,0,0,False,True,False,False,False,False,True,False,False,False,True,False,False
100598,48.0,50786.83,Gold,11.0,58.0,216.23,7.9,975,0.1864,2.67,21.34,2378.53,1,2,False,True,False,True,False,False,False,False,False,True,False,False,False
105296,56.0,59964.5,Silver,9.0,11.0,33.47,5.2,320,0.75,0.88,198.41,301.23,0,1,False,True,False,True,False,False,False,False,False,False,True,False,False
102251,26.0,40084.47,Bronze,8.0,24.0,28.1,8.0,1163,0.32,3.19,177.52,224.8,0,0,True,False,False,True,False,False,False,False,False,False,False,False,True
105875,23.0,80279.71,Silver,8.0,47.4,269.725,5.6,1821,0.1653,4.99,37.19,2157.8,1,1,False,True,False,False,False,False,True,False,False,False,True,False,False
102284,41.0,49964.31,Gold,7.0,31.0,97.69,7.7,2190,0.2188,6.0,72.96,683.83,0,2,True,False,False,False,False,True,False,False,False,True,False,False,False
100663,27.0,16028.89,Bronze,9.0,39.6,104.28,6.6,388,0.2217,1.06,17.06,938.52,0,0,True,False,False,False,True,False,False,False,False,True,False,False,False
105955,36.0,53178.86,Silver,4.0,19.0,269.725,6.2,1434,0.2,3.93,49.24,1078.9,0,1,False,True,False,False,False,False,True,False,False,False,False,True,False
102286,42.0,79088.86,Bronze,5.0,13.0,104.31,6.0,382,0.3571,1.05,151.35,521.55,0,0,False,True,False,False,False,False,False,True,False,False,True,False,False
103432,55.0,35005.64,Silver,9.0,11.0,212.5,7.0,1571,0.75,4.3,18.29,1912.5,1,1,False,True,False,False,False,False,False,True,False,True,False,False,False
105656,36.0,53178.86,Bronze,4.0,36.6,127.29,4.6,1684,0.1064,4.61,104.24,509.16,0,0,False,True,False,False,False,False,True,False,False,False,False,False,True
104321,29.0,53321.74,Platinum,6.0,13.0,149.84,7.4,220,0.4286,0.6,59.24,899.04,0,3,True,False,False,True,False,False,False,False,False,False,False,False,True
103685,25.0,38567.61,Bronze,8.0,54.0,49.88,9.3,2472,0.1455,6.77,96.41,399.04,0,0,True,False,False,False,False,False,True,False,False,True,False,False,False
105474,33.0,50241.23,Silver,3.0,23.0,192.28,7.9,134,0.125,0.37,86.95,576.84,0,1,False,True,False,False,False,False,False,True,False,True,False,False,False
103469,55.0,38619.23,Gold,7.0,85.0,120.91,7.9,1467,0.0814,4.02,45.58,846.37,0,2,True,False,False,False,True,False,False,False,False,True,False,False,False
103542,42.0,40847.22,Gold,4.0,13.0,103.2,8.4,1202,0.2857,3.29,98.71,412.8,0,2,True,False,False,True,False,False,False,False,False,False,True,False,False
102991,46.0,53178.86,Bronze,8.0,39.8,104.31,4.7,1720,0.1961,4.71,63.65,834.48,0,0,False,True,False,False,False,True,False,False,False,False,True,False,False
105334,58.0,55143.32,Platinum,9.0,25.0,216.76,6.0,461,0.3462,1.26,28.25,1950.84,1,3,True,False,False,False,True,False,False,False,False,False,False,False,True
100780,22.0,109163.56,Gold,14.0,95.0,37.73,5.7,324,0.1458,0.89,206.27,528.22,0,2,True,False,False,False,True,False,False,False,False,False,False,False,True
102545,37.0,105791.48,Silver,2.0,3.0,50.22,8.5,1632,0.5,4.47,1042.9,100.44,0,1,False,True,False,False,False,False,False,True,False,True,False,False,False
105699,31.0,59823.82,Silver,9.0,2.0,85.0,6.3,2346,3.0,6.43,78.1,765.0,0,1,False,True,False,False,False,True,False,False,False,False,False,True,False
104619,70.0,108679.55,Bronze,8.0,17.0,129.69,5.7,1088,0.4444,2.98,104.65,1037.52,0,0,False,True,False,True,False,False,False,False,False,True,False,False,False
105777,39.0,68743.21,Silver,7.0,0.0,241.36,7.1,935,7.0,2.56,40.66,1689.52,1,1,False,True,False,False,True,False,False,False,False,False,False,True,False
105651,43.0,30923.06,Silver,10.0,23.0,126.27,7.2,2225,0.4167,6.1,24.47,1262.7,1,1,True,False,False,False,False,False,True,False,False,False,True,False,False
105784,32.0,59966.49,Bronze,7.0,1.0,197.4,7.7,1129,3.5,3.09,43.37,1381.8,1,0,False,True,False,False,False,False,True,False,False,False,True,False,False
105797,65.0,96236.0,Silver,12.0,45.6,65.94,5.6,1469,0.2575,4.02,121.47,791.28,0,1,True,False,False,False,False,False,True,False,True,False,False,False,False
100686,32.0,53178.86,Silver,11.0,8.0,269.725,7.4,425,1.2222,1.16,17.92,2966.98,1,1,True,False,False,True,False,False,False,False,False,False,False,True,False
103821,50.0,53178.86,Platinum,13.0,18.0,250.61,7.4,1052,0.6842,2.88,16.32,3257.93,1,3,False,True,False,False,False,True,False,False,False,False,False,False,True
104702,32.0,35184.45,Silver,8.0,31.6,269.725,5.4,2463,0.2454,6.75,16.3,2157.8,1,1,True,False,False,False,False,False,False,True,False,False,False,True,False
103244,41.0,76847.01,Silver,6.0,35.0,119.19,7.0,1442,0.1667,3.95,107.31,715.14,0,1,False,True,False,False,False,True,False,False,True,False,False,False,False
104304,31.0,41406.57,Gold,11.0,31.0,115.0,8.6,2295,0.3438,6.29,32.71,1265.0,1,2,True,False,False,False,False,False,False,True,False,True,False,False,False
104639,32.0,79339.53,Gold,5.0,2.0,98.29,7.1,1774,1.6667,4.86,161.11,491.45,0,2,False,True,False,False,False,True,False,False,False,False,True,False,False
102838,41.0,44973.72,Silver,7.0,96.0,84.58,9.2,1591,0.0722,4.36,75.83,592.06,0,1,True,False,False,True,False,False,False,False,False,False,True,False,False
103033,23.0,53178.86,Gold,9.0,46.0,90.43,6.2,2061,0.1915,5.65,65.26,813.87,0,2,False,True,False,False,False,True,False,False,False,True,False,False,False
102172,25.0,39191.06,Bronze,7.0,36.2,79.57,9.2,1457,0.1882,3.99,70.24,556.99,0,0,False,True,False,False,False,True,False,False,False,True,False,False,False
103768,43.0,17303.01,Silver,6.0,42.0,64.54,6.0,1839,0.1395,5.04,44.57,387.24,0,1,False,True,False,False,False,True,False,False,False,False,False,False,True
101851,30.0,71914.2,Silver,10.0,57.6,77.37,4.3,1926,0.1706,5.28,92.83,773.7,0,1,False,True,False,False,True,False,False,False,False,True,False,False,False
100488,43.0,53490.48,Bronze,5.0,19.0,104.31,7.4,1838,0.25,5.04,102.36,521.55,0,0,False,True,False,False,False,False,True,False,False,False,True,False,False
101689,36.0,60806.18,Bronze,10.0,3.0,177.26,9.0,1417,2.5,3.88,34.28,1772.6,1,0,True,False,False,False,False,True,False,False,False,False,False,False,True
102231,44.0,66403.42,Bronze,8.0,40.2,104.31,7.0,84,0.1942,0.23,79.48,834.48,0,0,False,True,False,False,False,False,False,True,True,False,False,False,False
103474,45.0,53178.86,Gold,7.0,9.0,221.89,6.6,367,0.7,1.01,34.22,1553.23,1,2,True,False,False,False,False,True,False,False,False,False,True,False,False
104375,49.0,110491.95000000001,Bronze,13.0,76.4,74.58,7.3,1316,0.168,3.61,113.85,969.54,0,0,False,True,False,False,False,True,False,False,False,False,True,False,False
102321,43.0,74132.8,Bronze,8.0,80.0,9.98,8.2,803,0.0988,2.2,917.03,79.84,0,0,True,False,False,False,False,True,False,False,False,False,True,False,False
100783,60.0,32229.36,Gold,7.0,55.0,112.27,6.8,1667,0.125,4.57,40.96,785.89,0,2,False,True,False,False,False,False,True,False,False,False,False,False,True
100522,27.0,76020.69,Silver,6.0,29.0,119.25,8.9,1966,0.2,5.39,106.1,715.5,0,1,True,False,False,False,False,True,False,False,False,False,False,True,False
100523,54.0,87759.58,Gold,5.0,70.0,204.83,7.1,832,0.0704,2.28,85.61,1024.15,0,2,True,False,False,False,False,False,False,True,False,False,True,False,False
104018,50.0,81376.36,Bronze,12.0,14.0,63.11,7.1,1014,0.8,2.78,107.31,757.32,0,0,False,True,False,False,False,True,False,False,False,False,True,False,False
102940,29.0,31942.61,Bronze,5.0,26.0,111.89,6.4,1873,0.1852,5.13,56.99,559.45,0,0,True,False,False,False,False,True,False,False,False,True,False,False,False
104681,57.0,45811.85,Bronze,12.0,86.0,130.6,7.3,1812,0.1379,4.96,29.21,1567.2,1,0,True,False,False,False,True,False,False,False,False,False,True,False,False
104827,33.0,87257.85,Bronze,7.0,50.0,222.54,7.9,841,0.1373,2.3,55.98,1557.78,1,0,True,False,False,True,False,False,False,False,False,False,False,True,False
102399,30.0,32381.03,Gold,9.0,58.4,170.61,9.8,279,0.1515,0.76,21.07,1535.49,1,2,False,True,False,False,False,False,False,True,True,False,False,False,False
102208,43.0,56056.31,Silver,14.0,35.0,106.68,7.2,1958,0.3889,5.36,37.51,1493.52,1,1,True,False,False,True,False,False,False,False,False,False,True,False,False
104519,35.0,31831.07,Bronze,11.0,0.0,64.95,7.5,2455,11.0,6.73,44.49,714.45,0,0,False,True,False,False,True,False,False,False,False,False,True,False,False
100781,37.0,91098.66,Silver,8.0,27.0,51.14,6.4,217,0.2857,0.59,222.13,409.12,0,1,True,False,False,False,False,False,True,False,False,True,False,False,False
104688,20.0,44005.49,Gold,8.0,46.0,200.87,6.6,1024,0.1702,2.81,27.37,1606.96,1,2,True,False,False,False,True,False,False,False,False,False,False,False,True
103997,50.0,52657.77,Gold,4.0,26.0,138.95,5.7,2012,0.1481,5.51,94.57,555.8,0,2,False,False,True,False,False,True,False,False,False,False,True,False,False
101512,45.0,31378.52,Bronze,9.0,1.0,79.75,8.3,602,4.5,1.65,43.66,717.75,0,0,False,True,False,False,False,False,False,True,False,False,True,False,False
101883,33.0,55683.52,Bronze,9.0,56.0,45.71,10.0,305,0.1579,0.84,135.03,411.39,0,0,True,False,False,False,False,True,False,False,False,True,False,False,False
100652,36.0,43761.66,Gold,4.0,39.8,58.78,5.8,1179,0.098,3.23,185.34,235.12,0,2,True,False,False,False,False,False,True,False,False,False,True,False,False
103948,18.0,45585.95,Silver,9.0,17.0,114.88,10.0,428,0.5,1.17,44.05,1033.92,0,1,False,True,False,False,False,False,True,False,False,False,True,False,False
101802,43.0,83832.22,Silver,8.0,123.0,104.31,6.3,1101,0.0645,3.02,100.34,834.48,0,1,True,False,False,False,False,False,False,True,False,False,True,False,False
100370,48.0,110491.95000000001,Bronze,4.0,29.8,99.96,5.5,2062,0.1299,5.65,275.65,399.84,0,0,False,True,False,False,False,False,False,True,False,False,False,True,False
105235,30.0,45987.55,Bronze,3.0,46.0,93.53,6.7,1193,0.0638,3.27,163.31,280.59,0,0,False,True,False,False,True,False,False,False,False,False,True,False,False
103732,46.0,53178.86,Gold,6.0,14.0,207.91,8.2,714,0.4,1.96,42.6,1247.46,1,2,True,False,False,False,False,False,False,True,False,True,False,False,False
100119,57.0,43589.81,Bronze,5.0,8.0,107.1,7.1,900,0.5556,2.47,81.25,535.5,0,0,False,True,False,True,False,False,False,False,False,True,False,False,False
100378,18.0,73734.76,Silver,11.0,142.0,112.1,7.9,1629,0.0769,4.46,59.75,1233.1,1,1,True,False,False,False,False,False,False,True,False,False,False,False,True
100217,44.0,53972.75,Bronze,9.0,4.0,61.73,9.9,1002,1.8,2.75,96.97,555.57,0,0,False,True,False,True,False,False,False,False,False,False,True,False,False
102217,38.0,33029.23,Gold,3.0,45.0,104.29,8.1,69,0.0652,0.19,105.23,312.87,0,2,False,True,False,True,False,False,False,False,False,True,False,False,False
104559,47.0,58920.63,Platinum,5.0,269.0,231.72,6.6,725,0.0185,1.99,50.81,1158.6,0,3,False,True,False,True,False,False,False,False,False,True,False,False,False
102884,52.0,109966.45,Bronze,7.0,29.4,104.31,7.1,2290,0.2303,6.27,150.4,730.17,0,0,False,True,False,False,False,False,False,True,False,False,False,True,False
104296,43.0,70461.25,Bronze,13.0,23.0,179.93,5.0,1295,0.5417,3.55,30.11,2339.09,1,0,True,False,False,True,False,False,False,False,True,False,False,False,False
105382,30.0,67950.42,Bronze,12.0,197.0,31.5,9.2,1904,0.0606,5.22,179.29,378.0,0,0,True,False,False,True,False,False,False,False,True,False,False,False,False
100963,26.0,49059.37,Silver,10.0,67.0,28.71,5.0,2378,0.1471,6.52,170.29,287.1,0,1,True,False,False,False,True,False,False,False,False,False,False,True,False
105398,52.0,43445.6,Silver,9.0,45.6,134.55,6.4,2409,0.1931,6.6,35.85,1210.95,0,1,True,False,False,False,True,False,False,False,False,False,True,False,False
105630,61.0,23387.14,Bronze,8.0,15.0,178.23,3.8,2175,0.5,5.96,16.39,1425.84,1,0,False,True,False,False,True,False,False,False,False,False,True,False,False
104564,35.0,53178.86,Bronze,9.0,19.0,104.31,6.9,145,0.45,0.4,56.59,938.79,0,0,True,False,False,False,False,False,True,False,False,False,False,True,False
103998,35.0,56295.05,Gold,9.0,31.8,147.38,7.0,231,0.2744,0.63,42.41,1326.42,1,2,False,True,False,False,False,False,True,False,False,False,True,False,False
100360,36.0,37112.88,Bronze,2.0,68.0,116.59,7.6,1612,0.029,4.42,158.48,233.18,0,0,False,False,True,False,False,False,True,False,False,False,False,True,False
101247,33.0,30013.5,Gold,3.0,73.0,82.5,7.6,218,0.0405,0.6,120.78,247.5,0,2,False,True,False,False,True,False,False,False,False,False,True,False,False
103409,44.0,107282.52,Platinum,12.0,108.0,129.34,9.3,1038,0.1101,2.84,69.08,1552.08,1,3,False,True,False,True,False,False,False,False,False,False,False,False,True
105084,35.0,31150.7,Silver,11.0,13.4,88.63,7.8,1161,0.7639,3.18,31.92,974.93,0,1,True,False,False,False,False,True,False,False,False,False,False,True,False
102416,54.0,47265.6,Silver,7.0,26.4,227.2,7.5,2371,0.2555,6.5,29.7,1590.4,1,1,False,True,False,False,False,False,True,False,False,True,False,False,False
105580,50.0,54071.03,Silver,9.0,37.4,88.35,7.8,1484,0.2344,4.07,67.92,795.15,0,1,False,True,False,False,True,False,False,False,False,False,False,True,False
105320,41.0,110491.95000000001,Silver,8.0,23.0,32.59,5.8,272,0.3333,0.75,422.18,260.72,0,1,True,False,False,False,False,False,False,True,False,True,False,False,False
102186,38.0,31381.43,Gold,8.0,28.2,126.7,8.2,1861,0.274,5.1,30.93,1013.6,0,2,True,False,False,True,False,False,False,False,False,False,False,False,True
103996,30.0,110491.95000000001,Silver,13.0,30.0,54.55,7.0,1668,0.4194,4.57,155.59,709.15,0,1,True,False,False,True,False,False,False,False,False,False,True,False,False
102568,43.0,54947.48,Bronze,8.0,32.0,207.75,7.1,2316,0.2424,6.35,33.04,1662.0,1,0,True,False,False,True,False,False,False,False,False,False,True,False,False
103424,26.0,53178.86,Bronze,10.0,13.0,64.87,8.8,1017,0.7143,2.79,81.85,648.7,0,0,True,False,False,False,False,False,False,True,True,False,False,False,False
102038,50.0,53178.86,Platinum,4.0,23.0,104.31,6.8,1101,0.1667,3.02,127.15,417.24,0,3,False,True,False,True,False,False,False,False,False,False,True,False,False
105097,51.0,59901.51,Bronze,12.0,23.0,111.3,9.2,2205,0.5,6.04,44.82,1335.6,1,0,False,True,False,False,False,True,False,False,False,False,True,False,False
100773,41.0,54906.54,Bronze,4.0,33.4,83.62,5.7,743,0.1163,2.04,163.67,334.48,0,0,True,False,False,True,False,False,False,False,False,False,True,False,False
101285,39.0,53178.86,Gold,13.0,42.4,180.44,8.2,2449,0.2995,6.71,22.66,2345.72,1,2,True,False,False,False,False,False,True,False,False,False,False,True,False
105513,20.0,42787.26,Bronze,12.0,9.0,104.95,7.3,2249,1.2,6.16,33.95,1259.4,1,0,True,False,False,False,True,False,False,False,False,False,False,True,False
103563,23.0,95995.25,Silver,7.0,49.0,101.72,6.2,2384,0.14,6.53,134.63,712.04,0,1,False,True,False,False,False,False,True,False,False,True,False,False,False
105680,48.0,53178.86,Silver,5.0,17.0,122.59,5.1,1565,0.2778,4.29,86.62,612.95,0,1,False,True,False,False,False,True,False,False,False,False,True,False,False
102588,55.0,39268.84,Bronze,12.0,30.0,34.97,8.5,2296,0.3871,6.29,93.35,419.64,0,0,False,True,False,False,False,False,True,False,False,False,False,False,True
105482,32.0,33297.08,Gold,5.0,53.8,138.46,9.2,1993,0.0912,5.46,48.03,692.3,0,2,False,True,False,False,False,False,True,False,False,True,False,False,False
101415,54.0,24646.82,Bronze,4.0,71.2,66.75,7.8,820,0.0554,2.25,91.97,267.0,0,0,False,True,False,False,False,False,True,False,False,False,True,False,False
101235,42.0,64306.8,Gold,6.0,3.0,96.17,6.1,1099,1.5,3.01,111.25,577.02,0,2,True,False,False,False,False,True,False,False,False,False,True,False,False
105201,41.0,44805.3,Bronze,9.0,95.0,27.6,7.8,320,0.0938,0.88,179.65,248.4,0,0,False,True,False,False,False,True,False,False,False,False,True,False,False
100436,31.0,59429.53,Gold,8.0,45.0,99.14,7.3,1290,0.1739,3.53,74.84,793.12,0,2,False,True,False,False,False,False,True,False,False,False,False,False,True
101675,35.0,54829.59,Platinum,5.0,26.6,137.77,7.8,1439,0.1812,3.94,79.48,688.85,0,3,False,True,False,False,False,False,False,True,False,True,False,False,False
103300,40.0,70164.69,Silver,7.0,24.2,66.78,9.2,1683,0.2778,4.61,149.78,467.46,0,1,False,True,False,False,False,False,True,False,False,False,False,True,False
100366,56.0,46355.89,Silver,7.0,10.0,104.31,7.3,324,0.6364,0.89,63.4,730.17,0,1,False,True,False,False,False,True,False,False,False,False,True,False,False
104509,27.0,95891.71,Bronze,6.0,125.0,184.93,6.1,2408,0.0476,6.6,86.34,1109.58,0,0,True,False,False,False,True,False,False,False,False,True,False,False,False
100232,31.0,79942.53,Platinum,11.0,76.0,269.725,5.6,2019,0.1429,5.53,26.94,2966.98,1,3,False,True,False,False,False,False,False,True,False,True,False,False,False
105103,51.0,40930.01,Bronze,11.0,20.2,15.2,6.2,337,0.5189,0.92,243.34,167.2,0,0,False,True,False,False,True,False,False,False,False,True,False,False,False
100148,36.0,39939.49,Platinum,8.0,55.2,269.725,6.6,695,0.1423,1.9,18.5,2157.8,1,3,False,True,False,False,False,False,True,False,False,True,False,False,False
105267,20.0,25154.97,Silver,5.0,32.0,160.74,6.5,182,0.1515,0.5,31.26,803.7,0,1,True,False,False,True,False,False,False,False,False,True,False,False,False
103089,40.0,25160.57,Gold,10.0,27.0,158.4,5.4,310,0.3571,0.85,15.87,1584.0,1,2,True,False,False,True,False,False,False,False,False,False,False,True,False
104036,40.0,26140.98,Bronze,2.0,33.0,94.6,8.6,440,0.0588,1.21,137.44,189.2,0,0,False,True,False,False,False,True,False,False,False,False,False,True,False
103555,49.0,44932.74,Bronze,7.0,14.0,34.79,7.4,1491,0.4667,4.08,183.75,243.53,0,0,True,False,False,False,False,True,False,False,False,True,False,False,False
100408,48.0,48432.89,Bronze,6.0,33.0,93.48,6.9,1440,0.1765,3.95,86.2,560.88,0,0,False,False,True,False,False,False,False,True,True,False,False,False,False
105539,45.0,37286.46,Silver,10.0,15.0,169.47,7.6,971,0.625,2.66,21.99,1694.7,1,1,True,False,False,False,False,False,True,False,True,False,False,False,False
103457,41.0,44792.83,Bronze,9.0,54.0,69.52,7.9,716,0.1636,1.96,71.48,625.68,0,0,False,True,False,False,True,False,False,False,False,False,False,False,True
102091,40.0,53178.86,Bronze,14.0,15.0,93.09,6.1,826,0.875,2.26,40.77,1303.26,1,0,False,True,False,False,False,True,False,False,True,False,False,False,False
100087,32.0,53178.86,Silver,7.0,23.4,160.28,5.8,1245,0.2869,3.41,47.36,1121.96,0,1,True,False,False,False,True,False,False,False,False,False,False,True,False
100845,40.0,46747.49,Gold,9.0,38.0,149.12,8.1,2488,0.2308,6.82,34.81,1342.08,1,2,False,True,False,False,False,False,True,False,False,False,False,False,True
101032,40.0,110491.95000000001,Gold,8.0,38.6,269.725,4.3,2057,0.202,5.64,51.18,2157.8,1,2,False,False,True,False,False,True,False,False,False,True,False,False,False
103719,43.0,66628.33,Silver,15.0,12.0,53.48,8.0,573,1.1538,1.57,82.95,802.2,0,1,True,False,False,False,False,False,True,False,False,False,False,True,False
104330,18.0,50201.62,Silver,5.0,80.0,184.21,6.7,2081,0.0617,5.7,54.45,921.05,0,1,True,False,False,False,True,False,False,False,False,False,True,False,False
103856,18.0,46358.95,Silver,11.0,45.0,78.15,6.3,582,0.2391,1.59,53.87,859.65,0,1,True,False,False,False,False,False,True,False,False,True,False,False,False
102988,57.0,19753.17,Gold,13.0,29.0,208.5,4.7,937,0.4333,2.57,7.28,2710.5,1,2,False,True,False,True,False,False,False,False,False,False,True,False,False
104351,36.0,37938.87,Silver,5.0,3.0,124.71,5.2,817,1.25,2.24,60.75,623.55,0,1,True,False,False,False,True,False,False,False,False,True,False,False,False
102629,28.0,49835.61,Bronze,7.0,39.0,115.04,5.9,2308,0.175,6.32,61.81,805.28,0,0,True,False,False,True,False,False,False,False,False,True,False,False,False
103754,47.0,53178.86,Bronze,5.0,28.0,109.66,5.4,2155,0.1724,5.9,96.81,548.3,0,0,False,True,False,False,False,False,True,False,False,False,True,False,False
105305,56.0,30944.1,Platinum,4.0,14.8,213.97,5.7,1140,0.2532,3.12,36.11,855.88,0,3,True,False,False,False,False,True,False,False,False,False,False,True,False
100856,38.0,53178.86,Bronze,8.0,31.0,86.85,6.9,763,0.25,2.09,76.43,694.8,0,0,False,True,False,False,True,False,False,False,False,True,False,False,False
103004,19.0,32348.67,Gold,2.0,90.0,147.01,9.1,84,0.022,0.23,109.65,294.02,0,2,True,False,False,False,True,False,False,False,False,True,False,False,False
100079,46.0,110491.95000000001,Bronze,12.0,65.4,50.38,6.7,1459,0.1807,4.0,182.46,604.56,0,0,False,True,False,True,False,False,False,False,False,True,False,False,False
102993,37.0,44277.84,Gold,9.0,35.0,189.07,6.1,170,0.25,0.47,26.01,1701.63,1,2,True,False,False,True,False,False,False,False,False,False,False,True,False
102248,29.0,32481.64,Silver,6.0,32.6,269.725,7.5,279,0.1786,0.76,20.06,1618.35,1,1,True,False,False,False,False,False,True,False,False,False,True,False,False
104057,48.0,37286.94,Bronze,11.0,89.2,44.22,10.0,1778,0.122,4.87,76.5,486.42,0,0,False,True,False,False,True,False,False,False,False,True,False,False,False
105476,25.0,48688.92,Platinum,5.0,23.0,244.16,7.2,692,0.2083,1.9,39.85,1220.8,0,3,True,False,False,False,False,False,False,True,False,False,True,False,False
105516,33.0,55620.98,Bronze,12.0,33.4,147.58,6.6,902,0.3488,2.47,31.39,1770.96,1,0,True,False,False,False,False,False,True,False,False,True,False,False,False
100759,46.0,110491.95000000001,Gold,11.0,50.4,92.75,6.3,1765,0.214,4.84,108.19,1020.25,0,2,False,False,True,False,True,False,False,False,False,False,False,True,False
104697,47.0,68802.04,Silver,11.0,170.0,186.55,8.6,1601,0.0643,4.39,33.51,2052.05,1,1,False,True,False,False,True,False,False,False,False,False,False,True,False
103356,18.0,44509.27,Silver,9.0,77.0,228.3,7.9,470,0.1154,1.29,21.65,2054.7,1,1,True,False,False,False,False,False,False,True,False,False,False,False,True
100789,25.0,28153.1,Bronze,11.0,114.0,104.31,9.9,1591,0.0957,4.36,24.51,1147.41,0,0,False,True,False,True,False,False,False,False,False,True,False,False,False
103675,22.0,53178.86,Bronze,9.0,45.6,98.81,8.7,1062,0.1931,2.91,59.73,889.29,0,0,False,True,False,False,False,False,False,True,False,False,False,True,False
104248,44.0,52272.55,Silver,7.0,48.0,50.26,10.0,1430,0.1429,3.92,148.16,351.82,0,1,False,True,False,False,False,False,True,False,False,False,True,False,False
104978,45.0,55482.36,Gold,12.0,31.0,75.8,8.4,104,0.375,0.28,60.93,909.6,0,2,False,True,False,False,False,True,False,False,False,True,False,False,False
104774,46.0,53352.56,Silver,7.0,43.0,215.3,6.3,1423,0.1591,3.9,35.38,1507.1,1,1,True,False,False,False,True,False,False,False,True,False,False,False,False
104487,58.0,57027.13,Platinum,9.0,46.0,269.725,6.7,706,0.1915,1.93,23.48,2427.52,1,3,False,True,False,False,False,False,False,True,False,False,False,False,True
104961,30.0,16588.09,Gold,10.0,8.0,138.4,10.0,1227,1.1111,3.36,11.98,1384.0,1,2,True,False,False,False,False,False,True,False,False,False,True,False,False
102177,44.0,53178.86,Gold,10.0,159.0,166.32,8.6,2259,0.0625,6.19,31.95,1663.2,1,2,False,True,False,False,False,False,True,False,False,True,False,False,False
100425,27.0,52995.17,Bronze,9.0,83.0,71.75,5.7,936,0.1071,2.56,81.94,645.75,0,0,False,True,False,True,False,False,False,False,True,False,False,False,False
100393,32.0,64433.71,Bronze,14.0,72.8,87.47,6.6,125,0.1897,0.34,52.57,1224.58,1,0,False,True,False,False,False,False,True,False,False,False,False,False,True
105891,48.0,46240.22,Bronze,4.0,64.0,55.29,7.2,1491,0.0615,4.08,208.14,221.16,0,0,True,False,False,False,False,False,True,False,False,True,False,False,False
105666,37.0,53178.86,Silver,8.0,12.2,126.73,6.8,107,0.6061,0.29,52.4,1013.84,0,1,False,True,False,True,False,False,False,False,False,False,False,False,True
102240,34.0,59234.63,Silver,8.0,46.4,79.46,4.8,548,0.1688,1.5,93.04,635.68,0,1,False,False,True,False,False,False,True,False,False,False,False,False,True
100105,27.0,62213.97,Platinum,11.0,52.0,139.24,9.1,1169,0.2075,3.2,40.59,1531.64,1,3,False,True,False,False,False,False,True,False,False,False,True,False,False
102673,32.0,106784.04,Gold,10.0,119.0,240.57,6.6,1126,0.0833,3.08,44.37,2405.7,1,2,False,False,True,True,False,False,False,False,False,False,False,False,True
105486,48.0,29177.87,Gold,10.0,21.4,91.38,5.9,124,0.4464,0.34,31.9,913.8,0,2,False,True,False,False,True,False,False,False,False,False,True,False,False
105024,25.0,110491.95000000001,Gold,8.0,55.0,104.31,10.0,1255,0.1429,3.44,132.25,834.48,0,2,False,True,False,False,False,True,False,False,True,False,False,False,False
102069,44.0,72065.31,Bronze,5.0,173.0,186.43,8.9,1328,0.0287,3.64,77.23,932.15,0,0,False,True,False,False,False,False,True,False,False,True,False,False,False
103976,42.0,38519.08,Silver,7.0,22.0,84.15,7.3,148,0.3043,0.41,65.28,589.05,0,1,True,False,False,False,False,False,False,True,False,False,False,False,True
103494,41.0,56912.75,Gold,12.0,6.0,211.37,6.8,2390,1.7143,6.55,22.43,2536.44,1,2,True,False,False,False,False,False,True,False,True,False,False,False,False
101949,28.0,53178.86,Silver,6.0,16.0,99.96,6.4,1963,0.3529,5.38,88.52,599.76,0,1,True,False,False,False,False,False,False,True,False,False,False,False,True
101460,42.0,52912.74,Bronze,10.0,37.0,235.94,6.8,967,0.2632,2.65,22.42,2359.4,1,0,False,True,False,False,True,False,False,False,False,False,False,True,False
101769,27.0,60505.26,Bronze,9.0,101.0,97.69,6.1,2262,0.0882,6.2,68.74,879.21,0,0,True,False,False,False,False,False,True,False,False,False,False,False,True
103299,33.0,53178.86,Bronze,8.0,96.0,136.33,8.2,2346,0.0825,6.43,48.71,1090.64,0,0,False,True,False,False,False,False,True,False,False,True,False,False,False
105483,38.0,63997.54,Silver,13.0,130.0,155.96,8.4,1109,0.0992,3.04,31.55,2027.48,1,1,True,False,False,False,False,True,False,False,False,False,True,False,False
103832,64.0,79236.79,Gold,16.0,65.0,187.36,8.1,739,0.2424,2.02,26.42,2997.76,1,2,False,True,False,False,False,False,False,True,False,False,False,False,True
105742,52.0,53178.86,Bronze,9.0,53.0,128.05,6.4,1083,0.1667,2.97,46.1,1152.45,0,0,False,True,False,True,False,False,False,False,False,True,False,False,False
101588,49.0,34974.0,Platinum,8.0,108.0,104.31,7.1,320,0.0734,0.88,41.86,834.48,0,3,False,True,False,True,False,False,False,False,False,False,True,False,False
101732,38.0,51128.0,Gold,9.0,48.0,142.39,6.8,2401,0.1837,6.58,39.87,1281.51,1,2,True,False,False,False,False,False,True,False,False,False,True,False,False
105713,43.0,110491.95000000001,Bronze,12.0,0.0,52.47,6.5,1340,12.0,3.67,175.21,629.64,0,0,True,False,False,False,False,False,True,False,False,False,True,False,False
104673,45.0,30495.92,Bronze,12.0,41.0,99.1,7.5,669,0.2857,1.83,25.62,1189.2,0,0,False,True,False,True,False,False,False,False,False,True,False,False,False
100183,33.0,22615.9,Gold,4.0,25.0,169.36,7.3,529,0.1538,1.45,33.34,677.44,0,2,True,False,False,False,True,False,False,False,False,False,False,True,False
101792,38.0,26972.4,Silver,7.0,5.0,104.31,5.7,779,1.1667,2.13,36.89,730.17,0,1,True,False,False,False,False,True,False,False,False,False,True,False,False
102356,18.0,18500.65,Bronze,10.0,3.0,100.28,7.6,592,2.5,1.62,18.43,1002.8,0,0,True,False,False,False,False,False,False,True,False,True,False,False,False
101941,23.0,53178.86,Bronze,7.0,112.0,59.91,4.7,195,0.0619,0.53,126.5,419.37,0,0,True,False,False,False,True,False,False,False,False,True,False,False,False
100703,26.0,29843.52,Silver,10.0,91.0,39.45,9.0,913,0.1087,2.5,75.46,394.5,0,1,True,False,False,False,True,False,False,False,False,False,True,False,False
105231,48.0,53178.86,Platinum,16.0,36.4,177.77,5.8,2151,0.4278,5.89,18.69,2844.32,1,3,False,True,False,False,False,False,False,True,False,True,False,False,False
100497,18.0,53192.05,Gold,6.0,18.0,87.7,7.9,2357,0.3158,6.46,100.9,526.2,0,2,True,False,False,False,True,False,False,False,False,False,True,False,False
104664,30.0,18025.46,Silver,6.0,61.0,152.63,4.0,771,0.0968,2.11,19.66,915.78,0,1,False,True,False,False,False,False,False,True,False,False,False,True,False
100465,25.0,56110.75,Silver,7.0,90.0,147.11,4.3,862,0.0769,2.36,54.44,1029.77,0,1,False,True,False,True,False,False,False,False,False,False,True,False,False
103801,34.0,53915.05,Silver,4.0,46.8,135.43,8.9,1592,0.0837,4.36,99.34,541.72,0,1,True,False,False,False,False,False,False,True,False,False,False,True,False
105184,70.0,47396.19,Bronze,10.0,0.0,102.12,6.1,1620,10.0,4.44,46.37,1021.2,0,0,False,True,False,False,False,False,True,False,False,True,False,False,False
100173,33.0,47049.63,Silver,6.0,26.0,64.17,6.8,1316,0.2222,3.61,121.88,385.02,0,1,False,True,False,False,False,False,True,False,False,False,False,True,False
105751,43.0,53178.86,Silver,8.0,13.0,66.97,8.0,2203,0.5714,6.04,99.07,535.76,0,1,True,False,False,False,False,True,False,False,True,False,False,False,False
105339,42.0,49322.24,Gold,6.0,6.0,104.31,6.5,790,0.8571,2.16,78.68,625.86,0,2,False,True,False,True,False,False,False,False,True,False,False,False,False
102541,44.0,79628.19,Gold,6.0,28.4,73.14,6.7,1752,0.2041,4.8,181.04,438.84,0,2,True,False,False,False,False,False,False,True,False,False,True,False,False
105948,27.0,54237.72,Gold,8.0,33.2,210.59,6.1,365,0.2339,1.0,32.17,1684.72,1,2,False,True,False,False,False,False,True,False,False,True,False,False,False
102010,46.0,25376.6,Silver,8.0,37.2,171.59,9.0,61,0.2094,0.17,18.47,1372.72,1,1,False,True,False,True,False,False,False,False,True,False,False,False,False
102261,18.0,26921.07,Gold,7.0,28.4,79.11,5.9,1807,0.2381,4.95,48.53,553.77,0,2,False,True,False,False,False,False,False,True,False,False,False,True,False
103085,32.0,45370.47,Platinum,6.0,3.0,129.54,7.4,1153,1.5,3.16,58.3,777.24,0,3,False,True,False,False,False,False,True,False,False,False,False,True,False
102113,49.0,42955.24,Silver,7.0,3.0,119.39,5.3,1840,1.75,5.04,51.34,835.73,0,1,True,False,False,False,False,False,False,True,False,False,False,False,True
100901,43.0,53178.86,Bronze,9.0,53.0,56.71,6.1,592,0.1667,1.62,103.99,510.39,0,0,False,False,True,False,False,False,True,False,False,True,False,False,False
101447,66.0,59575.51,Bronze,7.0,46.0,80.34,8.7,1584,0.1489,4.34,105.75,562.38,0,0,True,False,False,False,True,False,False,False,False,True,False,False,False
101912,44.0,48154.88,Bronze,8.0,32.0,33.51,5.4,2484,0.2424,6.81,178.96,268.08,0,0,False,False,True,False,False,False,False,True,False,False,True,False,False
103543,36.0,54192.41,Gold,6.0,15.0,71.05,4.5,1666,0.375,4.56,126.83,426.3,0,2,False,True,False,False,False,False,True,False,False,False,True,False,False
102698,40.0,46678.49,Bronze,7.0,25.4,39.59,6.3,2380,0.2652,6.52,167.83,277.13,0,0,False,True,False,False,False,True,False,False,False,False,False,True,False
105633,18.0,53178.86,Bronze,10.0,58.0,45.02,5.6,721,0.1695,1.98,117.86,450.2,0,0,False,True,False,False,False,False,False,True,False,False,False,False,True
103663,33.0,47877.28,Gold,7.0,41.2,200.48,5.4,1661,0.1659,4.55,34.09,1403.36,1,2,True,False,False,False,False,False,False,True,True,False,False,False,False
100742,52.0,110491.95000000001,Silver,7.0,40.0,65.49,8.6,804,0.1707,2.2,240.5,458.43,0,1,False,True,False,False,False,False,False,True,False,False,True,False,False
102453,44.0,34086.91,Bronze,7.0,59.0,155.56,6.8,1858,0.1167,5.09,31.27,1088.92,0,0,False,True,False,False,True,False,False,False,False,False,True,False,False
103706,35.0,60935.36,Silver,8.0,77.0,121.01,7.2,1982,0.1026,5.43,62.88,968.08,0,1,True,False,False,False,False,False,False,True,False,False,True,False,False
104898,53.0,48207.52,Bronze,13.0,73.0,184.12,9.0,465,0.1757,1.27,20.13,2393.56,1,0,False,True,False,False,False,True,False,False,False,False,True,False,False
101207,29.0,53178.86,Bronze,5.0,18.4,36.61,7.9,2379,0.2577,6.52,288.94,183.05,0,0,False,False,True,False,True,False,False,False,False,True,False,False,False
105289,49.0,103084.37,Gold,9.0,1.0,183.03,7.8,2391,4.5,6.55,62.54,1647.27,1,2,False,True,False,True,False,False,False,False,False,False,False,False,True
103969,31.0,53178.86,Gold,7.0,25.0,65.92,7.3,371,0.2692,1.02,115.0,461.44,0,2,True,False,False,False,False,True,False,False,False,True,False,False,False
105432,42.0,53178.86,Bronze,13.0,82.0,57.22,6.2,1120,0.1566,3.07,71.39,743.86,0,0,False,True,False,False,False,False,True,False,False,False,False,True,False
101550,43.0,66968.68,Gold,7.0,18.0,156.02,5.8,1489,0.3684,4.08,61.26,1092.14,0,2,True,False,False,True,False,False,False,False,False,False,False,True,False
103030,41.0,73852.97,Platinum,16.0,93.0,194.05,8.1,717,0.1702,1.96,23.78,3104.8,1,3,True,False,False,False,False,True,False,False,False,False,False,False,True
104523,36.0,64006.58,Bronze,10.0,48.0,133.42,7.2,1452,0.2041,3.98,47.94,1334.2,1,0,False,True,False,False,False,True,False,False,False,False,True,False,False
102203,39.0,67763.52,Bronze,7.0,30.0,178.04,4.3,497,0.2258,1.36,54.33,1246.28,1,0,True,False,False,False,True,False,False,False,False,False,True,False,False
102567,40.0,57289.6,Gold,8.0,50.0,84.38,7.2,1033,0.1569,2.83,84.74,675.04,0,2,False,True,False,True,False,False,False,False,False,False,True,False,False
103790,32.0,70207.32,Gold,3.0,5.0,84.0,6.1,873,0.5,2.39,277.5,252.0,0,2,True,False,False,False,False,True,False,False,False,False,True,False,False
102045,21.0,42832.41,Bronze,15.0,13.0,12.82,7.3,2169,1.0714,5.94,221.59,192.3,0,0,True,False,False,False,False,False,False,True,False,True,False,False,False
100768,31.0,53026.39,Bronze,10.0,45.6,104.31,7.1,1223,0.2146,3.35,50.79,1043.1,0,0,False,True,False,False,False,False,False,True,False,False,False,True,False
105881,52.0,53178.86,Silver,6.0,16.0,101.52,8.0,909,0.3529,2.49,87.16,609.12,0,1,False,True,False,False,False,False,True,False,False,False,False,False,True
103700,23.0,110491.95000000001,Bronze,6.0,61.0,63.46,8.1,73,0.0968,0.2,289.43,380.76,0,0,True,False,False,False,False,True,False,False,False,False,True,False,False
101509,62.0,38679.26,Bronze,13.0,32.0,56.45,7.8,2033,0.3939,5.57,52.64,733.85,0,0,False,False,True,False,False,False,False,True,False,False,False,True,False
103135,32.0,34215.56,Bronze,9.0,7.0,94.77,7.1,2208,1.125,6.05,40.07,852.93,0,0,False,True,False,False,False,False,False,True,False,True,False,False,False
105834,28.0,51778.16,Bronze,11.0,76.0,104.31,7.2,2238,0.1429,6.13,45.09,1147.41,0,0,False,True,False,False,False,False,False,True,False,True,False,False,False
100422,28.0,72287.2,Gold,10.0,25.0,183.14,7.4,1333,0.3846,3.65,39.45,1831.4,1,2,False,True,False,False,False,False,True,False,False,False,False,False,True
100124,54.0,48099.9,Gold,9.0,65.2,84.18,7.1,880,0.136,2.41,63.4,757.62,0,2,True,False,False,False,False,True,False,False,True,False,False,False,False
105425,47.0,53178.86,Silver,7.0,19.0,67.99,7.6,1957,0.35,5.36,111.5,475.93,0,1,False,True,False,False,True,False,False,False,False,False,False,False,True
103716,28.0,79041.52,Platinum,10.0,75.0,256.6,7.5,1642,0.1316,4.5,30.79,2566.0,1,3,False,True,False,False,False,False,True,False,False,False,False,False,True
100820,24.0,53178.86,Bronze,5.0,26.0,33.42,7.3,1857,0.1852,5.09,316.35,167.1,0,0,False,True,False,False,False,True,False,False,True,False,False,False,False
101404,32.0,35954.3,Silver,8.0,12.0,65.08,6.5,1365,0.6154,3.74,68.93,520.64,0,1,True,False,False,False,False,False,True,False,False,False,True,False,False
101383,34.0,56135.09,Gold,12.0,21.0,75.13,7.0,2285,0.5455,6.26,62.2,901.56,0,2,False,False,True,False,False,False,True,False,False,False,True,False,False
102149,34.0,66154.55,Silver,4.0,16.0,100.84,7.9,690,0.2353,1.89,163.6,403.36,0,1,False,True,False,False,True,False,False,False,False,False,False,False,True
105045,18.0,42453.73,Gold,9.0,122.0,196.51,5.8,2235,0.0732,6.12,23.99,1768.59,1,2,False,True,False,False,False,True,False,False,False,True,False,False,False
101576,23.0,49676.66,Bronze,11.0,35.0,153.92,5.8,1131,0.3056,3.1,29.32,1693.12,1,0,False,True,False,False,False,False,True,False,False,False,True,False,False
101639,38.0,45044.21,Silver,10.0,40.0,73.53,8.2,2297,0.2439,6.29,61.18,735.3,0,1,False,True,False,False,True,False,False,False,False,False,False,False,True
101796,34.0,31618.1,Gold,6.0,22.0,104.74,6.5,186,0.2609,0.51,50.23,628.44,0,2,True,False,False,False,False,True,False,False,False,False,True,False,False
103332,38.0,37515.1,Platinum,6.0,44.0,148.64,8.4,721,0.1333,1.98,42.02,891.84,0,3,False,True,False,False,False,False,False,True,False,False,True,False,False
105337,48.0,34859.99,Bronze,8.0,44.0,79.37,6.8,2038,0.1778,5.58,54.81,634.96,0,0,True,False,False,False,False,True,False,False,False,False,False,True,False
100400,30.0,74962.85,Bronze,4.0,31.0,104.31,9.6,891,0.125,2.44,179.23,417.24,0,0,True,False,False,False,False,False,True,False,False,True,False,False,False
103152,27.0,53178.86,Gold,9.0,14.0,162.25,10.0,1339,0.6,3.67,36.39,1460.25,1,2,False,True,False,False,False,True,False,False,True,False,False,False,False
102311,48.0,30259.76,Gold,4.0,34.2,105.78,4.9,1247,0.1136,3.42,71.35,423.12,0,2,False,True,False,False,True,False,False,False,False,False,False,True,False
100883,25.0,77486.08,Silver,5.0,31.6,45.26,6.3,1862,0.1534,5.1,340.9,226.3,0,1,False,True,False,False,False,True,False,False,False,False,True,False,False
103566,58.0,48235.74,Gold,8.0,51.6,104.31,6.8,146,0.1521,0.4,57.73,834.48,0,2,True,False,False,False,False,False,False,True,False,False,True,False,False
105965,61.0,37944.94,Gold,8.0,28.0,131.64,6.3,1467,0.2759,4.02,36.0,1053.12,0,2,False,True,False,False,False,True,False,False,True,False,False,False,False
101180,43.0,56005.69,Bronze,5.0,17.0,135.76,6.9,1410,0.2778,3.86,82.39,678.8,0,0,False,True,False,False,False,False,False,True,False,True,False,False,False
101353,22.0,20834.45,Bronze,11.0,46.6,120.74,6.8,1764,0.2311,4.83,15.68,1328.14,1,0,True,False,False,True,False,False,False,False,True,False,False,False,False
103883,42.0,40648.08,Silver,12.0,51.0,75.31,8.6,1496,0.2308,4.1,44.93,903.72,0,1,True,False,False,False,False,False,False,True,False,False,False,False,True
105456,45.0,48566.43,Platinum,4.0,65.0,104.31,8.1,224,0.0606,0.61,116.12,417.24,0,3,True,False,False,False,True,False,False,False,False,True,False,False,False
102131,39.0,37517.56,Bronze,7.0,38.8,76.46,5.4,509,0.1759,1.39,69.97,535.22,0,0,False,True,False,True,False,False,False,False,False,False,True,False,False
100983,41.0,44304.69,Platinum,7.0,1.0,104.31,9.4,1800,3.5,4.93,60.59,730.17,0,3,True,False,False,True,False,False,False,False,False,False,True,False,False
100457,51.0,57415.47,Bronze,3.0,7.0,74.16,6.1,2486,0.375,6.81,256.92,222.48,0,0,True,False,False,False,False,True,False,False,False,True,False,False,False
101487,49.0,66794.8,Silver,7.0,24.0,72.52,8.0,1436,0.28,3.93,131.32,507.64,0,1,False,True,False,False,False,False,True,False,False,True,False,False,False
105159,31.0,110491.95000000001,Bronze,12.0,82.0,104.31,8.0,279,0.1446,0.76,88.2,1251.72,1,0,False,True,False,False,False,True,False,False,False,True,False,False,False
100690,33.0,110491.95000000001,Platinum,12.0,27.0,269.725,7.3,472,0.4286,1.29,34.13,3236.7,1,3,False,True,False,False,False,True,False,False,False,False,True,False,False
102430,60.0,93039.42,Bronze,7.0,64.0,143.51,4.8,2028,0.1077,5.56,92.52,1004.57,0,0,False,True,False,True,False,False,False,False,False,False,False,False,True
100642,46.0,53178.86,Silver,8.0,50.0,50.59,8.6,2123,0.1569,5.82,131.07,404.72,0,1,True,False,False,False,True,False,False,False,False,False,True,False,False
102393,18.0,53178.86,Silver,5.0,41.0,110.48,7.0,101,0.119,0.28,96.09,552.4,0,1,False,True,False,True,False,False,False,False,False,True,False,False,False
102826,37.0,32496.63,Platinum,10.0,80.0,149.66,8.0,599,0.1235,1.64,21.7,1496.6,1,3,False,True,False,False,False,False,False,True,True,False,False,False,False
101954,30.0,62497.58,Bronze,4.0,10.0,113.63,8.2,2252,0.3636,6.17,137.2,454.52,0,0,False,True,False,False,False,False,False,True,False,False,False,False,True
103539,48.0,110491.95000000001,Platinum,6.0,8.0,104.31,4.3,304,0.6667,0.83,176.26,625.86,0,3,True,False,False,False,False,False,False,True,False,True,False,False,False
103059,30.0,51341.57,Bronze,9.0,64.0,204.7,7.9,1983,0.1385,5.43,27.85,1842.3,1,0,False,True,False,False,False,False,True,False,False,True,False,False,False
103916,35.0,53178.86,Bronze,6.0,3.0,29.27,8.2,2303,1.5,6.31,301.09,175.62,0,0,True,False,False,False,False,True,False,False,False,True,False,False,False
104801,38.0,54830.02,Silver,8.0,4.0,141.5,7.5,369,1.6,1.01,48.39,1132.0,0,1,True,False,False,False,False,False,True,False,False,True,False,False,False
102711,37.0,53178.86,Silver,15.0,31.2,269.725,8.3,2082,0.4658,5.7,13.14,4045.88,1,1,False,True,False,False,False,False,True,False,False,False,False,True,False
101084,39.0,53178.86,Bronze,5.0,1.0,104.31,4.1,602,2.5,1.65,101.77,521.55,0,0,True,False,False,False,False,False,False,True,False,False,False,False,True
104449,55.0,74796.76,Bronze,11.0,111.0,37.14,6.4,828,0.0982,2.27,182.64,408.54,0,0,True,False,False,False,False,True,False,False,False,True,False,False,False
105715,20.0,67815.79,Bronze,8.0,125.0,46.34,6.9,1788,0.0635,4.9,182.44,370.72,0,0,False,True,False,False,False,True,False,False,False,True,False,False,False
104119,30.0,110491.95000000001,Bronze,7.0,51.4,269.725,5.8,687,0.1336,1.88,58.49,1888.08,1,0,True,False,False,False,False,False,False,True,False,True,False,False,False
101885,18.0,32230.53,Platinum,7.0,23.0,161.68,8.3,1004,0.2917,2.75,28.45,1131.76,0,3,True,False,False,False,False,True,False,False,False,False,True,False,False
104511,35.0,42370.74,Bronze,9.0,66.0,52.08,8.6,2292,0.1343,6.28,90.2,468.72,0,0,False,True,False,False,False,True,False,False,False,False,True,False,False
100390,21.0,65490.01,Bronze,11.0,77.6,94.12,7.5,1347,0.1399,3.69,63.19,1035.32,0,0,True,False,False,True,False,False,False,False,False,False,True,False,False
102495,51.0,53178.86,Bronze,7.0,38.2,25.66,8.2,1662,0.1786,4.55,294.42,179.62,0,0,False,True,False,False,False,False,True,False,False,True,False,False,False
101852,41.0,94877.01,Gold,8.0,44.0,212.08,10.0,1966,0.1778,5.39,55.89,1696.64,1,2,False,True,False,False,False,False,True,False,False,False,True,False,False
103037,40.0,28377.84,Bronze,10.0,68.2,153.79,5.9,1577,0.1445,4.32,18.44,1537.9,1,0,True,False,False,False,False,False,True,False,False,False,False,False,True
105796,43.0,76842.72,Silver,7.0,45.6,123.1,8.7,2028,0.1502,5.56,89.07,861.7,0,1,False,True,False,False,False,False,False,True,False,False,True,False,False
103604,55.0,56879.93,Platinum,4.0,4.0,174.69,4.5,561,0.8,1.54,81.28,698.76,0,3,True,False,False,False,True,False,False,False,False,False,False,False,True
100846,42.0,72008.68,Platinum,6.0,76.6,97.46,6.1,1067,0.0773,2.92,122.93,584.76,0,3,True,False,False,False,False,False,True,False,False,False,True,False,False
100543,41.0,73550.76,Silver,8.0,8.0,46.99,7.7,2249,0.8889,6.16,195.14,375.92,0,1,False,True,False,False,False,False,False,True,True,False,False,False,False
103725,37.0,42544.73,Platinum,12.0,125.0,198.39,8.2,711,0.0952,1.95,17.86,2380.68,1,3,False,True,False,False,False,False,True,False,False,False,True,False,False
100092,37.0,30327.17,Bronze,2.0,261.0,38.81,7.0,48,0.0076,0.13,385.74,77.62,0,0,True,False,False,False,False,False,True,False,False,True,False,False,False
103680,39.0,100341.2,Silver,6.0,7.0,102.49,7.9,1802,0.75,4.94,162.91,614.94,0,1,False,True,False,False,False,True,False,False,False,False,False,False,True
105642,18.0,110491.95000000001,Bronze,8.0,15.0,71.3,5.8,2163,0.5,5.93,193.37,570.4,0,0,True,False,False,False,False,False,True,False,False,False,False,False,True
103905,19.0,51862.07,Gold,5.0,26.2,109.01,4.8,2028,0.1838,5.56,94.98,545.05,0,2,False,True,False,True,False,False,False,False,False,False,False,False,True
101980,44.0,67514.76,Silver,12.0,39.0,47.4,6.0,865,0.3,2.37,118.49,568.8,0,1,True,False,False,False,False,True,False,False,False,False,False,True,False
103245,44.0,53614.35,Bronze,12.0,18.0,81.21,5.9,1619,0.6316,4.44,54.96,974.52,0,0,False,True,False,False,False,False,True,False,False,True,False,False,False
103979,47.0,53673.09,Bronze,7.0,5.0,96.61,8.3,369,1.1667,1.01,79.25,676.27,0,0,False,True,False,False,False,False,True,False,False,True,False,False,False
103151,41.0,56563.17,Bronze,3.0,66.0,117.81,5.5,1651,0.0448,4.52,159.59,353.43,0,0,False,True,False,False,False,False,False,True,False,False,False,False,True
104901,18.0,49430.7,Silver,7.0,64.8,94.62,6.3,857,0.1064,2.35,74.52,662.34,0,1,False,False,True,False,True,False,False,False,False,False,False,False,True
104105,34.0,61855.31,Gold,12.0,51.4,132.41,7.3,2323,0.229,6.36,38.9,1588.92,1,2,False,False,True,True,False,False,False,False,False,True,False,False,False
104623,39.0,88327.49,Gold,4.0,15.2,90.13,6.6,94,0.2469,0.26,244.32,360.52,0,2,True,False,False,False,False,False,True,False,False,True,False,False,False
103464,21.0,110491.95000000001,Bronze,13.0,53.0,83.84,7.1,1312,0.2407,3.59,101.28,1089.92,0,0,False,False,True,True,False,False,False,False,False,False,True,False,False
102530,31.0,69582.65,Silver,7.0,28.0,23.24,7.8,330,0.2414,0.9,425.11,162.68,0,1,False,True,False,False,True,False,False,False,False,False,False,True,False
104109,56.0,53178.86,Bronze,6.0,32.0,105.33,7.5,1804,0.1818,4.94,84.01,631.98,0,0,False,True,False,False,False,True,False,False,False,True,False,False,False
101677,50.0,49403.47,Bronze,8.0,9.0,69.91,7.6,1821,0.8,4.99,88.18,559.28,0,0,False,False,True,False,False,False,True,False,False,False,True,False,False
102950,52.0,90994.26,Silver,6.0,40.0,147.55,5.3,57,0.1463,0.16,102.67,885.3,0,1,True,False,False,False,False,True,False,False,False,False,False,False,True
101961,40.0,20198.37,Silver,7.0,58.0,64.91,7.5,1655,0.1186,4.53,44.36,454.37,0,1,False,True,False,False,False,True,False,False,False,False,False,False,True
102531,52.0,72463.57,Bronze,7.0,22.0,27.53,7.1,2476,0.3043,6.78,374.08,192.71,0,0,False,True,False,False,False,False,True,False,False,False,False,False,True
104413,47.0,75225.22,Gold,9.0,0.0,146.23,7.3,2332,9.0,6.39,57.12,1316.07,1,2,True,False,False,False,False,False,False,True,False,True,False,False,False
104904,40.0,54178.53,Gold,10.0,25.4,269.725,9.3,1433,0.3788,3.93,20.08,2697.25,1,2,True,False,False,False,False,False,False,True,False,False,True,False,False
103940,56.0,28146.02,Gold,9.0,62.6,144.59,8.7,1675,0.1415,4.59,21.61,1301.31,1,2,False,True,False,True,False,False,False,False,False,False,True,False,False
100238,36.0,29956.79,Bronze,10.0,24.0,45.31,6.3,2111,0.4,5.78,65.97,453.1,0,0,False,True,False,False,True,False,False,False,False,False,False,True,False
104150,18.0,53178.86,Bronze,6.0,28.0,50.11,8.3,1254,0.2069,3.44,176.29,300.66,0,0,True,False,False,False,False,False,False,True,False,False,False,True,False
104858,30.0,72625.39,Bronze,11.0,11.6,34.79,3.8,1605,0.873,4.4,189.28,382.69,0,0,True,False,False,False,False,False,False,True,False,False,False,True,False
102881,42.0,43264.77,Bronze,6.0,40.8,45.12,6.3,2334,0.1435,6.39,159.23,270.72,0,0,True,False,False,False,False,False,True,False,False,False,True,False,False
101806,18.0,79769.29,Gold,13.0,6.0,104.31,9.9,2476,1.8571,6.78,58.78,1356.03,1,2,True,False,False,True,False,False,False,False,False,False,False,True,False
104959,45.0,56644.01,Silver,10.0,205.0,147.37,5.1,623,0.0485,1.71,38.41,1473.7,1,1,True,False,False,False,False,True,False,False,False,False,False,True,False
100164,28.0,43702.55,Gold,7.0,73.0,70.47,6.9,1162,0.0946,3.18,88.41,493.29,0,2,False,False,True,False,False,True,False,False,False,True,False,False,False
104528,40.0,28312.48,Bronze,4.0,96.2,41.53,8.0,282,0.0412,0.77,169.41,166.12,0,0,False,True,False,True,False,False,False,False,False,True,False,False,False
105705,26.0,68590.05,Bronze,9.0,36.0,91.28,6.7,884,0.2432,2.42,83.39,821.52,0,0,True,False,False,True,False,False,False,False,False,True,False,False,False
105648,28.0,110491.95000000001,Bronze,4.0,44.2,94.22,6.0,583,0.0885,1.6,292.4,376.88,0,0,False,False,True,True,False,False,False,False,False,False,False,True,False
104429,36.0,71636.42,Bronze,4.0,17.0,104.31,6.7,1550,0.2222,4.25,171.28,417.24,0,0,False,True,False,True,False,False,False,False,False,False,False,False,True
104499,41.0,110491.95000000001,Gold,3.0,24.8,66.83,7.4,2413,0.1163,6.61,548.37,200.49,0,2,False,True,False,True,False,False,False,False,False,False,True,False,False
104327,51.0,97461.23,Gold,5.0,22.0,73.49,6.4,662,0.2174,1.81,264.52,367.45,0,2,True,False,False,False,False,True,False,False,False,False,True,False,False
100266,50.0,32333.75,Gold,9.0,36.0,46.53,7.0,2344,0.2432,6.42,77.03,418.77,0,2,False,False,True,False,False,True,False,False,False,True,False,False,False
102002,30.0,94499.93,Silver,8.0,33.0,124.63,7.6,2240,0.2353,6.14,94.69,997.04,0,1,True,False,False,True,False,False,False,False,False,False,False,True,False
101812,18.0,35591.0,Gold,8.0,77.0,124.34,6.7,1476,0.1026,4.04,35.74,994.72,0,2,False,True,False,False,False,False,True,False,False,False,False,False,True
103278,18.0,35098.32,Silver,7.0,126.0,65.87,4.3,301,0.0551,0.82,75.96,461.09,0,1,False,True,False,False,False,False,True,False,True,False,False,False,False
105610,44.0,72943.25,Bronze,10.0,158.0,76.44,8.4,921,0.0629,2.52,95.3,764.4,0,0,True,False,False,False,True,False,False,False,False,False,True,False,False
102979,31.0,53178.86,Bronze,7.0,2.0,140.21,8.5,1513,2.3333,4.15,54.13,981.47,0,0,False,True,False,False,False,False,True,False,False,False,True,False,False
102907,52.0,84938.83,Gold,15.0,41.0,72.91,5.0,2317,0.3571,6.35,77.59,1093.65,0,2,False,True,False,False,False,False,True,False,False,False,False,False,True
104291,33.0,69753.57,Silver,9.0,25.0,87.7,6.4,1878,0.3462,5.15,88.26,789.3,0,1,False,True,False,False,True,False,False,False,False,False,True,False,False
105498,45.0,51399.48,Gold,7.0,35.0,172.54,6.9,1349,0.1944,3.7,42.52,1207.78,0,2,True,False,False,False,False,False,True,False,False,False,False,False,True
101429,46.0,50263.31,Gold,5.0,57.0,104.31,4.6,2326,0.0862,6.37,96.19,521.55,0,2,False,True,False,False,True,False,False,False,False,True,False,False,False
103965,35.0,52089.45,Bronze,9.0,25.0,148.27,6.5,244,0.3462,0.67,39.01,1334.43,1,0,False,True,False,False,False,False,False,True,False,True,False,False,False
105006,19.0,36441.68,Gold,3.0,20.0,177.7,6.1,1438,0.1429,3.94,68.23,533.1,0,2,False,True,False,False,False,False,True,False,False,True,False,False,False
100948,18.0,76244.47,Bronze,6.0,22.0,104.31,7.7,1330,0.2609,3.64,121.63,625.86,0,0,False,True,False,False,False,True,False,False,False,False,False,False,True
103079,23.0,43405.62,Gold,7.0,71.8,123.46,7.0,1144,0.0962,3.13,50.17,864.22,0,2,False,True,False,False,False,False,True,False,False,True,False,False,False
103139,44.0,34400.38,Gold,9.0,19.0,60.57,6.6,480,0.45,1.32,62.99,545.13,0,2,False,False,True,False,True,False,False,False,False,True,False,False,False
104924,22.0,34758.07,Gold,10.0,68.0,229.87,4.9,142,0.1449,0.39,15.11,2298.7,1,2,False,True,False,False,False,True,False,False,False,True,False,False,False
105574,45.0,110491.95000000001,Silver,7.0,10.0,59.97,6.8,1686,0.6364,4.62,262.58,419.79,0,1,False,True,False,True,False,False,False,False,False,False,False,False,True
105149,38.0,28780.14,Gold,10.0,51.0,104.31,7.6,979,0.1923,2.68,27.56,1043.1,0,2,True,False,False,False,False,False,True,False,False,False,False,True,False
103230,21.0,44843.34,Gold,5.0,20.2,144.36,5.4,525,0.2358,1.44,62.04,721.8,0,2,False,True,False,False,False,False,False,True,False,False,False,True,False
103995,45.0,40855.91,Silver,11.0,21.0,76.25,8.0,746,0.5,2.04,48.65,838.75,0,1,True,False,False,False,False,False,True,False,False,False,False,True,False
101453,37.0,76381.85,Silver,19.0,65.8,133.71,6.8,345,0.2844,0.95,30.05,2540.49,1,1,True,False,False,False,False,False,False,True,False,False,False,False,True
100594,18.0,93578.0,Bronze,6.0,30.6,104.31,6.9,1859,0.1899,5.09,149.28,625.86,0,0,False,True,False,False,False,False,True,False,False,False,False,True,False
102726,34.0,74312.63,Silver,10.0,28.0,80.05,6.5,1136,0.3448,3.11,92.72,800.5,0,1,True,False,False,False,False,False,False,True,False,False,False,True,False
100042,45.0,52688.5,Silver,6.0,50.2,145.3,8.0,2347,0.1172,6.43,60.37,871.8,0,1,False,True,False,True,False,False,False,False,False,True,False,False,False
100561,37.0,53178.86,Silver,11.0,5.0,115.31,4.3,747,1.8333,2.05,41.89,1268.41,1,1,False,True,False,False,False,False,True,False,False,True,False,False,False
104832,18.0,33195.86,Bronze,5.0,34.4,94.59,6.6,1525,0.1412,4.18,70.04,472.95,0,0,True,False,False,False,False,False,False,True,False,False,True,False,False
100490,46.0,38326.29,Bronze,7.0,12.0,104.31,9.6,1664,0.5385,4.56,52.42,730.17,0,0,False,True,False,False,False,False,False,True,False,False,False,False,True
100244,20.0,94083.75,Silver,10.0,19.6,45.73,7.8,2407,0.4854,6.59,205.29,457.3,0,1,False,True,False,False,False,False,False,True,False,True,False,False,False
103173,50.0,59372.44,Bronze,4.0,2.0,13.51,7.0,1798,1.3333,4.93,1078.71,54.04,0,0,True,False,False,False,False,False,True,False,False,False,True,False,False
103937,52.0,53073.28,Silver,4.0,59.0,115.65,6.9,1414,0.0667,3.87,114.48,462.6,0,1,True,False,False,False,False,True,False,False,True,False,False,False,False
105990,32.0,47308.11,Gold,2.0,44.8,49.09,7.4,267,0.0437,0.73,476.99,98.18,0,2,True,False,False,False,False,False,True,False,False,False,False,False,True
100406,35.0,78953.57,Bronze,8.0,31.0,84.74,6.0,932,0.25,2.55,116.29,677.92,0,0,False,True,False,False,False,False,True,False,False,False,True,False,False
101443,21.0,68610.49,Bronze,10.0,10.0,24.88,7.8,797,0.9091,2.18,274.66,248.8,0,0,False,True,False,False,False,True,False,False,False,False,False,True,False
100262,35.0,67151.32,Gold,9.0,2.0,57.19,5.2,513,3.0,1.41,130.21,514.71,0,2,True,False,False,False,False,False,False,True,False,False,False,False,True
103913,32.0,60570.63,Gold,7.0,134.0,42.62,8.1,1838,0.0519,5.04,202.35,298.34,0,2,True,False,False,False,False,True,False,False,False,True,False,False,False
103538,34.0,72374.8,Gold,6.0,13.0,269.725,7.9,2126,0.4286,5.82,44.69,1618.35,1,2,False,False,True,False,False,False,False,True,False,False,True,False,False
105469,42.0,33031.66,Bronze,6.0,13.4,176.09,6.9,2486,0.4167,6.81,31.23,1056.54,0,0,True,False,False,False,False,False,False,True,False,False,True,False,False
101690,48.0,38012.41,Silver,13.0,23.0,269.725,8.6,2422,0.5417,6.64,10.84,3506.42,1,1,True,False,False,False,True,False,False,False,False,False,True,False,False
101726,39.0,110491.95000000001,Silver,6.0,14.0,100.56,5.0,1218,0.4,3.34,182.82,603.36,0,1,False,True,False,False,False,True,False,False,False,False,True,False,False
101204,37.0,56000.46,Silver,11.0,43.8,69.72,5.2,2081,0.2455,5.7,72.92,766.92,0,1,False,True,False,False,True,False,False,False,False,False,True,False,False
100835,29.0,64850.1,Bronze,14.0,39.6,30.46,9.1,702,0.3448,1.92,151.72,426.44,0,0,True,False,False,False,False,False,False,True,False,True,False,False,False
102497,37.0,84380.25,Bronze,7.0,0.0,85.05,8.1,1857,7.0,5.09,141.49,595.35,0,0,False,True,False,False,True,False,False,False,False,False,True,False,False
103017,30.0,53178.86,Gold,5.0,5.0,90.68,7.1,1209,0.8333,3.31,117.03,453.4,0,2,True,False,False,False,True,False,False,False,False,True,False,False,False
104512,36.0,67676.8,Silver,3.0,22.0,194.5,7.5,1530,0.1304,4.19,115.79,583.5,0,1,False,True,False,False,False,False,False,True,False,False,False,True,False
102011,23.0,65003.25,Bronze,14.0,1.0,90.76,7.2,155,7.0,0.42,51.12,1270.64,1,0,True,False,False,False,False,False,True,False,False,True,False,False,False
100341,18.0,48538.66,Platinum,10.0,60.0,269.725,8.7,2254,0.1639,6.18,17.99,2697.25,1,3,False,True,False,False,False,False,True,False,False,True,False,False,False
104173,39.0,53178.86,Bronze,8.0,53.0,104.31,5.4,415,0.1481,1.14,63.65,834.48,0,0,True,False,False,False,False,False,True,False,True,False,False,False,False
101602,52.0,27806.45,Silver,12.0,28.0,62.07,7.5,589,0.4138,1.61,37.28,744.84,0,1,True,False,False,False,False,True,False,False,False,False,False,False,True
102797,45.0,53178.86,Silver,7.0,28.4,104.31,7.4,2476,0.2381,6.78,72.73,730.17,0,1,False,True,False,False,False,False,True,False,False,True,False,False,False
105368,60.0,52308.22,Bronze,4.0,3.0,104.31,7.6,2216,1.0,6.07,125.07,417.24,0,0,False,False,True,False,True,False,False,False,False,True,False,False,False
105760,18.0,88768.09,Silver,8.0,178.0,39.29,6.9,855,0.0447,2.34,281.52,314.32,0,1,True,False,False,False,True,False,False,False,False,True,False,False,False
100481,41.0,49170.94,Bronze,3.0,12.0,67.94,6.8,101,0.2308,0.28,240.07,203.82,0,0,False,True,False,True,False,False,False,False,False,True,False,False,False
103726,55.0,24554.66,Bronze,9.0,77.0,140.45,5.7,840,0.1154,2.3,19.41,1264.05,1,0,False,True,False,False,True,False,False,False,False,True,False,False,False
105906,35.0,70166.17,Bronze,12.0,43.0,93.7,7.9,2261,0.2727,6.19,62.35,1124.4,0,0,True,False,False,False,False,False,False,True,False,False,False,False,True
102786,39.0,65597.73,Silver,5.0,23.0,87.11,7.9,1300,0.2083,3.56,150.26,435.55,0,1,True,False,False,False,False,False,True,False,False,False,False,True,False
101524,36.0,67102.46,Platinum,5.0,60.0,134.22,7.7,1968,0.082,5.39,99.84,671.1,0,3,False,False,True,False,False,True,False,False,False,False,False,True,False
103622,30.0,59586.21,Silver,6.0,5.0,74.64,6.0,563,1.0,1.54,132.76,447.84,0,1,False,True,False,False,False,False,False,True,False,False,True,False,False
104468,34.0,61740.21,Bronze,8.0,53.0,51.25,8.9,2314,0.1481,6.34,150.22,410.0,0,0,False,True,False,False,True,False,False,False,False,True,False,False,False
105321,46.0,24092.73,Silver,9.0,131.0,223.45,9.4,1881,0.0682,5.15,11.97,2011.05,1,1,True,False,False,False,False,False,True,False,False,False,False,True,False
105561,57.0,96234.16,Platinum,8.0,25.6,269.725,8.2,1564,0.3008,4.28,44.58,2157.8,1,3,False,True,False,False,True,False,False,False,False,False,True,False,False
101767,23.0,69517.18,Silver,6.0,61.0,104.31,5.4,1455,0.0968,3.99,110.9,625.86,0,1,True,False,False,False,True,False,False,False,False,False,True,False,False
105364,34.0,56592.22,Silver,7.0,22.0,167.67,7.0,424,0.3043,1.16,48.18,1173.69,0,1,True,False,False,False,False,False,True,False,False,False,False,False,True
103026,38.0,33453.83,Silver,6.0,22.2,154.77,7.2,637,0.2586,1.75,35.99,928.62,0,1,True,False,False,False,True,False,False,False,False,False,False,True,False
102454,28.0,53178.86,Bronze,11.0,131.0,62.61,7.6,1743,0.0833,4.78,77.1,688.71,0,0,False,True,False,False,False,False,False,True,False,True,False,False,False
104074,55.0,24636.83,Gold,5.0,93.0,93.36,6.7,707,0.0532,1.94,52.67,466.8,0,2,False,True,False,False,False,True,False,False,False,False,False,False,True
104740,37.0,31607.11,Silver,5.0,102.0,57.94,8.6,1941,0.0485,5.32,108.73,289.7,0,1,False,True,False,False,False,False,True,False,True,False,False,False,False
104856,53.0,74121.44,Bronze,5.0,55.0,107.28,7.2,2274,0.0893,6.23,137.93,536.4,0,0,False,True,False,False,False,True,False,False,False,False,False,True,False
103705,44.0,69154.54,Gold,3.0,5.0,89.45,5.2,462,0.5,1.27,256.75,268.35,0,2,False,True,False,False,False,False,False,True,False,False,False,True,False
100364,25.0,55029.12,Gold,4.0,1.0,200.59,5.3,1588,2.0,4.35,68.5,802.36,0,2,False,True,False,False,False,False,True,False,False,False,False,True,False
101272,55.0,73311.28,Silver,6.0,40.6,95.7,7.3,753,0.1442,2.06,127.45,574.2,0,1,True,False,False,True,False,False,False,False,False,False,True,False,False
102004,41.0,44226.06,Bronze,6.0,88.0,222.32,8.3,1103,0.0674,3.02,33.13,1333.92,1,0,True,False,False,True,False,False,False,False,False,True,False,False,False
105395,41.0,53178.86,Bronze,4.0,24.0,76.67,6.9,2327,0.16,6.38,172.84,306.68,0,0,True,False,False,False,True,False,False,False,False,True,False,False,False
104246,38.0,18840.65,Bronze,5.0,1.0,104.31,7.1,2152,2.5,5.9,36.06,521.55,0,0,True,False,False,False,False,False,True,False,False,True,False,False,False
105624,18.0,94787.22,Platinum,11.0,85.6,194.4,5.8,1171,0.127,3.21,44.31,2138.4,1,3,False,True,False,True,False,False,False,False,True,False,False,False,False
104958,18.0,55402.8,Silver,5.0,6.0,94.78,8.6,883,0.7143,2.42,116.66,473.9,0,1,True,False,False,False,False,True,False,False,False,False,False,False,True
103351,39.0,110491.95000000001,Silver,8.0,25.0,54.76,4.0,1437,0.3077,3.94,251.64,438.08,0,1,False,True,False,False,False,False,False,True,False,True,False,False,False
105896,35.0,48162.3,Silver,13.0,159.0,118.53,8.1,1176,0.0812,3.22,31.24,1540.89,1,1,False,True,False,True,False,False,False,False,False,False,True,False,False
103614,6.0,109809.02,Bronze,7.0,29.0,172.72,4.8,2236,0.2333,6.13,90.75,1209.04,0,0,True,False,False,False,False,True,False,False,False,False,False,True,False
105719,50.0,22867.58,Silver,13.0,38.6,141.77,7.6,2466,0.3283,6.76,12.4,1843.01,1,1,False,True,False,False,False,True,False,False,False,False,True,False,False
102563,54.0,44252.23,Platinum,4.0,136.0,151.26,5.9,761,0.0292,2.08,73.02,605.04,0,3,False,True,False,False,False,False,True,False,False,False,True,False,False
103028,22.0,53178.86,Bronze,10.0,173.0,104.31,7.7,1271,0.0575,3.48,50.93,1043.1,0,0,False,True,False,False,False,False,False,True,False,True,False,False,False
105499,47.0,110491.95000000001,Silver,8.0,81.0,134.22,7.3,302,0.0976,0.83,102.81,1073.76,0,1,False,True,False,False,False,True,False,False,False,False,False,True,False
101424,55.0,59289.04,Bronze,13.0,26.2,104.31,6.7,638,0.4779,1.75,43.69,1356.03,1,0,False,False,True,False,False,False,False,True,False,True,False,False,False
100657,28.0,45189.35,Bronze,8.0,115.0,206.49,7.4,110,0.069,0.3,27.34,1651.92,1,0,False,True,False,False,False,False,False,True,False,False,False,False,True
103084,32.0,110491.95000000001,Bronze,5.0,22.2,70.6,6.1,2182,0.2155,5.98,312.12,353.0,0,0,False,True,False,False,True,False,False,False,False,False,False,False,True
105525,36.0,88277.72,Bronze,2.0,25.0,211.27,6.9,447,0.0769,1.22,208.43,422.54,0,0,True,False,False,False,False,True,False,False,False,False,False,False,True
102103,29.0,31453.77,Bronze,7.0,10.6,15.59,5.3,504,0.6034,1.38,285.61,109.13,0,0,True,False,False,False,False,True,False,False,False,False,False,False,True
100633,33.0,44170.35,Gold,4.0,23.0,186.85,7.1,285,0.1667,0.78,59.02,747.4,0,2,True,False,False,False,False,False,False,True,False,False,True,False,False
102494,29.0,73794.27,Silver,14.0,80.0,171.02,9.8,189,0.1728,0.52,30.81,2394.28,1,1,True,False,False,False,False,False,False,True,False,True,False,False,False
102666,39.0,16770.81,Silver,9.0,58.0,112.87,6.0,2106,0.1525,5.77,16.49,1015.83,0,1,True,False,False,False,False,False,True,False,True,False,False,False,False
104339,38.0,52201.53,Bronze,4.0,42.0,80.9,6.9,1995,0.093,5.47,160.82,323.6,0,0,False,True,False,False,False,False,False,True,False,True,False,False,False
105669,30.0,87841.23,Bronze,4.0,16.0,99.44,6.8,614,0.2353,1.68,220.29,397.76,0,0,True,False,False,False,False,True,False,False,False,False,True,False,False
105541,40.0,110491.95000000001,Bronze,6.0,13.0,214.03,5.4,2051,0.4286,5.62,85.97,1284.18,1,0,False,True,False,False,True,False,False,False,False,False,True,False,False
102335,32.0,96178.93,Silver,6.0,20.0,91.88,3.8,125,0.2857,0.34,174.15,551.28,0,1,False,True,False,False,False,False,True,False,False,False,True,False,False
103549,29.0,37489.78,Bronze,12.0,20.0,107.96,8.4,1415,0.5714,3.88,28.92,1295.52,1,0,True,False,False,False,False,False,True,False,False,False,False,False,True
104594,34.0,70221.75,Silver,7.0,125.0,144.33,5.0,1290,0.0556,3.53,69.44,1010.31,0,1,True,False,False,True,False,False,False,False,True,False,False,False,False
102501,45.0,55040.13,Gold,10.0,7.0,98.16,7.7,299,1.25,0.82,56.01,981.6,0,2,True,False,False,False,True,False,False,False,False,False,True,False,False
103620,35.0,62233.17,Bronze,13.0,65.0,13.01,6.3,2000,0.197,5.48,365.8,169.13,0,0,False,True,False,False,False,False,True,False,False,False,False,True,False
101466,38.0,66194.04,Gold,9.0,21.4,135.96,7.0,2006,0.4018,5.5,54.05,1223.64,1,2,False,True,False,False,False,True,False,False,False,False,False,False,True
103941,39.0,53178.86,Bronze,7.0,30.0,98.05,6.9,2335,0.2258,6.4,77.37,686.35,0,0,False,True,False,True,False,False,False,False,False,False,False,False,True
104014,59.0,75761.32,Bronze,10.0,145.0,80.05,6.8,1847,0.0685,5.06,94.52,800.5,0,0,False,True,False,True,False,False,False,False,False,False,True,False,False
105406,52.0,52346.27,Silver,13.0,38.0,129.22,7.9,40,0.3333,0.11,31.14,1679.86,1,1,False,True,False,False,False,False,True,False,False,False,False,False,True
100116,32.0,104134.61,Bronze,6.0,33.0,89.53,10.0,1933,0.1765,5.3,193.49,537.18,0,0,True,False,False,False,False,True,False,False,False,False,True,False,False
101822,47.0,84803.71,Gold,11.0,84.0,148.79,9.9,682,0.1294,1.87,51.78,1636.69,1,2,True,False,False,False,False,False,True,False,False,True,False,False,False
101495,34.0,33245.32,Silver,7.0,44.2,148.73,6.6,1113,0.1549,3.05,31.9,1041.11,0,1,False,True,False,False,False,False,True,False,False,False,False,False,True
102402,50.0,91271.46,Bronze,9.0,9.0,86.15,7.8,1022,0.9,2.8,117.56,775.35,0,0,False,False,True,False,True,False,False,False,False,False,True,False,False
103875,23.0,78549.67,Bronze,7.0,36.2,34.36,8.3,1529,0.1882,4.19,325.23,240.52,0,0,False,True,False,False,False,False,False,True,False,True,False,False,False
101233,24.0,32689.84,Bronze,10.0,218.0,147.88,3.7,390,0.0457,1.07,22.09,1478.8,1,0,False,True,False,False,False,False,False,True,False,False,True,False,False
102662,30.0,61830.17,Silver,11.0,3.0,148.87,5.3,281,2.75,0.77,37.73,1637.57,1,1,False,True,False,True,False,False,False,False,False,True,False,False,False
102818,47.0,30822.65,Gold,19.0,7.0,207.98,8.9,800,2.375,2.19,7.8,3951.62,1,2,False,True,False,False,False,False,True,False,True,False,False,False,False
105701,35.0,41426.81,Bronze,7.0,5.0,87.66,6.3,780,1.1667,2.14,67.4,613.62,0,0,False,True,False,False,True,False,False,False,False,True,False,False,False
105479,49.0,57248.97,Bronze,7.0,4.0,50.23,5.4,2226,1.4,6.1,162.36,351.61,0,0,True,False,False,False,False,True,False,False,False,True,False,False,False
101154,31.0,57562.82,Bronze,8.0,69.0,44.95,8.3,1209,0.1143,3.31,159.63,359.6,0,0,False,False,True,False,False,True,False,False,False,False,True,False,False
103910,20.0,48526.42,Silver,7.0,4.0,50.58,8.3,1812,1.4,4.96,136.67,354.06,0,1,False,True,False,True,False,False,False,False,False,False,False,False,True
105327,62.0,46540.51,Silver,12.0,36.0,117.36,7.6,1863,0.3243,5.1,33.02,1408.32,1,1,False,True,False,True,False,False,False,False,False,False,False,True,False
100058,56.0,53178.86,Gold,9.0,26.0,98.14,6.3,1734,0.3333,4.75,60.14,883.26,0,2,False,True,False,False,False,False,False,True,False,False,True,False,False
105583,56.0,25792.79,Gold,6.0,33.2,89.86,9.0,2184,0.1754,5.98,47.75,539.16,0,2,True,False,False,False,False,False,False,True,False,True,False,False,False
103884,53.0,49033.65,Silver,7.0,64.0,246.76,4.3,129,0.1077,0.35,28.37,1727.32,1,1,False,False,True,True,False,False,False,False,False,False,True,False,False
103062,40.0,96269.75,Gold,2.0,25.6,193.64,7.8,1441,0.0752,3.95,247.94,387.28,0,2,True,False,False,True,False,False,False,False,False,False,True,False,False
105180,30.0,49160.91,Bronze,5.0,61.0,102.42,7.3,1006,0.0806,2.76,95.81,512.1,0,0,True,False,False,False,False,True,False,False,False,True,False,False,False
105935,19.0,34779.22,Gold,4.0,205.0,103.66,6.8,2290,0.0194,6.27,83.68,414.64,0,2,True,False,False,True,False,False,False,False,False,True,False,False,False
101736,49.0,34898.1,Gold,7.0,8.0,138.15,7.4,1696,0.7778,4.65,36.05,967.05,0,2,False,True,False,True,False,False,False,False,False,False,True,False,False
105402,47.0,88017.43,Bronze,9.0,67.6,49.25,4.1,900,0.1312,2.47,198.13,443.25,0,0,True,False,False,False,False,False,False,True,False,True,False,False,False
102824,26.0,51782.59,Bronze,7.0,53.0,199.25,4.6,876,0.1296,2.4,37.1,1394.75,1,0,True,False,False,False,False,False,True,False,False,True,False,False,False
102197,36.0,58314.21,Platinum,10.0,7.0,174.39,7.7,1771,1.25,4.85,33.42,1743.9,1,3,False,True,False,False,False,False,True,False,False,False,True,False,False
100160,24.0,84520.72,Bronze,4.0,44.6,9.05,7.2,2025,0.0877,5.55,2272.06,36.2,0,0,False,True,False,False,False,False,False,True,False,True,False,False,False
104101,45.0,36080.27,Gold,8.0,57.0,255.52,8.2,1282,0.1379,3.51,17.64,2044.16,1,2,False,True,False,False,True,False,False,False,False,True,False,False,False
102476,38.0,25980.03,Silver,5.0,81.2,28.38,8.2,2323,0.0608,6.36,181.81,141.9,0,1,True,False,False,False,False,False,True,False,False,False,False,False,True
102565,52.0,31451.01,Gold,7.0,82.0,176.55,8.1,2384,0.0843,6.53,25.43,1235.85,1,2,True,False,False,False,True,False,False,False,False,False,False,True,False
104295,39.0,58620.67,Gold,4.0,26.0,104.3,6.7,1397,0.1481,3.83,140.17,417.2,0,2,True,False,False,False,False,False,True,False,False,True,False,False,False
104140,42.0,60575.98,Bronze,10.0,33.0,64.15,7.5,2120,0.2941,5.81,94.28,641.5,0,0,False,True,False,False,True,False,False,False,False,False,False,False,True
102609,48.0,46378.25,Silver,13.0,15.8,228.27,7.8,429,0.7738,1.18,15.62,2967.51,1,1,True,False,False,True,False,False,False,False,False,False,False,False,True
105856,35.0,53178.86,Bronze,15.0,22.0,34.07,7.2,510,0.6522,1.4,103.85,511.05,0,0,True,False,False,False,True,False,False,False,False,False,False,True,False
100708,45.0,53178.86,Silver,10.0,17.6,65.33,7.0,633,0.5376,1.73,81.28,653.3,0,1,True,False,False,False,True,False,False,False,True,False,False,False,False
103047,44.0,79563.79,Gold,4.0,57.0,108.7,9.0,1811,0.069,4.96,182.57,434.8,0,2,True,False,False,False,False,False,False,True,False,True,False,False,False
105555,36.0,40443.21,Silver,4.0,150.0,127.48,8.5,984,0.0265,2.7,79.16,509.92,0,1,True,False,False,False,False,False,False,True,True,False,False,False,False
101094,40.0,42359.57,Gold,8.0,14.0,48.36,7.9,2479,0.5333,6.79,109.21,386.88,0,2,False,True,False,False,False,False,False,True,False,False,False,False,True
104575,51.0,27815.03,Silver,14.0,8.0,24.43,6.7,1400,1.5556,3.84,81.09,342.02,0,1,False,True,False,False,False,False,True,False,False,False,False,False,True
101377,45.0,33555.58,Gold,4.0,39.0,269.725,8.0,1283,0.1,3.52,31.07,1078.9,0,2,False,True,False,False,False,False,False,True,False,False,False,True,False
105898,58.0,55902.27,Gold,13.0,80.8,117.26,5.9,1870,0.1589,5.12,36.65,1524.38,1,2,False,True,False,True,False,False,False,False,False,True,False,False,False
100073,27.0,77494.09,Silver,9.0,85.8,269.725,4.1,2079,0.1037,5.7,31.91,2427.52,1,1,False,True,False,False,True,False,False,False,False,False,True,False,False
101923,18.0,37291.18,Silver,15.0,172.0,44.62,7.1,1728,0.0867,4.73,55.63,669.3,0,1,True,False,False,False,False,False,True,False,False,True,False,False,False
104439,21.0,35181.7,Silver,3.0,9.0,104.31,9.0,170,0.3,0.47,112.07,312.93,0,1,True,False,False,False,False,False,True,False,False,False,False,False,True
104306,38.0,77468.19,Silver,4.0,53.0,269.725,4.8,1100,0.0741,3.01,71.74,1078.9,0,1,True,False,False,False,True,False,False,False,False,False,True,False,False
101765,25.0,102518.65,Silver,6.0,5.0,61.39,8.3,718,1.0,1.97,277.57,368.34,0,1,True,False,False,False,False,False,True,False,False,False,True,False,False
100744,18.0,105461.73,Bronze,9.0,22.2,106.69,4.9,1049,0.3879,2.87,109.72,960.21,0,0,True,False,False,False,False,False,True,False,False,True,False,False,False
104075,23.0,32694.0,Silver,8.0,63.0,42.73,5.9,484,0.125,1.33,95.36,341.84,0,1,False,True,False,False,False,False,False,True,False,False,False,False,True
101006,42.0,74471.24,Silver,8.0,58.0,166.26,6.2,1434,0.1356,3.93,55.95,1330.08,1,1,False,True,False,True,False,False,False,False,False,True,False,False,False
102669,38.0,45039.47,Gold,8.0,45.4,104.31,4.6,1031,0.1724,2.82,53.91,834.48,0,2,False,True,False,False,False,False,True,False,False,False,True,False,False
101191,56.0,42701.26,Bronze,5.0,8.0,56.64,7.4,135,0.5556,0.37,150.25,283.2,0,0,True,False,False,False,False,False,True,False,False,False,True,False,False
104317,45.0,95178.9,Bronze,10.0,12.2,46.66,6.0,2282,0.7576,6.25,203.55,466.6,0,0,False,True,False,False,False,False,False,True,False,False,True,False,False
102602,55.0,78570.81,Bronze,10.0,31.0,118.18,8.3,2249,0.3125,6.16,66.43,1181.8,0,0,True,False,False,False,False,True,False,False,False,True,False,False,False
101126,35.0,68349.29,Gold,10.0,59.0,104.63,6.7,353,0.1667,0.97,65.26,1046.3,0,2,False,True,False,False,False,False,False,True,False,False,True,False,False
101242,26.0,35454.96,Gold,8.0,10.0,151.82,8.1,2443,0.7273,6.69,29.17,1214.56,0,2,False,True,False,False,False,False,False,True,False,True,False,False,False
104038,38.0,39472.39,Bronze,9.0,24.6,41.08,4.8,1531,0.3516,4.19,106.47,369.72,0,0,False,True,False,False,True,False,False,False,False,True,False,False,False
105373,37.0,29993.44,Platinum,9.0,12.0,117.43,6.8,1334,0.6923,3.65,28.35,1056.87,0,3,True,False,False,False,False,False,True,False,False,True,False,False,False
104945,36.0,28661.94,Platinum,6.0,93.0,269.725,6.8,1759,0.0638,4.82,17.7,1618.35,1,3,True,False,False,False,False,False,True,False,True,False,False,False,False
105652,21.0,68479.18,Bronze,13.0,50.0,32.0,8.0,1892,0.2549,5.18,164.22,416.0,0,0,True,False,False,False,True,False,False,False,False,False,True,False,False
103352,43.0,53178.86,Gold,7.0,22.0,76.5,7.7,2309,0.3043,6.33,99.12,535.5,0,2,False,True,False,False,True,False,False,False,False,False,False,True,False
100999,40.0,53178.86,Gold,8.0,5.0,82.68,8.1,2445,1.3333,6.7,80.28,661.44,0,2,False,True,False,False,False,False,False,True,False,False,True,False,False
104462,37.0,43134.8,Bronze,11.0,91.0,153.54,9.4,2085,0.1196,5.71,25.52,1688.94,1,0,True,False,False,False,True,False,False,False,False,False,False,False,True
103825,34.0,51379.13,Platinum,10.0,0.0,122.76,7.2,2343,10.0,6.42,41.82,1227.6,1,3,True,False,False,False,True,False,False,False,False,False,True,False,False
104032,32.0,70953.69,Silver,9.0,14.0,74.2,5.4,1459,0.6,4.0,106.09,667.8,0,1,True,False,False,False,False,False,True,False,False,True,False,False,False
102685,20.0,110491.95000000001,Gold,9.0,46.0,78.33,6.8,2335,0.1915,6.4,156.51,704.97,0,2,True,False,False,False,False,True,False,False,False,False,False,True,False
105195,55.0,44426.0,Platinum,12.0,119.0,150.51,5.5,484,0.1,1.33,24.58,1806.12,1,3,False,True,False,False,False,False,False,True,False,True,False,False,False
101578,50.0,53632.42,Bronze,5.0,4.0,92.42,5.5,692,1.0,1.9,115.81,462.1,0,0,False,True,False,False,False,False,False,True,False,False,False,False,True
103907,19.0,52771.88,Bronze,6.0,21.0,62.13,5.5,157,0.2727,0.43,141.18,372.78,0,0,True,False,False,False,False,False,True,False,False,False,True,False,False
103730,41.0,110491.95000000001,Silver,17.0,68.0,205.19,5.9,1037,0.2464,2.84,31.67,3488.23,1,1,True,False,False,False,True,False,False,False,False,False,True,False,False
103669,18.0,72689.46,Silver,5.0,30.0,22.56,8.8,1146,0.1613,3.14,638.75,112.8,0,1,True,False,False,False,False,False,False,True,False,True,False,False,False
105743,45.0,57802.9,Bronze,8.0,46.0,41.24,7.1,534,0.1702,1.46,174.67,329.92,0,0,False,False,True,False,False,False,True,False,False,True,False,False,False
101827,48.0,73344.49,Gold,6.0,39.0,120.72,8.2,1715,0.15,4.7,101.12,724.32,0,2,True,False,False,False,False,True,False,False,True,False,False,False,False
101344,32.0,55468.18,Bronze,5.0,43.4,53.0,6.8,1645,0.1126,4.51,208.53,265.0,0,0,True,False,False,False,False,False,True,False,False,False,False,False,True
105984,46.0,53178.86,Platinum,4.0,2.0,150.4,8.7,927,1.3333,2.54,88.25,601.6,0,3,True,False,False,False,True,False,False,False,False,False,True,False,False
105147,57.0,29130.36,Platinum,6.0,49.0,180.02,7.6,654,0.12,1.79,26.94,1080.12,0,3,True,False,False,False,True,False,False,False,False,False,True,False,False
104952,28.0,53178.86,Silver,8.0,28.6,81.74,7.1,83,0.2703,0.23,81.2,653.92,0,1,True,False,False,False,True,False,False,False,False,True,False,False,False
105941,18.0,75957.58,Gold,5.0,16.0,249.62,9.2,1587,0.2941,4.35,60.81,1248.1,1,2,True,False,False,False,False,False,True,False,False,False,False,True,False
101101,52.0,94619.8,Bronze,9.0,1.0,122.49,7.0,221,4.5,0.61,85.75,1102.41,0,0,False,True,False,True,False,False,False,False,False,True,False,False,False
102638,35.0,72960.34,Platinum,8.0,57.4,194.13,5.6,1625,0.137,4.45,46.95,1553.04,1,3,True,False,False,False,False,False,True,False,False,False,False,True,False
104218,44.0,23700.6,Silver,5.0,109.0,74.91,8.4,2300,0.0455,6.3,63.11,374.55,0,1,False,True,False,True,False,False,False,False,False,True,False,False,False
100650,33.0,25656.54,Gold,6.0,25.0,104.31,6.2,1267,0.2308,3.47,40.93,625.86,0,2,True,False,False,False,False,True,False,False,False,True,False,False,False
101547,18.0,61974.71,Bronze,6.0,63.0,100.16,6.8,1372,0.0938,3.76,102.95,600.96,0,0,False,True,False,False,False,False,False,True,False,False,False,True,False
103232,56.0,57200.6,Gold,8.0,53.0,93.9,9.7,2000,0.1481,5.48,76.04,751.2,0,2,False,True,False,True,False,False,False,False,False,False,False,True,False
104491,59.0,65550.6,Silver,8.0,10.0,79.87,8.1,1794,0.7273,4.92,102.43,638.96,0,1,False,False,True,False,True,False,False,False,False,False,True,False,False
104557,42.0,81918.56,Silver,7.0,45.8,151.48,5.8,1724,0.1496,4.72,77.18,1060.36,0,1,True,False,False,False,True,False,False,False,False,True,False,False,False
104574,43.0,57741.59,Platinum,5.0,44.0,188.37,6.6,745,0.1111,2.04,61.24,941.85,0,3,False,True,False,False,False,False,True,False,False,True,False,False,False
104146,18.0,41427.71,Silver,8.0,40.0,64.56,6.0,539,0.1951,1.48,80.06,516.48,0,1,True,False,False,False,True,False,False,False,False,False,False,True,False
102853,54.0,31720.67,Silver,10.0,37.2,88.87,8.1,1516,0.2618,4.15,35.65,888.7,0,1,False,True,False,False,False,True,False,False,False,False,False,True,False
103504,24.0,110491.95000000001,Silver,11.0,33.4,74.98,6.9,783,0.3198,2.15,133.8,824.78,0,1,True,False,False,False,False,True,False,False,False,False,True,False,False
105385,56.0,29186.97,Bronze,6.0,29.0,53.8,5.1,2450,0.2,6.71,90.14,322.8,0,0,False,True,False,False,True,False,False,False,False,True,False,False,False
104691,51.0,95102.59,Platinum,5.0,6.0,187.27,8.0,1180,0.7143,3.23,101.46,936.35,0,3,False,True,False,False,True,False,False,False,False,False,True,False,False
100631,57.0,63103.58,Bronze,7.0,77.6,104.31,7.4,351,0.0891,0.96,86.3,730.17,0,0,True,False,False,False,False,True,False,False,False,True,False,False,False
100673,29.0,31803.3,Gold,7.0,43.0,83.77,3.6,1621,0.1591,4.44,54.14,586.39,0,2,False,False,True,False,True,False,False,False,False,True,False,False,False
101250,19.0,43235.01,Bronze,14.0,3.0,52.78,6.0,919,3.5,2.52,58.43,738.92,0,0,True,False,False,False,False,False,True,False,False,False,True,False,False
104088,18.0,53178.86,Gold,6.0,30.0,269.725,6.1,2283,0.1935,6.25,32.84,1618.35,1,2,False,True,False,False,False,False,True,False,False,False,False,False,True
100483,39.0,46458.69,Gold,11.0,18.0,127.31,6.3,2456,0.5789,6.73,33.15,1400.41,1,2,True,False,False,False,False,True,False,False,False,False,False,False,True
101585,37.0,53178.86,Gold,11.0,42.6,150.1,5.0,115,0.2523,0.32,32.19,1651.1,1,2,True,False,False,False,True,False,False,False,False,False,True,False,False
104234,55.0,85456.62,Bronze,0.0,49.0,107.63,6.0,610,0.0,1.67,85456.62,0.0,0,0,True,False,False,False,False,True,False,False,False,False,True,False,False
105544,24.0,53178.86,Bronze,7.0,6.0,149.75,9.8,753,1.0,2.06,50.68,1048.25,0,0,False,True,False,True,False,False,False,False,False,False,False,True,False
104205,55.0,110491.95000000001,Gold,8.0,4.0,111.4,6.8,2321,1.6,6.36,123.84,891.2,0,2,True,False,False,False,False,False,True,False,True,False,False,False,False
101463,28.0,86870.24,Silver,5.0,67.0,98.25,8.7,934,0.0735,2.56,176.48,491.25,0,1,False,True,False,False,False,False,False,True,True,False,False,False,False
103041,53.0,69746.78,Gold,7.0,15.0,144.14,7.5,1800,0.4375,4.93,69.06,1008.98,0,2,True,False,False,False,False,True,False,False,False,False,True,False,False
104471,42.0,61846.43,Gold,8.0,40.6,81.47,7.1,169,0.1923,0.46,94.75,651.76,0,2,True,False,False,False,False,False,False,True,False,False,True,False,False
104811,39.0,60352.05,Bronze,10.0,21.0,76.78,5.5,538,0.4545,1.47,78.5,767.8,0,0,True,False,False,False,False,False,False,True,False,False,True,False,False
104611,39.0,48349.19,Silver,8.0,3.0,145.55,7.0,1883,2.0,5.16,41.49,1164.4,0,1,False,True,False,False,False,True,False,False,False,False,True,False,False
105973,36.0,65591.3,Bronze,7.0,62.0,171.3,6.9,1037,0.1111,2.84,54.65,1199.1,0,0,False,True,False,False,False,True,False,False,False,True,False,False,False
103274,33.0,65821.07,Bronze,11.0,9.0,89.1,7.7,1634,1.1,4.48,67.09,980.1,0,0,False,True,False,False,False,True,False,False,False,False,True,False,False
103239,49.0,50299.67,Gold,9.0,11.0,104.31,6.4,1021,0.75,2.8,53.52,938.79,0,2,False,True,False,False,True,False,False,False,False,False,True,False,False
103684,33.0,90675.55,Silver,9.0,60.0,8.3,7.3,1080,0.1475,2.96,1197.83,74.7,0,1,True,False,False,False,False,False,True,False,False,False,False,True,False
105411,47.0,25420.07,Bronze,7.0,64.0,99.02,8.7,191,0.1077,0.52,36.62,693.14,0,0,True,False,False,False,False,True,False,False,False,False,True,False,False
100050,39.0,50451.38,Bronze,7.0,70.0,104.31,7.6,691,0.0986,1.89,69.0,730.17,0,0,False,True,False,True,False,False,False,False,False,False,False,True,False
105126,56.0,64635.96,Bronze,4.0,45.2,14.39,6.4,416,0.0866,1.14,1103.76,57.56,0,0,False,True,False,False,False,True,False,False,False,False,True,False,False
104217,53.0,54672.49,Silver,11.0,8.0,45.78,8.0,323,1.2222,0.88,108.35,503.58,0,1,True,False,False,True,False,False,False,False,False,True,False,False,False
100859,18.0,110491.95000000001,Gold,8.0,41.2,65.87,5.4,1684,0.1896,4.61,209.28,526.96,0,2,True,False,False,False,False,False,True,False,True,False,False,False,False
103226,31.0,38299.7,Bronze,6.0,9.0,26.56,3.8,1761,0.6,4.82,238.84,159.36,0,0,False,True,False,False,False,True,False,False,False,False,False,True,False
100720,26.0,53057.99,Bronze,6.0,37.0,129.32,8.3,1337,0.1579,3.66,68.29,775.92,0,0,False,True,False,False,False,False,True,False,False,False,False,False,True
102200,28.0,55443.73,Bronze,8.0,85.0,16.28,4.6,1296,0.093,3.55,422.46,130.24,0,0,False,True,False,False,False,False,True,False,False,False,False,True,False
102632,26.0,53178.86,Bronze,5.0,13.0,94.4,7.4,1311,0.3571,3.59,112.43,472.0,0,0,False,True,False,False,False,False,False,True,False,True,False,False,False
105849,45.0,61223.67,Silver,5.0,1.0,125.3,7.7,717,2.5,1.96,97.57,626.5,0,1,False,True,False,True,False,False,False,False,False,False,True,False,False
101661,67.0,37982.31,Silver,9.0,32.6,65.61,7.8,2459,0.2679,6.74,64.21,590.49,0,1,False,True,False,True,False,False,False,False,True,False,False,False,False
101657,43.0,32905.06,Gold,8.0,140.0,75.2,8.7,1525,0.0567,4.18,54.61,601.6,0,2,True,False,False,False,False,False,False,True,False,True,False,False,False
102426,52.0,68804.78,Bronze,8.0,75.0,115.65,8.4,490,0.1053,1.34,74.29,925.2,0,0,False,True,False,False,False,True,False,False,False,False,False,True,False
105527,43.0,53178.86,Silver,7.0,4.0,99.66,9.7,1409,1.4,3.86,76.12,697.62,0,1,True,False,False,True,False,False,False,False,False,False,False,False,True
105055,38.0,97151.89,Bronze,5.0,18.0,115.13,7.8,696,0.2632,1.91,168.48,575.65,0,0,False,False,True,True,False,False,False,False,False,False,False,False,True
105966,53.0,63028.02,Silver,2.0,251.0,90.78,7.2,2349,0.0079,6.44,345.25,181.56,0,1,True,False,False,False,True,False,False,False,True,False,False,False,False
104405,37.0,45112.33,Silver,4.0,2.0,33.19,10.0,328,1.3333,0.9,337.26,132.76,0,1,False,True,False,False,True,False,False,False,False,False,True,False,False
103098,30.0,53178.86,Gold,10.0,23.0,104.98,6.9,667,0.4167,1.83,50.61,1049.8,0,2,True,False,False,False,False,False,True,False,False,False,True,False,False
103977,42.0,51104.29,Gold,14.0,31.0,104.31,5.8,1591,0.4375,4.36,34.97,1460.34,1,2,True,False,False,False,False,True,False,False,False,False,False,True,False
105367,31.0,32332.57,Silver,8.0,1.0,121.82,8.5,859,4.0,2.35,33.14,974.56,0,1,True,False,False,False,True,False,False,False,True,False,False,False,False
105878,30.0,28577.64,Platinum,6.0,62.0,242.61,6.2,1967,0.0952,5.39,19.62,1455.66,1,3,True,False,False,True,False,False,False,False,False,False,True,False,False
105698,33.0,54086.76,Silver,5.0,32.0,73.77,6.6,1247,0.1515,3.42,146.24,368.85,0,1,True,False,False,False,False,False,False,True,False,False,False,False,True
103190,22.0,53178.86,Silver,7.0,19.0,64.04,6.4,344,0.35,0.94,118.36,448.28,0,1,True,False,False,True,False,False,False,False,False,False,False,True,False
103990,27.0,100497.65,Gold,8.0,62.0,69.08,8.5,806,0.127,2.21,181.52,552.64,0,2,True,False,False,False,False,False,False,True,False,False,False,False,True
102935,29.0,110491.95000000001,Bronze,10.0,31.0,43.7,4.2,2071,0.3125,5.67,252.26,437.0,0,0,False,True,False,False,False,False,False,True,False,False,False,True,False
104941,42.0,22582.58,Silver,7.0,10.0,44.72,6.3,323,0.6364,0.88,71.91,313.04,0,1,True,False,False,True,False,False,False,False,False,False,True,False,False
102607,26.0,110491.95000000001,Silver,8.0,48.0,49.54,7.6,2406,0.1633,6.59,278.09,396.32,0,1,True,False,False,True,False,False,False,False,False,True,False,False,False
101386,39.0,50375.91,Silver,7.0,1.0,90.72,6.9,639,3.5,1.75,79.2,635.04,0,1,False,True,False,False,False,False,True,False,False,False,False,False,True
105572,34.0,66337.2,Bronze,10.0,77.0,82.14,8.2,488,0.1282,1.34,80.66,821.4,0,0,True,False,False,False,False,False,True,False,False,False,False,False,True
101400,21.0,54610.85,Gold,4.0,14.0,54.09,8.9,302,0.2667,0.83,251.25,216.36,0,2,False,True,False,False,False,False,False,True,False,False,True,False,False
101196,62.0,95314.14,Silver,7.0,23.0,43.84,9.1,2430,0.2917,6.66,309.58,306.88,0,1,False,True,False,True,False,False,False,False,False,True,False,False,False
101409,38.0,15584.11,Gold,6.0,39.0,153.96,6.9,1120,0.15,3.07,16.85,923.76,0,2,False,True,False,False,False,True,False,False,False,False,False,False,True
101846,18.0,84775.67,Bronze,5.0,53.0,142.6,7.5,1638,0.0926,4.49,118.73,713.0,0,0,False,True,False,False,False,False,True,False,False,False,True,False,False
101799,31.0,103687.69,Silver,5.0,6.0,95.23,4.9,967,0.7143,2.65,217.31,476.15,0,1,False,True,False,False,False,False,True,False,False,False,False,False,True
103958,50.0,110491.95000000001,Platinum,11.0,22.6,269.725,10.0,1571,0.4661,4.3,37.23,2966.98,1,3,False,True,False,False,False,False,True,False,False,True,False,False,False
101476,36.0,72112.29,Platinum,9.0,31.0,269.725,6.9,2102,0.2812,5.76,29.69,2427.52,1,3,True,False,False,False,False,True,False,False,False,False,False,True,False
105219,49.0,35736.58,Silver,7.0,44.8,90.46,7.0,1087,0.1528,2.98,56.35,633.22,0,1,False,True,False,False,False,False,True,False,False,False,False,True,False
100036,52.0,53178.86,Silver,13.0,103.0,127.09,8.8,303,0.125,0.83,32.17,1652.17,1,1,False,True,False,False,True,False,False,False,False,False,False,False,True
104865,28.0,110491.95000000001,Bronze,9.0,68.0,42.15,7.9,190,0.1304,0.52,290.5,379.35,0,0,True,False,False,False,False,True,False,False,False,True,False,False,False
102346,26.0,82891.38,Gold,8.0,224.0,199.23,3.9,1967,0.0356,5.39,51.97,1593.84,1,2,False,True,False,True,False,False,False,False,False,False,False,True,False
100445,34.0,54992.99,Bronze,13.0,9.0,133.35,6.2,1409,1.3,3.86,31.7,1733.55,1,0,False,True,False,False,False,False,False,True,False,True,False,False,False
105357,18.0,74508.51,Bronze,11.0,56.0,49.55,9.8,1108,0.193,3.04,136.45,545.05,0,0,True,False,False,False,False,True,False,False,False,False,False,True,False
103313,36.0,34229.8,Gold,11.0,37.0,112.29,8.4,1345,0.2895,3.68,27.69,1235.19,1,2,True,False,False,True,False,False,False,False,False,False,False,False,True
102360,57.0,56484.8,Bronze,10.0,14.0,16.69,9.9,512,0.6667,1.4,336.42,166.9,0,0,True,False,False,False,False,False,False,True,False,False,True,False,False
103007,18.0,67357.77,Bronze,6.0,22.0,158.37,7.9,343,0.2609,0.94,70.81,950.22,0,0,True,False,False,False,False,True,False,False,False,False,True,False,False
103655,45.0,110491.95000000001,Silver,3.0,46.0,93.91,9.7,1887,0.0638,5.17,390.8,281.73,0,1,True,False,False,False,False,True,False,False,False,True,False,False,False
102207,33.0,32675.15,Silver,4.0,99.4,104.31,5.2,2381,0.0398,6.52,78.13,417.24,0,1,True,False,False,False,False,False,False,True,False,False,True,False,False
104328,44.0,46116.64,Silver,8.0,48.0,152.73,8.4,1709,0.1633,4.68,37.71,1221.84,0,1,False,True,False,False,False,False,False,True,False,True,False,False,False
105133,38.0,44885.82,Platinum,10.0,11.0,269.725,3.8,98,0.8333,0.27,16.64,2697.25,1,3,False,True,False,False,True,False,False,False,False,True,False,False,False
103658,61.0,53178.86,Silver,8.0,22.0,104.31,7.7,1590,0.3478,4.36,63.65,834.48,0,1,False,True,False,False,False,False,False,True,False,False,True,False,False
103180,43.0,85249.92,Gold,9.0,95.8,89.96,10.0,157,0.093,0.43,105.16,809.64,0,2,False,True,False,False,False,False,True,False,False,False,True,False,False
103423,51.0,48917.23,Gold,11.0,86.8,190.95,8.1,364,0.1253,1.0,23.28,2100.45,1,2,True,False,False,False,False,True,False,False,False,True,False,False,False
101287,22.0,45323.93,Gold,14.0,18.8,165.92,9.3,1260,0.7071,3.45,19.5,2322.88,1,2,False,True,False,True,False,False,False,False,False,False,False,True,False
104446,25.0,76464.65,Bronze,6.0,52.0,202.15,8.7,2335,0.1132,6.4,62.99,1212.9,0,0,False,True,False,False,False,True,False,False,False,False,True,False,False
100350,56.0,54394.56,Bronze,5.0,70.0,79.9,4.7,1810,0.0704,4.96,135.82,399.5,0,0,False,True,False,True,False,False,False,False,False,True,False,False,False
103417,39.0,49596.92,Gold,6.0,2.0,138.31,9.0,1460,2.0,4.0,59.69,829.86,0,2,False,False,True,False,False,True,False,False,False,True,False,False,False
102138,48.0,73442.27,Bronze,3.0,13.0,81.15,5.4,1660,0.2143,4.55,300.44,243.45,0,0,True,False,False,False,False,False,True,False,False,True,False,False,False
102692,26.0,47377.89,Gold,12.0,76.0,117.87,7.5,286,0.1558,0.78,33.47,1414.44,1,2,True,False,False,False,False,False,True,False,False,False,True,False,False
102637,34.0,59725.08,Silver,11.0,40.0,125.85,7.9,75,0.2683,0.21,43.11,1384.35,1,1,True,False,False,False,False,False,False,True,False,False,False,True,False
104017,56.0,53178.86,Bronze,12.0,17.6,102.57,5.8,438,0.6452,1.2,43.17,1230.84,1,0,False,True,False,False,True,False,False,False,False,False,True,False,False
101682,26.0,68837.55,Silver,4.0,60.0,52.25,4.8,171,0.0656,0.47,327.8,209.0,0,1,False,True,False,False,False,True,False,False,False,True,False,False,False
105433,25.0,53178.86,Bronze,11.0,24.0,32.56,9.1,1332,0.44,3.65,148.06,358.16,0,0,True,False,False,False,False,True,False,False,False,True,False,False,False
104425,26.0,32822.29,Platinum,4.0,26.0,138.27,8.0,1330,0.1481,3.64,59.24,553.08,0,3,True,False,False,False,False,True,False,False,False,False,False,False,True
104777,28.0,43448.24,Platinum,7.0,25.0,152.73,8.1,473,0.2692,1.3,40.6,1069.11,0,3,True,False,False,False,False,True,False,False,True,False,False,False,False
103636,23.0,54098.55,Bronze,7.0,11.0,30.48,9.2,1439,0.5833,3.94,252.37,213.36,0,0,True,False,False,False,False,False,True,False,False,False,False,True,False
100373,48.0,53178.86,Platinum,7.0,10.0,175.14,9.0,95,0.6364,0.26,43.34,1225.98,1,3,True,False,False,True,False,False,False,False,False,False,False,True,False
104605,37.0,51824.29,Gold,9.0,69.0,69.64,5.8,1793,0.1286,4.91,82.55,626.76,0,2,False,True,False,False,True,False,False,False,False,False,False,False,True
100141,43.0,110491.95000000001,Bronze,8.0,12.0,62.51,10.0,453,0.6154,1.24,220.51,500.08,0,0,True,False,False,False,False,False,True,False,False,True,False,False,False
105591,39.0,92745.24,Gold,12.0,108.0,128.07,6.8,1957,0.1101,5.36,60.31,1536.84,1,2,True,False,False,False,False,True,False,False,False,False,True,False,False
100715,35.0,110491.95000000001,Gold,5.0,62.0,121.44,8.4,1236,0.0794,3.39,181.67,607.2,0,2,True,False,False,False,False,False,True,False,False,True,False,False,False
103189,34.0,48008.82,Gold,8.0,46.0,169.32,7.6,2263,0.1702,6.2,35.42,1354.56,1,2,False,True,False,False,False,False,True,False,False,False,False,True,False
104190,63.0,53954.47,Platinum,3.0,61.0,119.84,7.2,757,0.0484,2.07,149.66,359.52,0,3,True,False,False,False,False,False,True,False,False,False,True,False,False
100407,37.0,44545.6,Silver,8.0,72.0,35.24,8.5,102,0.1096,0.28,157.45,281.92,0,1,True,False,False,False,True,False,False,False,True,False,False,False,False
100021,36.0,51889.64,Bronze,6.0,1.0,143.24,10.0,273,3.0,0.75,60.31,859.44,0,0,False,True,False,False,False,False,False,True,False,False,False,False,True
101005,38.0,38466.18,Bronze,10.0,11.0,79.95,8.7,1106,0.8333,3.03,48.05,799.5,0,0,False,True,False,False,True,False,False,False,False,False,False,False,True
102412,57.0,73910.55,Bronze,8.0,13.0,104.31,9.9,1959,0.5714,5.37,88.46,834.48,0,0,True,False,False,False,True,False,False,False,False,True,False,False,False
102546,32.0,38296.36,Bronze,10.0,5.0,104.31,6.0,2459,1.6667,6.74,36.68,1043.1,0,0,True,False,False,False,False,True,False,False,False,False,True,False,False
102391,18.0,46073.64,Bronze,11.0,4.0,94.5,5.1,2171,2.2,5.95,44.28,1039.5,0,0,False,True,False,False,True,False,False,False,False,True,False,False,False
104819,45.0,87175.12,Platinum,5.0,50.6,113.86,7.1,2046,0.0969,5.61,152.86,569.3,0,3,True,False,False,False,False,False,True,False,False,False,True,False,False
100043,30.0,29584.99,Bronze,4.0,45.2,104.31,5.4,1030,0.0866,2.82,70.74,417.24,0,0,True,False,False,False,False,True,False,False,False,False,True,False,False
102831,27.0,25506.07,Bronze,8.0,32.0,40.96,9.1,900,0.2424,2.47,77.6,327.68,0,0,True,False,False,False,False,False,False,True,False,False,False,False,True
103372,20.0,49748.42,Silver,8.0,142.0,64.86,5.9,2355,0.0559,6.45,95.69,518.88,0,1,True,False,False,False,False,True,False,False,False,True,False,False,False
103023,43.0,110491.95000000001,Bronze,13.0,106.0,80.15,7.5,2352,0.1215,6.44,105.94,1041.95,0,0,False,True,False,False,True,False,False,False,False,True,False,False,False
103365,44.0,21356.16,Silver,12.0,54.0,131.28,5.5,2407,0.2182,6.59,13.55,1575.36,1,1,True,False,False,False,False,False,False,True,True,False,False,False,False
100012,47.0,74388.7,Gold,8.0,100.0,211.06,6.3,2334,0.0792,6.39,44.03,1688.48,1,2,True,False,False,False,False,True,False,False,False,False,False,True,False
101178,40.0,51617.96,Silver,7.0,22.0,217.83,6.8,100,0.3043,0.27,33.83,1524.81,1,1,True,False,False,False,True,False,False,False,False,False,True,False,False
101948,27.0,55214.35,Gold,7.0,59.8,149.07,7.9,394,0.1151,1.08,52.86,1043.49,0,2,False,True,False,True,False,False,False,False,False,True,False,False,False
102502,41.0,59538.21,Silver,7.0,64.4,182.75,6.5,1877,0.107,5.14,46.51,1279.25,1,1,False,True,False,False,False,False,True,False,False,False,False,True,False
102864,70.0,32351.04,Gold,7.0,69.0,63.48,5.2,749,0.1,2.05,72.64,444.36,0,2,True,False,False,False,False,True,False,False,False,False,False,True,False
103866,25.0,57114.57,Platinum,9.0,14.6,104.31,7.9,1854,0.5769,5.08,60.77,938.79,0,3,True,False,False,False,True,False,False,False,False,True,False,False,False
101027,18.0,96848.3,Gold,6.0,35.4,116.98,7.8,245,0.1648,0.67,137.79,701.88,0,2,False,True,False,False,True,False,False,False,False,False,False,False,True
103849,48.0,34183.9,Platinum,8.0,16.4,155.15,6.2,939,0.4598,2.57,27.52,1241.2,1,3,True,False,False,False,True,False,False,False,False,False,False,False,True
102990,55.0,33067.98,Gold,5.0,17.0,117.32,8.4,1717,0.2778,4.7,56.28,586.6,0,2,True,False,False,False,False,False,True,False,True,False,False,False,False
102890,34.0,41767.47,Gold,8.0,66.8,104.31,6.8,1851,0.118,5.07,49.99,834.48,0,2,True,False,False,False,False,False,True,False,False,True,False,False,False
103016,31.0,49522.67,Bronze,3.0,76.0,228.64,8.9,1679,0.039,4.6,72.09,685.92,0,0,True,False,False,False,True,False,False,False,False,True,False,False,False
103339,25.0,53178.86,Gold,10.0,41.0,146.09,6.3,272,0.2381,0.75,36.38,1460.9,1,2,False,True,False,False,False,True,False,False,False,False,False,False,True
104231,52.0,53178.86,Gold,10.0,16.0,264.98,7.4,2287,0.5882,6.27,20.06,2649.8,1,2,True,False,False,False,False,False,True,False,False,False,False,False,True
100736,40.0,73442.78,Bronze,10.0,6.0,98.39,6.6,1827,1.4286,5.01,74.57,983.9,0,0,False,True,False,True,False,False,False,False,False,False,False,True,False
102876,18.0,34030.23,Bronze,5.0,32.8,104.31,4.6,1545,0.1479,4.23,65.12,521.55,0,0,True,False,False,True,False,False,False,False,False,True,False,False,False
103987,25.0,77472.76,Bronze,9.0,34.0,82.37,8.0,1142,0.2571,3.13,104.36,741.33,0,0,False,True,False,False,False,False,True,False,False,False,False,True,False
100917,55.0,48698.14,Gold,5.0,19.0,188.56,8.3,886,0.25,2.43,51.6,942.8,0,2,False,False,True,False,False,False,False,True,False,False,True,False,False
105003,30.0,61197.79,Silver,7.0,27.0,54.74,7.1,69,0.25,0.19,159.29,383.18,0,1,True,False,False,False,False,False,False,True,False,False,False,False,True
104090,47.0,53178.86,Platinum,9.0,14.0,205.58,7.6,246,0.6,0.67,28.73,1850.22,1,3,False,True,False,False,False,True,False,False,False,False,False,True,False
105542,42.0,85328.88,Silver,10.0,15.0,35.64,9.6,186,0.625,0.51,238.75,356.4,0,1,True,False,False,True,False,False,False,False,False,False,True,False,False
104686,29.0,73899.35,Silver,7.0,61.0,166.85,6.9,163,0.1129,0.45,63.22,1167.95,0,1,False,False,True,False,False,False,True,False,False,False,False,False,True
102773,35.0,49445.4,Gold,10.0,39.0,92.98,8.2,1329,0.25,3.64,53.12,929.8,0,2,True,False,False,False,False,True,False,False,False,True,False,False,False
101625,40.0,37259.08,Bronze,11.0,1.0,102.04,8.2,1640,5.5,4.49,33.17,1122.44,0,0,True,False,False,False,False,False,False,True,False,False,False,False,True
105670,44.0,47154.09,Bronze,14.0,77.0,32.72,5.2,409,0.1795,1.12,102.71,458.08,0,0,True,False,False,False,False,False,True,False,False,False,True,False,False
100822,55.0,34458.18,Gold,10.0,55.8,230.47,6.2,1627,0.1761,4.46,14.94,2304.7,1,2,False,True,False,False,True,False,False,False,False,False,False,False,True
101368,54.0,53178.86,Bronze,6.0,44.0,22.88,5.4,100,0.1333,0.27,384.57,137.28,0,0,True,False,False,True,False,False,False,False,False,False,False,False,True
103713,36.0,31075.54,Bronze,9.0,16.8,142.71,9.1,2033,0.5056,5.57,24.18,1284.39,1,0,False,True,False,False,False,False,True,False,False,False,False,True,False
105999,40.0,35594.98,Silver,10.0,10.0,104.31,7.2,1254,0.9091,3.44,34.09,1043.1,0,1,False,True,False,False,False,True,False,False,False,False,False,True,False
100851,34.0,94241.54,Bronze,10.0,98.0,122.79,6.6,2044,0.101,5.6,76.69,1227.9,1,0,False,True,False,False,True,False,False,False,False,True,False,False,False
101001,37.0,53178.86,Silver,10.0,11.0,60.99,5.7,847,0.8333,2.32,87.05,609.9,0,1,False,True,False,False,False,True,False,False,False,True,False,False,False
104653,43.0,45769.14,Bronze,9.0,89.0,32.16,7.7,84,0.1,0.23,157.59,289.44,0,0,True,False,False,True,False,False,False,False,False,True,False,False,False
104115,28.0,36627.64,Gold,10.0,95.0,176.9,7.5,1770,0.1042,4.85,20.69,1769.0,1,2,False,True,False,False,False,False,True,False,False,True,False,False,False
101638,50.0,72984.04,Silver,11.0,109.0,98.28,8.3,1587,0.1,4.35,67.45,1081.08,0,1,False,True,False,False,False,False,True,False,False,False,False,False,True
101668,38.0,39635.04,Gold,8.0,6.0,174.41,7.0,600,1.1429,1.64,28.39,1395.28,1,2,False,True,False,False,False,False,False,True,False,False,True,False,False
103174,38.0,43112.92,Silver,5.0,124.0,153.95,5.3,2179,0.04,5.97,55.94,769.75,0,1,True,False,False,False,False,False,True,False,True,False,False,False,False
104561,46.0,53178.86,Silver,8.0,34.0,66.97,5.9,128,0.2286,0.35,99.07,535.76,0,1,True,False,False,False,True,False,False,False,False,True,False,False,False
101348,29.0,46300.48,Bronze,13.0,26.0,120.13,9.2,1947,0.4815,5.33,29.63,1561.69,1,0,False,True,False,False,False,True,False,False,False,False,True,False,False
105721,40.0,53178.86,Bronze,4.0,47.0,129.61,7.0,2163,0.0833,5.93,102.38,518.44,0,0,False,True,False,False,True,False,False,False,False,False,False,False,True
103231,33.0,65815.7,Silver,9.0,27.6,142.88,6.7,2053,0.3147,5.62,51.14,1285.92,1,1,False,True,False,True,False,False,False,False,False,False,False,False,True
104211,38.0,31173.45,Silver,6.0,8.0,55.36,4.8,841,0.6667,2.3,93.57,332.16,0,1,False,True,False,True,False,False,False,False,False,False,True,False,False
104607,25.0,53178.86,Platinum,7.0,15.0,269.725,6.6,110,0.4375,0.3,28.15,1888.08,1,3,False,True,False,False,False,False,True,False,False,False,False,True,False
103233,25.0,110491.95000000001,Silver,12.0,12.0,269.725,5.8,1490,0.9231,4.08,34.13,3236.7,1,1,False,True,False,False,False,True,False,False,False,False,True,False,False
104902,39.0,80791.17,Bronze,5.0,50.0,144.75,8.1,69,0.098,0.19,111.47,723.75,0,0,True,False,False,False,True,False,False,False,False,False,True,False,False
100704,37.0,110491.95000000001,Gold,13.0,61.0,108.64,4.8,2307,0.2097,6.32,78.18,1412.32,1,2,False,True,False,False,False,False,False,True,True,False,False,False,False
104782,53.0,67862.84,Bronze,8.0,21.0,104.31,4.6,1481,0.3636,4.06,81.23,834.48,0,0,True,False,False,True,False,False,False,False,False,True,False,False,False
103674,18.0,53178.86,Bronze,5.0,26.2,79.03,8.8,2350,0.1838,6.44,134.24,395.15,0,0,False,True,False,True,False,False,False,False,False,False,True,False,False
102409,18.0,85302.33,Bronze,6.0,19.0,78.8,8.2,1472,0.3,4.03,180.04,472.8,0,0,False,True,False,False,False,False,False,True,False,True,False,False,False
101328,19.0,44188.02,Silver,9.0,51.0,121.54,6.2,2364,0.1731,6.48,40.36,1093.86,0,1,False,True,False,True,False,False,False,False,False,False,True,False,False
105587,31.0,24797.82,Bronze,5.0,112.0,145.35,7.4,1513,0.0442,4.15,34.07,726.75,0,0,False,True,False,False,False,False,True,False,False,True,False,False,False
105697,41.0,73201.04,Silver,9.0,14.0,81.83,7.3,2384,0.6,6.53,99.26,736.47,0,1,False,True,False,False,False,True,False,False,False,True,False,False,False
105009,28.0,37082.49,Gold,8.0,58.6,90.36,7.5,1655,0.1342,4.53,51.23,722.88,0,2,True,False,False,True,False,False,False,False,False,False,False,True,False
100987,21.0,32841.58,Bronze,10.0,50.2,104.31,7.0,2300,0.1953,6.3,31.45,1043.1,0,0,True,False,False,False,False,False,True,False,False,False,True,False,False
105441,38.0,66994.08,Bronze,12.0,31.0,49.0,10.0,371,0.375,1.02,113.74,588.0,0,0,False,True,False,False,False,False,True,False,True,False,False,False,False
105157,30.0,31526.31,Silver,4.0,8.0,218.55,7.2,361,0.4444,0.99,36.02,874.2,0,1,True,False,False,False,False,False,True,False,False,True,False,False,False
105308,34.0,42130.24,Silver,13.0,65.0,234.37,8.7,1430,0.197,3.92,13.82,3046.81,1,1,False,True,False,False,False,False,True,False,False,False,True,False,False
104050,39.0,68463.12,Gold,12.0,18.0,108.77,6.0,510,0.6316,1.4,52.41,1305.24,1,2,True,False,False,False,False,True,False,False,False,True,False,False,False
103486,51.0,68770.26,Silver,13.0,63.6,35.1,7.6,2367,0.2012,6.48,150.38,456.3,0,1,True,False,False,False,False,False,True,False,False,False,True,False,False
102475,27.0,59415.78,Silver,6.0,13.0,67.88,5.8,1048,0.4286,2.87,145.53,407.28,0,1,True,False,False,True,False,False,False,False,False,True,False,False,False
103874,23.0,43495.67,Bronze,8.0,2.0,93.7,7.5,1745,2.6667,4.78,57.95,749.6,0,0,False,True,False,False,True,False,False,False,False,False,False,True,False
101199,56.0,34357.89,Bronze,11.0,39.2,72.24,6.9,1671,0.2736,4.58,43.18,794.64,0,0,False,True,False,True,False,False,False,False,True,False,False,False,False
104182,39.0,51737.5,Gold,10.0,9.0,91.68,8.5,202,1.0,0.55,56.37,916.8,0,2,False,True,False,False,False,False,True,False,False,True,False,False,False
101519,34.0,65872.52,Bronze,16.0,41.6,128.18,7.5,89,0.3756,0.24,32.1,2050.88,1,0,True,False,False,False,False,True,False,False,False,False,False,False,True
101800,33.0,110491.95000000001,Gold,11.0,50.0,60.64,4.9,2417,0.2157,6.62,165.4,667.04,0,2,True,False,False,False,False,True,False,False,False,False,False,True,False
101015,25.0,58008.61,Bronze,18.0,47.0,139.0,6.5,836,0.375,2.29,23.18,2502.0,1,0,True,False,False,True,False,False,False,False,False,False,True,False,False
100129,30.0,96635.25,Silver,8.0,36.8,14.65,9.8,518,0.2116,1.42,817.56,117.2,0,1,True,False,False,False,False,False,True,False,False,False,True,False,False
101365,33.0,53187.98,Bronze,10.0,7.0,73.38,3.7,2036,1.25,5.58,72.38,733.8,0,0,True,False,False,False,True,False,False,False,False,True,False,False,False
105508,23.0,77249.97,Bronze,9.0,99.0,64.91,8.5,340,0.09,0.93,132.01,584.19,0,0,True,False,False,False,True,False,False,False,False,False,False,True,False
100892,31.0,45774.53,Bronze,4.0,36.0,116.22,6.7,381,0.1081,1.04,98.25,464.88,0,0,False,False,True,False,False,False,True,False,False,False,True,False,False
102794,32.0,53178.86,Silver,7.0,87.0,142.83,6.4,907,0.0795,2.48,53.14,999.81,0,1,False,True,False,False,True,False,False,False,False,False,False,True,False
105034,37.0,110491.95000000001,Bronze,7.0,1.0,209.68,6.1,1578,3.5,4.32,75.23,1467.76,1,0,True,False,False,False,False,True,False,False,False,True,False,False,False
105716,35.0,42477.02,Gold,11.0,59.0,54.69,6.8,2424,0.1833,6.64,70.49,601.59,0,2,False,True,False,False,False,True,False,False,False,False,False,True,False
105142,18.0,50483.55,Bronze,5.0,47.0,34.49,6.3,1640,0.1042,4.49,291.06,172.45,0,0,False,True,False,False,True,False,False,False,False,False,True,False,False
103250,40.0,110491.95000000001,Bronze,5.0,19.0,68.3,10.0,777,0.25,2.13,322.6,341.5,0,0,False,True,False,False,False,True,False,False,False,True,False,False,False
101209,65.0,39656.62,Gold,3.0,52.0,125.69,9.2,86,0.0566,0.24,104.89,377.07,0,2,False,False,True,False,True,False,False,False,False,False,True,False,False
103869,42.0,65183.41,Bronze,5.0,15.0,104.31,6.4,1758,0.3125,4.82,124.74,521.55,0,0,False,True,False,False,False,False,False,True,False,False,True,False,False
104066,43.0,53178.86,Bronze,8.0,25.4,76.25,3.9,1829,0.303,5.01,87.04,610.0,0,0,False,True,False,False,False,False,False,True,False,False,False,True,False
105130,39.0,38447.9,Silver,12.0,40.0,170.93,8.0,2297,0.2927,6.29,18.74,2051.16,1,1,True,False,False,False,False,False,False,True,False,False,False,False,True
102290,19.0,66904.05,Bronze,10.0,27.0,269.725,7.3,1818,0.3571,4.98,24.8,2697.25,1,0,True,False,False,False,False,False,True,False,False,False,False,True,False
102741,28.0,65807.07,Silver,3.0,46.0,38.31,7.7,252,0.0638,0.69,567.64,114.93,0,1,True,False,False,False,True,False,False,False,False,True,False,False,False
100276,43.0,51348.64,Bronze,9.0,80.0,74.11,7.7,392,0.1111,1.07,76.87,666.99,0,0,True,False,False,False,False,True,False,False,False,False,False,True,False
101036,38.0,31386.53,Bronze,7.0,34.4,150.47,7.9,1724,0.1977,4.72,29.77,1053.29,0,0,True,False,False,False,False,False,True,False,False,False,True,False,False
101230,45.0,81895.94,Gold,6.0,44.0,95.23,6.0,2259,0.1333,6.19,143.08,571.38,0,2,True,False,False,False,False,False,True,False,False,False,True,False,False
101009,47.0,46618.37,Bronze,10.0,3.0,6.87,5.3,1030,2.5,2.82,668.84,68.7,0,0,False,True,False,False,True,False,False,False,False,False,False,False,True
103829,41.0,28547.38,Gold,5.0,73.0,85.37,8.4,1924,0.0676,5.27,66.72,426.85,0,2,False,True,False,False,False,False,False,True,False,False,False,False,True
102533,41.0,61714.2,Bronze,3.0,93.0,269.725,9.7,611,0.0319,1.67,76.17,809.18,0,0,False,True,False,False,True,False,False,False,False,True,False,False,False
101059,39.0,106191.02,Gold,3.0,11.0,124.53,7.9,2431,0.25,6.66,283.49,373.59,0,2,False,True,False,False,False,False,False,True,False,False,False,False,True
105518,55.0,70203.98,Platinum,14.0,47.0,269.725,5.8,901,0.2917,2.47,18.59,3776.15,1,3,True,False,False,False,False,False,True,False,True,False,False,False,False
100282,18.0,110491.95000000001,Silver,2.0,74.0,23.14,8.8,43,0.0267,0.12,2336.97,46.28,0,1,False,False,True,True,False,False,False,False,False,False,False,False,True
101044,39.0,110491.95000000001,Platinum,10.0,27.0,268.62,9.0,2423,0.3571,6.64,41.12,2686.2,1,3,False,True,False,False,False,False,True,False,False,True,False,False,False
101317,36.0,31355.22,Gold,12.0,34.4,183.9,5.6,2383,0.339,6.53,14.2,2206.8,1,2,False,True,False,False,False,True,False,False,False,True,False,False,False
100969,49.0,110491.95000000001,Gold,12.0,41.0,150.27,4.8,1941,0.2857,5.32,61.24,1803.24,1,2,True,False,False,True,False,False,False,False,True,False,False,False,False
102382,47.0,53178.86,Gold,6.0,24.6,75.18,6.4,171,0.2344,0.47,117.63,451.08,0,2,True,False,False,False,False,True,False,False,False,False,False,False,True
104788,38.0,110491.95000000001,Bronze,6.0,56.4,148.16,8.3,522,0.1045,1.43,124.15,888.96,0,0,False,True,False,False,False,True,False,False,False,True,False,False,False
101940,28.0,76559.05,Gold,12.0,11.0,93.37,6.1,902,1.0,2.47,68.27,1120.44,0,2,False,True,False,False,True,False,False,False,False,False,True,False,False
105202,32.0,44660.83,Bronze,8.0,28.0,104.31,6.9,1380,0.2759,3.78,53.46,834.48,0,0,False,True,False,False,False,False,False,True,False,False,False,False,True
101275,31.0,34284.83,Gold,7.0,86.0,104.31,7.2,385,0.0805,1.05,46.89,730.17,0,2,True,False,False,False,False,True,False,False,False,True,False,False,False
100620,55.0,41541.59,Gold,10.0,15.0,85.51,7.7,1918,0.625,5.25,48.52,855.1,0,2,True,False,False,False,False,False,True,False,False,False,False,False,True
101743,44.0,21571.03,Gold,10.0,77.0,156.77,7.0,2243,0.1282,6.15,13.75,1567.7,1,2,False,True,False,False,False,False,True,False,False,True,False,False,False
101391,30.0,31069.1,Bronze,8.0,25.0,49.51,8.6,1768,0.3077,4.84,78.24,396.08,0,0,False,True,False,False,False,False,False,True,False,True,False,False,False
104881,32.0,43823.15,Gold,7.0,43.2,235.05,6.5,1508,0.1584,4.13,26.62,1645.35,1,2,False,True,False,False,False,False,False,True,False,True,False,False,False
101580,42.0,53699.17,Silver,13.0,21.6,109.7,7.8,76,0.5752,0.21,37.63,1426.1,1,1,True,False,False,False,False,False,False,True,False,True,False,False,False
101656,19.0,42307.97,Platinum,6.0,64.0,269.725,8.0,184,0.0923,0.5,26.13,1618.35,1,3,False,True,False,False,False,False,False,True,False,False,True,False,False
103569,44.0,72112.14,Bronze,11.0,51.0,53.92,7.0,2109,0.2115,5.78,121.38,593.12,0,0,False,False,True,False,False,False,True,False,True,False,False,False,False
102353,38.0,78998.58,Silver,11.0,13.0,139.16,6.0,1197,0.7857,3.28,51.57,1530.76,1,1,False,True,False,True,False,False,False,False,False,True,False,False,False
102213,54.0,70707.75,Platinum,9.0,78.0,117.96,8.2,2485,0.1139,6.81,66.54,1061.64,0,3,True,False,False,False,False,False,True,False,False,False,False,False,True
105964,37.0,46280.93,Gold,7.0,11.0,164.26,5.4,1324,0.5833,3.63,40.22,1149.82,0,2,True,False,False,False,False,True,False,False,False,False,False,False,True
103193,39.0,30167.24,Bronze,3.0,2.0,37.8,6.4,2007,1.0,5.5,263.7,113.4,0,0,False,True,False,False,False,True,False,False,False,False,True,False,False
101308,53.0,23941.23,Gold,6.0,5.0,60.51,7.8,1330,1.0,3.64,65.76,363.06,0,2,False,True,False,False,False,False,True,False,False,True,False,False,False
100576,21.0,52350.25,Silver,10.0,65.0,40.18,9.7,2474,0.1515,6.78,129.97,401.8,0,1,True,False,False,False,True,False,False,False,False,False,False,False,True
102361,57.0,37394.43,Platinum,7.0,65.0,104.31,5.9,817,0.1061,2.24,51.14,730.17,0,3,False,True,False,False,False,True,False,False,False,False,False,False,True
101281,52.0,35367.39,Silver,11.0,34.4,67.81,6.4,2308,0.3107,6.32,47.35,745.91,0,1,True,False,False,False,False,False,False,True,False,True,False,False,False
104878,45.0,110356.57,Bronze,5.0,59.0,19.46,5.3,1663,0.0833,4.56,1122.65,97.3,0,0,False,True,False,False,False,True,False,False,False,True,False,False,False
104962,46.0,49837.46,Platinum,5.0,76.0,104.31,7.8,1259,0.0649,3.45,95.37,521.55,0,3,True,False,False,False,False,False,True,False,True,False,False,False,False
101994,50.0,28732.96,Silver,7.0,8.0,119.27,6.9,582,0.7778,1.59,34.37,834.89,0,1,False,True,False,True,False,False,False,False,False,False,False,False,True
102640,31.0,38846.26,Silver,9.0,23.0,98.19,7.6,1017,0.375,2.79,43.91,883.71,0,1,False,True,False,False,False,True,False,False,False,False,False,True,False
100270,38.0,49454.48,Gold,8.0,75.0,157.26,5.9,727,0.1053,1.99,39.28,1258.08,1,2,False,True,False,False,True,False,False,False,False,True,False,False,False
100630,18.0,40359.29,Bronze,9.0,46.2,66.51,6.5,1476,0.1907,4.04,67.31,598.59,0,0,False,False,True,False,False,False,True,False,False,False,True,False,False
104445,39.0,37943.34,Bronze,8.0,35.0,141.47,6.8,62,0.2222,0.17,33.5,1131.76,0,0,False,True,False,False,False,True,False,False,False,True,False,False,False
103082,25.0,47956.41,Silver,11.0,14.0,104.31,6.0,2106,0.7333,5.77,41.76,1147.41,0,1,True,False,False,False,False,True,False,False,False,True,False,False,False
103467,54.0,49822.94,Gold,6.0,58.0,194.44,5.2,1170,0.1017,3.21,42.67,1166.64,0,2,False,True,False,False,False,True,False,False,False,False,False,True,False
105234,63.0,47281.15,Silver,8.0,10.0,156.81,5.7,1715,0.7273,4.7,37.66,1254.48,1,1,False,True,False,True,False,False,False,False,True,False,False,False,False
104024,19.0,42376.63,Bronze,7.0,5.0,104.31,6.4,492,1.1667,1.35,57.96,730.17,0,0,False,True,False,False,False,False,True,False,False,False,False,True,False
102047,46.0,14711.02,Bronze,6.0,20.0,145.8,7.7,1587,0.2857,4.35,16.8,874.8,0,0,True,False,False,False,False,True,False,False,False,False,False,False,True
104711,43.0,58756.47,Silver,7.0,36.0,116.72,5.8,2249,0.1892,6.16,71.83,817.04,0,1,True,False,False,False,False,True,False,False,False,False,True,False,False
102114,40.0,37254.8,Platinum,7.0,33.8,211.98,8.3,49,0.2011,0.13,25.09,1483.86,1,3,False,True,False,False,False,True,False,False,False,True,False,False,False
100028,42.0,40550.77,Silver,8.0,27.0,104.31,7.8,1148,0.2857,3.15,48.54,834.48,0,1,True,False,False,False,False,True,False,False,True,False,False,False,False
102041,49.0,53178.86,Gold,6.0,12.0,102.42,4.9,1789,0.4615,4.9,86.4,614.52,0,2,True,False,False,False,True,False,False,False,False,False,True,False,False
103929,21.0,54187.94,Silver,6.0,3.0,70.88,8.2,258,1.5,0.71,127.12,425.28,0,1,True,False,False,True,False,False,False,False,True,False,False,False,False
105422,24.0,37022.79,Platinum,10.0,70.0,107.33,10.0,1791,0.1408,4.91,34.46,1073.3,0,3,False,False,True,True,False,False,False,False,True,False,False,False,False
103217,22.0,28553.46,Gold,10.0,6.0,133.7,7.0,1454,1.4286,3.98,21.34,1337.0,1,2,True,False,False,False,True,False,False,False,False,True,False,False,False
103815,52.0,69712.45,Silver,8.0,28.0,104.31,8.8,146,0.2759,0.4,83.44,834.48,0,1,True,False,False,False,False,True,False,False,False,True,False,False,False
100130,27.0,49272.76,Bronze,14.0,36.0,104.31,7.6,850,0.3784,2.33,33.72,1460.34,1,0,False,False,True,False,False,False,True,False,False,False,False,False,True
104448,38.0,39110.68,Gold,12.0,51.0,152.64,6.1,2336,0.2308,6.4,21.34,1831.68,1,2,True,False,False,False,False,False,False,True,False,True,False,False,False
105889,49.0,55973.72,Bronze,10.0,40.0,106.92,8.5,860,0.2439,2.36,52.3,1069.2,0,0,True,False,False,False,False,False,True,False,False,False,False,True,False
100014,52.0,55333.8,Bronze,13.0,33.0,106.46,8.8,253,0.3824,0.69,39.95,1383.98,1,0,True,False,False,False,False,True,False,False,False,False,True,False,False
105143,32.0,65723.59,Bronze,6.0,24.0,10.65,8.5,318,0.24,0.87,1012.69,63.9,0,0,False,True,False,False,False,False,True,False,True,False,False,False,False
102366,56.0,53866.27,Bronze,4.0,41.2,119.8,9.8,378,0.0948,1.04,112.17,479.2,0,0,False,False,True,False,False,False,False,True,False,False,False,False,True
103053,27.0,35485.79,Bronze,8.0,14.0,103.63,6.0,2052,0.5333,5.62,42.75,829.04,0,0,True,False,False,False,True,False,False,False,False,True,False,False,False
104006,34.0,53178.86,Bronze,15.0,20.0,16.39,9.1,603,0.7143,1.65,215.43,245.85,0,0,True,False,False,False,False,False,True,False,False,False,False,True,False
102341,56.0,90036.55,Bronze,8.0,37.0,104.31,4.6,1910,0.2105,5.23,107.77,834.48,0,0,True,False,False,True,False,False,False,False,False,True,False,False,False
100375,45.0,40243.16,Gold,8.0,10.0,162.7,5.6,390,0.7273,1.07,30.89,1301.6,1,2,False,True,False,False,False,True,False,False,False,False,True,False,False
104373,24.0,29239.45,Silver,11.0,21.4,151.26,8.0,216,0.4911,0.59,17.56,1663.86,1,1,True,False,False,True,False,False,False,False,False,False,False,True,False
105153,39.0,53178.86,Silver,9.0,19.4,125.49,8.2,2184,0.4412,5.98,47.04,1129.41,0,1,False,False,True,False,False,True,False,False,False,False,False,False,True
100940,48.0,52003.47,Bronze,12.0,39.0,50.44,6.5,398,0.3,1.09,85.77,605.28,0,0,False,True,False,False,True,False,False,False,True,False,False,False,False
105745,44.0,23869.63,Bronze,5.0,45.0,157.0,7.1,1774,0.1087,4.86,30.37,785.0,0,0,False,True,False,False,False,False,True,False,False,False,False,False,True
102148,49.0,48548.21,Platinum,4.0,83.0,104.31,6.5,1707,0.0476,4.68,116.08,417.24,0,3,False,True,False,False,False,False,True,False,False,False,True,False,False
103592,54.0,39427.04,Bronze,8.0,41.0,22.88,7.6,1470,0.1905,4.03,214.23,183.04,0,0,False,True,False,False,False,False,True,False,False,False,True,False,False
105444,37.0,100997.16,Gold,3.0,82.2,104.31,6.6,559,0.0361,1.53,321.72,312.93,0,2,False,True,False,False,True,False,False,False,False,False,False,False,True
105042,28.0,53178.86,Silver,11.0,39.2,80.02,7.5,2432,0.2736,6.66,60.35,880.22,0,1,True,False,False,False,False,False,True,False,False,False,False,False,True
103624,51.0,66988.76,Bronze,8.0,0.0,104.31,6.3,363,8.0,0.99,80.18,834.48,0,0,False,True,False,False,False,True,False,False,False,False,True,False,False
100530,57.0,18852.4,Silver,8.0,118.0,269.725,7.6,1668,0.0672,4.57,8.73,2157.8,1,1,True,False,False,False,False,False,True,False,False,False,True,False,False
103715,29.0,72520.19,Silver,7.0,30.0,80.57,6.0,953,0.2258,2.61,128.36,563.99,0,1,False,True,False,False,True,False,False,False,False,True,False,False,False
101270,45.0,66987.77,Gold,2.0,80.0,267.82,8.3,2048,0.0247,5.61,124.83,535.64,0,2,False,True,False,False,True,False,False,False,False,True,False,False,False
104282,18.0,36688.41,Silver,8.0,92.0,135.75,6.1,915,0.086,2.51,33.75,1086.0,0,1,True,False,False,False,False,True,False,False,False,False,False,False,True
101395,18.0,29612.17,Bronze,5.0,14.0,69.11,9.4,573,0.3333,1.57,85.45,345.55,0,0,True,False,False,True,False,False,False,False,True,False,False,False,False
104010,52.0,76600.5,Silver,8.0,98.0,61.4,6.8,220,0.0808,0.6,155.63,491.2,0,1,False,True,False,True,False,False,False,False,False,False,True,False,False
101798,36.0,36159.75,Bronze,12.0,1.0,17.01,8.5,222,6.0,0.61,176.29,204.12,0,0,True,False,False,False,True,False,False,False,False,False,True,False,False
102980,66.0,41412.96,Bronze,12.0,73.0,72.85,7.2,753,0.1622,2.06,47.32,874.2,0,0,False,True,False,False,True,False,False,False,False,False,False,False,True
105297,29.0,48546.47,Bronze,12.0,10.0,24.23,8.4,985,1.0909,2.7,166.39,290.76,0,0,True,False,False,False,True,False,False,False,False,True,False,False,False
105850,38.0,38879.49,Gold,7.0,26.0,127.14,6.0,1693,0.2593,4.64,43.64,889.98,0,2,True,False,False,False,False,True,False,False,False,True,False,False,False
103812,34.0,27567.14,Bronze,4.0,31.0,70.35,7.0,576,0.125,1.58,97.62,281.4,0,0,False,True,False,False,True,False,False,False,False,False,True,False,False
101274,42.0,66642.72,Silver,4.0,34.0,148.82,3.6,1450,0.1143,3.97,111.76,595.28,0,1,True,False,False,False,False,True,False,False,True,False,False,False,False
100956,54.0,53177.9,Silver,8.0,116.0,134.67,6.4,738,0.0684,2.02,49.31,1077.36,0,1,True,False,False,False,False,True,False,False,False,True,False,False,False
104443,38.0,24924.19,Gold,11.0,26.4,101.4,10.0,404,0.4015,1.11,22.33,1115.4,0,2,True,False,False,False,False,False,True,False,False,True,False,False,False
104795,52.0,110491.95000000001,Silver,16.0,125.0,92.07,5.7,1247,0.127,3.42,74.95,1473.12,1,1,True,False,False,False,False,False,True,False,False,True,False,False,False
105377,38.0,40926.11,Bronze,9.0,68.0,269.725,9.0,862,0.1304,2.36,16.85,2427.52,1,0,True,False,False,False,False,False,True,False,True,False,False,False,False
100404,33.0,29094.06,Gold,5.0,31.8,181.83,7.4,371,0.1524,1.02,31.97,909.15,0,2,True,False,False,True,False,False,False,False,False,False,True,False,False
102072,21.0,53178.86,Gold,6.0,23.0,155.41,4.7,2484,0.25,6.81,56.97,932.46,0,2,True,False,False,False,False,True,False,False,False,True,False,False,False
105702,52.0,110491.95000000001,Bronze,6.0,3.0,35.27,4.3,1818,1.5,4.98,519.67,211.62,0,0,False,True,False,False,False,False,False,True,True,False,False,False,False
101978,41.0,41141.88,Bronze,7.0,108.0,104.31,8.3,1911,0.0642,5.24,56.27,730.17,0,0,False,True,False,False,False,True,False,False,False,False,False,False,True
100159,32.0,34014.39,Gold,5.0,29.0,104.31,7.4,1888,0.1667,5.17,65.09,521.55,0,2,True,False,False,False,False,False,True,False,False,True,False,False,False
103889,35.0,33841.07,Bronze,6.0,56.4,231.94,7.5,2103,0.1045,5.76,24.3,1391.64,1,0,True,False,False,False,False,False,False,True,False,True,False,False,False
100903,36.0,38952.44,Silver,11.0,5.0,67.19,10.0,2323,1.8333,6.36,52.63,739.09,0,1,True,False,False,False,False,True,False,False,False,True,False,False,False
100353,31.0,110491.95000000001,Silver,10.0,44.0,78.53,7.5,2285,0.2222,6.26,140.52,785.3,0,1,False,True,False,True,False,False,False,False,False,False,True,False,False
104131,50.0,68762.28,Platinum,12.0,23.0,104.31,9.5,1341,0.5,3.67,54.89,1251.72,1,3,True,False,False,True,False,False,False,False,False,False,True,False,False
100755,59.0,52638.68,Platinum,5.0,21.0,212.59,4.4,1530,0.2273,4.19,49.47,1062.95,0,3,False,True,False,False,False,False,True,False,False,True,False,False,False
102972,37.0,29767.44,Silver,12.0,3.0,104.31,9.9,936,3.0,2.56,23.76,1251.72,1,1,True,False,False,False,False,True,False,False,False,False,False,True,False
105971,43.0,53178.86,Silver,7.0,17.0,269.725,8.3,1457,0.3889,3.99,28.15,1888.08,1,1,True,False,False,False,False,False,True,False,True,False,False,False,False
102921,29.0,69856.69,Silver,13.0,27.0,123.08,8.3,1545,0.4643,4.23,43.63,1600.04,1,1,False,True,False,False,True,False,False,False,True,False,False,False,False
100312,43.0,53178.86,Bronze,8.0,75.0,61.21,8.9,2013,0.1053,5.52,108.38,489.68,0,0,True,False,False,False,False,False,False,True,False,False,True,False,False
100662,38.0,110491.95000000001,Silver,8.0,34.0,104.31,6.4,2426,0.2286,6.65,132.25,834.48,0,1,True,False,False,False,True,False,False,False,False,True,False,False,False
101990,22.0,45914.45,Bronze,9.0,59.0,157.01,8.8,1699,0.15,4.65,32.47,1413.09,1,0,False,True,False,False,False,False,True,False,False,False,False,False,True
103666,19.0,61207.49,Silver,7.0,58.0,43.67,8.4,667,0.1186,1.83,199.57,305.69,0,1,False,True,False,False,True,False,False,False,False,True,False,False,False
100307,34.0,24518.48,Gold,10.0,99.0,142.92,7.6,347,0.1,0.95,17.14,1429.2,1,2,False,True,False,False,True,False,False,False,False,True,False,False,False
102336,39.0,53178.86,Bronze,3.0,13.0,32.93,5.7,807,0.2143,2.21,532.91,98.79,0,0,False,True,False,True,False,False,False,False,False,True,False,False,False
102357,40.0,20272.97,Platinum,8.0,3.0,164.49,7.3,1238,2.0,3.39,15.39,1315.92,1,3,False,True,False,False,False,False,False,True,False,True,False,False,False
103703,29.0,70750.35,Silver,6.0,39.8,75.11,6.2,603,0.1471,1.65,156.65,450.66,0,1,False,True,False,False,False,False,False,True,True,False,False,False,False
103805,50.0,63369.6,Platinum,10.0,103.0,269.725,8.6,908,0.0962,2.49,23.49,2697.25,1,3,False,True,False,False,False,False,True,False,False,False,True,False,False
101928,26.0,38131.49,Silver,8.0,54.0,75.31,6.0,2151,0.1455,5.89,63.19,602.48,0,1,True,False,False,False,False,True,False,False,False,False,False,False,True
103428,44.0,53963.48,Silver,4.0,10.0,119.31,7.7,1440,0.3636,3.95,112.84,477.24,0,1,False,True,False,False,False,False,True,False,False,False,False,False,True
100750,27.0,45883.19,Silver,11.0,56.0,102.21,6.9,57,0.193,0.16,40.77,1124.31,0,1,True,False,False,False,True,False,False,False,False,True,False,False,False
105244,48.0,47442.44,Gold,10.0,0.0,60.98,6.6,1792,10.0,4.91,77.67,609.8,0,2,True,False,False,False,True,False,False,False,False,False,False,False,True
101267,28.0,42490.14,Bronze,5.0,51.0,49.19,8.6,1815,0.0962,4.97,172.06,245.95,0,0,True,False,False,False,False,False,False,True,False,False,False,True,False
105918,40.0,52130.8,Gold,6.0,64.0,84.51,9.3,492,0.0923,1.35,102.61,507.06,0,2,False,True,False,False,True,False,False,False,False,True,False,False,False
105300,43.0,90190.76,Gold,7.0,15.0,255.41,7.6,1747,0.4375,4.79,50.42,1787.87,1,2,False,True,False,False,True,False,False,False,False,False,True,False,False
103596,68.0,52195.27,Bronze,7.0,37.8,107.24,7.5,2025,0.1804,5.55,69.44,750.68,0,0,False,True,False,True,False,False,False,False,False,True,False,False,False
102135,28.0,72412.23,Silver,7.0,91.0,146.79,5.0,608,0.0761,1.67,70.4,1027.53,0,1,False,True,False,True,False,False,False,False,False,True,False,False,False
104110,38.0,71114.26,Gold,6.0,38.6,201.67,8.8,732,0.1515,2.01,58.72,1210.02,0,2,False,True,False,False,True,False,False,False,False,False,False,False,True
100515,47.0,22756.71,Bronze,10.0,32.0,147.77,8.3,1790,0.303,4.9,15.39,1477.7,1,0,False,True,False,False,False,False,True,False,False,False,False,True,False
105362,40.0,68651.51,Silver,8.0,4.0,100.72,8.9,1319,1.6,3.61,85.1,805.76,0,1,False,True,False,False,False,True,False,False,True,False,False,False,False
100410,22.0,40466.86,Gold,8.0,28.0,82.15,8.1,1230,0.2759,3.37,61.48,657.2,0,2,False,True,False,False,True,False,False,False,True,False,False,False,False
105976,38.0,37512.84,Gold,8.0,39.2,104.31,8.1,1589,0.199,4.35,44.9,834.48,0,2,False,False,True,False,False,False,True,False,False,False,False,False,True
105931,44.0,73766.05,Silver,10.0,95.0,85.82,6.7,902,0.1042,2.47,85.85,858.2,0,1,True,False,False,False,False,False,False,True,False,False,False,True,False
105194,45.0,53178.86,Bronze,7.0,3.0,178.93,8.2,1015,1.75,2.78,42.42,1252.51,1,0,False,True,False,True,False,False,False,False,False,False,True,False,False
100208,23.0,38236.34,Bronze,10.0,27.0,65.39,6.7,1166,0.3571,3.19,58.39,653.9,0,0,False,True,False,False,False,False,True,False,False,False,False,False,True
100459,42.0,45755.73,Silver,6.0,43.0,121.91,6.7,163,0.1364,0.45,62.47,731.46,0,1,True,False,False,False,False,False,True,False,False,False,False,False,True
102055,42.0,47002.49,Silver,9.0,8.0,104.31,9.0,892,1.0,2.44,50.01,938.79,0,1,True,False,False,True,False,False,False,False,False,False,False,False,True
102431,20.0,56147.18,Platinum,10.0,17.0,269.725,4.7,115,0.5556,0.32,20.81,2697.25,1,3,True,False,False,True,False,False,False,False,False,False,False,False,True
100251,34.0,48029.36,Gold,10.0,35.0,213.86,6.9,1465,0.2778,4.01,22.45,2138.6,1,2,True,False,False,False,False,True,False,False,False,False,True,False,False
105120,46.0,60444.35,Platinum,8.0,42.0,269.725,7.3,1021,0.186,2.8,28.0,2157.8,1,3,True,False,False,False,False,False,True,False,False,True,False,False,False
101108,28.0,63270.07,Gold,6.0,16.0,156.09,8.2,1259,0.3529,3.45,67.49,936.54,0,2,True,False,False,False,False,True,False,False,False,False,True,False,False
104863,46.0,39836.16,Silver,4.0,32.0,57.37,10.0,2322,0.1212,6.36,172.84,229.48,0,1,False,True,False,False,False,True,False,False,True,False,False,False,False
101714,37.0,39523.21,Silver,13.0,17.0,34.85,6.5,623,0.7222,1.71,87.05,453.05,0,1,False,True,False,False,False,True,False,False,False,False,True,False,False
103912,67.0,39578.17,Silver,9.0,70.0,95.13,5.9,1503,0.1268,4.12,46.17,856.17,0,1,False,True,False,False,False,False,True,False,False,False,False,True,False
100716,23.0,32343.38,Gold,11.0,3.0,220.56,8.3,932,2.75,2.55,13.33,2426.16,1,2,False,True,False,False,False,False,False,True,False,True,False,False,False
100553,42.0,48230.93,Bronze,9.0,15.0,35.16,9.0,2033,0.5625,5.57,151.94,316.44,0,0,False,True,False,False,False,True,False,False,False,True,False,False,False
101440,51.0,53178.86,Bronze,8.0,49.0,269.725,7.7,1352,0.16,3.7,24.63,2157.8,1,0,False,True,False,False,False,False,True,False,False,True,False,False,False
102271,43.0,67266.43,Bronze,12.0,45.0,108.5,7.3,663,0.2609,1.82,51.62,1302.0,1,0,True,False,False,False,False,True,False,False,False,False,False,True,False
103145,33.0,88206.18,Bronze,4.0,150.0,46.17,4.7,326,0.0265,0.89,475.04,184.68,0,0,True,False,False,True,False,False,False,False,False,False,False,False,True
105744,46.0,53178.86,Bronze,10.0,52.0,104.31,6.4,2034,0.1887,5.57,50.93,1043.1,0,0,True,False,False,True,False,False,False,False,False,False,False,True,False
101926,24.0,26397.52,Bronze,6.0,21.0,183.32,4.5,627,0.2727,1.72,23.98,1099.92,0,0,True,False,False,False,False,True,False,False,False,False,True,False,False
100635,34.0,56102.65,Silver,7.0,58.0,77.41,5.9,824,0.1186,2.26,103.34,541.87,0,1,False,True,False,False,False,False,True,False,False,True,False,False,False
100317,39.0,52686.51,Bronze,7.0,61.0,42.88,6.9,2266,0.1129,6.21,174.95,300.16,0,0,False,True,False,False,False,False,False,True,False,True,False,False,False
105637,43.0,51174.23,Gold,7.0,67.0,269.725,6.7,295,0.1029,0.81,27.09,1888.08,1,2,False,True,False,False,False,False,False,True,False,False,True,False,False
104454,43.0,48777.74,Silver,13.0,99.0,64.43,6.4,1040,0.13,2.85,58.17,837.59,0,1,False,True,False,False,False,False,False,True,False,False,True,False,False
100106,36.0,58605.0,Silver,10.0,1.0,66.66,5.5,59,5.0,0.16,87.78,666.6,0,1,True,False,False,True,False,False,False,False,False,True,False,False,False
103042,37.0,94367.22,Silver,9.0,60.0,140.84,7.5,137,0.1475,0.38,74.39,1267.56,1,1,False,False,True,False,False,True,False,False,False,True,False,False,False
104239,37.0,68765.04,Silver,7.0,156.0,60.27,7.8,2066,0.0446,5.66,162.61,421.89,0,1,False,True,False,False,False,True,False,False,False,True,False,False,False
102170,31.0,45017.28,Bronze,7.0,44.0,104.31,3.5,2319,0.1556,6.35,61.57,730.17,0,0,False,False,True,False,False,False,False,True,False,True,False,False,False
101710,36.0,36055.23,Silver,9.0,120.0,162.26,6.1,1202,0.0744,3.29,24.67,1460.34,1,1,False,True,False,False,False,False,True,False,False,True,False,False,False
100090,43.0,39792.43,Bronze,5.0,76.0,42.08,5.4,2203,0.0649,6.04,188.23,210.4,0,0,False,True,False,False,False,False,True,False,False,False,False,False,True
103175,47.0,110491.95000000001,Silver,9.0,55.2,172.82,8.2,894,0.1601,2.45,70.99,1555.38,1,1,False,True,False,False,True,False,False,False,False,True,False,False,False
104479,47.0,42466.55,Gold,10.0,26.4,125.27,7.0,600,0.365,1.64,33.87,1252.7,1,2,False,True,False,False,True,False,False,False,False,False,False,False,True
101950,62.0,96277.98,Bronze,3.0,2.0,85.48,8.1,2153,1.0,5.9,373.98,256.44,0,0,True,False,False,False,False,False,True,False,False,True,False,False,False
104045,26.0,53178.86,Platinum,9.0,8.0,104.31,7.8,1802,1.0,4.94,56.59,938.79,0,3,False,True,False,False,False,True,False,False,False,False,True,False,False
102849,47.0,64594.46,Gold,15.0,44.0,65.1,6.2,1289,0.3333,3.53,66.08,976.5,0,2,True,False,False,False,True,False,False,False,False,True,False,False,False
100002,26.0,52891.38,Silver,6.0,15.0,269.725,6.0,1915,0.375,5.25,32.66,1618.35,1,1,False,True,False,False,False,True,False,False,False,False,True,False,False
104338,32.0,65160.3,Platinum,5.0,36.0,246.43,8.9,1671,0.1351,4.58,52.84,1232.15,1,3,True,False,False,False,False,False,False,True,False,True,False,False,False
100936,45.0,53178.86,Silver,7.0,17.4,89.74,5.5,802,0.3804,2.2,84.52,628.18,0,1,True,False,False,False,False,True,False,False,False,False,True,False,False
105134,22.0,29932.85,Silver,8.0,135.0,104.31,4.7,2135,0.0588,5.85,35.83,834.48,0,1,False,True,False,False,False,True,False,False,False,True,False,False,False
102721,40.0,27602.25,Silver,3.0,31.0,140.52,6.0,2174,0.0938,5.96,65.32,421.56,0,1,True,False,False,True,False,False,False,False,False,True,False,False,False
100592,41.0,110491.95000000001,Platinum,10.0,48.4,269.725,8.4,977,0.2024,2.68,40.95,2697.25,1,3,False,True,False,False,True,False,False,False,False,False,True,False,False
104909,32.0,50296.7,Platinum,7.0,39.6,185.15,7.8,2350,0.1724,6.44,38.78,1296.05,1,3,True,False,False,False,False,False,False,True,False,False,True,False,False
102937,18.0,25890.25,Silver,9.0,68.0,93.11,7.0,1950,0.1304,5.34,30.86,837.99,0,1,True,False,False,False,False,False,True,False,False,False,True,False,False
102449,47.0,29808.24,Gold,6.0,54.0,127.46,6.9,2314,0.1091,6.34,38.93,764.76,0,2,True,False,False,False,False,False,False,True,False,True,False,False,False
105005,41.0,59731.69,Silver,9.0,25.4,54.29,8.3,2383,0.3409,6.53,122.0,488.61,0,1,False,True,False,True,False,False,False,False,True,False,False,False,False
100214,32.0,59510.0,Gold,4.0,34.4,40.21,8.1,552,0.113,1.51,367.71,160.84,0,2,False,True,False,False,False,True,False,False,False,False,False,True,False
100779,39.0,31084.79,Bronze,6.0,48.0,21.26,7.8,157,0.1224,0.43,241.79,127.56,0,0,False,True,False,False,False,False,True,False,False,True,False,False,False
103497,50.0,48439.87,Bronze,9.0,51.0,171.52,5.3,1266,0.1731,3.47,31.36,1543.68,1,0,False,True,False,False,False,True,False,False,False,False,True,False,False
104706,45.0,42545.67,Silver,10.0,13.0,144.53,6.0,1647,0.7143,4.51,29.42,1445.3,1,1,False,True,False,False,True,False,False,False,True,False,False,False,False
102044,29.0,21365.33,Silver,8.0,63.0,207.78,5.1,2299,0.125,6.3,12.85,1662.24,1,1,False,True,False,False,False,False,False,True,False,False,False,False,True
105439,42.0,77222.89,Silver,12.0,47.0,110.4,6.6,1506,0.25,4.13,58.25,1324.8,1,1,False,True,False,False,True,False,False,False,False,False,False,False,True
101568,40.0,53178.86,Bronze,9.0,56.0,183.46,7.8,2010,0.1579,5.51,32.19,1651.14,1,0,True,False,False,False,False,True,False,False,False,True,False,False,False
100166,27.0,69295.26,Bronze,15.0,13.0,180.76,6.6,2168,1.0714,5.94,25.55,2711.4,1,0,True,False,False,False,False,False,False,True,False,False,False,True,False
103567,47.0,53178.86,Bronze,5.0,29.0,34.01,6.9,1435,0.1667,3.93,310.9,170.05,0,0,True,False,False,False,False,False,False,True,False,False,False,True,False
104591,48.0,24444.94,Silver,9.0,154.0,83.77,7.1,925,0.0581,2.53,32.38,753.93,0,1,True,False,False,False,True,False,False,False,False,False,False,True,False
102014,38.0,31196.85,Bronze,14.0,27.0,103.5,7.8,160,0.5,0.44,21.52,1449.0,1,0,False,True,False,False,False,False,False,True,False,False,False,False,True
100274,63.0,110491.95000000001,Bronze,4.0,19.0,141.73,5.2,2447,0.2,6.7,194.56,566.92,0,0,True,False,False,False,False,True,False,False,False,False,True,False,False
103861,23.0,57989.7,Gold,5.0,32.0,153.08,5.9,1582,0.1515,4.33,75.67,765.4,0,2,True,False,False,False,False,False,False,True,False,False,False,False,True
104168,26.0,49218.47,Silver,6.0,167.0,19.09,6.7,2112,0.0357,5.79,425.99,114.54,0,1,True,False,False,False,False,True,False,False,False,False,False,False,True
104789,62.0,46735.26,Bronze,13.0,73.0,104.31,7.4,1639,0.1757,4.49,34.44,1356.03,1,0,False,True,False,False,False,False,True,False,True,False,False,False,False
103789,59.0,85076.78,Silver,6.0,79.0,66.19,6.1,217,0.075,0.59,213.69,397.14,0,1,False,True,False,False,True,False,False,False,False,False,True,False,False
100584,25.0,65319.75,Gold,9.0,58.0,115.67,6.2,1900,0.1525,5.21,62.69,1041.03,0,2,False,True,False,False,False,True,False,False,False,True,False,False,False
105981,29.0,81897.54,Bronze,11.0,47.0,121.53,6.1,1533,0.2292,4.2,61.22,1336.83,1,0,True,False,False,False,False,False,True,False,True,False,False,False,False
105565,29.0,46345.6,Silver,14.0,5.0,110.99,7.7,1012,2.3333,2.77,29.81,1553.86,1,1,False,True,False,False,True,False,False,False,False,True,False,False,False
105741,47.0,109821.64,Silver,9.0,21.0,114.05,8.2,828,0.4091,2.27,106.89,1026.45,0,1,True,False,False,True,False,False,False,False,False,False,False,False,True
100521,26.0,87498.39,Bronze,7.0,31.0,83.89,8.5,1528,0.2188,4.19,148.75,587.23,0,0,False,True,False,False,False,False,True,False,False,False,False,False,True
101876,18.0,74645.39,Silver,9.0,39.0,56.47,5.6,2014,0.225,5.52,146.58,508.23,0,1,True,False,False,False,False,False,False,True,False,False,False,True,False
103966,28.0,48614.71,Bronze,11.0,6.0,59.7,9.8,1057,1.5714,2.9,73.92,656.7,0,0,True,False,False,True,False,False,False,False,False,False,True,False,False
103345,20.0,43837.39,Silver,6.0,37.0,31.69,6.0,747,0.1579,2.05,229.35,190.14,0,1,False,True,False,False,False,True,False,False,False,False,False,False,True
102254,18.0,97758.11,Silver,8.0,76.0,124.44,8.5,1125,0.1039,3.08,98.1,995.52,0,1,False,True,False,False,True,False,False,False,False,False,True,False,False
103225,41.0,48763.0,Bronze,5.0,60.4,62.43,7.5,186,0.0814,0.51,155.72,312.15,0,0,True,False,False,False,False,True,False,False,False,False,False,True,False
100527,55.0,81939.44,Silver,10.0,9.0,106.31,8.8,1152,1.0,3.16,77.0,1063.1,0,1,True,False,False,False,False,True,False,False,False,False,False,False,True
102947,57.0,19879.22,Silver,9.0,38.8,69.09,8.2,2201,0.2261,6.03,31.92,621.81,0,1,False,True,False,False,True,False,False,False,False,False,True,False,False
103900,42.0,53178.86,Bronze,13.0,13.0,27.66,7.9,102,0.9286,0.28,147.48,359.58,0,0,False,True,False,False,True,False,False,False,False,False,True,False,False
100693,49.0,31120.55,Bronze,10.0,16.0,127.32,5.4,55,0.5882,0.15,24.42,1273.2,1,0,True,False,False,False,True,False,False,False,False,True,False,False,False
105675,34.0,53178.86,Silver,14.0,85.0,212.26,9.2,2418,0.1628,6.62,17.89,2971.64,1,1,True,False,False,False,False,True,False,False,False,True,False,False,False
103634,36.0,54246.2,Bronze,10.0,33.4,263.95,8.6,190,0.2907,0.52,20.54,2639.5,1,0,True,False,False,True,False,False,False,False,False,False,False,False,True
101051,23.0,68431.04,Gold,11.0,54.4,84.16,7.8,2429,0.1986,6.65,73.84,925.76,0,2,False,True,False,False,False,False,False,True,False,True,False,False,False
100591,23.0,64371.49,Silver,15.0,127.0,79.84,5.9,729,0.1172,2.0,53.71,1197.6,0,1,True,False,False,False,False,False,False,True,False,False,False,False,True
100520,58.0,59785.74,Gold,8.0,85.0,183.37,6.8,1510,0.093,4.14,40.73,1466.96,1,2,False,True,False,False,False,False,False,True,False,False,False,False,True
103381,41.0,80113.24,Silver,9.0,88.0,39.75,6.3,1839,0.1011,5.04,223.31,357.75,0,1,False,True,False,True,False,False,False,False,False,False,True,False,False
103677,25.0,65580.29,Platinum,9.0,75.0,189.59,7.0,617,0.1184,1.69,38.41,1706.31,1,3,True,False,False,False,False,False,False,True,False,True,False,False,False
104938,18.0,43082.17,Bronze,11.0,13.0,36.35,7.1,1364,0.7857,3.74,107.48,399.85,0,0,False,True,False,False,True,False,False,False,False,True,False,False,False
101608,40.0,32062.82,Silver,3.0,25.0,83.42,6.7,1993,0.1154,5.46,127.61,250.26,0,1,True,False,False,False,True,False,False,False,False,False,True,False,False
105813,45.0,62664.87,Silver,6.0,1.0,103.52,6.7,1814,3.0,4.97,100.73,621.12,0,1,True,False,False,False,True,False,False,False,True,False,False,False,False
101810,50.0,64196.86,Silver,6.0,16.0,190.4,8.6,1934,0.3529,5.3,56.15,1142.4,0,1,True,False,False,False,False,False,True,False,False,False,True,False,False
100792,23.0,45755.62,Bronze,10.0,11.0,161.99,7.2,2054,0.8333,5.63,28.23,1619.9,1,0,True,False,False,False,True,False,False,False,True,False,False,False,False
100793,44.0,63580.5,Platinum,7.0,22.0,197.09,8.5,531,0.3043,1.45,46.05,1379.63,1,3,False,True,False,False,False,False,True,False,False,False,True,False,False
104928,42.0,44990.99,Silver,10.0,23.0,136.73,7.0,1589,0.4167,4.35,32.88,1367.3,1,1,False,True,False,False,False,False,False,True,False,False,True,False,False
101856,30.0,38792.41,Bronze,8.0,33.2,58.77,4.8,1386,0.2339,3.8,82.33,470.16,0,0,False,False,True,False,False,False,False,True,False,True,False,False,False
101981,40.0,33494.55,Gold,6.0,44.0,75.15,6.4,1625,0.1333,4.45,74.12,450.9,0,2,False,True,False,False,True,False,False,False,False,True,False,False,False
103599,18.0,43808.85,Bronze,8.0,45.0,12.7,5.9,1363,0.1739,3.73,426.99,101.6,0,0,False,False,True,False,True,False,False,False,False,False,True,False,False
100934,58.0,59007.89,Silver,8.0,60.0,165.56,7.6,205,0.1311,0.56,44.52,1324.48,1,1,False,True,False,True,False,False,False,False,True,False,False,False,False
103964,33.0,87879.14,Bronze,10.0,128.0,87.7,8.6,415,0.0775,1.14,100.09,877.0,0,0,False,False,True,False,False,False,False,True,False,False,True,False,False
105573,19.0,34748.31,Bronze,4.0,90.4,37.74,7.0,2364,0.0438,6.48,228.67,150.96,0,0,False,True,False,False,False,True,False,False,False,False,True,False,False
104180,29.0,28157.48,Silver,1.0,41.0,59.53,7.5,1057,0.0238,2.9,465.18,59.53,0,1,False,True,False,True,False,False,False,False,False,True,False,False,False
104027,30.0,47503.4,Gold,9.0,10.0,237.11,7.7,1254,0.8182,3.44,22.25,2133.99,1,2,True,False,False,False,False,False,True,False,False,True,False,False,False
104117,52.0,78498.12,Bronze,10.0,87.0,155.04,8.5,388,0.1136,1.06,50.6,1550.4,1,0,False,True,False,False,False,False,True,False,True,False,False,False,False
100989,34.0,40201.73,Platinum,6.0,85.0,165.49,7.8,103,0.0698,0.28,40.45,992.94,0,3,True,False,False,True,False,False,False,False,False,True,False,False,False
104627,32.0,83680.95,Bronze,8.0,86.6,41.27,7.1,1690,0.0913,4.63,252.69,330.16,0,0,True,False,False,False,False,False,False,True,False,False,True,False,False
103454,47.0,95097.88,Gold,3.0,7.0,240.89,9.8,998,0.375,2.73,131.41,722.67,0,2,True,False,False,False,False,False,False,True,False,False,False,True,False
105478,46.0,61468.29,Gold,6.0,23.0,72.66,7.3,459,0.25,1.26,140.67,435.96,0,2,False,True,False,True,False,False,False,False,False,False,True,False,False
103779,37.0,25886.24,Silver,9.0,38.0,104.31,7.3,553,0.2308,1.52,27.54,938.79,0,1,True,False,False,True,False,False,False,False,False,False,False,True,False
103094,29.0,24245.86,Bronze,8.0,65.0,42.82,9.9,891,0.1212,2.44,70.57,342.56,0,0,True,False,False,False,False,False,False,True,True,False,False,False,False
103156,29.0,59300.32,Bronze,12.0,54.0,12.62,9.3,2193,0.2182,6.01,389.01,151.44,0,0,False,True,False,False,True,False,False,False,False,False,False,False,True
103202,52.0,35165.41,Platinum,6.0,15.0,111.8,6.5,1335,0.375,3.66,52.35,670.8,0,3,False,True,False,False,False,False,True,False,False,True,False,False,False
104840,43.0,39401.66,Gold,9.0,10.0,104.31,8.6,546,0.8182,1.5,41.93,938.79,0,2,False,True,False,False,False,False,False,True,False,False,False,False,True
101099,50.0,50170.76,Bronze,6.0,3.0,91.91,6.9,379,1.5,1.04,90.81,551.46,0,0,False,True,False,True,False,False,False,False,False,True,False,False,False
104980,29.0,54860.37,Bronze,8.0,37.8,55.65,7.6,1243,0.2062,3.41,122.95,445.2,0,0,False,True,False,False,False,True,False,False,False,False,True,False,False
102845,30.0,97047.98,Bronze,12.0,34.6,70.25,10.0,575,0.3371,1.58,114.99,843.0,0,0,True,False,False,False,True,False,False,False,False,False,True,False,False
100887,53.0,51190.94,Silver,5.0,39.6,88.56,7.2,289,0.1232,0.79,115.35,442.8,0,1,True,False,False,False,False,False,True,False,False,False,False,True,False
104652,50.0,53178.86,Silver,9.0,48.8,19.61,7.0,1671,0.1807,4.58,299.62,176.49,0,1,True,False,False,True,False,False,False,False,False,False,False,True,False
105785,37.0,44014.92,Bronze,5.0,13.0,123.52,7.3,1074,0.3571,2.94,71.15,617.6,0,0,False,True,False,False,False,False,False,True,False,True,False,False,False
101454,33.0,26967.48,Bronze,7.0,8.0,51.44,7.2,1287,0.7778,3.53,74.69,360.08,0,0,True,False,False,False,False,False,True,False,False,False,True,False,False
103554,18.0,43934.14,Bronze,5.0,22.8,32.51,5.3,34,0.2101,0.09,268.63,162.55,0,0,True,False,False,False,False,True,False,False,False,True,False,False,False
103610,38.0,50193.36,Gold,8.0,44.2,230.22,7.7,2285,0.177,6.26,27.24,1841.76,1,2,True,False,False,False,False,False,False,True,False,True,False,False,False
102507,56.0,47505.63,Gold,5.0,52.0,141.98,8.6,593,0.0943,1.62,66.82,709.9,0,2,True,False,False,False,False,False,True,False,False,False,False,False,True
102995,32.0,54352.48,Gold,12.0,71.0,188.92,8.0,861,0.1667,2.36,23.96,2267.04,1,2,True,False,False,False,False,False,False,True,False,True,False,False,False
104000,23.0,49897.07,Platinum,13.0,25.0,114.06,8.4,425,0.5,1.16,33.63,1482.78,1,3,True,False,False,False,False,False,False,True,False,False,True,False,False
105689,45.0,110491.95000000001,Silver,9.0,4.0,48.66,6.9,331,1.8,0.91,251.72,437.94,0,1,True,False,False,False,False,True,False,False,False,False,False,False,True
100907,35.0,34141.3,Gold,7.0,1.0,98.41,5.6,1874,3.5,5.13,49.49,688.87,0,2,False,True,False,False,False,False,True,False,False,False,False,False,True
100029,43.0,79586.75,Silver,10.0,32.0,104.31,5.1,2118,0.303,5.8,76.23,1043.1,0,1,True,False,False,False,False,False,False,True,False,True,False,False,False
102508,42.0,27966.18,Bronze,9.0,72.0,76.04,6.5,309,0.1233,0.85,40.81,684.36,0,0,False,True,False,False,False,True,False,False,False,True,False,False,False
102429,38.0,110491.95000000001,Bronze,6.0,53.0,37.27,4.1,288,0.1111,0.79,491.91,223.62,0,0,False,True,False,False,False,False,True,False,False,False,True,False,False
100763,47.0,47327.98,Silver,14.0,22.0,58.17,7.5,1197,0.6087,3.28,58.04,814.38,0,1,True,False,False,False,False,True,False,False,False,True,False,False,False
103748,49.0,37743.15,Bronze,9.0,35.8,42.03,9.7,1884,0.2446,5.16,99.52,378.27,0,0,False,True,False,False,False,False,True,False,False,True,False,False,False
100285,25.0,61501.9,Silver,6.0,4.0,104.96,4.3,814,1.2,2.23,97.5,629.76,0,1,True,False,False,False,False,False,False,True,True,False,False,False,False
100687,47.0,78331.37,Silver,12.0,2.0,104.31,7.3,420,4.0,1.15,62.53,1251.72,1,1,False,True,False,False,False,False,True,False,False,False,False,False,True
104826,30.0,41576.99,Bronze,6.0,15.0,193.05,8.4,2069,0.375,5.67,35.86,1158.3,0,0,False,True,False,False,False,False,False,True,False,True,False,False,False
100022,30.0,53178.86,Silver,10.0,34.0,43.88,8.4,670,0.2857,1.84,120.92,438.8,0,1,True,False,False,False,False,True,False,False,False,False,True,False,False
102753,19.0,110491.95000000001,Bronze,14.0,22.6,32.02,8.9,2417,0.5932,6.62,245.93,448.28,0,0,True,False,False,False,True,False,False,False,False,False,True,False,False
100918,44.0,44905.26,Silver,8.0,43.4,65.34,7.0,1512,0.1802,4.14,85.74,522.72,0,1,True,False,False,False,False,False,False,True,False,False,False,True,False
101041,27.0,57368.96,Gold,8.0,45.0,186.09,3.9,1105,0.1739,3.03,38.51,1488.72,1,2,False,True,False,True,False,False,False,False,False,True,False,False,False
105188,38.0,42037.66,Bronze,8.0,22.6,111.26,8.5,2342,0.339,6.42,47.18,890.08,0,0,False,True,False,False,False,False,True,False,False,False,False,True,False
100278,25.0,110491.95000000001,Silver,4.0,126.0,56.94,6.8,864,0.0315,2.37,483.0,227.76,0,1,False,True,False,False,False,False,True,False,False,False,True,False,False
102085,50.0,49585.53,Platinum,6.0,38.0,257.51,9.3,2025,0.1538,5.55,32.07,1545.06,1,3,False,True,False,False,False,False,True,False,False,False,False,False,True
101246,39.0,66836.5,Silver,4.0,18.0,49.66,5.9,2187,0.2105,5.99,334.79,198.64,0,1,False,True,False,False,True,False,False,False,False,False,True,False,False
102383,20.0,104350.42,Bronze,15.0,39.0,104.31,6.5,1209,0.375,3.31,66.65,1564.65,1,0,False,True,False,False,False,True,False,False,False,False,False,True,False
100572,37.0,95172.61,Silver,8.0,8.2,191.37,6.8,166,0.8696,0.45,62.12,1530.96,1,1,False,True,False,False,False,False,True,False,True,False,False,False,False
101436,37.0,20255.22,Silver,9.0,28.0,95.39,7.1,395,0.3103,1.08,23.57,858.51,0,1,False,True,False,False,False,False,True,False,False,False,False,True,False
103903,20.0,53178.86,Bronze,11.0,35.0,86.71,6.6,2258,0.3056,6.19,55.7,953.81,0,0,True,False,False,False,True,False,False,False,True,False,False,False,False
101248,18.0,65652.26,Silver,7.0,17.0,104.31,10.0,1409,0.3889,3.86,89.79,730.17,0,1,True,False,False,False,False,False,False,True,False,False,True,False,False
103527,43.0,52284.83,Silver,5.0,64.0,70.27,3.7,495,0.0769,1.36,148.39,351.35,0,1,False,True,False,False,False,False,True,False,False,False,False,True,False
102515,39.0,82207.48,Silver,10.0,167.0,186.9,9.3,405,0.0595,1.11,43.96,1869.0,1,1,True,False,False,False,False,True,False,False,False,True,False,False,False
101008,34.0,26612.24,Bronze,8.0,49.0,168.16,8.9,309,0.16,0.85,19.77,1345.28,1,0,True,False,False,True,False,False,False,False,False,False,False,False,True
105193,42.0,32270.56,Bronze,13.0,183.0,101.47,5.9,1213,0.0707,3.32,24.45,1319.11,1,0,False,False,True,False,False,False,True,False,False,False,False,False,True
102065,34.0,62809.58,Bronze,10.0,11.0,58.51,6.0,2223,0.8333,6.09,107.17,585.1,0,0,True,False,False,False,False,False,True,False,False,True,False,False,False
105749,29.0,59088.73,Bronze,10.0,38.8,89.04,8.7,2321,0.2513,6.36,66.29,890.4,0,0,False,True,False,False,False,False,False,True,False,False,True,False,False
101691,32.0,60541.49,Bronze,4.0,3.0,40.66,6.9,1445,1.0,3.96,369.97,162.64,0,0,False,False,True,False,False,False,False,True,False,False,False,False,True
105590,26.0,110491.95000000001,Silver,7.0,37.0,82.05,7.3,195,0.1842,0.53,192.04,574.35,0,1,True,False,False,False,True,False,False,False,False,True,False,False,False
101986,35.0,57862.82,Silver,10.0,20.0,190.79,7.1,1893,0.4762,5.19,30.31,1907.9,1,1,False,True,False,False,False,False,False,True,False,True,False,False,False
100295,35.0,32359.0,Bronze,11.0,31.0,203.2,7.3,909,0.3438,2.49,14.47,2235.2,1,0,False,True,False,False,False,True,False,False,False,False,False,False,True
101548,28.0,48949.16,Silver,10.0,59.0,150.26,9.5,66,0.1667,0.18,32.55,1502.6,1,1,False,True,False,False,False,False,True,False,False,False,False,True,False
102013,46.0,53178.86,Silver,12.0,36.2,135.81,7.0,66,0.3226,0.18,32.61,1629.72,1,1,True,False,False,False,False,True,False,False,False,False,False,False,True
100589,41.0,40491.3,Bronze,6.0,5.0,18.42,7.0,1581,1.0,4.33,363.09,110.52,0,0,True,False,False,False,False,False,True,False,False,False,True,False,False
103330,35.0,58136.05,Bronze,12.0,17.0,269.725,7.8,1416,0.6667,3.88,17.96,3236.7,1,0,True,False,False,False,False,False,True,False,False,False,False,True,False
102404,30.0,53178.86,Platinum,11.0,2.0,187.14,6.9,1110,3.6667,3.04,25.82,2058.54,1,3,True,False,False,True,False,False,False,False,True,False,False,False,False
102130,51.0,39754.83,Silver,9.0,27.0,104.31,7.6,2331,0.3214,6.39,42.3,938.79,0,1,True,False,False,False,False,False,True,False,False,False,False,True,False
103999,30.0,89871.39,Silver,3.0,47.0,116.16,4.7,2079,0.0625,5.7,257.16,348.48,0,1,False,True,False,False,False,True,False,False,False,False,False,True,False
105251,37.0,45482.05,Gold,9.0,92.0,95.05,6.8,1452,0.0968,3.98,53.11,855.45,0,2,True,False,False,False,False,False,True,False,False,True,False,False,False
103742,29.0,89939.87,Bronze,16.0,55.2,104.31,6.8,1217,0.2847,3.33,53.86,1668.96,1,0,True,False,False,False,True,False,False,False,False,False,False,True,False
103509,45.0,53386.75,Silver,6.0,61.2,102.99,8.3,765,0.0965,2.1,86.26,617.94,0,1,False,True,False,False,False,False,True,False,False,False,True,False,False
102720,25.0,55559.25,Bronze,8.0,20.0,104.31,4.9,52,0.381,0.14,66.5,834.48,0,0,True,False,False,False,False,False,True,False,False,True,False,False,False
105462,36.0,53178.86,Silver,6.0,20.0,108.73,6.9,1536,0.2857,4.21,81.39,652.38,0,1,True,False,False,False,False,False,True,False,True,False,False,False,False
105468,56.0,21574.46,Bronze,9.0,39.0,32.11,7.0,1648,0.225,4.52,74.4,288.99,0,0,False,True,False,False,False,False,False,True,False,False,False,False,True
100557,29.0,53178.86,Bronze,7.0,1.0,80.56,6.6,257,3.5,0.7,94.14,563.92,0,0,False,True,False,False,False,False,True,False,False,False,False,True,False
102470,38.0,69735.5,Platinum,4.0,34.2,97.07,8.5,2082,0.1136,5.7,179.14,388.28,0,3,False,True,False,False,True,False,False,False,False,True,False,False,False
103739,30.0,53178.86,Bronze,10.0,47.8,65.07,6.8,1918,0.2049,5.25,81.6,650.7,0,0,True,False,False,False,False,False,True,False,False,False,False,True,False
104933,59.0,38096.89,Silver,9.0,28.0,143.27,5.7,95,0.3103,0.26,29.52,1289.43,1,1,True,False,False,False,False,True,False,False,False,False,True,False,False
101717,31.0,97521.53,Bronze,7.0,26.6,51.05,8.8,1005,0.2536,2.75,272.14,357.35,0,0,False,True,False,False,False,True,False,False,False,False,False,True,False
102605,52.0,91386.95,Silver,10.0,38.2,92.17,7.8,861,0.2551,2.36,99.04,921.7,0,1,False,False,True,False,False,True,False,False,False,False,True,False,False
104944,29.0,63355.3,Silver,8.0,82.0,118.03,6.2,844,0.0964,2.31,67.03,944.24,0,1,True,False,False,False,False,True,False,False,False,False,True,False,False
101705,41.0,56443.22,Gold,7.0,155.0,72.05,7.9,715,0.0449,1.96,111.69,504.35,0,2,False,True,False,False,False,False,False,True,False,False,True,False,False
102140,53.0,106878.59,Gold,9.0,58.4,184.56,7.1,2324,0.1515,6.37,64.31,1661.04,1,2,True,False,False,False,False,False,False,True,True,False,False,False,False
103240,24.0,58553.32,Gold,6.0,48.8,160.55,9.7,1975,0.1205,5.41,60.72,963.3,0,2,True,False,False,False,False,False,False,True,False,False,False,False,True
102384,32.0,38053.21,Silver,6.0,24.0,104.31,5.8,1950,0.24,5.34,60.7,625.86,0,1,False,True,False,False,False,False,True,False,False,False,True,False,False
104312,38.0,40363.44,Silver,8.0,5.0,97.82,6.2,930,1.3333,2.55,51.51,782.56,0,1,False,True,False,False,False,True,False,False,False,False,True,False,False
101286,41.0,69202.71,Silver,8.0,30.4,127.12,9.5,990,0.2548,2.71,67.98,1016.96,0,1,True,False,False,False,True,False,False,False,False,True,False,False,False
105106,28.0,53178.86,Gold,5.0,27.0,147.95,7.4,2080,0.1786,5.7,71.79,739.75,0,2,False,True,False,False,True,False,False,False,True,False,False,False,False
105358,37.0,43059.39,Gold,9.0,64.0,161.9,5.4,1890,0.1385,5.18,29.53,1457.1,1,2,True,False,False,False,False,False,True,False,False,False,True,False,False
103931,25.0,27118.6,Gold,10.0,19.8,115.51,6.8,2046,0.4808,5.61,23.46,1155.1,0,2,False,True,False,False,False,False,True,False,False,False,False,False,True
104538,42.0,50430.91,Bronze,3.0,39.4,218.74,5.5,1202,0.0743,3.29,76.73,656.22,0,0,False,True,False,False,False,False,False,True,False,False,True,False,False
101592,21.0,90739.49,Silver,6.0,8.0,146.19,5.9,882,0.6667,2.42,103.33,877.14,0,1,True,False,False,False,True,False,False,False,False,True,False,False,False
102163,54.0,32200.29,Bronze,7.0,63.4,104.31,8.5,773,0.1087,2.12,44.04,730.17,0,0,False,True,False,False,False,False,True,False,False,False,True,False,False
102397,33.0,40042.43,Silver,6.0,27.0,238.78,6.7,283,0.2143,0.78,27.93,1432.68,1,1,False,True,False,False,False,True,False,False,False,True,False,False,False
100318,30.0,42634.96,Platinum,9.0,51.0,226.34,8.8,302,0.1731,0.83,20.92,2037.06,1,3,False,True,False,False,True,False,False,False,False,False,True,False,False
105384,43.0,66342.59,Bronze,5.0,12.0,53.27,7.7,1062,0.3846,2.91,248.15,266.35,0,0,False,True,False,False,False,False,True,False,False,False,False,True,False
103112,53.0,78755.72,Bronze,8.0,1.0,21.96,6.8,955,4.0,2.62,445.75,175.68,0,0,False,True,False,True,False,False,False,False,False,False,True,False,False
104037,64.0,33767.4,Bronze,10.0,62.0,28.08,8.6,876,0.1587,2.4,119.83,280.8,0,0,False,True,False,True,False,False,False,False,True,False,False,False,False
100796,37.0,110491.95000000001,Bronze,9.0,3.0,20.29,8.2,2306,2.25,6.32,601.78,182.61,0,0,True,False,False,False,False,True,False,False,False,True,False,False,False
103021,23.0,65208.56,Bronze,6.0,119.6,58.04,8.3,1952,0.0498,5.35,186.72,348.24,0,0,False,True,False,True,False,False,False,False,False,False,False,False,True
101712,18.0,86175.04,Platinum,5.0,51.0,104.31,6.7,2138,0.0962,5.86,164.91,521.55,0,3,True,False,False,False,False,True,False,False,False,True,False,False,False
103388,32.0,39648.44,Gold,10.0,55.0,70.49,8.1,1979,0.1786,5.42,56.17,704.9,0,2,True,False,False,False,False,False,True,False,False,False,True,False,False
100914,31.0,53178.86,Bronze,10.0,116.0,124.48,8.0,572,0.0855,1.57,42.69,1244.8,1,0,False,True,False,False,False,False,True,False,False,True,False,False,False
103973,41.0,50226.43,Bronze,9.0,12.0,104.31,8.4,2473,0.6923,6.78,53.44,938.79,0,0,False,False,True,False,False,True,False,False,True,False,False,False,False
104134,37.0,32369.59,Bronze,7.0,16.0,37.56,8.6,1519,0.4118,4.16,122.65,262.92,0,0,True,False,False,False,False,True,False,False,True,False,False,False,False
100975,26.0,103767.98,Platinum,8.0,89.0,218.95,8.4,1279,0.0889,3.5,59.21,1751.6,1,3,False,True,False,False,False,True,False,False,False,False,True,False,False
100984,47.0,31260.11,Bronze,5.0,30.4,125.47,6.1,2341,0.1592,6.41,49.75,627.35,0,0,False,True,False,False,False,False,False,True,True,False,False,False,False
105210,22.0,84003.19,Silver,7.0,182.0,78.88,6.7,736,0.0383,2.02,151.86,552.16,0,1,False,True,False,False,False,False,False,True,False,True,False,False,False
101419,50.0,47465.57,Platinum,9.0,20.0,216.81,5.9,360,0.4286,0.99,24.31,1951.29,1,3,False,True,False,False,False,False,False,True,False,False,True,False,False
101561,33.0,65268.11,Gold,6.0,75.0,121.38,6.3,1837,0.0789,5.03,89.5,728.28,0,2,False,True,False,True,False,False,False,False,False,False,False,True,False
104136,31.0,65939.1,Gold,10.0,40.4,83.32,3.5,2479,0.2415,6.79,79.04,833.2,0,2,False,True,False,False,False,True,False,False,True,False,False,False,False
104266,32.0,53178.86,Silver,7.0,39.4,191.08,9.4,2074,0.1733,5.68,39.73,1337.56,1,1,True,False,False,False,True,False,False,False,True,False,False,False,False
101356,44.0,34015.88,Silver,7.0,31.0,91.73,8.7,624,0.2188,1.71,52.89,642.11,0,1,True,False,False,False,True,False,False,False,False,False,True,False,False
105692,34.0,72427.8,Bronze,11.0,27.0,104.31,6.9,924,0.3929,2.53,63.07,1147.41,0,0,True,False,False,False,False,False,False,True,True,False,False,False,False
100988,42.0,75593.68,Gold,6.0,29.2,243.81,6.4,2040,0.1987,5.59,51.64,1462.86,1,2,True,False,False,False,False,False,True,False,False,False,False,True,False
102683,50.0,53178.86,Silver,11.0,11.0,71.11,6.0,31,0.9167,0.08,67.9,782.21,0,1,False,True,False,True,False,False,False,False,False,False,True,False,False
101641,20.0,53178.86,Bronze,15.0,32.8,124.86,10.0,400,0.4438,1.1,28.38,1872.9,1,0,False,True,False,False,False,True,False,False,False,True,False,False,False
101291,40.0,110491.95000000001,Bronze,11.0,13.0,59.08,9.6,1472,0.7857,4.03,169.76,649.88,0,0,True,False,False,False,False,False,True,False,False,False,False,False,True
103682,45.0,52010.12,Bronze,7.0,10.0,60.5,6.6,858,0.6364,2.35,122.52,423.5,0,0,False,True,False,False,True,False,False,False,False,False,True,False,False
101381,53.0,52509.96,Gold,3.0,35.2,96.88,7.9,373,0.0829,1.02,180.05,290.64,0,2,False,True,False,False,True,False,False,False,False,True,False,False,False
101934,54.0,39031.47,Silver,11.0,22.0,25.79,5.8,2220,0.4783,6.08,137.1,283.69,0,1,False,True,False,True,False,False,False,False,False,False,True,False,False
105046,54.0,50674.98,Gold,10.0,38.0,72.33,9.3,820,0.2564,2.25,69.96,723.3,0,2,False,True,False,False,False,True,False,False,True,False,False,False,False
103161,37.0,38936.56,Gold,6.0,28.6,104.31,7.7,1071,0.2027,2.93,62.11,625.86,0,2,True,False,False,False,False,False,False,True,False,False,True,False,False
102031,54.0,68671.53,Bronze,8.0,10.0,78.56,9.2,94,0.7273,0.26,109.09,628.48,0,0,False,True,False,False,False,True,False,False,False,False,True,False,False
100893,33.0,29093.38,Bronze,5.0,68.0,76.72,8.2,1383,0.0725,3.79,75.65,383.6,0,0,False,True,False,False,True,False,False,False,False,False,False,False,True
104070,18.0,110491.95000000001,Silver,5.0,65.0,104.31,6.6,253,0.0758,0.69,211.45,521.55,0,1,True,False,False,False,False,True,False,False,False,True,False,False,False
104256,50.0,64302.23,Silver,8.0,52.8,97.98,7.2,250,0.1487,0.68,81.93,783.84,0,1,False,True,False,False,False,False,False,True,False,False,True,False,False
100003,47.0,79923.05,Bronze,11.0,24.0,52.13,7.5,630,0.44,1.73,139.13,573.43,0,0,False,True,False,False,False,True,False,False,False,False,True,False,False
102110,41.0,37382.22,Silver,7.0,79.0,167.56,5.8,1522,0.0875,4.17,31.84,1172.92,0,1,False,True,False,False,False,True,False,False,True,False,False,False,False
100850,50.0,96046.72,Bronze,10.0,47.6,104.31,8.4,366,0.2058,1.0,91.99,1043.1,0,0,False,True,False,False,False,False,False,True,False,False,False,False,True
102738,35.0,53178.86,Gold,9.0,28.2,196.01,7.2,1481,0.3082,4.06,30.13,1764.09,1,2,True,False,False,False,True,False,False,False,False,False,True,False,False
102467,33.0,53178.86,Bronze,12.0,4.0,58.07,9.2,695,2.4,1.9,76.2,696.84,0,0,True,False,False,False,False,True,False,False,False,True,False,False,False
101915,52.0,33052.55,Silver,10.0,27.0,118.12,6.8,1941,0.3571,5.32,27.96,1181.2,0,1,False,True,False,False,False,False,False,True,False,True,False,False,False
101597,42.0,53842.08,Platinum,7.0,41.0,269.725,7.4,2431,0.1667,6.66,28.5,1888.08,1,3,False,True,False,False,False,False,False,True,False,False,True,False,False
101914,18.0,25307.35,Bronze,5.0,33.0,145.94,8.9,679,0.1471,1.86,34.63,729.7,0,0,False,True,False,False,True,False,False,False,False,True,False,False,False
105653,47.0,53178.86,Bronze,9.0,4.0,92.1,8.2,1161,1.8,3.18,64.08,828.9,0,0,True,False,False,False,False,False,False,True,False,False,False,False,True
102737,27.0,77318.89,Silver,7.0,50.0,112.68,6.6,1621,0.1373,4.44,97.9,788.76,0,1,False,True,False,True,False,False,False,False,False,False,False,False,True
100054,34.0,110491.95000000001,Bronze,4.0,33.2,73.12,4.9,1136,0.117,3.11,376.49,292.48,0,0,False,True,False,False,False,True,False,False,False,True,False,False,False
101797,34.0,41784.63,Silver,12.0,66.8,72.13,4.5,2025,0.177,5.55,48.22,865.56,0,1,True,False,False,False,True,False,False,False,False,False,True,False,False
103846,18.0,75826.68,Silver,8.0,23.0,223.44,8.6,772,0.3333,2.12,42.4,1787.52,1,1,True,False,False,False,False,False,True,False,False,True,False,False,False
102554,18.0,82797.22,Bronze,7.0,3.0,71.6,6.2,1328,1.75,3.64,164.87,501.2,0,0,False,True,False,False,True,False,False,False,False,False,False,True,False
102801,35.0,76512.25,Gold,3.0,45.0,70.54,10.0,2095,0.0652,5.74,359.85,211.62,0,2,True,False,False,False,True,False,False,False,False,True,False,False,False
100937,24.0,39080.64,Silver,15.0,53.0,118.82,8.8,1097,0.2778,3.01,21.91,1782.3,1,1,False,True,False,False,False,True,False,False,False,False,True,False,False
104942,32.0,53178.86,Bronze,6.0,64.2,76.03,7.3,976,0.092,2.67,116.32,456.18,0,0,True,False,False,False,False,False,True,False,False,False,True,False,False
104322,39.0,46317.05,Bronze,9.0,36.0,104.31,7.2,1458,0.2432,3.99,49.28,938.79,0,0,False,True,False,False,False,True,False,False,False,False,True,False,False
103402,48.0,80646.07,Silver,7.0,48.2,135.94,4.1,974,0.1423,2.67,84.66,951.58,0,1,True,False,False,True,False,False,False,False,False,True,False,False,False
101390,27.0,52010.65,Bronze,10.0,62.0,122.36,7.2,411,0.1587,1.13,42.47,1223.6,1,0,True,False,False,False,False,False,False,True,False,False,False,False,True
103565,55.0,30802.89,Silver,8.0,31.8,80.36,6.5,763,0.2439,2.09,47.84,642.88,0,1,True,False,False,False,False,False,True,False,False,False,True,False,False
100885,25.0,48965.47,Bronze,8.0,50.0,133.21,6.5,1790,0.1569,4.9,45.9,1065.68,0,0,False,True,False,False,False,False,False,True,False,True,False,False,False
101869,34.0,53178.86,Bronze,9.0,55.6,73.29,5.8,457,0.159,1.25,80.5,659.61,0,0,False,False,True,False,False,False,True,False,False,False,False,True,False
100011,49.0,25891.48,Bronze,9.0,77.8,59.03,5.9,1955,0.1142,5.36,48.64,531.27,0,0,True,False,False,False,False,False,True,False,False,False,False,False,True
103416,39.0,34518.99,Gold,9.0,70.0,59.73,6.1,441,0.1268,1.21,64.09,537.57,0,2,True,False,False,False,False,False,False,True,False,False,False,False,True
101464,44.0,37812.13,Bronze,3.0,131.0,77.23,5.9,1933,0.0227,5.3,162.5,231.69,0,0,False,True,False,False,False,False,False,True,False,True,False,False,False
100807,36.0,88553.12,Platinum,6.0,43.0,124.95,6.3,1768,0.1364,4.84,117.96,749.7,0,3,True,False,False,True,False,False,False,False,False,True,False,False,False
104716,58.0,58196.45,Silver,8.0,26.0,106.14,10.0,1803,0.2963,4.94,68.46,849.12,0,1,True,False,False,False,False,False,True,False,False,False,True,False,False
104069,37.0,58042.3,Bronze,4.0,33.0,23.71,7.3,1739,0.1176,4.76,605.62,94.84,0,0,True,False,False,False,True,False,False,False,False,True,False,False,False
102109,28.0,53178.86,Bronze,7.0,22.2,35.69,5.4,2336,0.3017,6.4,212.01,249.83,0,0,True,False,False,False,False,False,True,False,False,False,True,False,False
105063,26.0,110491.95000000001,Silver,12.0,1.0,72.71,5.5,2074,6.0,5.68,126.49,872.52,0,1,False,True,False,False,False,True,False,False,False,False,True,False,False
102235,27.0,50331.69,Silver,8.0,45.0,63.62,6.9,46,0.1739,0.13,98.7,508.96,0,1,True,False,False,True,False,False,False,False,False,False,True,False,False
100964,37.0,66503.59,Silver,9.0,24.6,152.54,7.1,1072,0.3516,2.94,48.41,1372.86,1,1,True,False,False,True,False,False,False,False,False,True,False,False,False
104495,42.0,70571.24,Bronze,4.0,227.0,164.36,5.7,1144,0.0175,3.13,107.18,657.44,0,0,False,True,False,False,False,False,True,False,False,True,False,False,False
100705,51.0,34288.67,Bronze,7.0,49.0,137.62,8.2,1519,0.14,4.16,35.56,963.34,0,0,True,False,False,False,True,False,False,False,False,False,False,False,True
100432,44.0,59201.16,Silver,9.0,9.0,269.725,6.8,1210,0.9,3.32,24.38,2427.52,1,1,True,False,False,False,True,False,False,False,False,False,True,False,False
104389,18.0,58273.68,Silver,9.0,81.0,51.75,10.0,916,0.1098,2.51,124.85,465.75,0,1,False,True,False,False,False,False,False,True,False,False,False,True,False
100146,33.0,44220.6,Silver,9.0,22.8,51.09,5.0,1722,0.3782,4.72,95.96,459.81,0,1,False,True,False,True,False,False,False,False,True,False,False,False,False
102034,33.0,59385.17,Silver,6.0,5.0,104.31,6.2,1736,1.0,4.76,94.73,625.86,0,1,False,False,True,False,False,False,False,True,False,False,False,False,True
105031,52.0,35786.74,Bronze,9.0,43.0,105.28,6.6,62,0.2045,0.17,37.73,947.52,0,0,True,False,False,False,False,False,False,True,False,False,False,True,False
101166,28.0,76738.69,Platinum,7.0,127.0,104.31,6.7,2478,0.0547,6.79,104.95,730.17,0,3,True,False,False,True,False,False,False,False,False,True,False,False,False
103501,35.0,21821.85,Silver,9.0,34.0,118.66,7.7,46,0.2571,0.13,20.41,1067.94,0,1,True,False,False,False,False,False,True,False,False,False,False,False,True
102051,47.0,64115.61,Bronze,7.0,18.0,269.725,10.0,845,0.3684,2.32,33.94,1888.08,1,0,False,True,False,True,False,False,False,False,False,False,True,False,False
102625,31.0,33001.03,Gold,8.0,73.0,58.28,8.4,2312,0.1081,6.33,70.63,466.24,0,2,True,False,False,False,False,True,False,False,False,False,False,False,True
104485,39.0,35036.97,Bronze,5.0,98.0,104.31,5.5,1468,0.0505,4.02,67.05,521.55,0,0,False,True,False,False,False,False,True,False,False,False,False,True,False
104436,48.0,40054.29,Bronze,8.0,21.0,84.6,3.0,2223,0.3636,6.09,59.09,676.8,0,0,True,False,False,False,False,False,False,True,True,False,False,False,False
104779,37.0,67639.92,Bronze,9.0,91.8,112.04,7.3,934,0.097,2.56,67.01,1008.36,0,0,False,True,False,False,False,False,False,True,False,False,False,True,False
104649,40.0,55761.18,Gold,6.0,15.0,101.53,7.8,530,0.375,1.45,91.38,609.18,0,2,True,False,False,False,False,False,False,True,False,False,True,False,False
104362,42.0,53178.86,Bronze,10.0,31.0,268.63,7.1,364,0.3125,1.0,19.79,2686.3,1,0,False,True,False,False,False,True,False,False,False,False,False,True,False
102425,39.0,52870.62,Bronze,12.0,221.0,173.73,10.0,1213,0.0541,3.32,25.35,2084.76,1,0,False,True,False,False,True,False,False,False,False,False,False,False,True
101263,48.0,90139.23,Gold,8.0,37.0,152.83,8.8,762,0.2105,2.09,73.66,1222.64,1,2,False,True,False,False,False,False,False,True,False,False,False,False,True
101772,39.0,42480.21,Silver,8.0,1.0,77.05,6.7,460,4.0,1.26,68.81,616.4,0,1,False,True,False,False,True,False,False,False,False,True,False,False,False
103512,21.0,33664.52,Gold,8.0,52.0,97.74,7.2,200,0.1509,0.55,43.0,781.92,0,2,True,False,False,False,False,False,False,True,False,False,True,False,False
100272,42.0,21746.08,Gold,14.0,103.0,132.98,8.3,2004,0.1346,5.49,11.67,1861.72,1,2,False,True,False,False,False,False,True,False,False,False,True,False,False
100245,64.0,108883.06,Bronze,6.0,65.0,197.29,7.8,1179,0.0909,3.23,91.9,1183.74,0,0,False,True,False,False,True,False,False,False,False,False,True,False,False
105821,33.0,43778.59,Gold,6.0,43.0,104.31,6.8,1635,0.1364,4.48,69.84,625.86,0,2,False,True,False,False,False,True,False,False,True,False,False,False,False
104573,42.0,45794.27,Silver,14.0,54.8,269.725,10.0,1574,0.2509,4.31,12.12,3776.15,1,1,False,True,False,False,False,False,True,False,False,False,False,False,True
102033,46.0,69120.74,Silver,7.0,9.0,88.68,6.9,1587,0.7,4.35,111.17,620.76,0,1,False,True,False,False,False,False,True,False,False,True,False,False,False
104741,35.0,48948.58,Gold,5.0,4.0,79.51,4.8,1077,1.0,2.95,122.82,397.55,0,2,True,False,False,False,False,False,False,True,False,False,False,True,False
100814,32.0,33402.56,Bronze,4.0,1.0,57.12,6.7,1451,2.0,3.98,145.56,228.48,0,0,False,True,False,False,False,False,False,True,False,True,False,False,False
103811,41.0,40031.53,Gold,17.0,38.0,104.31,6.9,1589,0.4359,4.35,22.56,1773.27,1,2,True,False,False,True,False,False,False,False,False,False,True,False,False
104869,64.0,73194.42,Bronze,7.0,63.0,133.41,5.6,2333,0.1094,6.39,78.29,933.87,0,0,True,False,False,True,False,False,False,False,False,True,False,False,False
101805,39.0,53178.86,Bronze,2.0,23.0,88.59,7.4,2009,0.0833,5.5,298.46,177.18,0,0,True,False,False,False,False,False,False,True,False,False,False,False,True
104347,27.0,34928.55,Bronze,9.0,15.0,31.69,8.9,574,0.5625,1.57,122.04,285.21,0,0,True,False,False,True,False,False,False,False,False,False,False,True,False
102462,22.0,57857.77,Bronze,5.0,113.0,103.8,7.8,1848,0.0439,5.06,111.26,519.0,0,0,False,True,False,False,True,False,False,False,False,False,True,False,False
100546,36.0,53219.91,Gold,8.0,28.0,105.1,8.7,629,0.2759,1.72,63.22,840.8,0,2,True,False,False,False,True,False,False,False,False,False,False,False,True
103242,28.0,71407.34,Bronze,6.0,65.8,192.72,9.8,238,0.0898,0.65,61.7,1156.32,0,0,True,False,False,False,False,True,False,False,False,True,False,False,False
100739,19.0,41470.89,Bronze,4.0,33.2,104.31,10.0,417,0.117,1.14,99.16,417.24,0,0,True,False,False,False,False,True,False,False,False,False,False,False,True
100311,52.0,69913.06,Platinum,7.0,50.0,230.59,6.3,493,0.1373,1.35,43.29,1614.13,1,3,False,True,False,True,False,False,False,False,False,False,False,False,True
103522,38.0,45875.61,Bronze,4.0,20.0,56.1,5.3,1959,0.1905,5.37,203.53,224.4,0,0,False,True,False,False,False,True,False,False,False,True,False,False,False
101132,35.0,57906.29,Bronze,5.0,50.0,104.31,4.5,892,0.098,2.44,110.81,521.55,0,0,False,True,False,False,False,False,True,False,False,False,True,False,False
105907,39.0,46550.09,Silver,9.0,6.0,144.98,7.1,2271,1.2857,6.22,35.65,1304.82,1,1,True,False,False,False,True,False,False,False,False,True,False,False,False
104112,45.0,53178.86,Silver,8.0,64.0,104.31,6.8,2351,0.1231,6.44,63.65,834.48,0,1,True,False,False,False,False,False,True,False,False,True,False,False,False
102770,47.0,54135.35,Silver,9.0,116.0,45.58,9.2,1099,0.0769,3.01,131.65,410.22,0,1,True,False,False,False,True,False,False,False,False,False,False,True,False
100921,34.0,101903.36,Silver,11.0,16.0,136.16,10.0,310,0.6471,0.85,67.99,1497.76,1,1,True,False,False,True,False,False,False,False,False,True,False,False,False
103588,40.0,52746.37,Silver,6.0,83.0,219.39,5.5,1950,0.0714,5.34,40.04,1316.34,1,1,False,True,False,False,False,False,False,True,False,True,False,False,False
103960,28.0,24500.46,Platinum,4.0,43.0,269.725,8.4,973,0.0909,2.67,22.69,1078.9,0,3,False,True,False,False,True,False,False,False,False,False,False,False,True
100039,28.0,37674.56,Bronze,5.0,133.0,77.89,8.2,2128,0.0373,5.83,96.49,389.45,0,0,True,False,False,False,True,False,False,False,False,False,False,False,True
104460,41.0,98848.81,Bronze,12.0,4.0,21.71,6.8,1525,2.4,4.18,377.98,260.52,0,0,True,False,False,False,True,False,False,False,True,False,False,False,False
104279,33.0,14553.0,Silver,8.0,4.0,139.16,7.1,836,1.6,2.29,13.06,1113.28,0,1,True,False,False,False,True,False,False,False,False,False,False,True,False
102984,41.0,59469.1,Bronze,10.0,42.0,126.99,6.3,1485,0.2326,4.07,46.79,1269.9,1,0,False,True,False,True,False,False,False,False,False,True,False,False,False
105986,45.0,48176.49,Gold,7.0,63.2,177.52,8.6,2479,0.109,6.79,38.74,1242.64,1,2,True,False,False,False,True,False,False,False,True,False,False,False,False
102668,35.0,68395.13,Platinum,11.0,8.0,145.4,6.2,69,1.2222,0.19,42.74,1599.4,1,3,True,False,False,False,True,False,False,False,False,False,False,True,False
103224,18.0,35808.14,Bronze,7.0,61.4,62.84,6.7,868,0.1122,2.38,81.22,439.88,0,0,True,False,False,False,False,False,True,False,True,False,False,False,False
100615,28.0,53178.86,Platinum,6.0,3.0,176.59,8.5,2302,1.5,6.31,50.14,1059.54,0,3,True,False,False,False,False,True,False,False,False,False,True,False,False
105890,35.0,110491.95000000001,Gold,8.0,49.0,101.95,6.0,2105,0.16,5.77,135.31,815.6,0,2,True,False,False,False,True,False,False,False,False,True,False,False,False
101467,23.0,45247.16,Silver,7.0,4.0,158.62,6.3,1579,1.4,4.33,40.71,1110.34,0,1,True,False,False,False,False,True,False,False,False,False,False,True,False
104498,18.0,50110.45,Bronze,3.0,48.4,7.22,5.7,1368,0.0607,3.75,2211.41,21.66,0,0,False,True,False,False,False,False,True,False,False,True,False,False,False
103043,27.0,32237.66,Silver,4.0,48.0,155.34,5.8,306,0.0816,0.84,51.8,621.36,0,1,False,True,False,False,True,False,False,False,True,False,False,False,False
100935,42.0,53178.86,Silver,6.0,72.0,133.7,5.9,1386,0.0822,3.8,66.21,802.2,0,1,True,False,False,False,False,False,True,False,False,False,False,True,False
102420,18.0,65544.66,Gold,4.0,3.0,210.18,5.9,331,1.0,0.91,77.87,840.72,0,2,False,True,False,False,False,True,False,False,False,False,True,False,False
104857,20.0,57144.61,Bronze,7.0,16.0,115.35,6.1,1345,0.4118,3.68,70.68,807.45,0,0,True,False,False,False,False,False,True,False,False,False,False,False,True
100827,38.0,22233.08,Silver,12.0,266.0,230.17,7.0,1686,0.0449,4.62,8.05,2762.04,1,1,False,True,False,False,True,False,False,False,False,True,False,False,False
101522,6.0,64208.83,Silver,12.0,107.0,104.31,7.4,1478,0.1111,4.05,51.26,1251.72,1,1,True,False,False,False,True,False,False,False,False,True,False,False,False
102931,29.0,80820.0,Bronze,10.0,75.0,107.05,5.0,807,0.1316,2.21,75.43,1070.5,0,0,True,False,False,False,False,False,True,False,False,False,False,False,True
104233,26.0,53178.86,Bronze,11.0,19.0,32.51,6.3,933,0.55,2.56,148.29,357.61,0,0,False,True,False,False,True,False,False,False,False,False,False,True,False
100629,26.0,42594.83,Silver,7.0,58.0,30.94,6.3,1678,0.1186,4.6,195.77,216.58,0,1,True,False,False,False,False,False,False,True,False,True,False,False,False
104431,37.0,86702.42,Silver,15.0,26.0,147.28,2.5,1010,0.5556,2.77,39.23,2209.2,1,1,True,False,False,False,False,False,False,True,False,False,False,False,True
103854,34.0,69813.98,Silver,6.0,86.0,95.12,9.0,735,0.069,2.01,122.11,570.72,0,1,False,True,False,True,False,False,False,False,False,True,False,False,False
100391,18.0,52489.75,Bronze,8.0,0.0,78.03,10.0,553,8.0,1.52,83.95,624.24,0,0,False,True,False,False,False,False,True,False,False,False,False,True,False
104346,42.0,39537.7,Bronze,8.0,57.0,165.51,9.1,1501,0.1379,4.11,29.84,1324.08,1,0,False,True,False,False,False,False,False,True,False,True,False,False,False
105851,50.0,92940.11,Gold,9.0,13.0,66.84,7.7,1025,0.6429,2.81,154.24,601.56,0,2,False,True,False,False,False,False,True,False,False,False,False,False,True
103991,41.0,65595.36,Silver,7.0,61.2,112.52,5.5,2494,0.1125,6.83,83.18,787.64,0,1,False,False,True,False,False,False,True,False,False,False,False,False,True
100401,36.0,88227.93,Silver,10.0,8.0,77.6,6.1,2493,1.1111,6.83,113.55,776.0,0,1,False,True,False,False,False,False,True,False,False,True,False,False,False
103360,40.0,43151.58,Gold,11.0,34.0,219.72,7.5,179,0.3143,0.49,17.85,2416.92,1,2,False,True,False,False,False,False,True,False,False,False,False,False,True
105754,52.0,36067.42,Gold,10.0,2.0,124.59,8.4,834,3.3333,2.28,28.93,1245.9,1,2,False,True,False,False,True,False,False,False,False,False,True,False,False
105910,54.0,53178.86,Silver,7.0,22.0,94.52,9.3,326,0.3043,0.89,80.25,661.64,0,1,False,True,False,False,False,True,False,False,False,False,True,False,False
103643,37.0,41981.84,Bronze,11.0,40.6,174.24,7.9,1041,0.2644,2.85,21.89,1916.64,1,0,True,False,False,False,False,False,True,False,False,True,False,False,False
103727,41.0,53178.86,Gold,9.0,10.0,158.98,8.5,812,0.8182,2.22,37.14,1430.82,1,2,False,True,False,False,False,False,True,False,True,False,False,False,False
102422,35.0,53178.86,Silver,7.0,30.0,117.45,7.9,516,0.2258,1.41,64.6,822.15,0,1,True,False,False,False,False,True,False,False,False,True,False,False,False
101751,29.0,39739.37,Silver,7.0,36.8,55.16,8.1,1598,0.1852,4.38,102.65,386.12,0,1,True,False,False,False,False,True,False,False,False,False,False,False,True
105799,29.0,47214.62,Silver,12.0,152.0,48.25,9.0,2087,0.0784,5.72,81.4,579.0,0,1,False,True,False,False,True,False,False,False,False,False,True,False,False
104908,26.0,55982.68,Platinum,10.0,161.0,162.05,7.4,1354,0.0617,3.71,34.53,1620.5,1,3,False,True,False,False,False,False,True,False,False,False,False,False,True
104063,30.0,20033.44,Gold,4.0,3.0,111.38,8.1,2286,1.0,6.26,44.87,445.52,0,2,True,False,False,False,False,False,True,False,False,False,False,True,False
100339,52.0,95321.42,Silver,8.0,20.8,139.65,6.7,1640,0.367,4.49,85.25,1117.2,0,1,False,True,False,False,False,False,True,False,False,True,False,False,False
100216,50.0,53178.86,Silver,6.0,21.0,142.51,9.7,2421,0.2727,6.63,62.12,855.06,0,1,True,False,False,True,False,False,False,False,False,False,False,True,False
103664,42.0,42824.69,Bronze,5.0,15.0,26.59,6.8,946,0.3125,2.59,319.71,132.95,0,0,False,True,False,False,False,False,False,True,False,True,False,False,False
101342,43.0,73143.61,Bronze,11.0,8.0,71.8,6.6,2409,1.2222,6.6,92.49,789.8,0,0,False,True,False,False,True,False,False,False,False,False,False,False,True
105485,48.0,66224.97,Bronze,6.0,25.0,176.57,6.1,950,0.2308,2.6,62.45,1059.42,0,0,True,False,False,False,False,True,False,False,False,False,False,False,True
103641,19.0,54454.8,Bronze,9.0,11.0,104.31,9.1,2410,0.75,6.6,57.94,938.79,0,0,False,True,False,False,True,False,False,False,False,False,False,False,True
100330,32.0,60343.75,Silver,10.0,124.0,104.31,9.9,1458,0.08,3.99,57.79,1043.1,0,1,False,True,False,False,False,False,False,True,False,True,False,False,False
103005,35.0,92419.35,Silver,6.0,32.0,193.72,8.0,2170,0.1818,5.95,79.44,1162.32,0,1,False,True,False,False,False,False,False,True,False,True,False,False,False
105732,38.0,48685.28,Bronze,14.0,88.0,60.48,8.4,1545,0.1573,4.23,57.43,846.72,0,0,True,False,False,False,True,False,False,False,False,False,False,False,True
103116,47.0,36575.06,Gold,11.0,7.0,43.08,7.9,197,1.375,0.54,77.02,473.88,0,2,False,True,False,True,False,False,False,False,False,True,False,False,False
105802,21.0,33290.23,Bronze,6.0,103.0,68.04,8.6,2100,0.0577,5.75,81.35,408.24,0,0,False,True,False,False,False,False,False,True,False,False,True,False,False
102323,52.0,23507.88,Bronze,8.0,51.2,64.6,8.2,650,0.1533,1.78,45.4,516.8,0,0,False,True,False,False,False,False,True,False,False,False,True,False,False
104198,18.0,41581.73,Platinum,8.0,36.0,107.86,8.7,231,0.2162,0.63,48.13,862.88,0,3,False,True,False,False,False,True,False,False,False,True,False,False,False
103550,45.0,43967.15,Silver,5.0,22.6,132.08,7.0,1582,0.2119,4.33,66.48,660.4,0,1,False,False,True,False,False,False,True,False,False,False,True,False,False
101459,59.0,40555.66,Platinum,9.0,48.4,183.45,6.4,258,0.1822,0.71,24.55,1651.05,1,3,False,True,False,False,False,False,False,True,False,True,False,False,False
100172,43.0,23595.46,Bronze,8.0,27.0,121.06,6.5,2247,0.2857,6.16,24.34,968.48,0,0,False,True,False,False,True,False,False,False,False,False,False,False,True
104204,63.0,18285.7,Gold,6.0,28.0,122.18,7.5,2166,0.2069,5.93,24.91,733.08,0,2,False,False,True,False,False,True,False,False,False,True,False,False,False
105021,29.0,89406.05,Bronze,10.0,152.0,46.59,8.9,469,0.0654,1.28,191.49,465.9,0,0,False,True,False,True,False,False,False,False,False,True,False,False,False
103570,48.0,53178.86,Silver,6.0,183.0,164.17,4.9,1088,0.0326,2.98,53.93,985.02,0,1,False,True,False,False,True,False,False,False,True,False,False,False,False
104227,43.0,54835.96,Bronze,13.0,36.0,16.73,7.3,1975,0.3514,5.41,250.98,217.49,0,0,True,False,False,False,False,False,False,True,False,False,False,False,True
104889,36.0,53178.86,Silver,6.0,44.0,175.44,6.7,1965,0.1333,5.38,50.47,1052.64,0,1,True,False,False,False,False,False,False,True,False,False,True,False,False
104937,41.0,46833.43,Bronze,7.0,57.2,27.71,7.9,1200,0.1203,3.29,240.21,193.97,0,0,False,True,False,True,False,False,False,False,True,False,False,False,False
100939,49.0,49680.26,Platinum,10.0,10.0,156.86,7.9,1057,0.9091,2.9,31.65,1568.6,1,3,True,False,False,False,False,False,False,True,False,False,True,False,False
100061,18.0,53178.86,Bronze,8.0,46.0,57.35,6.1,2462,0.1702,6.75,115.66,458.8,0,0,False,True,False,False,False,False,True,False,False,True,False,False,False
101241,53.0,88826.95,Silver,12.0,111.0,178.3,7.3,1440,0.1071,3.95,41.5,2139.6,1,1,False,True,False,False,True,False,False,False,False,False,False,False,True
105010,42.0,62385.79,Bronze,10.0,82.0,104.31,7.3,1806,0.1205,4.95,59.75,1043.1,0,0,True,False,False,False,False,False,False,True,False,False,True,False,False
102121,45.0,60696.05,Silver,11.0,58.0,131.48,5.8,1412,0.1864,3.87,41.94,1446.28,1,1,True,False,False,False,False,False,True,False,False,False,False,False,True
101525,33.0,42778.05,Bronze,6.0,82.0,61.11,7.1,927,0.0723,2.54,116.35,366.66,0,0,False,True,False,True,False,False,False,False,False,False,False,True,False
100154,32.0,49416.43,Bronze,6.0,18.0,30.28,6.3,2403,0.3158,6.58,270.51,181.68,0,0,False,True,False,False,False,False,False,True,False,True,False,False,False
104461,43.0,66605.43,Bronze,7.0,42.0,149.23,4.4,2378,0.1628,6.52,63.7,1044.61,0,0,True,False,False,False,True,False,False,False,False,False,True,False,False
103921,42.0,110491.95000000001,Silver,5.0,27.0,162.73,6.7,2445,0.1786,6.7,135.63,813.65,0,1,False,False,True,False,True,False,False,False,False,False,False,False,True
101763,30.0,41762.15,Bronze,13.0,110.0,111.92,7.4,226,0.1171,0.62,28.68,1454.96,1,0,True,False,False,True,False,False,False,False,False,False,True,False,False
100751,38.0,53178.86,Gold,8.0,42.0,95.08,6.5,1228,0.186,3.36,69.82,760.64,0,2,False,True,False,False,False,False,False,True,False,True,False,False,False
101786,53.0,110491.95000000001,Bronze,9.0,2.0,104.31,8.5,904,3.0,2.48,117.57,938.79,0,0,True,False,False,True,False,False,False,False,False,True,False,False,False
104502,51.0,48339.17,Bronze,4.0,5.0,108.25,8.2,1049,0.6667,2.87,111.38,433.0,0,0,True,False,False,False,False,False,True,False,False,False,True,False,False
102712,46.0,41886.78,Silver,8.0,26.0,203.64,6.7,1788,0.2963,4.9,25.7,1629.12,1,1,False,True,False,False,False,False,False,True,False,False,True,False,False
104846,48.0,53178.86,Gold,4.0,51.0,139.19,7.4,856,0.0769,2.35,95.34,556.76,0,2,True,False,False,False,False,False,True,False,False,False,False,True,False
101334,41.0,110491.95000000001,Silver,10.0,22.6,137.32,5.3,1895,0.4237,5.19,80.4,1373.2,1,1,True,False,False,False,False,False,True,False,True,False,False,False,False
105336,25.0,25865.28,Bronze,12.0,37.0,51.99,7.0,1135,0.3158,3.11,41.39,623.88,0,0,True,False,False,False,False,True,False,False,False,True,False,False,False
102855,28.0,110491.95000000001,Silver,7.0,5.0,122.38,7.5,2395,1.1667,6.56,128.83,856.66,0,1,False,True,False,False,False,False,False,True,False,False,False,False,True
100187,40.0,60061.98,Gold,13.0,50.0,93.33,6.8,2016,0.2549,5.52,49.46,1213.29,0,2,False,True,False,False,False,True,False,False,True,False,False,False,False
101137,39.0,53178.86,Bronze,9.0,73.2,53.4,9.0,915,0.1213,2.51,110.42,480.6,0,0,False,False,True,False,True,False,False,False,True,False,False,False,False
105023,33.0,36585.37,Platinum,5.0,21.0,162.23,5.0,2420,0.2273,6.63,45.05,811.15,0,3,True,False,False,False,False,False,True,False,False,True,False,False,False
100149,51.0,53178.86,Gold,7.0,38.2,122.58,5.9,1798,0.1786,4.93,61.9,858.06,0,2,False,True,False,True,False,False,False,False,False,False,False,False,True
104125,47.0,25914.27,Platinum,13.0,3.0,117.6,8.8,1769,3.25,4.85,16.94,1528.8,1,3,True,False,False,False,True,False,False,False,False,False,True,False,False
103364,27.0,40208.08,Silver,6.0,27.0,151.27,5.1,1804,0.2143,4.94,44.25,907.62,0,1,False,True,False,False,False,False,True,False,False,True,False,False,False
102867,44.0,101599.88,Bronze,6.0,44.0,31.35,8.8,1161,0.1333,3.18,537.28,188.1,0,0,True,False,False,False,True,False,False,False,False,True,False,False,False
103777,27.0,53178.86,Silver,15.0,12.0,55.18,8.6,1511,1.1538,4.14,64.17,827.7,0,1,True,False,False,False,False,False,True,False,False,True,False,False,False
101387,53.0,74113.2,Silver,6.0,2.0,68.87,7.5,2449,2.0,6.71,178.92,413.22,0,1,True,False,False,False,True,False,False,False,False,False,True,False,False
105672,43.0,78165.44,Platinum,5.0,22.0,150.73,9.3,104,0.2174,0.28,103.58,753.65,0,3,True,False,False,False,False,False,True,False,False,False,True,False,False
104960,27.0,55892.87,Silver,8.0,166.0,98.56,7.8,624,0.0479,1.71,70.8,788.48,0,1,False,False,True,False,True,False,False,False,False,False,False,True,False
103630,46.0,110491.95000000001,Silver,6.0,47.0,54.91,7.7,1572,0.125,4.31,334.36,329.46,0,1,True,False,False,False,False,False,True,False,False,False,False,False,True
105397,43.0,66715.49,Silver,6.0,62.0,189.64,5.7,1049,0.0952,2.87,58.58,1137.84,0,1,True,False,False,False,False,False,True,False,False,True,False,False,False
103029,28.0,64728.31,Gold,9.0,28.0,269.725,4.2,1937,0.3103,5.31,26.65,2427.52,1,2,False,True,False,False,False,True,False,False,False,False,False,True,False
102970,38.0,32587.05,Bronze,9.0,12.0,110.67,6.7,174,0.6923,0.48,32.68,996.03,0,0,True,False,False,False,False,False,True,False,False,False,False,False,True
105208,26.0,76265.32,Bronze,10.0,44.0,102.76,5.6,1927,0.2222,5.28,74.14,1027.6,0,0,False,True,False,False,False,True,False,False,False,False,False,True,False
101709,50.0,53178.86,Silver,7.0,2.0,64.17,5.5,503,2.3333,1.38,118.13,449.19,0,1,False,False,True,False,False,False,False,True,False,False,True,False,False
102954,18.0,79871.83,Bronze,12.0,21.0,59.65,6.4,303,0.5455,0.83,111.43,715.8,0,0,False,True,False,True,False,False,False,False,False,False,True,False,False
100455,39.0,53649.7,Silver,11.0,66.0,93.93,7.6,50,0.1642,0.14,51.87,1033.23,0,1,True,False,False,False,False,False,True,False,False,True,False,False,False
100610,44.0,40831.25,Silver,12.0,15.0,46.99,7.9,310,0.75,0.85,72.28,563.88,0,1,False,True,False,False,False,False,True,False,False,False,True,False,False
104264,48.0,28480.58,Platinum,12.0,95.0,269.725,9.6,973,0.125,2.67,8.8,3236.7,1,3,True,False,False,True,False,False,False,False,False,True,False,False,False
105082,30.0,75819.35,Silver,7.0,10.0,132.54,6.4,2124,0.6364,5.82,81.63,927.78,0,1,True,False,False,False,False,True,False,False,False,False,False,False,True
102075,39.0,110491.95000000001,Bronze,13.0,76.0,129.73,9.8,412,0.1688,1.13,65.48,1686.49,1,0,False,True,False,False,False,False,True,False,False,True,False,False,False
104053,43.0,31845.28,Silver,9.0,23.4,69.41,6.4,1933,0.3689,5.3,50.9,624.69,0,1,False,True,False,False,False,True,False,False,False,False,True,False,False
104874,24.0,79020.07,Silver,11.0,5.0,119.41,8.3,1655,1.8333,4.53,60.11,1313.51,1,1,True,False,False,False,False,True,False,False,False,False,False,False,True
101623,47.0,50278.89,Platinum,10.0,37.0,125.17,7.6,736,0.2632,2.02,40.14,1251.7,1,3,True,False,False,False,True,False,False,False,False,False,True,False,False
104684,31.0,74892.04,Gold,9.0,47.0,124.22,7.2,992,0.1875,2.72,66.93,1117.98,0,2,True,False,False,False,False,False,False,True,False,True,False,False,False
105253,59.0,68818.52,Bronze,2.0,63.6,75.5,5.9,1333,0.031,3.65,452.75,151.0,0,0,True,False,False,True,False,False,False,False,False,False,False,False,True
100041,47.0,110491.95000000001,Silver,8.0,39.0,104.31,5.7,1508,0.2,4.13,132.25,834.48,0,1,True,False,False,True,False,False,False,False,True,False,False,False,False
102090,44.0,45202.43,Platinum,3.0,22.0,150.2,6.4,322,0.1304,0.88,100.09,450.6,0,3,False,False,True,False,False,False,True,False,False,True,False,False,False
103925,38.0,80171.92,Bronze,6.0,89.0,66.69,10.0,2253,0.0667,6.17,199.86,400.14,0,0,True,False,False,False,False,False,True,False,False,False,False,False,True
102176,39.0,31038.75,Platinum,8.0,29.0,150.59,9.8,702,0.2667,1.92,25.74,1204.72,0,3,True,False,False,False,False,False,True,False,False,True,False,False,False
100075,40.0,56149.51,Bronze,8.0,16.0,49.22,7.3,2297,0.4706,6.29,142.24,393.76,0,0,False,False,True,True,False,False,False,False,True,False,False,False,False
105926,27.0,110491.95000000001,Bronze,9.0,23.0,44.55,7.0,789,0.375,2.16,274.89,400.95,0,0,False,True,False,False,True,False,False,False,False,False,True,False,False
105917,39.0,45027.05,Bronze,15.0,24.0,131.31,6.5,716,0.6,1.96,22.85,1969.65,1,0,False,True,False,False,False,True,False,False,False,False,False,True,False
102658,27.0,26821.62,Gold,7.0,66.0,116.79,7.7,1120,0.1045,3.07,32.77,817.53,0,2,True,False,False,False,True,False,False,False,False,True,False,False,False
103181,26.0,25578.83,Bronze,5.0,9.0,21.47,7.1,668,0.5,1.83,236.08,107.35,0,0,False,True,False,False,True,False,False,False,False,True,False,False,False
102077,38.0,52752.6,Gold,7.0,35.8,269.725,9.1,1693,0.1902,4.64,27.93,1888.08,1,2,True,False,False,False,False,True,False,False,False,False,False,False,True
100442,42.0,58421.73,Silver,11.0,12.0,180.29,5.0,2078,0.8462,5.69,29.44,1983.19,1,1,True,False,False,False,False,True,False,False,False,False,False,True,False
102052,23.0,80578.64,Gold,10.0,26.0,194.38,5.6,743,0.3704,2.04,41.43,1943.8,1,2,False,True,False,True,False,False,False,False,False,False,False,False,True
102542,43.0,36639.08,Silver,4.0,14.0,241.89,7.4,885,0.2667,2.42,37.83,967.56,0,1,False,True,False,False,False,False,True,False,False,True,False,False,False
101302,18.0,41378.97,Bronze,7.0,9.0,99.93,7.5,885,0.7,2.42,59.07,699.51,0,0,True,False,False,False,False,False,True,False,False,False,False,True,False
103431,19.0,36552.59,Gold,4.0,69.0,180.82,7.3,2121,0.0571,5.81,50.47,723.28,0,2,False,True,False,False,True,False,False,False,False,False,False,False,True
101305,35.0,53096.12,Platinum,9.0,49.0,252.54,7.9,2265,0.18,6.21,23.35,2272.86,1,3,True,False,False,True,False,False,False,False,False,False,False,False,True
104996,51.0,68694.4,Silver,4.0,37.0,77.47,7.8,1614,0.1053,4.42,220.97,309.88,0,1,True,False,False,True,False,False,False,False,False,True,False,False,False
102600,50.0,47669.24,Bronze,9.0,45.0,79.8,6.6,2263,0.1957,6.2,66.28,718.2,0,0,True,False,False,False,False,True,False,False,False,False,True,False,False
104617,18.0,53178.86,Bronze,5.0,8.0,11.55,8.5,194,0.5556,0.53,905.17,57.75,0,0,True,False,False,False,True,False,False,False,False,False,False,False,True
102574,40.0,34364.88,Bronze,9.0,8.0,63.34,5.9,862,1.0,2.36,60.18,570.06,0,0,True,False,False,False,False,True,False,False,False,False,True,False,False
103281,59.0,30603.14,Bronze,5.0,45.0,240.56,5.9,1143,0.1087,3.13,25.42,1202.8,0,0,True,False,False,False,False,False,False,True,True,False,False,False,False
103954,33.0,85801.18,Gold,10.0,0.0,71.38,5.7,517,10.0,1.42,120.04,713.8,0,2,True,False,False,True,False,False,False,False,True,False,False,False,False
102769,48.0,43154.25,Platinum,10.0,74.0,236.8,5.3,1358,0.1333,3.72,18.22,2368.0,1,3,False,True,False,False,True,False,False,False,False,False,False,False,True
104224,24.0,52953.77,Silver,12.0,7.0,90.53,8.9,1342,1.5,3.68,48.7,1086.36,0,1,False,True,False,True,False,False,False,False,False,False,False,False,True
102107,55.0,74652.07,Bronze,10.0,36.6,269.725,10.0,2392,0.266,6.55,27.67,2697.25,1,0,True,False,False,False,True,False,False,False,False,False,True,False,False
102680,43.0,59847.4,Gold,5.0,56.0,81.58,7.4,1209,0.0877,3.31,146.36,407.9,0,2,True,False,False,True,False,False,False,False,False,True,False,False,False
102762,19.0,55298.5,Silver,6.0,4.0,174.31,7.2,1275,1.2,3.49,52.82,1045.86,0,1,False,True,False,False,True,False,False,False,False,False,False,False,True
101388,25.0,59364.17,Silver,7.0,4.0,81.84,6.7,1221,1.4,3.35,103.44,572.88,0,1,True,False,False,False,True,False,False,False,False,True,False,False,False
105427,30.0,53178.86,Silver,11.0,62.0,104.31,6.1,1530,0.1746,4.19,46.31,1147.41,0,1,True,False,False,False,True,False,False,False,False,False,True,False,False
101280,35.0,91004.31,Bronze,4.0,103.0,60.44,9.3,415,0.0385,1.14,374.87,241.76,0,0,False,True,False,False,False,True,False,False,False,False,True,False,False
105880,52.0,55190.93,Bronze,9.0,174.0,148.67,7.2,544,0.0514,1.49,41.22,1338.03,1,0,False,True,False,True,False,False,False,False,False,False,True,False,False
101556,30.0,58292.19,Platinum,8.0,105.0,104.31,8.3,2131,0.0755,5.84,69.77,834.48,0,3,True,False,False,False,True,False,False,False,False,False,True,False,False
105423,36.0,107818.99,Bronze,6.0,113.0,46.55,6.3,927,0.0526,2.54,384.66,279.3,0,0,False,True,False,False,False,True,False,False,False,True,False,False,False
103191,21.0,42410.62,Gold,3.0,69.0,130.79,10.0,1962,0.0429,5.38,107.81,392.37,0,2,False,True,False,False,False,False,True,False,False,True,False,False,False
104567,18.0,50155.85,Silver,6.0,19.0,232.9,6.0,2362,0.3,6.47,35.87,1397.4,1,1,True,False,False,False,False,True,False,False,False,False,True,False,False
104803,38.0,42914.68,Gold,9.0,69.0,130.1,6.6,1235,0.1286,3.38,36.62,1170.9,0,2,False,True,False,False,False,True,False,False,False,False,False,True,False
103595,33.0,45103.21,Gold,4.0,3.0,194.19,7.2,2264,1.0,6.2,57.99,776.76,0,2,True,False,False,True,False,False,False,False,True,False,False,False,False
101921,25.0,53690.55,Gold,2.0,21.0,126.04,5.5,115,0.0909,0.32,212.15,252.08,0,2,True,False,False,False,False,False,True,False,False,False,True,False,False
100514,37.0,50920.96,Bronze,15.0,60.0,136.06,8.3,1606,0.2459,4.4,24.94,2040.9,1,0,False,True,False,True,False,False,False,False,False,True,False,False,False
104178,42.0,43870.41,Silver,3.0,63.6,46.47,6.5,732,0.0464,2.01,312.45,139.41,0,1,True,False,False,False,False,False,True,False,False,True,False,False,False
101309,18.0,38998.96,Bronze,7.0,19.0,104.65,7.2,791,0.35,2.17,53.16,732.55,0,0,False,True,False,False,True,False,False,False,False,False,False,False,True
103453,61.0,110491.95000000001,Gold,6.0,8.0,78.79,6.9,962,0.6667,2.64,233.23,472.74,0,2,True,False,False,False,False,False,False,True,False,True,False,False,False
103696,29.0,64806.37,Bronze,7.0,92.0,40.37,7.2,1492,0.0753,4.09,228.52,282.59,0,0,False,False,True,False,False,False,False,True,False,True,False,False,False
104243,25.0,51357.83,Bronze,5.0,4.0,265.76,9.6,1246,1.0,3.41,38.62,1328.8,1,0,False,True,False,True,False,False,False,False,False,False,True,False,False
103157,70.0,56951.03,Gold,8.0,95.0,140.79,9.2,233,0.0833,0.64,50.52,1126.32,0,2,True,False,False,False,False,False,False,True,False,False,False,False,True
102199,35.0,34030.87,Bronze,7.0,24.2,9.95,7.6,919,0.2778,2.52,481.68,69.65,0,0,True,False,False,True,False,False,False,False,False,True,False,False,False
100775,38.0,32032.67,Platinum,6.0,13.0,126.36,5.1,868,0.4286,2.38,42.19,758.16,0,3,False,True,False,False,False,False,True,False,False,True,False,False,False
104426,47.0,34262.2,Silver,2.0,42.0,234.82,6.0,2179,0.0465,5.97,72.8,469.64,0,1,True,False,False,False,True,False,False,False,False,False,True,False,False
100944,52.0,63698.83,Bronze,4.0,51.0,78.5,6.7,581,0.0769,1.59,202.22,314.0,0,0,False,True,False,False,False,True,False,False,False,False,True,False,False
100823,24.0,110491.95000000001,Gold,5.0,50.6,62.06,8.6,1261,0.0969,3.45,354.94,310.3,0,2,True,False,False,False,True,False,False,False,False,False,False,False,True
104278,35.0,38854.39,Bronze,6.0,28.4,184.0,6.7,2132,0.2041,5.84,35.16,1104.0,0,0,True,False,False,False,False,True,False,False,False,True,False,False,False
104548,53.0,75253.34,Silver,4.0,62.4,172.61,7.0,1799,0.0631,4.93,108.84,690.44,0,1,True,False,False,False,True,False,False,False,False,False,True,False,False
103984,22.0,54184.45,Silver,8.0,8.0,107.44,7.2,825,0.8889,2.26,62.97,859.52,0,1,True,False,False,False,False,False,True,False,False,True,False,False,False
102539,45.0,93414.97,Bronze,10.0,74.0,6.19,3.4,2101,0.1333,5.76,1485.13,61.9,0,0,True,False,False,False,True,False,False,False,True,False,False,False,False
105725,40.0,55047.34,Bronze,16.0,60.0,92.75,8.7,2139,0.2623,5.86,37.07,1484.0,1,0,False,True,False,True,False,False,False,False,False,False,False,False,True
101312,48.0,110491.95000000001,Bronze,12.0,40.0,265.82,6.8,1767,0.2927,4.84,34.63,3189.84,1,0,True,False,False,False,False,True,False,False,False,True,False,False,False
105839,38.0,29319.96,Bronze,7.0,195.0,59.02,5.8,101,0.0357,0.28,70.8,413.14,0,0,True,False,False,True,False,False,False,False,False,False,False,False,True
104998,47.0,110491.95000000001,Silver,3.0,47.0,115.53,8.9,2211,0.0625,6.06,317.88,346.59,0,1,True,False,False,False,False,False,False,True,True,False,False,False,False
105569,37.0,59591.27,Bronze,13.0,39.0,32.17,7.6,1544,0.325,4.23,142.15,418.21,0,0,True,False,False,False,False,True,False,False,False,False,False,False,True
103301,45.0,51470.2,Silver,7.0,28.4,44.47,8.0,1679,0.2381,4.6,164.82,311.29,0,1,True,False,False,False,False,False,False,True,False,False,True,False,False
103311,32.0,56030.11,Bronze,4.0,32.0,70.95,5.4,453,0.1212,1.24,196.73,283.8,0,0,False,True,False,False,True,False,False,False,False,False,False,False,True
100328,37.0,44536.64,Bronze,8.0,24.0,94.16,6.6,2325,0.32,6.37,59.05,753.28,0,0,True,False,False,False,False,True,False,False,False,True,False,False,False
102491,48.0,61334.74,Silver,9.0,10.0,103.9,6.8,1133,0.8182,3.1,65.52,935.1,0,1,True,False,False,False,False,False,True,False,False,False,False,True,False
105621,68.0,53178.86,Platinum,7.0,34.0,157.32,10.0,2284,0.2,6.26,48.25,1101.24,0,3,True,False,False,True,False,False,False,False,False,False,False,False,True
104409,37.0,53178.86,Platinum,6.0,1.0,104.31,8.4,1641,3.0,4.5,84.83,625.86,0,3,False,True,False,False,True,False,False,False,False,False,True,False,False
100833,24.0,81976.39,Gold,8.0,120.0,138.36,6.8,1796,0.0661,4.92,73.99,1106.88,0,2,False,True,False,False,False,False,False,True,False,False,False,False,True
103463,22.0,57364.6,Bronze,6.0,10.0,68.88,7.0,1292,0.5455,3.54,138.47,413.28,0,0,False,True,False,False,False,True,False,False,False,True,False,False,False
105254,56.0,90085.81,Platinum,6.0,49.0,104.31,7.2,114,0.12,0.31,143.71,625.86,0,3,False,True,False,False,False,False,False,True,False,False,False,False,True
100055,32.0,51876.86,Silver,11.0,37.0,84.07,7.0,170,0.2895,0.47,56.04,924.77,0,1,False,True,False,False,True,False,False,False,False,False,False,False,True
104065,40.0,36171.68,Bronze,2.0,15.4,116.64,5.7,1840,0.122,5.04,154.4,233.28,0,0,False,True,False,False,False,False,True,False,False,False,False,False,True
103452,46.0,53178.86,Silver,10.0,22.0,59.02,8.4,1935,0.4348,5.3,89.95,590.2,0,1,False,True,False,False,False,False,False,True,False,False,True,False,False
101902,51.0,79276.17,Bronze,8.0,19.0,12.62,7.2,336,0.4,0.92,777.52,100.96,0,0,True,False,False,False,True,False,False,False,False,False,False,True,False
101482,45.0,51209.71,Gold,9.0,17.0,132.75,5.9,1931,0.5,5.29,42.83,1194.75,0,2,False,False,True,False,False,False,True,False,False,True,False,False,False
104151,33.0,39439.92,Platinum,5.0,39.6,269.725,7.5,1205,0.1232,3.3,29.22,1348.62,1,3,False,False,True,False,False,False,False,True,False,False,True,False,False
103336,35.0,53178.86,Silver,8.0,70.8,72.15,6.5,427,0.1114,1.17,91.97,577.2,0,1,False,True,False,False,False,False,True,False,False,False,True,False,False
100947,42.0,53178.86,Silver,9.0,26.6,108.35,7.9,1141,0.3261,3.13,54.48,975.15,0,1,False,True,False,False,False,False,True,False,False,False,False,False,True
103294,45.0,25954.57,Silver,12.0,5.0,184.89,6.0,1180,2.0,3.23,11.69,2218.68,1,1,True,False,False,False,False,False,True,False,False,False,False,False,True
102162,27.0,110491.95000000001,Silver,4.0,55.0,62.87,9.1,2314,0.0714,6.34,437.63,251.48,0,1,True,False,False,False,False,False,True,False,False,True,False,False,False
105077,43.0,110491.95000000001,Gold,7.0,53.0,165.37,6.7,1572,0.1296,4.31,95.37,1157.59,0,2,False,True,False,False,False,False,True,False,False,True,False,False,False
103058,32.0,38911.64,Silver,8.0,12.0,100.84,8.3,1178,0.6154,3.23,48.17,806.72,0,1,True,False,False,False,True,False,False,False,False,True,False,False,False
100769,23.0,110491.95000000001,Silver,7.0,19.4,76.36,6.2,2198,0.3431,6.02,206.33,534.52,0,1,False,True,False,False,False,True,False,False,False,False,True,False,False
105641,33.0,65575.54,Gold,4.0,87.0,138.09,6.4,850,0.0455,2.33,118.5,552.36,0,2,False,True,False,False,False,False,False,True,False,False,True,False,False
103496,37.0,74014.25,Silver,9.0,30.2,102.77,6.0,2142,0.2885,5.87,79.94,924.93,0,1,False,True,False,False,False,True,False,False,False,False,False,False,True
100286,32.0,30445.42,Silver,8.0,43.0,104.31,4.2,333,0.1818,0.91,36.44,834.48,0,1,True,False,False,True,False,False,False,False,True,False,False,False,False
105927,37.0,50852.47,Gold,4.0,49.0,130.15,7.6,605,0.08,1.66,97.49,520.6,0,2,True,False,False,False,False,True,False,False,False,False,False,False,True
104525,50.0,66584.46,Bronze,7.0,37.0,69.97,8.5,2467,0.1842,6.76,135.67,489.79,0,0,False,True,False,False,False,False,False,True,True,False,False,False,False
105333,42.0,80861.59,Bronze,8.0,33.0,129.18,8.7,1239,0.2353,3.39,78.17,1033.44,0,0,True,False,False,False,False,False,False,True,False,False,True,False,False
102333,41.0,110491.95000000001,Gold,6.0,20.0,166.04,4.3,1491,0.2857,4.08,110.8,996.24,0,2,False,True,False,False,True,False,False,False,False,True,False,False,False
102718,40.0,102639.69,Silver,10.0,57.4,140.46,6.2,652,0.1712,1.79,73.02,1404.6,1,1,False,False,True,False,False,False,True,False,False,False,True,False,False
103390,32.0,52567.14,Silver,7.0,38.0,67.87,8.1,1555,0.1795,4.26,110.41,475.09,0,1,True,False,False,False,False,True,False,False,False,False,True,False,False
100723,18.0,41633.78,Bronze,13.0,104.0,208.26,7.3,660,0.1238,1.81,15.37,2707.38,1,0,False,True,False,True,False,False,False,False,False,False,True,False,False
100952,43.0,110491.95000000001,Gold,7.0,111.0,78.01,8.0,1449,0.0625,3.97,201.97,546.07,0,2,False,True,False,True,False,False,False,False,False,True,False,False,False
105584,25.0,53178.86,Bronze,4.0,33.0,120.64,7.4,1753,0.1176,4.8,109.97,482.56,0,0,True,False,False,False,False,False,True,False,True,False,False,False,False
102263,40.0,53072.12,Bronze,14.0,41.0,174.38,7.2,293,0.3333,0.8,21.73,2441.32,1,0,True,False,False,False,False,False,False,True,False,False,False,False,True
100990,32.0,31386.55,Bronze,10.0,32.2,62.31,7.4,583,0.3012,1.6,50.29,623.1,0,0,True,False,False,False,False,True,False,False,False,True,False,False,False
101760,39.0,22668.12,Gold,6.0,21.0,146.98,8.4,198,0.2727,0.54,25.68,881.88,0,2,False,True,False,False,False,False,False,True,False,False,False,True,False
104920,50.0,53178.86,Bronze,7.0,35.0,104.31,7.0,1543,0.1944,4.23,72.73,730.17,0,0,True,False,False,False,False,False,True,False,False,False,False,True,False
104423,21.0,53178.86,Gold,9.0,85.0,155.9,6.2,1411,0.1047,3.87,37.87,1403.1,1,2,True,False,False,True,False,False,False,False,False,True,False,False,False
101725,52.0,46883.01,Bronze,6.0,9.0,103.2,6.5,1100,0.6,3.01,75.59,619.2,0,0,True,False,False,True,False,False,False,False,False,False,True,False,False
100342,42.0,37058.95,Bronze,8.0,50.4,49.62,7.6,1586,0.1556,4.35,93.12,396.96,0,0,True,False,False,False,True,False,False,False,True,False,False,False,False
103702,27.0,102048.85,Silver,5.0,0.0,96.58,5.3,142,5.0,0.39,210.89,482.9,0,1,False,True,False,False,False,False,True,False,False,False,True,False,False
104244,29.0,52939.12,Silver,7.0,44.0,60.68,6.4,1125,0.1556,3.08,124.34,424.76,0,1,True,False,False,True,False,False,False,False,False,False,False,False,True
100689,32.0,106083.91,Bronze,8.0,169.0,3.7,7.5,924,0.0471,2.53,3466.79,29.6,0,0,True,False,False,False,False,False,False,True,False,False,True,False,False
103433,34.0,44962.51,Silver,7.0,17.0,99.64,6.4,1334,0.3889,3.65,64.37,697.48,0,1,True,False,False,False,False,False,True,False,False,False,True,False,False
100967,35.0,103772.33,Silver,7.0,49.0,111.05,6.0,1029,0.14,2.82,133.32,777.35,0,1,False,True,False,False,False,False,True,False,True,False,False,False,False
105667,42.0,56625.81,Gold,6.0,58.6,269.725,7.7,2189,0.1007,6.0,34.97,1618.35,1,2,True,False,False,False,False,False,False,True,False,False,True,False,False
102204,45.0,37468.54,Silver,3.0,17.0,170.5,9.8,1390,0.1667,3.81,73.11,511.5,0,1,False,True,False,False,True,False,False,False,False,False,False,True,False
102714,24.0,56439.06,Platinum,11.0,46.2,184.26,7.8,1805,0.2331,4.95,27.83,2026.86,1,3,True,False,False,False,False,False,False,True,False,False,False,False,True
104758,48.0,88435.91,Silver,8.0,7.0,104.47,6.9,1339,1.0,3.67,105.69,835.76,0,1,True,False,False,False,False,False,False,True,False,True,False,False,False
105733,54.0,41502.19,Silver,4.0,75.0,73.08,8.1,2323,0.0526,6.36,141.49,292.32,0,1,True,False,False,False,False,False,True,False,False,False,True,False,False
105943,46.0,110491.95000000001,Bronze,7.0,60.0,104.31,8.8,1586,0.1148,4.35,151.12,730.17,0,0,False,False,True,False,False,False,True,False,False,False,False,True,False
103573,42.0,48576.36,Bronze,13.0,2.0,77.38,7.5,689,4.3333,1.89,48.24,1005.94,0,0,False,True,False,False,False,True,False,False,False,False,True,False,False
104806,22.0,30668.75,Silver,7.0,43.0,77.57,7.2,483,0.1591,1.32,56.38,542.99,0,1,False,True,False,False,True,False,False,False,True,False,False,False,False
101991,43.0,57694.97,Bronze,8.0,25.0,246.73,6.6,2288,0.3077,6.27,29.22,1973.84,1,0,False,True,False,False,False,True,False,False,False,False,True,False,False
104121,30.0,34389.11,Platinum,7.0,46.0,120.61,8.4,2267,0.1489,6.21,40.68,844.27,0,3,False,True,False,True,False,False,False,False,False,True,False,False,False
104760,31.0,56062.43,Silver,4.0,12.0,114.39,7.7,2428,0.3077,6.65,122.26,457.56,0,1,True,False,False,True,False,False,False,False,False,False,False,False,True
104915,52.0,89930.94,Gold,10.0,27.0,176.16,6.6,2246,0.3571,6.15,51.02,1761.6,1,2,True,False,False,False,False,False,True,False,False,False,True,False,False
105554,30.0,67134.0,Bronze,10.0,5.0,56.07,8.5,1617,1.6667,4.43,119.52,560.7,0,0,True,False,False,False,False,True,False,False,False,True,False,False,False
105794,51.0,53178.86,Bronze,6.0,35.0,92.9,8.0,2405,0.1667,6.59,95.23,557.4,0,0,False,True,False,False,False,False,False,True,False,True,False,False,False
103601,50.0,53153.6,Silver,13.0,44.0,42.28,5.7,2219,0.2889,6.08,96.53,549.64,0,1,True,False,False,True,False,False,False,False,False,False,False,True,False
105473,44.0,48046.31,Bronze,9.0,83.0,93.98,6.7,805,0.1071,2.21,56.74,845.82,0,0,False,True,False,False,True,False,False,False,True,False,False,False,False
105972,40.0,63030.77,Silver,4.0,19.0,189.99,6.2,806,0.2,2.21,82.83,759.96,0,1,False,True,False,False,False,False,False,True,False,False,False,True,False
104939,46.0,67594.82,Gold,6.0,44.0,190.64,7.5,994,0.1333,2.72,59.04,1143.84,0,2,False,True,False,True,False,False,False,False,False,False,True,False,False
100386,28.0,110491.95000000001,Bronze,6.0,97.0,59.58,7.5,1996,0.0612,5.47,308.22,357.48,0,0,True,False,False,False,False,False,False,True,False,False,True,False,False
105229,42.0,66809.68,Gold,5.0,17.0,269.725,8.9,995,0.2778,2.73,49.5,1348.62,1,2,True,False,False,False,True,False,False,False,False,True,False,False,False
105475,41.0,68129.45,Silver,10.0,2.0,117.73,9.5,631,3.3333,1.73,57.82,1177.3,0,1,False,True,False,False,True,False,False,False,False,True,False,False,False
100537,32.0,31979.48,Gold,8.0,0.0,93.27,7.2,2325,8.0,6.37,42.8,746.16,0,2,False,True,False,False,True,False,False,False,False,False,True,False,False
105622,40.0,51986.39,Bronze,4.0,47.0,204.76,3.7,847,0.0833,2.32,63.39,819.04,0,0,True,False,False,False,False,False,True,False,False,False,False,True,False
103508,43.0,53178.86,Gold,5.0,75.0,163.36,4.7,249,0.0658,0.68,65.03,816.8,0,2,True,False,False,False,False,False,False,True,False,True,False,False,False
100202,55.0,53178.86,Gold,9.0,32.0,104.31,4.3,634,0.2727,1.74,56.59,938.79,0,2,True,False,False,False,False,False,True,False,False,False,False,False,True
101333,49.0,45968.24,Bronze,10.0,6.0,46.04,7.7,2128,1.4286,5.83,99.63,460.4,0,0,True,False,False,False,False,False,True,False,False,True,False,False,False
103503,46.0,31270.6,Gold,5.0,29.0,107.99,7.6,2416,0.1667,6.62,57.81,539.95,0,2,True,False,False,False,False,False,False,True,False,True,False,False,False
102709,42.0,43698.48,Gold,8.0,258.0,101.51,9.0,2150,0.0309,5.89,53.74,812.08,0,2,False,True,False,False,False,False,False,True,False,False,False,False,True
104022,42.0,65387.19,Platinum,11.0,30.8,114.7,7.3,932,0.3459,2.55,51.78,1261.7,1,3,True,False,False,False,True,False,False,False,False,False,False,False,True
101855,44.0,45487.16,Silver,8.0,13.0,143.05,7.6,1602,0.5714,4.39,39.71,1144.4,0,1,True,False,False,False,False,True,False,False,False,False,True,False,False
105359,33.0,31323.86,Bronze,10.0,19.0,119.42,8.8,71,0.5,0.19,26.21,1194.2,0,0,False,True,False,False,False,False,False,True,False,False,False,False,True
102873,25.0,23280.88,Bronze,8.0,35.2,104.31,8.7,558,0.221,1.53,27.87,834.48,0,0,False,True,False,False,True,False,False,False,True,False,False,False,False
103031,37.0,55405.88,Silver,9.0,45.0,102.74,8.2,1965,0.1957,5.38,59.86,924.66,0,1,True,False,False,False,False,True,False,False,True,False,False,False,False
101206,30.0,37543.81,Silver,11.0,74.0,98.07,7.6,2031,0.1467,5.56,34.77,1078.77,0,1,False,True,False,False,False,False,True,False,False,True,False,False,False
101646,39.0,94050.81,Bronze,11.0,0.0,71.77,6.2,1546,11.0,4.24,118.98,789.47,0,0,False,True,False,False,False,False,False,True,False,False,True,False,False
103418,49.0,49309.07,Bronze,11.0,54.0,58.76,5.6,718,0.2,1.97,76.17,646.36,0,0,False,True,False,False,False,False,True,False,False,True,False,False,False
103477,18.0,30136.28,Gold,8.0,63.0,160.03,6.1,754,0.125,2.07,23.52,1280.24,1,2,True,False,False,False,False,False,True,False,False,True,False,False,False
102862,46.0,66667.66,Bronze,11.0,0.0,40.97,8.4,768,11.0,2.1,147.6,450.67,0,0,False,True,False,False,False,False,False,True,False,False,False,False,True
101793,41.0,53178.86,Silver,8.0,81.0,58.01,6.9,157,0.0976,0.43,114.34,464.08,0,1,True,False,False,False,False,True,False,False,False,False,False,False,True
103798,25.0,54666.57,Platinum,5.0,15.0,266.06,9.1,1034,0.3125,2.83,41.06,1330.3,1,3,True,False,False,False,False,False,True,False,False,True,False,False,False
103369,42.0,39862.5,Gold,9.0,101.0,91.83,7.4,1781,0.0882,4.88,48.17,826.47,0,2,False,True,False,False,True,False,False,False,False,False,False,True,False
103368,35.0,98854.44,Silver,9.0,18.4,93.37,8.0,773,0.4639,2.12,117.5,840.33,0,1,False,True,False,False,True,False,False,False,True,False,False,False,False
103534,42.0,21841.98,Bronze,9.0,59.4,19.02,6.0,2331,0.149,6.39,126.86,171.18,0,0,False,True,False,False,False,False,False,True,False,False,True,False,False
105260,41.0,93962.32,Bronze,9.0,65.0,29.88,8.7,2222,0.1364,6.09,348.11,268.92,0,0,False,True,False,False,False,True,False,False,False,True,False,False,False
103450,38.0,36365.01,Gold,9.0,62.6,84.55,6.3,1491,0.1415,4.08,47.73,760.95,0,2,True,False,False,False,False,False,True,False,False,True,False,False,False
100604,30.0,59892.38,Bronze,7.0,26.0,102.27,6.7,1705,0.2593,4.67,83.54,715.89,0,0,True,False,False,False,False,False,False,True,False,True,False,False,False
103057,33.0,110491.95000000001,Silver,11.0,56.0,83.77,7.6,1455,0.193,3.99,119.78,921.47,0,1,True,False,False,False,False,False,False,True,False,False,False,False,True
105213,31.0,110491.95000000001,Gold,6.0,180.0,138.13,7.1,1996,0.0331,5.47,133.16,828.78,0,2,True,False,False,False,False,False,True,False,True,False,False,False,False
103877,25.0,33890.62,Bronze,8.0,221.0,104.31,8.0,928,0.036,2.54,40.56,834.48,0,0,False,False,True,False,True,False,False,False,False,False,False,False,True
102936,18.0,87066.39,Gold,10.0,10.0,249.09,5.7,1330,0.9091,3.64,34.94,2490.9,1,2,False,True,False,False,False,False,False,True,False,False,False,True,False
103532,36.0,27065.58,Silver,8.0,19.8,65.41,8.9,2183,0.3846,5.98,51.62,523.28,0,1,True,False,False,True,False,False,False,False,False,True,False,False,False
102731,24.0,73119.51,Silver,10.0,95.0,147.29,6.4,2272,0.1042,6.22,49.61,1472.9,1,1,True,False,False,False,False,True,False,False,False,False,False,True,False
100828,37.0,17137.84,Bronze,4.0,63.0,137.28,8.9,1394,0.0625,3.82,31.15,549.12,0,0,False,True,False,False,False,False,False,True,False,False,False,False,True
101640,36.0,60345.79,Silver,4.0,27.0,74.14,8.3,2355,0.1429,6.45,202.8,296.56,0,1,True,False,False,True,False,False,False,False,False,False,False,True,False
100985,42.0,33205.36,Silver,4.0,49.0,153.14,8.6,1693,0.08,4.64,54.12,612.56,0,1,False,True,False,False,False,False,True,False,False,False,True,False,False
103282,47.0,53178.86,Bronze,12.0,36.0,47.89,8.3,326,0.3243,0.89,92.38,574.68,0,0,True,False,False,False,False,True,False,False,True,False,False,False,False
105963,57.0,97482.95,Bronze,8.0,12.0,106.82,8.2,2185,0.6154,5.99,113.94,854.56,0,0,False,True,False,False,False,False,True,False,False,True,False,False,False
102189,62.0,72936.72,Gold,9.0,14.0,53.63,7.4,2392,0.6,6.55,150.8,482.67,0,2,False,True,False,False,False,False,True,False,False,True,False,False,False
105524,48.0,37896.27,Bronze,4.0,98.0,52.63,7.1,191,0.0404,0.52,179.16,210.52,0,0,True,False,False,False,False,False,True,False,False,False,False,False,True
102444,47.0,61003.48,Silver,11.0,34.4,29.5,9.3,1863,0.3107,5.1,187.41,324.5,0,1,False,True,False,False,False,False,False,True,False,False,True,False,False
100363,50.0,48222.85,Gold,3.0,58.0,269.725,6.2,523,0.0508,1.43,59.52,809.18,0,2,True,False,False,False,False,False,True,False,True,False,False,False,False
102350,47.0,28509.24,Bronze,9.0,10.0,269.725,7.4,396,0.8182,1.08,11.74,2427.52,1,0,False,True,False,False,True,False,False,False,False,True,False,False,False
100346,18.0,92480.9,Bronze,12.0,31.4,119.55,7.6,1569,0.3704,4.3,64.42,1434.6,1,0,False,True,False,False,False,False,True,False,True,False,False,False,False
100815,30.0,60560.65,Silver,9.0,37.0,113.59,7.2,2485,0.2368,6.81,59.18,1022.31,0,1,True,False,False,True,False,False,False,False,True,False,False,False,False
104808,31.0,53178.86,Bronze,10.0,13.0,114.6,5.7,1848,0.7143,5.06,46.36,1146.0,0,0,False,True,False,False,False,False,True,False,False,False,False,True,False
103206,34.0,47633.1,Bronze,7.0,29.0,90.45,4.1,2116,0.2333,5.8,75.11,633.15,0,0,False,True,False,False,True,False,False,False,False,False,True,False,False
105415,54.0,32364.17,Bronze,12.0,58.4,171.34,6.3,1288,0.202,3.53,15.73,2056.08,1,0,False,True,False,False,False,True,False,False,False,True,False,False,False
105750,36.0,32815.78,Gold,8.0,25.0,84.96,8.8,808,0.3077,2.21,48.21,679.68,0,2,True,False,False,False,True,False,False,False,False,True,False,False,False
103326,41.0,110491.95000000001,Silver,12.0,38.6,90.05,9.6,695,0.303,1.9,102.16,1080.6,0,1,False,True,False,False,False,True,False,False,False,False,False,False,True
104107,18.0,58264.71,Bronze,17.0,55.4,146.05,6.2,143,0.3014,0.39,23.46,2482.85,1,0,False,True,False,True,False,False,False,False,True,False,False,False,False
101835,45.0,92619.24,Platinum,9.0,8.0,193.96,6.5,1376,1.0,3.77,53.03,1745.64,1,3,False,True,False,False,True,False,False,False,False,False,False,True,False
100794,43.0,39124.31,Gold,8.0,37.0,133.51,7.8,1388,0.2105,3.8,36.6,1068.08,0,2,True,False,False,False,False,False,True,False,False,False,True,False,False
105936,24.0,24637.19,Bronze,14.0,45.0,104.31,4.6,557,0.3043,1.53,16.86,1460.34,1,0,True,False,False,True,False,False,False,False,False,False,True,False,False
102675,35.0,51361.6,Bronze,5.0,128.0,80.88,5.6,561,0.0388,1.54,126.69,404.4,0,0,False,True,False,False,False,True,False,False,False,True,False,False,False
100095,18.0,53178.86,Bronze,6.0,7.0,38.01,5.3,1894,0.75,5.19,232.16,228.06,0,0,False,True,False,True,False,False,False,False,False,False,False,True,False
104226,43.0,65881.87,Silver,13.0,27.0,86.33,10.0,2289,0.4643,6.27,58.65,1122.29,0,1,False,True,False,True,False,False,False,False,False,False,True,False,False
103757,36.0,37745.47,Silver,7.0,13.0,112.82,9.7,186,0.5,0.51,47.73,789.74,0,1,False,False,True,False,False,False,True,False,False,True,False,False,False
102892,43.0,74908.4,Silver,5.0,98.0,159.79,9.6,1766,0.0505,4.84,93.64,798.95,0,1,True,False,False,False,False,True,False,False,False,False,False,False,True
102372,35.0,43817.54,Platinum,11.0,106.0,110.98,9.2,401,0.1028,1.1,35.86,1220.78,0,3,True,False,False,True,False,False,False,False,False,True,False,False,False
104966,40.0,79488.87,Silver,6.0,19.0,104.31,7.1,991,0.3,2.72,126.8,625.86,0,1,True,False,False,False,False,False,False,True,False,False,False,True,False
105668,36.0,53178.86,Gold,15.0,10.0,157.87,5.7,1600,1.3636,4.38,22.45,2368.05,1,2,False,False,True,False,False,False,False,True,False,True,False,False,False
103229,45.0,32289.95,Silver,7.0,42.4,269.725,6.8,216,0.1613,0.59,17.09,1888.08,1,1,True,False,False,False,False,False,False,True,False,True,False,False,False
105343,39.0,29217.75,Gold,4.0,52.0,107.09,5.8,1921,0.0755,5.26,68.05,428.36,0,2,True,False,False,False,False,True,False,False,False,False,True,False,False
102854,41.0,53178.86,Gold,12.0,23.0,125.85,10.0,1840,0.5,5.04,35.19,1510.2,1,2,True,False,False,True,False,False,False,False,False,False,False,False,True
102913,38.0,30484.74,Bronze,7.0,18.0,121.78,6.4,2267,0.3684,6.21,35.72,852.46,0,0,False,False,True,False,False,True,False,False,False,False,False,False,True
101866,40.0,53178.86,Gold,8.0,57.0,95.06,6.7,917,0.1379,2.51,69.84,760.48,0,2,False,True,False,False,False,True,False,False,False,False,False,True,False
104613,33.0,99000.56,Gold,4.0,33.0,156.91,7.2,1956,0.1176,5.36,157.48,627.64,0,2,False,True,False,False,False,False,False,True,False,False,True,False,False
101858,51.0,54504.08,Silver,7.0,37.0,54.74,8.9,292,0.1842,0.8,141.87,383.18,0,1,True,False,False,False,True,False,False,False,False,True,False,False,False
102646,36.0,46675.23,Gold,11.0,84.0,67.66,8.3,541,0.1294,1.48,62.63,744.26,0,2,True,False,False,False,False,False,False,True,False,True,False,False,False
102244,49.0,105056.44,Bronze,6.0,19.0,104.31,9.5,1962,0.3,5.38,167.59,625.86,0,0,False,True,False,True,False,False,False,False,False,False,True,False,False
102337,70.0,91577.97,Gold,4.0,8.0,255.35,8.0,1453,0.4444,3.98,89.57,1021.4,0,2,True,False,False,True,False,False,False,False,False,False,False,False,True
100951,18.0,110491.95000000001,Bronze,7.0,51.0,123.64,6.6,71,0.1346,0.19,127.52,865.48,0,0,True,False,False,False,False,False,False,True,False,True,False,False,False
103069,63.0,25570.73,Silver,9.0,18.0,136.43,7.2,515,0.4737,1.41,20.81,1227.87,1,1,True,False,False,False,False,True,False,False,False,False,True,False,False
101121,43.0,71202.38,Silver,8.0,66.4,68.2,8.4,1908,0.1187,5.23,130.26,545.6,0,1,True,False,False,True,False,False,False,False,False,False,False,False,True
102598,41.0,69082.65,Bronze,5.0,56.0,35.33,8.5,2290,0.0877,6.27,388.87,176.65,0,0,True,False,False,False,False,False,False,True,False,True,False,False,False
102205,51.0,53178.86,Bronze,6.0,53.0,269.725,7.8,945,0.1111,2.59,32.84,1618.35,1,0,True,False,False,True,False,False,False,False,False,False,True,False,False
100420,54.0,51901.01,Silver,5.0,121.0,224.86,6.4,2269,0.041,6.22,46.12,1124.3,0,1,False,True,False,False,False,False,False,True,False,False,False,False,True
100923,39.0,49508.73,Platinum,6.0,16.0,195.54,5.6,861,0.3529,2.36,42.16,1173.24,0,3,True,False,False,False,False,False,False,True,False,False,False,True,False
101255,29.0,53178.86,Gold,12.0,5.0,269.725,5.6,2412,2.0,6.61,16.42,3236.7,1,2,False,False,True,False,False,False,True,False,False,True,False,False,False
100478,24.0,21004.82,Bronze,12.0,0.0,64.26,8.1,1353,12.0,3.71,27.2,771.12,0,0,False,True,False,False,False,False,False,True,True,False,False,False,False
102036,47.0,26049.57,Gold,7.0,48.0,91.83,10.0,805,0.1429,2.21,40.46,642.81,0,2,False,True,False,True,False,False,False,False,False,False,False,False,True
101203,43.0,53178.86,Bronze,6.0,43.0,47.49,8.3,34,0.1364,0.09,185.98,284.94,0,0,True,False,False,False,False,False,False,True,False,False,True,False,False
102627,54.0,53178.86,Gold,10.0,4.0,104.31,4.5,1449,2.0,3.97,50.93,1043.1,0,2,False,True,False,False,True,False,False,False,False,False,False,True,False
105774,51.0,41820.95,Bronze,8.0,33.0,233.56,6.6,1409,0.2353,3.86,22.37,1868.48,1,0,False,True,False,False,False,True,False,False,False,False,False,False,True
101971,35.0,56054.39,Bronze,9.0,52.8,98.85,7.8,2168,0.1673,5.94,62.94,889.65,0,0,True,False,False,False,False,True,False,False,False,False,False,True,False
103111,41.0,69224.13,Bronze,6.0,23.0,45.8,5.7,979,0.25,2.68,250.99,274.8,0,0,False,True,False,False,False,True,False,False,False,True,False,False,False
104019,34.0,53178.86,Bronze,9.0,49.8,5.52,8.0,1022,0.1772,2.8,1049.31,49.68,0,0,False,True,False,False,False,True,False,False,False,False,True,False,False
102152,47.0,50029.86,Bronze,11.0,13.0,111.6,6.9,1665,0.7857,4.56,40.72,1227.6,1,0,False,True,False,False,True,False,False,False,False,True,False,False,False
103688,43.0,21597.95,Platinum,14.0,20.0,269.725,7.4,662,0.6667,1.81,5.72,3776.15,1,3,False,True,False,False,False,True,False,False,True,False,False,False,False
104917,18.0,51171.08,Platinum,6.0,70.0,129.08,7.1,1458,0.0845,3.99,65.99,774.48,0,3,False,True,False,True,False,False,False,False,False,False,True,False,False
101998,37.0,29909.74,Silver,11.0,98.0,104.31,6.1,1036,0.1111,2.84,26.04,1147.41,0,1,True,False,False,False,False,False,False,True,True,False,False,False,False
104034,45.0,110491.95000000001,Platinum,5.0,169.0,104.31,6.6,2113,0.0294,5.79,211.45,521.55,0,3,True,False,False,False,True,False,False,False,False,False,False,True,False
105884,37.0,110491.95000000001,Bronze,7.0,86.6,211.32,7.1,1816,0.0799,4.98,74.64,1479.24,1,0,True,False,False,False,False,True,False,False,False,True,False,False,False
103055,33.0,66397.17,Silver,6.0,35.6,42.77,7.2,2246,0.1639,6.15,257.73,256.62,0,1,True,False,False,False,False,True,False,False,False,True,False,False,False
101249,36.0,81463.16,Silver,10.0,30.0,98.93,7.5,1939,0.3226,5.31,82.26,989.3,0,1,False,True,False,False,False,False,False,True,False,False,True,False,False
102193,26.0,69754.52,Silver,11.0,47.0,106.7,6.7,803,0.2292,2.2,59.38,1173.7,0,1,False,True,False,False,False,True,False,False,False,False,True,False,False
102713,37.0,92028.89,Gold,9.0,14.0,82.19,6.4,1742,0.6,4.77,124.24,739.71,0,2,False,True,False,True,False,False,False,False,False,True,False,False,False
100993,60.0,47819.61,Gold,7.0,2.0,56.04,5.7,594,2.3333,1.63,121.59,392.28,0,2,False,True,False,False,False,False,True,False,False,False,True,False,False
102191,47.0,53178.86,Gold,11.0,67.0,177.79,5.8,1187,0.1618,3.25,27.18,1955.69,1,2,False,True,False,False,False,False,False,True,False,True,False,False,False
104671,18.0,39790.26,Gold,4.0,43.6,84.64,6.8,307,0.0897,0.84,117.18,338.56,0,2,True,False,False,False,False,False,False,True,False,True,False,False,False
103763,42.0,49624.95,Gold,8.0,119.0,237.29,8.5,1496,0.0667,4.1,26.13,1898.32,1,2,True,False,False,True,False,False,False,False,False,False,False,True,False
103598,31.0,44384.33,Bronze,10.0,32.0,142.74,9.2,1779,0.303,4.87,31.07,1427.4,1,0,True,False,False,False,False,False,False,True,True,False,False,False,False
104712,31.0,42808.63,Silver,12.0,67.0,104.31,8.7,1282,0.1765,3.51,34.17,1251.72,1,1,True,False,False,False,False,False,False,True,False,False,True,False,False
101319,20.0,35537.59,Silver,10.0,12.0,44.3,9.1,1432,0.7692,3.92,80.04,443.0,0,1,True,False,False,False,True,False,False,False,False,True,False,False,False
101864,50.0,46067.02,Gold,5.0,9.0,76.94,6.7,200,0.5,0.55,119.44,384.7,0,2,False,True,False,True,False,False,False,False,True,False,False,False,False
102344,36.0,41614.74,Gold,8.0,31.0,79.82,6.9,1365,0.25,3.74,65.07,638.56,0,2,True,False,False,False,True,False,False,False,False,True,False,False,False
102137,41.0,33782.27,Silver,9.0,1.0,50.88,6.7,899,4.5,2.46,73.61,457.92,0,1,True,False,False,False,False,False,True,False,False,False,True,False,False
101066,37.0,53178.86,Bronze,4.0,59.0,80.15,7.7,696,0.0667,1.91,165.36,320.6,0,0,False,True,False,False,False,True,False,False,False,False,False,False,True
105951,18.0,53178.86,Silver,11.0,27.0,119.07,7.9,1616,0.3929,4.43,40.57,1309.77,1,1,False,True,False,False,True,False,False,False,True,False,False,False,False
104228,61.0,30730.9,Silver,4.0,49.2,79.73,7.6,1698,0.0797,4.65,96.06,318.92,0,1,False,True,False,True,False,False,False,False,False,False,False,False,True
102622,30.0,97643.41,Gold,6.0,2.0,112.21,10.0,913,2.0,2.5,144.82,673.26,0,2,False,True,False,False,True,False,False,False,False,False,True,False,False
100078,40.0,36227.64,Gold,6.0,16.0,136.75,6.9,1457,0.3529,3.99,44.1,820.5,0,2,True,False,False,False,False,True,False,False,False,False,True,False,False
102899,28.0,51550.14,Gold,6.0,7.0,136.48,8.7,149,0.75,0.41,62.88,818.88,0,2,False,True,False,False,True,False,False,False,False,False,False,False,True
104821,32.0,60346.21,Gold,2.0,8.0,67.0,5.7,1459,0.2222,4.0,447.01,134.0,0,2,True,False,False,False,True,False,False,False,False,False,False,False,True
101315,45.0,43588.39,Bronze,6.0,46.4,82.2,6.4,1653,0.1266,4.53,88.2,493.2,0,0,True,False,False,False,False,True,False,False,False,True,False,False,False
105232,19.0,56801.67,Gold,6.0,175.0,64.02,8.4,1696,0.0341,4.65,147.49,384.12,0,2,False,True,False,False,False,False,True,False,False,False,True,False,False
100873,47.0,53178.86,Bronze,14.0,30.0,79.34,6.3,2339,0.4516,6.41,47.83,1110.76,0,0,False,True,False,False,False,True,False,False,False,False,False,True,False
103851,45.0,63380.78,Gold,11.0,67.0,96.74,6.9,2416,0.1618,6.62,59.5,1064.14,0,2,False,True,False,False,True,False,False,False,False,False,True,False,False
102966,19.0,53178.86,Silver,7.0,0.0,78.23,6.8,63,7.0,0.17,96.93,547.61,0,1,False,True,False,False,False,True,False,False,False,False,False,False,True
103392,18.0,110491.95000000001,Gold,15.0,99.0,72.0,8.6,1022,0.15,2.8,102.21,1080.0,0,2,True,False,False,False,True,False,False,False,False,False,False,False,True
102561,42.0,85331.07,Silver,7.0,104.0,65.21,7.5,2025,0.0667,5.55,186.53,456.47,0,1,True,False,False,True,False,False,False,False,False,True,False,False,False
105877,32.0,27101.75,Bronze,9.0,19.8,104.31,4.9,1886,0.4327,5.17,28.84,938.79,0,0,False,False,True,False,False,True,False,False,False,False,True,False,False
102636,52.0,59957.9,Platinum,8.0,18.2,148.82,6.1,915,0.4167,2.51,50.32,1190.56,0,3,True,False,False,False,False,False,False,True,False,True,False,False,False
103531,57.0,60157.61,Gold,5.0,53.0,51.98,8.4,528,0.0926,1.45,230.58,259.9,0,2,False,True,False,True,False,False,False,False,False,True,False,False,False
100376,66.0,57785.06,Bronze,7.0,27.0,78.44,7.1,1588,0.25,4.35,105.05,549.08,0,0,True,False,False,False,False,True,False,False,False,False,True,False,False
101909,32.0,32604.45,Bronze,8.0,29.0,135.58,6.0,1136,0.2667,3.11,30.03,1084.64,0,0,False,True,False,True,False,False,False,False,False,True,False,False,False
104430,20.0,92660.96,Silver,11.0,6.0,104.31,7.4,1470,1.5714,4.03,80.69,1147.41,0,1,False,True,False,False,False,True,False,False,False,False,True,False,False
105183,37.0,62849.16,Bronze,9.0,23.4,257.71,8.7,1437,0.3689,3.94,27.09,2319.39,1,0,False,True,False,False,False,False,False,True,False,False,False,False,True
105241,48.0,47332.11,Bronze,6.0,59.0,72.82,7.0,2325,0.1,6.37,108.08,436.92,0,0,True,False,False,False,False,False,True,False,True,False,False,False,False
104028,46.0,26471.56,Silver,11.0,36.2,156.5,7.3,138,0.2957,0.38,15.37,1721.5,1,1,False,True,False,False,False,False,True,False,False,False,True,False,False
101605,34.0,42447.22,Silver,8.0,60.6,223.22,7.7,1753,0.1299,4.8,23.76,1785.76,1,1,False,True,False,True,False,False,False,False,False,False,False,False,True
101119,42.0,46070.95,Bronze,6.0,108.0,104.31,6.3,831,0.055,2.28,73.49,625.86,0,0,False,True,False,False,True,False,False,False,False,False,True,False,False
103678,45.0,75162.98,Silver,6.0,57.0,51.21,5.5,471,0.1034,1.29,243.83,307.26,0,1,False,True,False,True,False,False,False,False,False,False,True,False,False
103491,23.0,75211.38,Silver,8.0,32.0,176.92,7.8,1521,0.2424,4.17,53.1,1415.36,1,1,False,True,False,False,False,False,False,True,False,False,False,True,False
105836,18.0,51581.39,Gold,9.0,37.8,269.725,7.8,423,0.232,1.16,21.24,2427.52,1,2,True,False,False,True,False,False,False,False,False,False,False,True,False
102959,40.0,49958.87,Silver,11.0,48.0,185.44,7.2,627,0.2245,1.72,24.48,2039.84,1,1,True,False,False,False,False,False,False,True,False,True,False,False,False
101995,39.0,41642.18,Platinum,16.0,58.0,169.37,6.8,2206,0.2712,6.04,15.36,2709.92,1,3,False,True,False,True,False,False,False,False,False,False,True,False,False
105946,18.0,53897.59,Bronze,5.0,44.0,104.31,6.8,677,0.1111,1.85,103.14,521.55,0,0,True,False,False,False,True,False,False,False,False,False,True,False,False
105207,20.0,28490.6,Silver,4.0,11.0,126.83,8.8,1315,0.3333,3.6,56.05,507.32,0,1,True,False,False,True,False,False,False,False,False,True,False,False,False
102377,44.0,24187.35,Gold,9.0,186.0,82.67,6.5,1673,0.0481,4.58,32.46,744.03,0,2,True,False,False,False,False,False,True,False,False,False,False,False,True
101343,43.0,49588.65,Silver,13.0,52.0,108.45,5.6,1930,0.2453,5.29,35.15,1409.85,1,1,False,True,False,False,False,False,False,True,False,False,False,True,False
101620,29.0,100505.21,Silver,9.0,65.0,69.87,7.7,372,0.1364,1.02,159.58,628.83,0,1,True,False,False,False,True,False,False,False,False,False,False,False,True
103714,39.0,49121.83,Bronze,10.0,39.6,164.48,6.3,819,0.2463,2.24,29.85,1644.8,1,0,False,True,False,False,False,True,False,False,False,False,False,True,False
102061,21.0,45087.08,Silver,7.0,285.0,104.31,7.2,1579,0.0245,4.33,61.66,730.17,0,1,False,True,False,True,False,False,False,False,False,True,False,False,False
102220,20.0,68615.85,Gold,5.0,21.0,269.725,4.9,169,0.2273,0.46,50.84,1348.62,1,2,False,True,False,False,False,False,True,False,False,False,True,False,False
101674,43.0,41252.3,Bronze,12.0,85.0,47.17,7.6,1057,0.1395,2.9,72.75,566.04,0,0,False,True,False,False,False,True,False,False,False,True,False,False,False
100261,35.0,42049.59,Silver,14.0,30.0,70.14,10.0,990,0.4516,2.71,42.78,981.96,0,1,False,True,False,False,False,False,False,True,False,False,True,False,False
105292,27.0,26699.12,Bronze,7.0,44.0,97.44,5.0,1210,0.1556,3.32,39.09,682.08,0,0,True,False,False,False,False,True,False,False,False,False,True,False,False
102040,42.0,110491.95000000001,Bronze,7.0,45.0,78.78,8.9,1831,0.1522,5.02,200.0,551.46,0,0,False,True,False,True,False,False,False,False,False,False,True,False,False
104786,19.0,17297.54,Bronze,11.0,42.0,104.91,6.7,1935,0.2558,5.3,14.98,1154.01,0,0,False,True,False,False,True,False,False,False,True,False,False,False,False
100902,39.0,99787.87,Bronze,9.0,55.0,201.87,7.9,1712,0.1607,4.69,54.89,1816.83,1,0,False,True,False,False,True,False,False,False,False,False,False,False,True
103745,70.0,23234.24,Bronze,6.0,1.0,25.07,9.3,730,3.0,2.0,153.44,150.42,0,0,False,True,False,False,False,False,False,True,False,False,True,False,False
102027,45.0,82886.56,Bronze,13.0,184.0,86.35,9.0,305,0.0703,0.84,73.77,1122.55,0,0,False,True,False,False,False,False,True,False,False,True,False,False,False
101918,50.0,57126.66,Gold,14.0,42.0,229.15,6.4,1379,0.3256,3.78,17.8,3208.1,1,2,False,True,False,False,False,True,False,False,False,False,False,True,False
101829,27.0,90989.42,Platinum,6.0,55.0,269.725,7.6,1477,0.1071,4.05,56.19,1618.35,1,3,True,False,False,True,False,False,False,False,True,False,False,False,False
101574,38.0,66428.8,Silver,6.0,40.2,86.43,9.2,2049,0.1456,5.61,127.85,518.58,0,1,True,False,False,False,True,False,False,False,False,False,True,False,False
104416,28.0,25812.66,Silver,9.0,132.0,35.59,5.7,1433,0.0677,3.93,80.34,320.31,0,1,True,False,False,True,False,False,False,False,False,True,False,False,False
104750,18.0,72559.45,Bronze,10.0,10.0,20.67,5.6,2256,0.9091,6.18,349.35,206.7,0,0,False,True,False,False,False,True,False,False,False,False,True,False,False
105261,44.0,43139.61,Silver,7.0,44.0,159.44,4.6,1292,0.1556,3.54,38.62,1116.08,0,1,True,False,False,True,False,False,False,False,False,False,False,False,True
104655,40.0,78741.53,Silver,9.0,23.0,46.47,6.1,837,0.375,2.29,187.82,418.23,0,1,False,True,False,False,True,False,False,False,False,False,True,False,False
104209,51.0,50828.68,Bronze,8.0,31.0,104.31,6.6,2470,0.25,6.77,60.84,834.48,0,0,True,False,False,False,False,False,False,True,False,False,True,False,False
104628,47.0,50583.77,Silver,6.0,187.0,164.24,8.7,451,0.0319,1.24,51.28,985.44,0,1,False,True,False,False,True,False,False,False,False,False,False,True,False
100225,39.0,54761.3,Bronze,8.0,18.6,81.02,9.4,2040,0.4082,5.59,84.36,648.16,0,0,True,False,False,False,False,False,True,False,True,False,False,False,False
100724,20.0,28894.52,Silver,6.0,46.0,92.84,5.6,64,0.1277,0.18,51.78,557.04,0,1,True,False,False,False,True,False,False,False,False,True,False,False,False
105379,35.0,38460.56,Silver,7.0,48.0,116.23,6.4,78,0.1429,0.21,47.21,813.61,0,1,False,True,False,True,False,False,False,False,False,False,True,False,False
101142,18.0,79158.64,Gold,10.0,15.0,75.17,6.7,2027,0.625,5.55,105.17,751.7,0,2,True,False,False,True,False,False,False,False,False,False,True,False,False
102763,32.0,88525.18,Platinum,4.0,127.0,134.49,5.0,2403,0.0312,6.58,164.25,537.96,0,3,True,False,False,False,False,False,True,False,False,False,True,False,False
100847,70.0,47352.36,Bronze,11.0,151.0,95.58,4.6,273,0.0724,0.75,45.0,1051.38,0,0,False,True,False,False,False,False,False,True,False,False,True,False,False
104290,43.0,45448.69,Bronze,11.0,38.0,269.725,7.9,530,0.2821,1.45,15.31,2966.98,1,0,True,False,False,True,False,False,False,False,False,True,False,False,False
105043,43.0,53178.86,Gold,9.0,6.0,104.31,7.5,149,1.2857,0.41,56.59,938.79,0,2,True,False,False,False,True,False,False,False,False,False,True,False,False
102552,37.0,60523.14,Silver,9.0,40.0,199.19,7.8,1076,0.2195,2.95,33.74,1792.71,1,1,True,False,False,True,False,False,False,False,False,True,False,False,False
102929,22.0,47449.15,Gold,5.0,70.0,108.55,6.7,1418,0.0704,3.88,87.26,542.75,0,2,True,False,False,False,False,False,True,False,False,True,False,False,False
100118,38.0,32608.69,Platinum,6.0,40.0,241.22,8.6,1647,0.1463,4.51,22.51,1447.32,1,3,False,True,False,True,False,False,False,False,False,True,False,False,False
100646,36.0,54657.54,Bronze,12.0,12.0,104.31,7.2,908,0.9231,2.49,43.63,1251.72,1,0,True,False,False,False,False,True,False,False,False,False,False,False,True
100004,49.0,71184.47,Bronze,10.0,39.6,169.36,6.7,299,0.2463,0.82,42.01,1693.6,1,0,False,True,False,False,False,True,False,False,False,True,False,False,False
104171,51.0,53178.86,Gold,6.0,40.0,125.21,7.7,701,0.1463,1.92,70.69,751.26,0,2,False,True,False,False,False,True,False,False,False,False,True,False,False
100468,61.0,57858.71,Bronze,2.0,49.6,55.52,8.0,1521,0.0395,4.17,516.41,111.04,0,0,False,True,False,False,True,False,False,False,True,False,False,False,False
100006,22.0,53178.86,Gold,6.0,60.0,231.87,7.1,1897,0.0984,5.2,38.2,1391.22,1,2,False,True,False,False,False,False,False,True,False,True,False,False,False
100920,18.0,53178.86,Bronze,9.0,8.0,24.92,8.4,1506,1.0,4.13,236.06,224.28,0,0,False,False,True,True,False,False,False,False,False,True,False,False,False
102596,28.0,50079.96,Silver,6.0,5.0,73.1,6.9,1532,1.0,4.2,113.92,438.6,0,1,False,True,False,False,True,False,False,False,False,False,False,True,False
104325,27.0,88246.1,Silver,6.0,25.0,116.74,7.0,203,0.2308,0.56,125.81,700.44,0,1,True,False,False,False,True,False,False,False,True,False,False,False,False
102591,28.0,38606.44,Bronze,11.0,48.0,82.4,5.9,431,0.2245,1.18,42.55,906.4,0,0,False,True,False,False,False,False,True,False,True,False,False,False,False
100243,18.0,43560.68,Gold,13.0,51.8,123.06,9.0,671,0.2462,1.84,27.21,1599.78,1,2,False,True,False,True,False,False,False,False,False,False,False,False,True
105214,33.0,47302.35,Bronze,11.0,28.0,125.54,4.6,1202,0.3793,3.29,34.23,1380.94,1,0,False,True,False,False,False,True,False,False,False,True,False,False,False
101161,24.0,52024.37,Bronze,9.0,3.0,3.0,8.7,2440,2.25,6.68,1858.01,27.0,0,0,False,True,False,False,False,True,False,False,False,True,False,False,False
102871,18.0,103864.42,Bronze,6.0,276.0,66.79,8.2,1209,0.0217,3.31,258.54,400.74,0,0,True,False,False,True,False,False,False,False,True,False,False,False,False
103736,33.0,27714.96,Silver,11.0,13.0,226.38,8.4,361,0.7857,0.99,11.13,2490.18,1,1,True,False,False,False,False,False,True,False,False,False,False,True,False
102398,36.0,67805.34,Gold,10.0,37.4,125.78,5.8,1881,0.2604,5.15,53.87,1257.8,1,2,False,True,False,False,False,True,False,False,False,False,False,False,True
103518,37.0,56695.82,Bronze,8.0,73.0,24.29,6.2,1609,0.1081,4.41,290.27,194.32,0,0,False,True,False,False,False,False,False,True,False,False,False,False,True
103422,37.0,46787.8,Bronze,4.0,44.0,104.31,10.0,881,0.0889,2.41,111.87,417.24,0,0,True,False,False,False,True,False,False,False,False,False,False,False,True
102564,58.0,59609.18,Gold,11.0,56.0,269.725,9.8,2163,0.193,5.93,20.08,2966.98,1,2,True,False,False,False,False,True,False,False,False,False,False,False,True
101606,54.0,75811.43,Bronze,5.0,60.0,140.5,4.3,404,0.082,1.11,107.76,702.5,0,0,False,True,False,False,False,False,True,False,False,False,False,True,False
105786,59.0,62784.13,Silver,11.0,65.0,91.81,4.3,1009,0.1667,2.76,62.11,1009.91,0,1,False,True,False,True,False,False,False,False,False,False,False,True,False
102325,18.0,42010.1,Silver,9.0,5.0,147.93,8.6,350,1.5,0.96,31.53,1331.37,1,1,True,False,False,False,False,False,True,False,False,True,False,False,False
102710,37.0,42615.03,Silver,6.0,6.0,128.14,7.8,1134,0.8571,3.11,55.36,768.84,0,1,False,True,False,False,False,True,False,False,False,False,True,False,False
105266,37.0,53178.86,Bronze,4.0,60.0,45.42,8.1,2431,0.0656,6.66,291.1,181.68,0,0,False,True,False,False,False,False,False,True,False,False,True,False,False
103449,32.0,37369.85,Silver,9.0,135.4,29.22,8.5,1796,0.066,4.92,141.56,262.98,0,1,False,True,False,True,False,False,False,False,False,True,False,False,False
103813,32.0,25269.63,Bronze,6.0,7.0,70.48,7.2,240,0.75,0.66,59.62,422.88,0,0,False,True,False,False,False,False,True,False,False,False,True,False,False
105581,43.0,35906.83,Gold,2.0,33.0,83.59,7.6,1542,0.0588,4.22,213.5,167.18,0,2,False,True,False,True,False,False,False,False,False,False,True,False,False
102363,34.0,80266.56,Silver,6.0,3.0,48.36,7.3,2063,1.5,5.65,275.68,290.16,0,1,True,False,False,False,False,False,False,True,True,False,False,False,False
101976,47.0,51068.41,Bronze,2.0,64.0,66.79,7.4,253,0.0308,0.69,379.47,133.58,0,0,False,True,False,False,False,False,True,False,False,False,True,False,False
103515,42.0,44135.33,Bronze,7.0,130.0,150.94,8.9,1945,0.0534,5.33,41.73,1056.58,0,0,False,True,False,False,False,False,False,True,False,False,False,False,True
101762,29.0,35281.57,Platinum,4.0,32.2,150.41,7.3,2255,0.1205,6.18,58.55,601.64,0,3,False,False,True,False,False,False,True,False,True,False,False,False,False
102740,55.0,69500.78,Silver,8.0,32.0,48.09,9.9,1842,0.2424,5.05,180.18,384.72,0,1,True,False,False,False,False,True,False,False,False,False,False,False,True
105588,47.0,37924.86,Bronze,10.0,32.0,211.25,6.3,260,0.303,0.71,17.94,2112.5,1,0,False,True,False,False,True,False,False,False,True,False,False,False,False
102473,42.0,53178.86,Silver,5.0,59.0,80.82,6.1,2448,0.0833,6.71,131.27,404.1,0,1,True,False,False,False,False,False,True,False,False,False,False,False,True
104008,44.0,26657.73,Bronze,5.0,51.6,21.7,6.7,236,0.0951,0.65,243.45,108.5,0,0,True,False,False,False,False,False,True,False,False,True,False,False,False
104719,41.0,35680.74,Silver,9.0,62.0,48.13,3.8,1710,0.1429,4.68,82.18,433.17,0,1,False,True,False,False,False,False,True,False,False,True,False,False,False
101494,25.0,23587.18,Bronze,7.0,58.0,148.33,7.2,557,0.1186,1.53,22.7,1038.31,0,0,True,False,False,False,False,True,False,False,False,False,False,False,True
104207,38.0,48490.93,Gold,11.0,67.0,130.52,7.3,1386,0.1618,3.8,33.75,1435.72,1,2,True,False,False,False,True,False,False,False,False,True,False,False,False
102159,46.0,55045.58,Bronze,8.0,29.0,42.32,8.1,1696,0.2667,4.65,162.11,338.56,0,0,True,False,False,False,False,True,False,False,False,False,True,False,False
101170,34.0,110491.95000000001,Gold,8.0,63.8,132.12,7.7,703,0.1235,1.93,104.44,1056.96,0,2,False,True,False,False,False,True,False,False,False,False,False,True,False
105416,18.0,84962.75,Silver,16.0,29.0,184.22,7.3,421,0.5333,1.15,28.82,2947.52,1,1,True,False,False,False,True,False,False,False,False,False,True,False,False
100067,34.0,72388.06,Bronze,11.0,21.0,162.53,7.8,1868,0.5,5.12,40.47,1787.83,1,0,False,True,False,False,False,False,True,False,False,True,False,False,False
101604,21.0,54003.55,Bronze,7.0,0.0,104.31,7.7,742,7.0,2.03,73.86,730.17,0,0,True,False,False,False,False,False,True,False,False,False,True,False,False
103284,54.0,24344.19,Silver,3.0,5.0,111.71,9.3,162,0.5,0.44,72.42,335.13,0,1,False,True,False,False,False,False,False,True,False,False,False,True,False
103597,33.0,110491.95000000001,Silver,12.0,12.0,28.37,7.1,383,0.9231,1.05,323.61,340.44,0,1,True,False,False,True,False,False,False,False,False,False,True,False,False
104633,27.0,48803.87,Bronze,6.0,51.0,66.16,5.6,1905,0.1154,5.22,122.64,396.96,0,0,True,False,False,False,False,True,False,False,False,False,True,False,False
100126,42.0,28190.28,Silver,9.0,37.0,193.9,6.1,1439,0.2368,3.94,16.14,1745.1,1,1,True,False,False,False,False,True,False,False,False,True,False,False,False
101297,19.0,48961.32,Silver,10.0,37.0,90.34,8.3,344,0.2632,0.94,54.14,903.4,0,1,True,False,False,False,True,False,False,False,False,False,True,False,False
101977,18.0,110491.95000000001,Bronze,10.0,53.0,93.35,7.1,134,0.1852,0.37,118.24,933.5,0,0,False,True,False,False,False,True,False,False,False,True,False,False,False
105417,45.0,22371.11,Bronze,11.0,64.4,77.18,7.6,1114,0.1682,3.05,26.32,848.98,0,0,True,False,False,False,True,False,False,False,False,True,False,False,False
105374,31.0,88188.83,Gold,6.0,23.0,179.23,5.5,171,0.25,0.47,81.93,1075.38,0,2,False,True,False,False,False,False,False,True,False,False,False,False,True
102076,23.0,36648.39,Gold,6.0,28.0,45.94,8.7,2336,0.2069,6.4,132.48,275.64,0,2,True,False,False,False,False,False,True,False,False,False,True,False,False
104581,34.0,70361.91,Silver,11.0,42.0,118.34,6.9,544,0.2558,1.49,54.01,1301.74,1,1,True,False,False,False,False,False,False,True,False,False,True,False,False
105197,39.0,53003.85,Silver,13.0,30.0,86.29,8.0,921,0.4194,2.52,47.21,1121.77,0,1,False,False,True,False,False,False,True,False,False,True,False,False,False
103346,35.0,50536.53,Bronze,7.0,32.0,83.73,7.3,539,0.2121,1.48,86.08,586.11,0,0,True,False,False,True,False,False,False,False,False,False,False,False,True
105819,43.0,32157.61,Silver,8.0,14.0,39.95,7.9,666,0.5333,1.82,100.3,319.6,0,1,True,False,False,False,False,True,False,False,False,False,False,False,True
102798,35.0,91228.27,Bronze,7.0,44.0,102.69,7.1,1865,0.1556,5.11,126.74,718.83,0,0,False,True,False,True,False,False,False,False,False,False,True,False,False
100919,54.0,46642.13,Silver,4.0,9.0,163.78,6.7,1081,0.4,2.96,71.09,655.12,0,1,False,True,False,False,False,True,False,False,False,False,False,False,True
101647,37.0,20112.85,Bronze,11.0,33.0,269.725,7.2,699,0.3235,1.92,6.78,2966.98,1,0,False,True,False,True,False,False,False,False,False,False,True,False,False
105123,34.0,47176.79,Silver,5.0,77.0,31.26,5.9,360,0.0641,0.99,299.92,156.3,0,1,True,False,False,False,False,False,True,False,False,False,True,False,False
105127,44.0,36981.09,Bronze,13.0,61.0,71.72,7.0,170,0.2097,0.47,39.62,932.36,0,0,True,False,False,True,False,False,False,False,False,False,True,False,False
104979,52.0,21283.07,Silver,13.0,38.0,162.31,8.6,2155,0.3333,5.9,10.08,2110.03,1,1,True,False,False,True,False,False,False,False,False,False,False,True,False
104622,37.0,51182.03,Bronze,9.0,28.0,104.31,6.0,515,0.3103,1.41,54.46,938.79,0,0,True,False,False,True,False,False,False,False,False,True,False,False,False
100365,36.0,42806.66,Bronze,6.0,10.0,125.59,9.2,1159,0.5455,3.18,56.73,753.54,0,0,False,True,False,False,False,False,False,True,False,False,False,True,False
103288,51.0,34008.14,Silver,7.0,17.0,192.91,4.6,683,0.3889,1.87,25.17,1350.37,1,1,True,False,False,False,False,True,False,False,False,True,False,False,False
102126,40.0,27300.73,Silver,9.0,11.0,60.85,5.4,976,0.75,2.67,49.76,547.65,0,1,True,False,False,False,False,False,False,True,False,False,False,True,False
104124,42.0,77654.97,Bronze,7.0,12.0,202.88,9.4,1431,0.5385,3.92,54.64,1420.16,1,0,False,True,False,False,False,True,False,False,False,False,False,True,False
104570,43.0,73272.96,Bronze,10.0,42.0,12.17,10.0,1067,0.2326,2.92,597.17,121.7,0,0,False,True,False,False,True,False,False,False,False,True,False,False,False
100526,33.0,88850.31,Platinum,6.0,14.0,134.73,5.4,541,0.4,1.48,109.78,808.38,0,3,False,True,False,False,False,True,False,False,False,False,True,False,False
104822,30.0,53178.86,Gold,7.0,12.0,269.725,8.9,2070,0.5385,5.67,28.15,1888.08,1,2,False,True,False,False,False,True,False,False,True,False,False,False,False
100056,30.0,72405.05,Bronze,2.0,54.2,79.33,4.4,1119,0.0362,3.07,453.5,158.66,0,0,True,False,False,False,True,False,False,False,False,True,False,False,False
102767,18.0,65884.23,Silver,13.0,72.0,56.83,6.2,2157,0.1781,5.91,89.06,738.79,0,1,False,True,False,False,False,False,True,False,False,False,True,False,False
101277,31.0,110491.95000000001,Silver,7.0,86.6,110.41,8.2,552,0.0799,1.51,142.78,772.87,0,1,False,True,False,False,True,False,False,False,False,False,False,True,False
105146,39.0,38525.49,Bronze,8.0,36.2,104.31,6.5,1501,0.2151,4.11,46.11,834.48,0,0,True,False,False,False,False,True,False,False,False,False,True,False,False
104433,44.0,85753.73,Silver,7.0,179.0,269.725,6.9,1530,0.0389,4.19,45.39,1888.08,1,1,False,True,False,False,False,True,False,False,False,True,False,False,False
103645,35.0,76972.36,Platinum,6.0,226.0,147.12,7.0,1367,0.0264,3.75,87.1,882.72,0,3,True,False,False,True,False,False,False,False,False,False,False,True,False
104144,33.0,44404.37,Platinum,4.0,3.0,133.93,8.6,1831,1.0,5.02,82.73,535.72,0,3,False,True,False,False,False,False,False,True,False,False,False,True,False
102879,28.0,43918.68,Gold,9.0,41.6,104.31,6.5,1674,0.2113,4.59,46.73,938.79,0,2,False,True,False,False,False,True,False,False,False,False,True,False,False
102287,46.0,34447.48,Bronze,10.0,51.0,130.82,7.4,1463,0.1923,4.01,26.31,1308.2,1,0,True,False,False,True,False,False,False,False,False,False,False,False,True
102262,29.0,60700.88,Bronze,11.0,4.0,104.31,9.4,810,2.2,2.22,52.86,1147.41,0,0,True,False,False,False,False,False,True,False,False,False,True,False,False
101754,31.0,53854.94,Bronze,10.0,7.0,42.12,6.0,297,1.25,0.81,127.56,421.2,0,0,True,False,False,False,False,False,True,False,False,True,False,False,False
101969,33.0,37455.64,Silver,13.0,9.0,183.9,6.5,2243,1.3,6.15,15.66,2390.7,1,1,True,False,False,False,True,False,False,False,True,False,False,False,False
105203,27.0,34386.83,Bronze,7.0,105.0,62.14,5.6,1286,0.066,3.52,78.87,434.98,0,0,True,False,False,True,False,False,False,False,False,False,True,False,False
103118,36.0,12863.14,Silver,5.0,43.6,53.79,4.7,2466,0.1121,6.76,47.65,268.95,0,1,True,False,False,True,False,False,False,False,False,False,True,False,False
102394,42.0,32157.58,Gold,5.0,71.0,63.06,8.9,1639,0.0694,4.49,101.67,315.3,0,2,False,True,False,False,False,False,False,True,False,False,True,False,False
100524,36.0,71237.76,Silver,8.0,10.0,85.29,9.3,398,0.7273,1.09,104.25,682.32,0,1,False,True,False,False,False,False,True,False,False,False,True,False,False
103901,46.0,29853.02,Platinum,8.0,102.0,104.31,6.5,539,0.0777,1.48,35.73,834.48,0,3,True,False,False,False,False,True,False,False,False,True,False,False,False
105712,18.0,28115.0,Bronze,11.0,70.6,104.31,5.6,1214,0.1536,3.33,24.48,1147.41,0,0,True,False,False,False,True,False,False,False,False,False,False,False,True
104700,38.0,110491.95000000001,Platinum,5.0,15.0,150.04,8.2,1473,0.3125,4.04,147.09,750.2,0,3,False,True,False,False,False,True,False,False,False,False,False,False,True
105490,29.0,53178.86,Gold,5.0,12.0,78.64,6.1,149,0.3846,0.41,134.9,393.2,0,2,False,True,False,False,False,False,False,True,False,True,False,False,False
103123,46.0,40488.35,Silver,11.0,24.0,104.31,4.2,2238,0.44,6.13,35.26,1147.41,0,1,True,False,False,False,True,False,False,False,False,False,True,False,False
104157,42.0,53178.86,Gold,8.0,14.0,269.725,7.2,1024,0.5333,2.81,24.63,2157.8,1,2,False,True,False,True,False,False,False,False,False,True,False,False,False
101970,48.0,110491.95000000001,Silver,3.0,4.0,126.88,7.6,1875,0.6,5.14,289.52,380.64,0,1,False,True,False,True,False,False,False,False,False,False,False,True,False
104189,29.0,52292.6,Bronze,8.0,19.0,85.57,6.9,1299,0.4,3.56,76.28,684.56,0,0,False,True,False,False,False,True,False,False,False,False,False,False,True
105533,37.0,98706.13,Bronze,10.0,56.0,88.24,8.1,1342,0.1754,3.68,111.73,882.4,0,0,True,False,False,False,False,False,False,True,False,True,False,False,False
101888,40.0,29054.4,Bronze,11.0,15.0,111.02,5.8,729,0.6875,2.0,23.77,1221.22,0,0,False,True,False,False,False,False,True,False,True,False,False,False,False
103267,18.0,21739.29,Silver,8.0,70.0,131.45,6.8,1577,0.1127,4.32,20.65,1051.6,0,1,False,True,False,False,False,False,True,False,False,True,False,False,False
100281,44.0,53178.86,Gold,6.0,228.0,136.22,7.7,1039,0.0262,2.85,64.99,817.32,0,2,False,True,False,False,True,False,False,False,False,True,False,False,False
101720,22.0,28904.58,Bronze,9.0,1.0,269.725,6.0,1885,4.5,5.16,11.9,2427.52,1,0,True,False,False,False,False,False,False,True,False,True,False,False,False
102948,43.0,45907.2,Bronze,6.0,69.0,182.36,4.2,2070,0.0857,5.67,41.92,1094.16,0,0,True,False,False,False,False,False,False,True,False,False,False,False,True
104456,68.0,43019.98,Bronze,8.0,62.6,215.93,10.0,2335,0.1258,6.4,24.89,1727.44,1,0,False,True,False,False,True,False,False,False,False,True,False,False,False
100900,20.0,28083.57,Bronze,14.0,57.6,172.94,7.3,1971,0.2389,5.4,11.59,2421.16,1,0,False,True,False,False,True,False,False,False,False,False,True,False,False
105815,47.0,59120.99,Gold,10.0,36.6,66.33,9.9,1787,0.266,4.9,89.0,663.3,0,2,True,False,False,False,True,False,False,False,False,True,False,False,False
100761,53.0,80636.22,Bronze,10.0,37.0,147.32,8.0,403,0.2632,1.1,54.7,1473.2,1,0,True,False,False,True,False,False,False,False,False,False,True,False,False
101907,38.0,53178.86,Silver,11.0,56.2,222.96,7.6,271,0.1923,0.74,21.67,2452.56,1,1,False,True,False,False,True,False,False,False,False,False,False,False,True
104043,38.0,67977.96,Bronze,12.0,175.0,108.29,8.0,1900,0.0682,5.21,52.27,1299.48,1,0,False,True,False,False,False,True,False,False,False,False,False,False,True
103824,35.0,56388.31,Bronze,11.0,70.0,132.1,6.5,2458,0.1549,6.73,38.78,1453.1,1,0,True,False,False,False,False,False,True,False,False,False,True,False,False
104139,26.0,57172.72,Gold,5.0,72.0,258.75,3.2,1678,0.0685,4.6,44.16,1293.75,1,2,False,True,False,False,False,False,True,False,False,True,False,False,False
103819,57.0,47904.96,Platinum,6.0,39.0,182.51,8.0,1292,0.15,3.54,43.71,1095.06,0,3,False,True,False,True,False,False,False,False,False,False,False,True,False
104301,33.0,72983.83,Silver,11.0,12.0,100.61,7.1,425,0.8462,1.16,65.89,1106.71,0,1,False,False,True,False,False,False,False,True,False,True,False,False,False
102594,47.0,49450.5,Silver,6.0,56.0,103.02,5.4,349,0.1053,0.96,79.87,618.12,0,1,True,False,False,True,False,False,False,False,False,False,False,False,True
104165,35.0,78622.87,Bronze,8.0,20.0,174.66,8.3,687,0.381,1.88,56.23,1397.28,1,0,False,True,False,False,False,False,True,False,False,False,False,False,True
103032,45.0,110491.95000000001,Bronze,8.0,11.0,180.03,5.4,1904,0.6667,5.22,76.66,1440.24,1,0,True,False,False,True,False,False,False,False,False,False,False,True,False
102833,50.0,32095.59,Silver,6.0,24.0,108.87,7.9,1695,0.24,4.64,49.06,653.22,0,1,False,True,False,False,True,False,False,False,False,False,True,False,False
103473,51.0,58448.45,Silver,8.0,177.0,242.02,9.1,1083,0.0449,2.97,30.17,1936.16,1,1,True,False,False,False,True,False,False,False,False,False,True,False,False
100138,48.0,21203.62,Silver,10.0,18.0,56.34,5.4,777,0.5263,2.13,37.57,563.4,0,1,True,False,False,False,False,False,False,True,False,True,False,False,False
104893,25.0,57712.93,Bronze,3.0,37.6,269.725,7.3,332,0.0777,0.91,71.24,809.18,0,0,False,True,False,False,False,True,False,False,False,False,False,False,True
102181,63.0,60144.84,Silver,11.0,44.0,109.18,5.7,1253,0.2444,3.43,50.04,1200.98,0,1,False,True,False,False,False,True,False,False,False,False,False,False,True
102129,43.0,79780.97,Bronze,7.0,6.0,111.72,6.5,1303,1.0,3.57,101.89,782.04,0,0,False,True,False,True,False,False,False,False,False,False,False,True,False
103178,40.0,92585.05,Gold,10.0,69.0,236.15,7.5,2375,0.1429,6.51,39.19,2361.5,1,2,False,True,False,False,False,False,False,True,False,True,False,False,False
104855,35.0,30178.9,Silver,10.0,81.0,204.92,6.8,2403,0.122,6.58,14.72,2049.2,1,1,False,True,False,False,False,False,True,False,False,False,True,False,False
104638,25.0,110491.95000000001,Platinum,8.0,3.0,157.43,6.7,1307,2.0,3.58,87.66,1259.44,1,3,False,True,False,False,False,False,True,False,False,False,False,True,False
105116,45.0,60820.6,Silver,7.0,79.2,150.8,7.4,800,0.0873,2.19,57.56,1055.6,0,1,False,True,False,False,False,True,False,False,False,False,True,False,False
105224,43.0,22359.83,Gold,11.0,6.0,212.32,6.9,196,1.5714,0.54,9.57,2335.52,1,2,False,True,False,False,False,False,True,False,False,False,False,False,True
104262,51.0,69917.91,Platinum,4.0,33.2,139.22,6.8,1166,0.117,3.19,125.33,556.88,0,3,True,False,False,False,False,False,False,True,False,False,True,False,False
104345,31.0,53178.86,Bronze,6.0,66.0,69.56,5.8,2374,0.0896,6.5,127.11,417.36,0,0,True,False,False,False,False,False,False,True,False,False,True,False,False
101332,25.0,110491.95000000001,Silver,8.0,10.0,225.63,7.1,162,0.7273,0.44,61.18,1805.04,1,1,True,False,False,True,False,False,False,False,True,False,False,False,False
102018,30.0,90866.02,Silver,11.0,38.0,144.57,7.4,2251,0.2821,6.17,57.1,1590.27,1,1,True,False,False,True,False,False,False,False,False,False,True,False,False
104543,18.0,51537.45,Bronze,7.0,4.0,48.13,5.7,455,1.4,1.25,152.52,336.91,0,0,True,False,False,True,False,False,False,False,False,False,True,False,False
102483,41.0,59125.26,Silver,6.0,40.0,259.83,5.4,1157,0.1463,3.17,37.9,1558.98,1,1,True,False,False,True,False,False,False,False,False,True,False,False,False
101359,33.0,29606.84,Bronze,8.0,59.0,144.54,7.7,175,0.1333,0.48,25.58,1156.32,0,0,False,True,False,False,True,False,False,False,False,False,True,False,False
101330,47.0,53178.86,Bronze,13.0,29.0,115.0,9.0,1211,0.4333,3.32,35.55,1495.0,1,0,True,False,False,False,True,False,False,False,False,False,False,True,False
105909,47.0,48618.8,Bronze,13.0,64.0,59.7,8.4,2436,0.2,6.67,62.56,776.1,0,0,True,False,False,False,False,False,False,True,True,False,False,False,False
102151,37.0,64635.28,Bronze,8.0,33.8,70.01,7.7,53,0.2299,0.15,115.2,560.08,0,0,False,True,False,False,False,False,False,True,False,False,True,False,False
104531,49.0,53178.86,Bronze,3.0,193.0,49.94,8.9,466,0.0155,1.28,352.6,149.82,0,0,False,True,False,False,True,False,False,False,False,False,False,False,True
102123,28.0,53178.86,Bronze,7.0,17.2,122.11,6.7,184,0.3846,0.5,62.14,854.77,0,0,True,False,False,False,False,False,False,True,False,False,False,True,False
104674,40.0,74402.68,Bronze,9.0,3.0,55.25,6.6,120,2.25,0.33,149.33,497.25,0,0,False,True,False,False,True,False,False,False,False,False,False,False,True
103982,35.0,93921.18,Bronze,10.0,3.0,3.0,8.4,1160,2.5,3.18,3029.72,30.0,0,0,False,True,False,True,False,False,False,False,False,False,False,True,False
101253,28.0,35079.93,Bronze,9.0,8.0,30.52,5.4,758,1.0,2.08,127.25,274.68,0,0,False,True,False,False,False,False,False,True,False,False,True,False,False
103279,29.0,25349.9,Bronze,10.0,27.0,67.15,8.8,191,0.3571,0.52,37.7,671.5,0,0,False,True,False,False,False,False,True,False,False,True,False,False,False
103375,38.0,80406.89,Platinum,8.0,7.0,184.62,5.1,350,1.0,0.96,54.4,1476.96,1,3,True,False,False,False,False,True,False,False,False,False,False,True,False
104720,40.0,64079.41,Gold,7.0,10.0,205.41,6.9,69,0.6364,0.19,44.53,1437.87,1,2,False,True,False,False,False,True,False,False,True,False,False,False,False
101849,33.0,27617.2,Bronze,12.0,10.0,165.3,7.6,2322,1.0909,6.36,13.92,1983.6,1,0,False,True,False,False,True,False,False,False,False,False,False,True,False
103038,37.0,100370.88,Bronze,7.0,4.0,128.28,8.6,1792,1.4,4.91,111.65,897.96,0,0,False,False,True,False,True,False,False,False,False,False,False,False,True
100236,30.0,48680.92,Platinum,7.0,47.0,199.89,8.3,1886,0.1458,5.17,34.77,1399.23,1,3,True,False,False,True,False,False,False,False,False,False,False,False,True
101078,70.0,46618.46,Silver,7.0,29.2,70.1,7.5,984,0.2318,2.7,94.81,490.7,0,1,True,False,False,False,True,False,False,False,False,False,False,True,False
101985,29.0,63646.59,Bronze,7.0,20.6,106.33,8.5,2167,0.3241,5.94,85.4,744.31,0,0,False,True,False,False,False,False,True,False,False,False,True,False,False
104364,31.0,57848.03,Silver,5.0,14.0,179.54,8.5,1229,0.3333,3.37,64.37,897.7,0,1,False,True,False,False,False,False,False,True,False,True,False,False,False
100771,59.0,68403.77,Silver,8.0,16.0,41.2,8.4,1531,0.4706,4.19,206.91,329.6,0,1,False,True,False,False,False,False,True,False,False,False,False,True,False
102166,53.0,87971.71,Silver,8.0,8.0,68.94,6.3,936,0.8889,2.56,159.22,551.52,0,1,True,False,False,False,False,False,True,False,False,False,False,True,False
104534,20.0,20829.56,Silver,6.0,104.0,76.05,6.7,1885,0.0571,5.16,45.55,456.3,0,1,False,True,False,False,False,True,False,False,False,False,True,False,False
100250,24.0,60386.02,Bronze,5.0,9.0,71.89,7.2,234,0.5,0.64,167.53,359.45,0,0,True,False,False,True,False,False,False,False,False,False,False,False,True
101575,21.0,53832.85,Bronze,14.0,35.0,36.17,7.6,344,0.3889,0.94,106.1,506.38,0,0,True,False,False,False,False,False,False,True,False,False,False,True,False
103420,53.0,66706.56,Silver,2.0,38.2,115.24,7.2,216,0.051,0.59,288.17,230.48,0,1,True,False,False,False,False,False,False,True,False,False,False,True,False
102082,43.0,34703.99,Bronze,6.0,3.0,269.725,7.3,1801,1.5,4.93,21.43,1618.35,1,0,False,True,False,False,True,False,False,False,False,False,False,True,False
101824,46.0,110491.95000000001,Bronze,5.0,125.0,88.8,7.1,2115,0.0397,5.79,248.3,444.0,0,0,True,False,False,False,False,False,False,True,False,False,False,True,False
105551,47.0,104441.0,Bronze,3.0,26.0,131.11,7.5,1020,0.1111,2.79,264.86,393.33,0,0,False,True,False,False,False,False,True,False,True,False,False,False,False
105739,18.0,53178.86,Bronze,4.0,216.0,130.91,7.4,1933,0.0184,5.3,101.36,523.64,0,0,False,True,False,False,True,False,False,False,False,True,False,False,False
104545,45.0,49178.3,Silver,7.0,26.4,179.18,6.4,417,0.2555,1.14,39.18,1254.26,1,1,False,True,False,False,False,True,False,False,False,True,False,False,False
100717,19.0,44493.22,Silver,3.0,49.0,109.85,8.1,585,0.06,1.6,134.6,329.55,0,1,True,False,False,False,False,True,False,False,False,False,True,False,False
105345,37.0,64009.6,Gold,6.0,80.6,104.31,7.9,536,0.0735,1.47,102.11,625.86,0,2,True,False,False,False,False,False,False,True,False,False,True,False,False
105600,34.0,52794.57,Silver,9.0,67.4,225.39,4.3,2143,0.1316,5.87,26.01,2028.51,1,1,False,True,False,False,False,True,False,False,False,True,False,False,False
102049,39.0,88910.55,Bronze,7.0,24.0,28.98,9.1,1813,0.28,4.97,436.14,202.86,0,0,False,False,True,True,False,False,False,False,False,False,True,False,False
104179,18.0,65411.68,Bronze,5.0,1.0,54.02,7.9,2186,2.5,5.99,241.28,270.1,0,0,True,False,False,False,False,False,True,False,False,False,False,True,False
104810,37.0,58091.28,Bronze,6.0,46.0,170.32,8.1,1363,0.1277,3.73,56.79,1021.92,0,0,False,True,False,False,False,True,False,False,False,True,False,False,False
102725,31.0,83304.48,Silver,7.0,105.0,56.02,6.8,1840,0.066,5.04,211.9,392.14,0,1,False,True,False,False,False,True,False,False,False,False,False,False,True
105421,49.0,69510.71,Bronze,7.0,33.6,36.46,6.7,566,0.2023,1.55,271.29,255.22,0,0,True,False,False,False,False,False,True,False,False,False,True,False,False
101461,50.0,63443.87,Bronze,5.0,34.0,64.03,7.6,527,0.1429,1.44,197.55,320.15,0,0,False,True,False,False,True,False,False,False,False,True,False,False,False
101669,41.0,82186.68,Gold,6.0,66.2,112.06,7.6,1635,0.0893,4.48,122.05,672.36,0,2,False,False,True,False,False,False,True,False,False,False,True,False,False
102757,46.0,53178.86,Bronze,13.0,9.0,140.67,7.2,447,1.3,1.22,29.06,1828.71,1,0,True,False,False,True,False,False,False,False,False,False,False,False,True
102001,33.0,62951.57,Bronze,4.0,33.0,26.92,6.4,740,0.1176,2.03,579.24,107.68,0,0,False,True,False,False,False,False,True,False,False,False,False,True,False
104572,58.0,39156.81,Bronze,9.0,51.6,104.31,6.3,1935,0.1711,5.3,41.67,938.79,0,0,False,True,False,False,False,False,False,True,False,True,False,False,False
104614,30.0,46870.59,Bronze,10.0,49.0,151.57,3.8,160,0.2,0.44,30.9,1515.7,1,0,True,False,False,False,False,False,False,True,False,False,False,False,True
100405,44.0,49933.68,Bronze,10.0,52.0,90.39,9.8,205,0.1887,0.56,55.18,903.9,0,0,True,False,False,False,False,False,True,False,False,False,True,False,False
100385,19.0,53178.86,Gold,6.0,43.0,61.32,7.3,1637,0.1364,4.48,144.15,367.92,0,2,True,False,False,False,True,False,False,False,False,True,False,False,False
105386,52.0,35450.38,Gold,7.0,7.0,128.24,9.3,321,0.875,0.88,39.45,897.68,0,2,True,False,False,False,False,False,True,False,False,False,True,False,False
102153,28.0,53178.86,Silver,4.0,5.0,52.45,4.9,665,0.6667,1.82,252.27,209.8,0,1,False,True,False,False,False,False,False,True,False,True,False,False,False
101634,38.0,53178.86,Bronze,12.0,56.4,75.49,7.0,610,0.2091,1.67,58.64,905.88,0,0,False,True,False,False,False,True,False,False,False,True,False,False,False
105495,47.0,78108.24,Platinum,9.0,30.0,116.88,5.5,1736,0.2903,4.76,74.18,1051.92,0,3,False,True,False,False,False,False,False,True,False,True,False,False,False
104785,39.0,53178.86,Platinum,7.0,68.0,149.59,8.8,491,0.1014,1.35,50.74,1047.13,0,3,False,True,False,True,False,False,False,False,False,False,True,False,False
103926,49.0,76210.87,Gold,6.0,15.0,119.02,6.6,690,0.375,1.89,106.57,714.12,0,2,True,False,False,False,False,True,False,False,False,False,False,True,False
104159,51.0,51453.02,Bronze,8.0,17.0,39.58,7.0,1494,0.4444,4.09,161.99,316.64,0,0,True,False,False,False,True,False,False,False,False,False,True,False,False
104949,38.0,22655.93,Bronze,3.0,85.0,195.65,6.3,2182,0.0349,5.98,38.53,586.95,0,0,False,True,False,True,False,False,False,False,False,False,True,False,False
100224,25.0,76223.69,Gold,3.0,20.0,221.67,7.2,1089,0.1429,2.98,114.45,665.01,0,2,False,True,False,True,False,False,False,False,False,False,False,True,False
102194,38.0,42133.61,Gold,6.0,3.0,104.31,6.7,1854,1.5,5.08,67.21,625.86,0,2,False,True,False,False,False,False,True,False,False,True,False,False,False
103137,53.0,45540.26,Silver,8.0,76.0,158.04,6.8,739,0.1039,2.02,35.99,1264.32,1,1,True,False,False,False,False,True,False,False,False,False,True,False,False
104470,28.0,48220.71,Platinum,6.0,80.4,104.31,6.0,2097,0.0737,5.75,76.92,625.86,0,3,False,True,False,False,False,True,False,False,False,False,False,True,False
101825,27.0,33592.29,Silver,15.0,157.0,158.28,7.9,335,0.0949,0.92,14.14,2374.2,1,1,True,False,False,False,True,False,False,False,False,True,False,False,False
105510,43.0,75212.83,Bronze,9.0,67.4,83.16,7.4,634,0.1316,1.74,100.36,748.44,0,0,True,False,False,True,False,False,False,False,False,True,False,False,False
105125,32.0,55489.13,Platinum,5.0,37.6,153.94,5.5,118,0.1295,0.32,72.0,769.7,0,3,False,True,False,False,False,True,False,False,False,False,False,True,False
104973,50.0,86126.68,Silver,6.0,32.4,60.25,6.7,2400,0.1796,6.58,237.59,361.5,0,1,True,False,False,True,False,False,False,False,False,False,True,False,False
100798,51.0,64408.01,Gold,2.0,118.4,173.96,8.8,61,0.0168,0.17,184.59,347.92,0,2,True,False,False,False,False,False,False,True,False,False,False,True,False
102872,30.0,104624.48,Bronze,4.0,26.0,104.31,8.2,2379,0.1481,6.52,250.15,417.24,0,0,True,False,False,False,False,False,True,False,False,True,False,False,False
100010,28.0,65181.89,Bronze,3.0,121.4,108.99,8.8,1706,0.0245,4.67,198.74,326.97,0,0,True,False,False,True,False,False,False,False,False,True,False,False,False
101945,33.0,50807.73,Bronze,8.0,49.6,26.42,7.2,1697,0.1581,4.65,239.25,211.36,0,0,False,True,False,False,False,False,False,True,False,False,True,False,False
101839,56.0,61285.27,Silver,5.0,34.0,202.31,5.8,1254,0.1429,3.44,60.53,1011.55,0,1,False,True,False,False,False,False,True,False,False,True,False,False,False
104805,32.0,43773.7,Bronze,6.0,42.2,105.0,7.7,1842,0.1389,5.05,69.37,630.0,0,0,False,True,False,False,False,False,True,False,False,True,False,False,False
100256,47.0,82203.41,Silver,12.0,66.2,150.67,5.9,439,0.1786,1.2,45.44,1808.04,1,1,False,True,False,True,False,False,False,False,False,False,True,False,False
104486,30.0,110491.95000000001,Gold,6.0,15.0,104.31,7.0,94,0.375,0.26,176.26,625.86,0,2,True,False,False,False,False,False,False,True,False,False,False,True,False
105403,22.0,51455.1,Silver,7.0,20.0,138.65,9.9,138,0.3333,0.38,52.96,970.55,0,1,True,False,False,False,False,False,False,True,False,False,False,False,True
101582,36.0,82698.57,Bronze,4.0,23.6,191.77,4.9,916,0.1626,2.51,107.67,767.08,0,0,False,True,False,False,False,True,False,False,False,False,True,False,False
102957,44.0,21372.15,Bronze,8.0,38.0,124.31,7.3,1017,0.2051,2.79,21.47,994.48,0,0,False,True,False,False,True,False,False,False,False,False,False,False,True
100925,36.0,53445.45,Bronze,8.0,48.6,40.29,6.7,1406,0.1613,3.85,165.3,322.32,0,0,False,True,False,False,False,True,False,False,False,False,False,True,False
102509,49.0,53274.04,Bronze,5.0,43.0,104.31,7.6,961,0.1136,2.63,101.95,521.55,0,0,True,False,False,False,True,False,False,False,False,False,False,False,True
105025,33.0,79645.36,Bronze,4.0,5.0,153.83,8.0,853,0.6667,2.34,129.23,615.32,0,0,False,True,False,False,False,True,False,False,False,True,False,False,False
103776,27.0,60406.91,Silver,4.0,25.6,77.62,6.6,759,0.1504,2.08,193.94,310.48,0,1,True,False,False,False,False,False,True,False,False,False,False,False,True
104836,29.0,48776.33,Silver,3.0,95.0,174.36,9.1,148,0.0312,0.41,93.07,523.08,0,1,True,False,False,False,False,True,False,False,False,False,False,True,False
104137,55.0,34456.22,Silver,9.0,142.0,69.56,9.9,2285,0.0629,6.26,54.95,626.04,0,1,True,False,False,False,False,False,False,True,False,False,False,True,False
104965,30.0,110491.95000000001,Bronze,7.0,20.0,127.72,7.6,1723,0.3333,4.72,123.45,894.04,0,0,False,True,False,False,True,False,False,False,False,False,False,False,True
102780,26.0,57610.41,Bronze,13.0,4.0,29.97,8.7,567,2.6,1.55,147.49,389.61,0,0,True,False,False,False,False,False,False,True,False,False,True,False,False
100540,29.0,53178.86,Platinum,8.0,5.0,104.02,6.7,2088,1.3333,5.72,63.83,832.16,0,3,True,False,False,False,True,False,False,False,False,False,False,False,True
102746,52.0,20690.87,Silver,4.0,44.2,102.41,9.1,907,0.0885,2.48,50.39,409.64,0,1,False,False,True,False,False,False,True,False,False,False,False,False,True
105392,21.0,29034.84,Bronze,9.0,1.0,35.12,4.1,2390,4.5,6.55,91.57,316.08,0,0,True,False,False,False,True,False,False,False,True,False,False,False,False
101146,46.0,44448.74,Bronze,10.0,15.0,97.37,6.2,1355,0.625,3.71,45.6,973.7,0,0,True,False,False,False,True,False,False,False,True,False,False,False,False
105128,54.0,48573.06,Gold,9.0,64.0,145.94,8.6,451,0.1385,1.24,36.95,1313.46,1,2,False,False,True,False,False,True,False,False,False,True,False,False,False
100668,44.0,53178.86,Gold,9.0,23.8,104.31,7.5,120,0.3629,0.33,56.59,938.79,0,2,True,False,False,False,False,False,False,True,False,False,True,False,False
103020,18.0,41847.25,Bronze,9.0,22.0,97.62,3.9,1088,0.3913,2.98,47.58,878.58,0,0,True,False,False,False,False,False,False,True,False,True,False,False,False
100358,41.0,75387.79,Gold,13.0,35.8,87.7,7.8,1341,0.3533,3.67,66.07,1140.1,0,2,False,False,True,False,True,False,False,False,False,False,True,False,False
102832,50.0,51384.02,Bronze,8.0,17.0,121.35,9.4,532,0.4444,1.46,52.88,970.8,0,0,False,True,False,False,True,False,False,False,False,False,True,False,False
102784,51.0,16004.44,Silver,14.0,25.0,82.89,7.7,854,0.5385,2.34,13.78,1160.46,0,1,True,False,False,False,False,False,True,False,True,False,False,False,False
101354,42.0,55587.15,Gold,8.0,33.0,132.75,6.3,1142,0.2353,3.13,52.29,1062.0,0,2,False,True,False,False,False,False,True,False,False,False,True,False,False
105132,38.0,27133.97,Bronze,11.0,46.0,11.1,8.2,2171,0.234,5.95,220.42,122.1,0,0,False,True,False,False,False,True,False,False,True,False,False,False,False
100471,42.0,74609.09,Bronze,8.0,68.0,104.31,7.2,123,0.1159,0.34,89.3,834.48,0,0,False,True,False,False,False,False,False,True,False,False,False,True,False
102704,52.0,93066.55,Platinum,12.0,13.0,104.31,7.9,713,0.8571,1.95,74.29,1251.72,1,3,True,False,False,False,False,True,False,False,False,False,False,False,True
103331,38.0,42313.03,Platinum,4.0,55.0,100.12,6.1,1573,0.0714,4.31,105.39,400.48,0,3,False,True,False,False,False,False,False,True,False,True,False,False,False
103638,54.0,42965.03,Silver,9.0,33.8,63.82,7.0,1344,0.2586,3.68,74.67,574.38,0,1,True,False,False,False,False,True,False,False,False,False,True,False,False
101397,45.0,70093.62,Silver,7.0,6.0,87.28,8.1,2053,1.0,5.62,114.54,610.96,0,1,True,False,False,False,False,False,True,False,False,True,False,False,False
103585,42.0,70104.66,Bronze,5.0,13.0,88.47,6.5,1076,0.3571,2.95,158.12,442.35,0,0,True,False,False,False,False,True,False,False,False,False,False,True,False
105380,50.0,106296.19,Silver,8.0,27.0,192.97,6.6,1974,0.2857,5.41,68.81,1543.76,1,1,False,False,True,True,False,False,False,False,False,True,False,False,False
105263,44.0,59969.47,Silver,15.0,10.0,258.79,9.2,1564,1.3636,4.28,15.44,3881.85,1,1,False,True,False,False,False,True,False,False,False,True,False,False,False
103377,46.0,39952.09,Gold,3.0,29.0,52.44,6.6,1591,0.1,4.36,252.35,157.32,0,2,True,False,False,False,False,False,True,False,False,False,False,False,True
101257,47.0,110491.95000000001,Silver,9.0,38.0,269.725,8.4,1243,0.2308,3.41,45.5,2427.52,1,1,True,False,False,False,False,True,False,False,False,True,False,False,False
103513,30.0,110491.95000000001,Silver,5.0,26.0,177.41,8.1,849,0.1852,2.33,124.42,887.05,0,1,False,True,False,True,False,False,False,False,False,False,True,False,False
101251,50.0,35030.39,Platinum,5.0,17.0,153.29,7.9,1060,0.2778,2.9,45.65,766.45,0,3,False,True,False,False,False,True,False,False,False,False,False,True,False
105763,31.0,53178.86,Silver,7.0,99.0,114.31,6.7,279,0.07,0.76,66.38,800.17,0,1,False,True,False,False,False,True,False,False,False,True,False,False,False
104299,58.0,53178.86,Gold,9.0,36.2,63.45,5.3,1940,0.2419,5.32,92.96,571.05,0,2,False,True,False,False,True,False,False,False,False,True,False,False,False
103285,29.0,102281.8,Bronze,10.0,29.0,102.6,9.3,677,0.3333,1.85,99.59,1026.0,0,0,False,True,False,False,False,False,True,False,False,False,False,True,False
102934,51.0,46725.82,Silver,9.0,1.0,67.73,6.0,613,4.5,1.68,76.53,609.57,0,1,True,False,False,True,False,False,False,False,False,False,False,True,False
104176,32.0,21015.54,Silver,9.0,40.4,109.59,8.2,2396,0.2174,6.56,21.29,986.31,0,1,True,False,False,False,False,False,True,False,False,False,True,False,False
105269,47.0,19389.66,Bronze,8.0,8.0,38.47,7.9,1701,0.8889,4.66,62.8,307.76,0,0,False,True,False,False,False,False,True,False,False,False,False,False,True
104911,29.0,53178.86,Bronze,7.0,37.0,66.61,5.0,2082,0.1842,5.7,113.81,466.27,0,0,False,True,False,True,False,False,False,False,False,True,False,False,False
101853,34.0,110491.95000000001,Silver,5.0,13.0,167.79,6.8,50,0.3571,0.14,131.55,838.95,0,1,True,False,False,True,False,False,False,False,False,False,True,False,False
105613,30.0,110491.95000000001,Bronze,8.0,14.0,52.05,5.0,220,0.5333,0.6,264.71,416.4,0,0,False,True,False,False,True,False,False,False,False,False,True,False,False
105842,35.0,87843.9,Gold,8.0,60.4,80.47,10.0,648,0.1303,1.78,136.24,643.76,0,2,False,True,False,False,True,False,False,False,False,True,False,False,False
102106,32.0,24911.25,Bronze,8.0,13.0,97.62,5.7,2487,0.5714,6.81,31.86,780.96,0,0,True,False,False,False,False,False,False,True,False,False,False,True,False
100134,35.0,27956.44,Silver,5.0,49.6,41.61,6.2,809,0.0988,2.22,133.73,208.05,0,1,False,True,False,False,False,True,False,False,False,True,False,False,False
105237,27.0,42277.62,Gold,7.0,180.0,142.25,9.2,1397,0.0387,3.83,42.42,995.75,0,2,True,False,False,False,False,True,False,False,False,False,True,False,False
105030,18.0,105369.45,Bronze,8.0,4.0,66.77,7.5,1156,1.6,3.17,196.89,534.16,0,0,False,False,True,True,False,False,False,False,False,False,False,False,True
100929,35.0,38535.56,Bronze,15.0,23.0,58.36,6.6,2136,0.625,5.85,43.97,875.4,0,0,False,True,False,True,False,False,False,False,True,False,False,False,False
100824,18.0,87256.16,Silver,11.0,55.2,72.07,7.4,2200,0.1957,6.03,109.93,792.77,0,1,True,False,False,False,False,False,True,False,False,True,False,False,False
105447,19.0,74451.54,Silver,10.0,1.0,91.9,7.3,1814,5.0,4.97,80.93,919.0,0,1,True,False,False,False,False,True,False,False,True,False,False,False,False
101532,42.0,40378.92,Silver,10.0,1.0,92.32,6.6,2008,5.0,5.5,43.69,923.2,0,1,False,True,False,False,False,True,False,False,False,False,False,True,False
101215,18.0,35290.13,Silver,10.0,32.2,122.7,6.9,281,0.3012,0.77,28.74,1227.0,1,1,False,True,False,False,False,False,False,True,True,False,False,False,False
100505,18.0,58301.41,Bronze,8.0,14.0,59.24,5.9,1132,0.5333,3.1,122.76,473.92,0,0,False,True,False,False,False,True,False,False,False,False,True,False,False
101997,42.0,110491.95000000001,Silver,4.0,55.2,82.37,7.3,719,0.0712,1.97,334.34,329.48,0,1,True,False,False,False,False,False,True,False,False,False,True,False,False
103073,19.0,53178.86,Silver,11.0,4.0,147.73,9.2,70,2.2,0.19,32.7,1625.03,1,1,False,True,False,False,False,True,False,False,False,True,False,False,False
101959,35.0,73445.69,Gold,10.0,15.0,97.36,8.2,1018,0.625,2.79,75.36,973.6,0,2,False,True,False,False,False,True,False,False,False,False,True,False,False
100895,34.0,51970.88,Bronze,10.0,6.0,51.37,8.7,2324,1.4286,6.37,100.97,513.7,0,0,False,False,True,False,False,False,False,True,False,True,False,False,False
104925,21.0,110491.95000000001,Bronze,4.0,35.0,117.84,5.7,183,0.1111,0.5,233.91,471.36,0,0,False,True,False,False,False,True,False,False,False,False,True,False,False
100456,40.0,40176.91,Bronze,14.0,18.0,137.14,8.5,1130,0.7368,3.1,20.92,1919.96,1,0,False,True,False,False,False,True,False,False,False,False,True,False,False
105559,31.0,54628.0,Bronze,10.0,143.0,52.34,8.8,2300,0.0694,6.3,104.17,523.4,0,0,False,True,False,True,False,False,False,False,False,True,False,False,False
103710,35.0,46593.58,Bronze,12.0,37.0,104.31,4.0,1911,0.3158,5.24,37.19,1251.72,1,0,False,True,False,True,False,False,False,False,True,False,False,False,False
105534,40.0,70335.92,Bronze,10.0,100.0,133.57,6.0,521,0.099,1.43,52.62,1335.7,1,0,True,False,False,False,True,False,False,False,False,False,False,True,False
104850,38.0,96494.65,Gold,9.0,21.0,104.31,7.8,1806,0.4091,4.95,102.68,938.79,0,2,False,True,False,False,True,False,False,False,False,False,False,False,True
104749,25.0,27597.0,Bronze,6.0,12.0,9.83,6.1,1573,0.4615,4.31,460.1,58.98,0,0,False,True,False,False,False,False,True,False,False,True,False,False,False
104269,52.0,41203.61,Gold,6.0,51.4,142.57,7.7,728,0.1145,1.99,48.11,855.42,0,2,False,True,False,True,False,False,False,False,False,False,False,True,False
103523,34.0,53178.86,Bronze,5.0,17.0,32.8,6.5,1703,0.2778,4.67,322.3,164.0,0,0,True,False,False,False,False,False,False,True,False,False,False,False,True
104135,25.0,53178.86,Bronze,7.0,25.0,125.33,5.9,1006,0.2692,2.76,60.55,877.31,0,0,True,False,False,False,True,False,False,False,True,False,False,False,False
100714,38.0,38103.63,Bronze,6.0,30.0,75.54,7.3,2065,0.1935,5.66,83.88,453.24,0,0,False,True,False,True,False,False,False,False,False,True,False,False,False
102215,28.0,30329.64,Platinum,5.0,26.4,142.96,7.6,821,0.1825,2.25,42.37,714.8,0,3,True,False,False,False,False,False,True,False,False,True,False,False,False
105302,28.0,99568.65,Bronze,2.0,24.0,84.02,6.1,1636,0.08,4.48,589.02,168.04,0,0,True,False,False,True,False,False,False,False,False,True,False,False,False
102924,30.0,62344.45,Silver,4.0,44.8,269.725,8.3,1890,0.0873,5.18,57.73,1078.9,0,1,False,True,False,False,True,False,False,False,True,False,False,False,False
101811,18.0,66984.27,Silver,9.0,48.0,98.04,4.4,1344,0.1837,3.68,75.83,882.36,0,1,False,True,False,False,False,True,False,False,False,False,False,False,True
103487,47.0,35275.67,Bronze,7.0,30.0,64.24,7.5,253,0.2258,0.69,78.27,449.68,0,0,True,False,False,False,False,False,True,False,False,True,False,False,False
103142,70.0,53178.86,Silver,5.0,6.0,104.78,8.9,1611,0.7143,4.41,101.31,523.9,0,1,False,True,False,False,False,False,True,False,True,False,False,False,False
101828,57.0,49727.57,Silver,7.0,118.0,132.98,6.2,1524,0.0588,4.18,53.36,930.86,0,1,False,True,False,False,True,False,False,False,False,False,True,False,False
101156,39.0,79436.98,Silver,7.0,16.0,127.36,9.0,1015,0.4118,2.78,89.0,891.52,0,1,False,True,False,False,True,False,False,False,False,False,False,False,True
101325,41.0,98082.84,Silver,12.0,80.0,269.725,7.3,222,0.1481,0.61,30.29,3236.7,1,1,True,False,False,False,False,True,False,False,False,False,False,False,True
104313,39.0,48205.05,Silver,14.0,25.0,216.05,7.6,909,0.5385,2.49,15.93,3024.7,1,1,False,True,False,False,True,False,False,False,False,True,False,False,False
100511,19.0,40402.26,Bronze,5.0,3.0,116.41,10.0,1837,1.25,5.03,69.29,582.05,0,0,False,True,False,False,True,False,False,False,False,False,True,False,False
101681,20.0,47610.4,Gold,10.0,9.0,130.68,7.8,1090,1.0,2.99,36.4,1306.8,1,2,False,True,False,False,False,False,True,False,False,True,False,False,False
100500,20.0,110491.95000000001,Bronze,10.0,18.0,19.92,8.8,1215,0.5263,3.33,551.91,199.2,0,0,False,True,False,False,False,True,False,False,False,True,False,False,False
105438,37.0,51155.29,Bronze,7.0,102.0,23.06,9.6,2161,0.068,5.92,314.96,161.42,0,0,True,False,False,False,False,False,False,True,False,False,False,False,True
101857,36.0,58549.52,Bronze,7.0,42.0,175.35,9.0,2356,0.1628,6.45,47.66,1227.45,1,0,False,True,False,False,False,True,False,False,False,False,False,False,True
101389,42.0,28827.01,Silver,10.0,25.0,122.21,6.6,270,0.3846,0.74,23.57,1222.1,1,1,False,True,False,False,False,False,False,True,True,False,False,False,False
103720,41.0,55459.44,Platinum,9.0,127.0,269.725,9.9,1117,0.0703,3.06,22.84,2427.52,1,3,False,True,False,True,False,False,False,False,False,False,False,False,True
102387,19.0,58866.58,Silver,6.0,41.0,175.53,7.4,310,0.1429,0.85,55.84,1053.18,0,1,False,True,False,False,False,False,True,False,False,False,True,False,False
101541,35.0,34938.61,Bronze,17.0,153.0,88.75,6.4,1499,0.1104,4.11,23.14,1508.75,1,0,True,False,False,False,True,False,False,False,False,False,True,False,False
101218,18.0,45837.52,Bronze,10.0,22.2,78.62,9.0,875,0.431,2.4,58.23,786.2,0,0,True,False,False,False,False,False,False,True,False,False,False,True,False
102682,35.0,74097.35,Bronze,10.0,46.0,90.59,8.0,853,0.2128,2.34,81.7,905.9,0,0,False,False,True,False,False,False,True,False,False,True,False,False,False
102994,67.0,102909.78,Gold,7.0,22.0,269.725,6.7,1141,0.3043,3.13,54.48,1888.08,1,2,True,False,False,False,False,False,False,True,False,False,True,False,False
101192,50.0,33442.3,Bronze,7.0,36.0,80.92,7.9,2094,0.1892,5.74,58.94,566.44,0,0,True,False,False,False,False,True,False,False,False,True,False,False,False
105294,67.0,40971.43,Silver,6.0,29.0,119.81,4.7,1059,0.2,2.9,56.92,718.86,0,1,True,False,False,False,True,False,False,False,True,False,False,False,False
101543,41.0,45199.2,Bronze,11.0,36.0,25.09,8.4,2225,0.2973,6.1,163.18,275.99,0,0,False,True,False,False,True,False,False,False,False,False,False,False,True
103302,63.0,35441.18,Silver,7.0,63.0,45.48,6.4,1733,0.1094,4.75,110.98,318.36,0,1,True,False,False,False,False,False,False,True,False,True,False,False,False
103325,49.0,110491.95000000001,Bronze,6.0,134.8,115.41,6.6,119,0.0442,0.33,159.33,692.46,0,0,True,False,False,False,False,False,True,False,False,False,True,False,False
102540,46.0,62116.26,Silver,6.0,10.0,66.87,6.0,105,0.5455,0.29,154.43,401.22,0,1,True,False,False,False,False,True,False,False,False,False,False,False,True
100954,24.0,74449.11,Silver,12.0,18.0,182.98,7.3,980,0.6316,2.68,33.89,2195.76,1,1,True,False,False,False,False,True,False,False,False,False,False,True,False
104847,49.0,27808.09,Bronze,6.0,39.0,27.45,4.8,227,0.15,0.62,167.82,164.7,0,0,True,False,False,False,False,False,True,False,False,False,True,False,False
104331,60.0,78747.97,Silver,5.0,68.0,39.42,8.6,1331,0.0725,3.65,397.52,197.1,0,1,False,True,False,True,False,False,False,False,False,False,True,False,False
100733,45.0,46677.95,Bronze,5.0,10.0,140.65,7.8,506,0.4545,1.39,66.28,703.25,0,0,False,False,True,False,False,False,False,True,False,False,False,True,False
105992,49.0,32640.86,Gold,14.0,106.0,129.87,7.2,1591,0.1308,4.36,17.94,1818.18,1,2,False,True,False,True,False,False,False,False,True,False,False,False,False
101157,38.0,59598.89,Silver,14.0,150.0,118.88,6.0,909,0.0927,2.49,35.79,1664.32,1,1,True,False,False,False,False,False,False,True,False,True,False,False,False
105558,44.0,53178.86,Silver,6.0,55.0,50.92,7.7,971,0.1071,2.66,173.49,305.52,0,1,True,False,False,True,False,False,False,False,False,False,False,True,False
103295,31.0,32725.71,Bronze,6.0,57.0,119.9,9.1,2304,0.1034,6.31,45.43,719.4,0,0,True,False,False,False,False,True,False,False,False,True,False,False,False
102983,36.0,20551.45,Bronze,11.0,48.0,17.72,6.2,2170,0.2245,5.95,104.9,194.92,0,0,True,False,False,False,False,False,True,False,True,False,False,False,False
105306,60.0,66782.22,Silver,11.0,20.0,131.51,4.8,997,0.5238,2.73,46.13,1446.61,1,1,True,False,False,False,True,False,False,False,False,True,False,False,False
105162,20.0,110491.95000000001,Bronze,11.0,104.0,87.24,5.9,1276,0.1048,3.5,115.02,959.64,0,0,False,True,False,False,False,False,False,True,False,True,False,False,False
102157,42.0,49654.32,Silver,11.0,43.0,188.71,5.3,1176,0.25,3.22,23.91,2075.81,1,1,True,False,False,False,False,False,False,True,False,False,True,False,False
101063,33.0,71796.07,Bronze,6.0,48.0,216.86,8.3,761,0.1224,2.08,55.14,1301.16,1,0,True,False,False,False,True,False,False,False,False,True,False,False,False
102617,38.0,51031.63,Silver,8.0,67.8,56.86,6.2,999,0.1163,2.74,111.94,454.88,0,1,True,False,False,False,False,True,False,False,False,True,False,False,False
103223,18.0,59503.36,Bronze,11.0,80.0,151.0,5.9,1468,0.1358,4.02,35.8,1661.0,1,0,False,True,False,True,False,False,False,False,False,False,False,True,False
103637,35.0,38098.84,Silver,10.0,16.0,119.57,6.9,1591,0.5882,4.36,31.84,1195.7,0,1,True,False,False,True,False,False,False,False,True,False,False,False,False
102939,33.0,99432.98,Gold,11.0,15.0,103.45,7.3,1216,0.6875,3.33,87.3,1137.95,0,2,False,True,False,False,False,False,False,True,False,False,False,False,True
104492,27.0,55284.89,Bronze,3.0,15.0,56.68,5.8,438,0.1875,1.2,323.23,170.04,0,0,True,False,False,False,False,True,False,False,False,True,False,False,False
103141,36.0,53178.86,Bronze,11.0,17.0,43.64,9.1,2073,0.6111,5.68,110.55,480.04,0,0,False,True,False,True,False,False,False,False,False,False,False,False,True
104981,45.0,71661.42,Bronze,7.0,27.0,140.15,5.1,2105,0.25,5.77,72.97,981.05,0,0,False,True,False,True,False,False,False,False,False,True,False,False,False
100144,41.0,53139.54,Silver,7.0,73.0,174.66,9.7,986,0.0946,2.7,43.43,1222.62,1,1,True,False,False,True,False,False,False,False,False,True,False,False,False
103578,40.0,108405.54,Silver,9.0,0.0,154.1,8.3,1899,9.0,5.2,78.11,1386.9,1,1,False,True,False,False,False,False,False,True,False,True,False,False,False
104947,55.0,55196.93,Gold,7.0,14.0,82.27,7.6,2439,0.4667,6.68,95.68,575.89,0,2,False,True,False,False,False,False,False,True,False,False,False,False,True
102783,44.0,58176.49,Gold,6.0,22.0,143.0,7.9,192,0.2609,0.53,67.73,858.0,0,2,True,False,False,False,False,False,False,True,False,False,False,True,False
100718,46.0,60616.51,Silver,5.0,32.0,71.83,6.0,83,0.1515,0.23,168.31,359.15,0,1,False,True,False,True,False,False,False,False,False,True,False,False,False
101820,35.0,101394.06,Gold,5.0,34.0,109.39,6.8,953,0.1429,2.61,185.04,546.95,0,2,True,False,False,False,False,False,False,True,False,False,False,True,False
102503,50.0,38596.69,Silver,5.0,72.0,126.6,9.0,1495,0.0685,4.1,60.88,633.0,0,1,False,True,False,False,False,False,True,False,False,True,False,False,False
100396,40.0,48341.57,Bronze,8.0,37.8,104.31,7.7,1607,0.2062,4.4,57.86,834.48,0,0,True,False,False,False,False,False,False,True,False,False,True,False,False
104493,29.0,32184.94,Bronze,9.0,133.0,34.88,7.4,1728,0.0672,4.73,102.2,313.92,0,0,False,True,False,False,True,False,False,False,False,False,False,True,False
101366,43.0,53178.86,Platinum,11.0,26.0,114.55,7.9,101,0.4074,0.28,42.17,1260.05,1,3,False,True,False,True,False,False,False,False,False,False,True,False,False
105901,39.0,53178.86,Bronze,7.0,13.0,127.49,8.1,1124,0.5,3.08,59.52,892.43,0,0,True,False,False,True,False,False,False,False,False,False,False,True,False
100596,33.0,42792.48,Bronze,12.0,100.0,104.31,6.5,1813,0.1188,4.97,34.16,1251.72,1,0,False,True,False,False,False,False,False,True,False,True,False,False,False
103953,37.0,77495.11,Silver,6.0,95.0,66.18,4.9,914,0.0625,2.5,194.67,397.08,0,1,True,False,False,False,False,False,True,False,False,False,False,False,True
105393,19.0,41203.55,Silver,7.0,23.0,49.41,8.1,841,0.2917,2.3,118.79,345.87,0,1,True,False,False,False,True,False,False,False,False,True,False,False,False
104969,34.0,40299.27,Silver,7.0,38.8,30.87,4.8,2069,0.1759,5.67,185.63,216.09,0,1,True,False,False,False,True,False,False,False,False,False,False,True,False
102915,42.0,87362.46,Silver,7.0,39.0,77.79,8.8,432,0.175,1.18,160.14,544.53,0,1,True,False,False,False,False,False,False,True,False,True,False,False,False
102327,18.0,49096.33,Platinum,10.0,11.0,141.05,4.7,2050,0.8333,5.62,34.78,1410.5,1,3,False,True,False,True,False,False,False,False,False,False,False,False,True
103767,49.0,47468.66,Bronze,7.0,43.0,55.04,6.9,2020,0.1591,5.53,122.89,385.28,0,0,True,False,False,False,False,False,True,False,False,True,False,False,False
103441,62.0,51799.7,Silver,14.0,15.0,119.1,6.7,1404,0.875,3.85,31.05,1667.4,1,1,True,False,False,False,False,True,False,False,False,False,True,False,False
103852,29.0,53178.86,Bronze,8.0,33.2,56.63,6.1,592,0.2339,1.62,117.12,453.04,0,0,False,True,False,False,False,False,True,False,False,False,False,False,True
104133,42.0,77465.01,Silver,13.0,13.0,45.45,6.2,2239,0.9286,6.13,130.89,590.85,0,1,False,True,False,False,False,False,True,False,False,False,False,False,True
105500,29.0,53680.77,Bronze,7.0,15.0,164.34,5.9,97,0.4375,0.27,46.62,1150.38,0,0,True,False,False,False,False,False,True,False,False,True,False,False,False
102144,43.0,84201.51,Gold,5.0,83.8,62.07,9.9,1845,0.059,5.05,270.44,310.35,0,2,True,False,False,False,False,True,False,False,False,False,False,True,False
105823,40.0,28544.81,Platinum,7.0,86.2,125.34,6.9,250,0.0803,0.68,32.5,877.38,0,3,False,True,False,True,False,False,False,False,False,False,True,False,False
105074,35.0,108457.84,Bronze,13.0,49.0,104.31,7.5,2228,0.26,6.1,79.92,1356.03,1,0,False,True,False,False,False,False,False,True,False,False,False,False,True
101572,35.0,72300.53,Silver,11.0,35.0,170.39,6.2,300,0.3056,0.82,38.55,1874.29,1,1,False,True,False,False,False,False,True,False,False,False,False,True,False
104080,32.0,57572.59,Bronze,9.0,94.0,104.31,7.6,2036,0.0947,5.58,61.26,938.79,0,0,True,False,False,False,False,True,False,False,False,False,False,False,True
101123,29.0,25832.73,Bronze,13.0,29.6,117.36,8.4,1564,0.4248,4.28,16.92,1525.68,1,0,True,False,False,False,True,False,False,False,False,False,True,False,False
102787,38.0,110491.95000000001,Bronze,9.0,6.0,126.62,8.4,1053,1.2857,2.88,96.87,1139.58,0,0,False,True,False,True,False,False,False,False,False,True,False,False,False
102968,30.0,53178.86,Silver,8.0,17.0,204.48,8.6,818,0.4444,2.24,32.49,1635.84,1,1,True,False,False,False,False,False,False,True,False,True,False,False,False
102505,53.0,32628.48,Silver,12.0,36.0,128.63,6.8,1451,0.3243,3.98,21.12,1543.56,1,1,False,True,False,False,False,False,True,False,False,False,False,True,False
103466,63.0,110491.95000000001,Silver,6.0,2.0,42.37,5.5,1998,2.0,5.47,432.93,254.22,0,1,False,True,False,False,True,False,False,False,False,True,False,False,False
100676,42.0,40575.02,Silver,9.0,11.0,222.73,8.4,641,0.75,1.76,20.23,2004.57,1,1,False,True,False,False,True,False,False,False,False,False,False,False,True
102809,41.0,63444.44,Bronze,2.0,35.0,64.85,8.5,1211,0.0556,3.32,485.42,129.7,0,0,False,True,False,False,False,False,False,True,False,False,True,False,False
103349,44.0,47801.89,Silver,8.0,43.4,104.31,8.1,1269,0.1802,3.48,57.21,834.48,0,1,False,True,False,False,False,False,False,True,True,False,False,False,False
100729,24.0,110491.95000000001,Silver,9.0,1.0,14.31,9.7,566,4.5,1.55,851.31,128.79,0,1,False,True,False,False,False,False,False,True,False,True,False,False,False
100413,30.0,53178.86,Gold,16.0,34.0,103.72,5.9,2195,0.4571,6.01,32.03,1659.52,1,2,False,False,True,False,True,False,False,False,False,True,False,False,False
101517,29.0,77343.28,Silver,5.0,46.4,107.16,6.9,451,0.1055,1.24,144.08,535.8,0,1,True,False,False,False,False,False,True,False,True,False,False,False,False
100826,38.0,91807.64,Silver,7.0,37.0,104.31,7.6,346,0.1842,0.95,125.56,730.17,0,1,False,True,False,False,False,False,False,True,False,True,False,False,False
103268,38.0,52758.98,Gold,11.0,135.0,94.35,6.3,2025,0.0809,5.55,50.79,1037.85,0,2,False,True,False,False,True,False,False,False,False,True,False,False,False
103975,30.0,50681.05,Bronze,7.0,91.0,47.79,6.5,1536,0.0761,4.21,151.05,334.53,0,0,False,True,False,False,False,False,True,False,False,False,False,True,False
100617,47.0,56200.93,Silver,5.0,2.0,242.26,6.1,2289,1.6667,6.27,46.36,1211.3,0,1,False,False,True,False,False,True,False,False,False,True,False,False,False
100115,39.0,66003.79,Bronze,4.0,31.2,34.49,7.3,290,0.1242,0.79,474.98,137.96,0,0,False,True,False,True,False,False,False,False,False,False,False,False,True
100418,54.0,53178.86,Bronze,5.0,1.0,199.82,8.3,97,2.5,0.27,53.17,999.1,0,0,False,False,True,False,False,False,False,True,False,True,False,False,False
103070,28.0,36017.77,Gold,7.0,61.0,269.725,8.3,1222,0.1129,3.35,19.07,1888.08,1,2,False,True,False,False,False,False,True,False,False,False,False,False,True
101626,52.0,54286.31,Bronze,5.0,37.0,163.56,10.0,1040,0.1316,2.85,66.3,817.8,0,0,False,True,False,False,False,True,False,False,False,False,True,False,False
105940,45.0,109344.52,Bronze,6.0,28.0,85.05,7.7,298,0.2069,0.82,213.86,510.3,0,0,False,False,True,False,False,False,False,True,False,True,False,False,False
104186,43.0,43505.19,Bronze,11.0,1.0,54.94,7.4,447,5.5,1.22,71.87,604.34,0,0,True,False,False,False,True,False,False,False,False,False,True,False,False
102897,50.0,80863.68,Silver,6.0,10.0,93.59,6.5,1345,0.5455,3.68,143.75,561.54,0,1,True,False,False,False,False,False,True,False,False,True,False,False,False
105603,46.0,32644.37,Bronze,6.0,89.0,138.21,8.9,1069,0.0667,2.93,39.32,829.26,0,0,False,False,True,False,False,False,False,True,False,False,False,False,True
102083,24.0,93981.8,Gold,3.0,16.0,106.57,8.0,799,0.1765,2.19,293.04,319.71,0,2,False,True,False,True,False,False,False,False,False,False,False,False,True
100754,63.0,70963.58,Bronze,6.0,125.0,104.31,5.3,1174,0.0476,3.22,113.2,625.86,0,0,False,True,False,False,False,True,False,False,False,False,False,False,True
102547,34.0,43581.38,Bronze,7.0,51.8,124.32,7.1,1911,0.1326,5.24,50.02,870.24,0,0,True,False,False,False,False,False,True,False,False,False,False,True,False
103970,26.0,53178.86,Bronze,4.0,27.2,50.62,7.4,120,0.1418,0.33,261.35,202.48,0,0,False,True,False,False,False,True,False,False,False,False,True,False,False
103374,31.0,58770.28,Silver,11.0,35.6,53.47,7.4,1870,0.3005,5.12,99.75,588.17,0,1,True,False,False,False,False,False,False,True,False,False,False,True,False
104108,53.0,29493.84,Gold,9.0,105.0,160.4,6.6,2164,0.0849,5.93,20.42,1443.6,1,2,True,False,False,True,False,False,False,False,False,True,False,False,False
102445,48.0,74530.01,Silver,8.0,21.0,75.38,6.4,208,0.3636,0.57,123.39,603.04,0,1,True,False,False,True,False,False,False,False,True,False,False,False,False
104381,61.0,26764.31,Silver,15.0,11.0,32.9,7.8,617,1.25,1.69,54.12,493.5,0,1,False,True,False,False,False,True,False,False,True,False,False,False,False
101067,25.0,53178.86,Gold,7.0,64.0,87.92,8.3,916,0.1077,2.51,86.27,615.44,0,2,False,True,False,False,True,False,False,False,False,True,False,False,False
103914,22.0,66137.25,Platinum,7.0,19.2,263.17,7.0,2119,0.3465,5.81,35.88,1842.19,1,3,False,True,False,True,False,False,False,False,False,False,False,False,True
105288,29.0,69193.3,Bronze,8.0,27.0,147.89,5.9,1464,0.2857,4.01,58.43,1183.12,0,0,True,False,False,False,False,False,True,False,False,False,True,False,False
105388,35.0,37719.21,Silver,11.0,46.0,62.0,6.3,657,0.234,1.8,55.23,682.0,0,1,True,False,False,False,True,False,False,False,False,True,False,False,False
103499,35.0,87736.28,Gold,6.0,80.0,84.49,6.2,1122,0.0741,3.07,172.73,506.94,0,2,False,True,False,False,False,False,True,False,False,True,False,False,False
102739,67.0,42171.47,Silver,5.0,41.8,104.32,9.1,1340,0.1168,3.67,80.7,521.6,0,1,False,True,False,False,False,False,False,True,False,False,False,False,True
105053,51.0,58378.88,Bronze,6.0,43.0,61.92,7.4,1155,0.1364,3.16,156.71,371.52,0,0,True,False,False,True,False,False,False,False,False,False,False,False,True
104001,41.0,58648.93,Silver,6.0,75.0,74.12,6.7,485,0.0789,1.33,131.58,444.72,0,1,False,True,False,True,False,False,False,False,False,False,False,False,True
101569,47.0,95767.11,Bronze,8.0,19.0,153.83,7.6,2141,0.4,5.87,77.76,1230.64,1,0,True,False,False,False,True,False,False,False,False,False,False,False,True
102428,31.0,53178.86,Silver,14.0,36.0,204.52,10.0,1311,0.3784,3.59,18.57,2863.28,1,1,True,False,False,False,True,False,False,False,False,True,False,False,False
103747,18.0,25956.19,Bronze,6.0,95.4,14.88,6.4,1667,0.0622,4.57,287.51,89.28,0,0,False,True,False,False,False,False,True,False,True,False,False,False,False
105562,68.0,79533.16,Gold,7.0,31.2,104.31,7.8,362,0.2174,0.99,108.78,730.17,0,2,True,False,False,False,False,False,True,False,False,False,False,False,True
101688,41.0,67947.65,Platinum,9.0,50.0,161.77,6.6,2389,0.1765,6.55,46.64,1455.93,1,3,False,True,False,False,True,False,False,False,False,True,False,False,False
100852,32.0,110491.95000000001,Bronze,10.0,21.0,104.31,8.8,1769,0.4545,4.85,105.83,1043.1,0,0,True,False,False,False,True,False,False,False,False,False,False,False,True
103547,57.0,53178.86,Bronze,5.0,60.0,43.44,9.0,1507,0.082,4.13,243.72,217.2,0,0,False,True,False,False,False,False,True,False,False,False,True,False,False
100896,51.0,36953.3,Bronze,9.0,55.0,59.29,7.1,2131,0.1607,5.84,69.12,533.61,0,0,False,True,False,False,False,False,False,True,False,True,False,False,False
104593,41.0,96698.97,Silver,5.0,75.0,170.83,8.8,1416,0.0658,3.88,113.08,854.15,0,1,True,False,False,False,True,False,False,False,False,False,True,False,False
100336,23.0,23716.72,Bronze,6.0,41.0,104.31,8.1,728,0.1429,1.99,37.83,625.86,0,0,False,True,False,True,False,False,False,False,False,False,True,False,False
102840,39.0,68639.05,Silver,8.0,11.0,243.53,6.1,1419,0.6667,3.89,35.21,1948.24,1,1,True,False,False,False,True,False,False,False,False,False,False,False,True
103088,27.0,41551.21,Bronze,10.0,19.0,40.47,7.1,2352,0.5,6.44,102.42,404.7,0,0,False,True,False,False,True,False,False,False,False,False,False,False,True
104612,62.0,24818.89,Silver,9.0,59.0,95.73,6.7,1106,0.15,3.03,28.77,861.57,0,1,True,False,False,False,False,False,True,False,False,True,False,False,False
101349,49.0,68842.78,Gold,8.0,13.0,95.7,4.3,682,0.5714,1.87,89.8,765.6,0,2,False,True,False,False,False,False,True,False,False,False,True,False,False
101016,26.0,40226.83,Bronze,5.0,31.0,119.54,8.2,1841,0.1562,5.04,67.19,597.7,0,0,False,False,True,False,False,False,True,False,False,False,False,False,True
102817,20.0,52062.78,Gold,11.0,12.0,128.45,8.2,163,0.8462,0.45,36.82,1412.95,1,2,False,False,True,False,False,False,True,False,False,False,False,False,True
101632,28.0,23623.01,Silver,9.0,30.0,84.58,8.9,2109,0.2903,5.78,30.99,761.22,0,1,True,False,False,False,True,False,False,False,False,False,True,False,False
103731,29.0,53178.86,Gold,6.0,1.0,170.47,7.7,901,3.0,2.47,51.94,1022.82,0,2,False,True,False,False,False,True,False,False,True,False,False,False,False
103252,37.0,42007.5,Silver,9.0,123.0,194.36,6.5,2472,0.0726,6.77,24.0,1749.24,1,1,True,False,False,False,False,False,True,False,False,True,False,False,False
105556,40.0,29954.4,Silver,7.0,53.8,140.9,7.4,312,0.1277,0.85,30.34,986.3,0,1,True,False,False,False,False,False,True,False,False,False,False,False,True
102071,34.0,110491.95000000001,Bronze,10.0,75.0,65.53,7.9,2033,0.1316,5.57,168.36,655.3,0,0,True,False,False,True,False,False,False,False,False,False,True,False,False
104453,22.0,61183.07,Bronze,8.0,22.0,63.65,7.4,1084,0.3478,2.97,119.92,509.2,0,0,True,False,False,False,False,False,True,False,False,False,False,True,False
105859,52.0,57207.14,Silver,5.0,34.2,104.31,6.9,1278,0.142,3.5,109.48,521.55,0,1,False,True,False,False,False,False,True,False,False,True,False,False,False
105409,25.0,87200.81,Bronze,8.0,50.6,80.33,8.3,841,0.155,2.3,135.48,642.64,0,0,False,True,False,False,False,False,True,False,False,False,True,False,False
101636,51.0,53125.06,Gold,12.0,34.0,184.76,6.9,385,0.3429,1.05,23.95,2217.12,1,2,True,False,False,False,False,False,True,False,False,False,True,False,False
104647,37.0,53178.86,Silver,3.0,80.0,67.75,8.4,848,0.037,2.32,260.36,203.25,0,1,False,True,False,False,False,False,False,True,False,True,False,False,False
102480,35.0,54905.9,Gold,6.0,21.0,253.19,9.8,1315,0.2727,3.6,36.12,1519.14,1,2,True,False,False,True,False,False,False,False,False,False,True,False,False
102266,47.0,60877.96,Bronze,9.0,130.0,134.69,7.4,379,0.0687,1.04,50.18,1212.21,0,0,False,True,False,False,False,False,False,True,False,True,False,False,False
102960,61.0,30383.9,Gold,7.0,29.0,177.6,6.9,1775,0.2333,4.86,24.42,1243.2,1,2,True,False,False,True,False,False,False,False,False,True,False,False,False
105673,38.0,110491.95000000001,Bronze,8.0,52.0,269.725,7.4,1333,0.1509,3.65,51.18,2157.8,1,0,True,False,False,False,False,True,False,False,False,True,False,False,False
103060,34.0,72230.9,Bronze,11.0,91.0,83.01,6.8,1968,0.1196,5.39,79.02,913.11,0,0,True,False,False,False,True,False,False,False,False,False,False,False,True
105054,29.0,53178.86,Silver,8.0,78.0,72.53,8.2,2149,0.1013,5.89,91.49,580.24,0,1,True,False,False,False,False,False,False,True,False,False,True,False,False
102142,34.0,87235.05,Bronze,10.0,28.0,91.24,6.6,1630,0.3448,4.47,95.51,912.4,0,0,False,True,False,False,False,False,True,False,True,False,False,False,False
105105,38.0,70510.04,Bronze,12.0,12.0,269.725,7.4,1582,0.9231,4.33,21.78,3236.7,1,0,False,True,False,False,False,False,False,True,False,False,False,False,True
103119,28.0,52493.08,Bronze,9.0,16.0,36.23,6.1,351,0.5294,0.96,160.49,326.07,0,0,True,False,False,False,False,False,True,False,False,False,True,False,False
105665,50.0,29525.92,Bronze,9.0,53.8,182.67,5.5,2468,0.1642,6.76,17.95,1644.03,1,0,False,False,True,False,False,False,True,False,False,False,True,False,False
104046,36.0,25987.38,Silver,9.0,16.0,155.22,6.1,1582,0.5294,4.33,18.59,1396.98,1,1,False,True,False,False,False,True,False,False,False,False,True,False,False
103357,31.0,46909.01,Bronze,6.0,39.0,119.53,8.0,1584,0.15,4.34,65.32,717.18,0,0,False,True,False,False,False,False,False,True,False,False,False,True,False
102745,50.0,38122.43,Platinum,4.0,119.0,188.15,6.2,1429,0.0333,3.92,50.59,752.6,0,3,True,False,False,False,False,False,False,True,False,True,False,False,False
105093,22.0,53178.86,Bronze,10.0,22.0,75.3,7.1,1278,0.4348,3.5,70.53,753.0,0,0,False,True,False,False,False,False,True,False,False,False,False,False,True
103507,36.0,47654.68,Silver,8.0,21.8,132.18,9.1,2371,0.3509,6.5,45.02,1057.44,0,1,False,True,False,False,False,False,False,True,True,False,False,False,False
101680,35.0,38659.48,Silver,13.0,45.4,160.29,5.7,2419,0.2802,6.63,18.54,2083.77,1,1,True,False,False,False,False,True,False,False,False,False,False,True,False
104250,56.0,73298.49,Silver,7.0,48.0,34.91,7.6,151,0.1429,0.41,298.73,244.37,0,1,True,False,False,False,False,False,False,True,False,False,True,False,False
103148,37.0,35433.98,Silver,9.0,45.0,230.11,5.7,79,0.1957,0.22,17.1,2070.99,1,1,False,True,False,True,False,False,False,False,False,True,False,False,False
102295,52.0,71179.98,Gold,4.0,31.0,140.03,7.2,2205,0.125,6.04,126.85,560.12,0,2,False,True,False,False,False,False,False,True,True,False,False,False,False
100581,18.0,22537.43,Bronze,10.0,26.0,131.51,8.1,1825,0.3704,5.0,17.12,1315.1,1,0,False,True,False,False,True,False,False,False,False,False,True,False,False
101471,39.0,59121.32,Gold,6.0,59.0,170.25,7.9,1634,0.1,4.48,57.82,1021.5,0,2,False,True,False,False,True,False,False,False,False,False,False,False,True
104800,33.0,89978.97,Bronze,7.0,132.0,167.68,7.8,2228,0.0526,6.1,76.59,1173.76,0,0,True,False,False,False,True,False,False,False,False,False,False,True,False
104071,35.0,75891.77,Gold,5.0,47.0,233.87,8.7,2070,0.1042,5.67,64.85,1169.35,0,2,True,False,False,True,False,False,False,False,False,True,False,False,False
105309,54.0,32976.42,Bronze,5.0,86.6,16.59,4.4,928,0.0571,2.54,392.81,82.95,0,0,True,False,False,False,True,False,False,False,False,False,True,False,False
103344,47.0,40244.79,Silver,13.0,74.0,41.03,5.8,2272,0.1733,6.22,75.31,533.39,0,1,True,False,False,False,False,False,True,False,True,False,False,False,False
104993,31.0,27223.78,Bronze,9.0,45.0,44.44,6.7,207,0.1957,0.57,67.9,399.96,0,0,True,False,False,False,False,False,False,True,False,False,False,False,True
104584,53.0,108079.72,Silver,8.0,69.8,104.31,5.4,65,0.113,0.18,129.36,834.48,0,1,True,False,False,False,False,False,False,True,False,False,False,False,True
103673,45.0,54074.41,Bronze,14.0,101.0,104.31,7.5,340,0.1373,0.93,37.0,1460.34,1,0,False,True,False,True,False,False,False,False,False,False,False,False,True
100560,27.0,50282.17,Bronze,4.0,5.0,72.61,7.6,109,0.6667,0.3,172.53,290.44,0,0,True,False,False,False,False,False,True,False,True,False,False,False,False
105238,42.0,53178.86,Bronze,8.0,9.0,86.22,9.8,2253,0.8,6.17,76.99,689.76,0,0,False,True,False,False,False,False,False,True,False,False,False,True,False
105216,29.0,27164.68,Silver,6.0,39.6,189.15,5.2,1794,0.1478,4.92,23.91,1134.9,0,1,False,True,False,False,False,False,False,True,False,True,False,False,False
102850,50.0,105004.47,Bronze,4.0,52.0,57.77,6.0,2001,0.0755,5.48,452.45,231.08,0,0,True,False,False,True,False,False,False,False,False,True,False,False,False
100513,39.0,65255.33,Bronze,10.0,70.0,104.31,5.5,1211,0.1408,3.32,62.5,1043.1,0,0,True,False,False,False,False,False,False,True,False,False,False,False,True
104730,34.0,32585.61,Gold,10.0,9.0,252.7,7.8,1769,1.0,4.85,12.89,2527.0,1,2,False,True,False,False,False,True,False,False,False,False,False,False,True
101082,36.0,86475.35,Bronze,11.0,77.0,27.34,6.6,1589,0.141,4.35,286.59,300.74,0,0,False,True,False,False,False,False,True,False,False,True,False,False,False
101665,52.0,42443.28,Silver,11.0,9.0,239.72,6.0,1294,1.1,3.55,16.09,2636.92,1,1,False,True,False,False,False,True,False,False,False,False,False,False,True
101013,32.0,53178.86,Platinum,10.0,120.0,228.41,6.7,1123,0.0826,3.08,23.27,2284.1,1,3,True,False,False,False,False,True,False,False,False,True,False,False,False
101932,33.0,25927.81,Bronze,13.0,166.0,97.52,7.2,98,0.0778,0.27,20.44,1267.76,1,0,False,True,False,False,False,False,False,True,False,True,False,False,False
101151,40.0,44355.85,Bronze,15.0,15.0,249.01,4.0,240,0.9375,0.66,11.87,3735.15,1,0,False,False,True,False,False,False,True,False,False,False,False,True,False
102839,52.0,53178.86,Gold,8.0,32.8,69.39,6.4,1919,0.2367,5.26,95.62,555.12,0,2,True,False,False,False,False,False,False,True,False,False,True,False,False
100117,41.0,29997.44,Silver,7.0,35.0,202.16,6.1,1927,0.1944,5.28,21.18,1415.12,1,1,False,True,False,False,True,False,False,False,False,False,False,False,True
100741,50.0,29265.92,Silver,0.0,18.0,104.31,5.9,451,0.0,1.24,29265.92,0.0,0,1,False,True,False,False,False,False,False,True,False,False,True,False,False
105762,45.0,37843.64,Bronze,7.0,68.4,12.49,7.4,2435,0.1009,6.67,427.95,87.43,0,0,True,False,False,False,False,False,True,False,False,True,False,False,False
105178,55.0,71938.66,Bronze,7.0,65.4,59.49,8.2,1286,0.1054,3.52,172.34,416.43,0,0,True,False,False,False,True,False,False,False,False,True,False,False,False
103676,62.0,42213.66,Bronze,3.0,72.0,77.53,6.4,1922,0.0411,5.27,180.72,232.59,0,0,True,False,False,False,False,False,True,False,False,False,True,False,False
100120,35.0,44508.79,Gold,3.0,44.0,74.84,8.6,1004,0.0667,2.75,197.36,224.52,0,2,True,False,False,True,False,False,False,False,False,False,True,False,False
105729,52.0,29387.53,Gold,6.0,110.0,78.91,8.4,1786,0.0541,4.89,61.94,473.46,0,2,False,True,False,False,False,False,True,False,False,False,True,False,False
105682,61.0,53093.76,Silver,6.0,38.6,104.31,9.4,2228,0.1515,6.1,84.7,625.86,0,1,False,True,False,False,False,False,True,False,False,False,False,True,False
105929,45.0,44798.19,Platinum,11.0,31.0,104.31,8.6,2454,0.3438,6.72,39.01,1147.41,0,3,False,True,False,False,True,False,False,False,False,False,False,False,True
100636,35.0,49933.6,Bronze,7.0,44.0,17.91,9.3,2003,0.1556,5.49,395.14,125.37,0,0,False,True,False,False,False,True,False,False,False,False,True,False,False
104466,44.0,53178.86,Gold,9.0,42.0,136.02,8.2,516,0.2093,1.41,43.4,1224.18,1,2,True,False,False,False,False,True,False,False,False,False,False,False,True
104365,18.0,31291.52,Silver,3.0,31.0,96.4,7.8,426,0.0938,1.17,107.83,289.2,0,1,False,True,False,True,False,False,False,False,False,False,True,False,False
104143,41.0,59145.16,Platinum,12.0,50.0,152.48,9.8,388,0.2353,1.06,32.31,1829.76,1,3,True,False,False,False,False,False,True,False,False,False,False,True,False
100992,56.0,63039.59,Bronze,5.0,18.0,78.97,6.5,91,0.2632,0.25,159.25,394.85,0,0,False,True,False,True,False,False,False,False,False,False,True,False,False
104870,39.0,23351.83,Gold,13.0,153.0,204.44,6.3,1859,0.0844,5.09,8.78,2657.72,1,2,False,True,False,False,False,False,True,False,False,True,False,False,False
105316,51.0,53178.86,Bronze,10.0,17.6,34.73,9.5,1656,0.5376,4.54,152.68,347.3,0,0,False,True,False,False,False,True,False,False,False,False,False,True,False
105223,54.0,30354.92,Bronze,9.0,75.2,29.77,8.2,1955,0.1181,5.36,112.87,267.93,0,0,False,True,False,False,False,True,False,False,False,False,False,True,False
103052,27.0,46799.87,Bronze,12.0,14.0,134.84,6.3,1301,0.8,3.56,28.91,1618.08,1,0,True,False,False,False,False,False,True,False,False,False,False,False,True
102661,26.0,45905.42,Gold,7.0,26.0,175.85,3.8,273,0.2593,0.75,37.26,1230.95,1,2,False,True,False,False,False,False,True,False,False,False,False,False,True
102492,30.0,53178.86,Silver,5.0,8.4,169.27,4.7,899,0.5319,2.46,62.76,846.35,0,1,True,False,False,False,False,True,False,False,False,False,False,False,True
105174,27.0,78374.17,Gold,9.0,27.2,64.47,7.0,244,0.3191,0.67,134.84,580.23,0,2,False,True,False,False,False,False,False,True,False,False,True,False,False
103855,39.0,67772.39,Bronze,7.0,29.0,102.58,3.5,1915,0.2333,5.25,94.25,718.06,0,0,False,False,True,False,False,True,False,False,False,False,True,False,False
104934,44.0,28002.0,Bronze,8.0,86.0,41.95,5.9,2353,0.092,6.45,83.19,335.6,0,0,False,True,False,False,True,False,False,False,False,False,False,True,False
104778,22.0,29706.75,Silver,9.0,80.0,128.35,6.7,2407,0.1111,6.59,25.69,1155.15,0,1,False,True,False,False,False,True,False,False,False,False,False,True,False
101716,40.0,32186.17,Silver,6.0,63.4,108.88,6.4,342,0.0932,0.94,49.19,653.28,0,1,True,False,False,True,False,False,False,False,False,False,False,True,False
101149,50.0,83938.97,Bronze,6.0,11.0,40.88,5.3,440,0.5,1.21,340.83,245.28,0,0,False,True,False,False,True,False,False,False,False,True,False,False,False
103262,25.0,55203.17,Gold,6.0,0.0,118.28,8.3,872,6.0,2.39,77.68,709.68,0,2,True,False,False,False,True,False,False,False,False,True,False,False,False
100575,40.0,44080.6,Gold,5.0,79.8,70.76,9.3,255,0.0619,0.7,124.24,353.8,0,2,True,False,False,False,False,False,False,True,False,True,False,False,False
103737,32.0,110491.95000000001,Bronze,3.0,53.0,73.9,7.5,2467,0.0556,6.76,496.15,221.7,0,0,True,False,False,False,False,True,False,False,True,False,False,False,False
104147,39.0,49593.1,Bronze,7.0,130.0,104.31,6.5,1571,0.0534,4.3,67.83,730.17,0,0,False,True,False,False,False,True,False,False,False,False,False,False,True
100854,38.0,30282.17,Bronze,5.0,78.6,93.65,6.2,305,0.0628,0.84,64.53,468.25,0,0,False,True,False,False,True,False,False,False,False,True,False,False,False
102775,33.0,53178.86,Silver,10.0,24.0,55.02,7.3,712,0.4,1.95,96.48,550.2,0,1,False,True,False,False,False,True,False,False,False,True,False,False,False
104930,51.0,58344.64,Bronze,8.0,67.0,31.26,9.7,1506,0.1176,4.13,232.37,250.08,0,0,True,False,False,False,False,True,False,False,False,False,False,True,False
105212,47.0,72163.3,Bronze,5.0,6.0,186.99,7.8,1823,0.7143,4.99,77.1,934.95,0,0,False,True,False,False,False,False,False,True,False,True,False,False,False
101167,67.0,73013.57,Silver,7.0,26.0,104.31,9.2,1240,0.2593,3.4,99.86,730.17,0,1,False,True,False,False,False,True,False,False,False,True,False,False,False
100972,37.0,102876.62,Bronze,9.0,51.8,100.64,7.5,2031,0.1705,5.56,113.46,905.76,0,0,True,False,False,False,True,False,False,False,False,False,False,True,False
102702,25.0,31375.71,Silver,12.0,32.0,57.3,5.0,41,0.3636,0.11,45.56,687.6,0,1,False,True,False,False,False,True,False,False,False,False,False,False,True
104496,22.0,43279.61,Gold,8.0,22.0,90.97,7.4,1568,0.3478,4.3,59.39,727.76,0,2,True,False,False,True,False,False,False,False,False,False,False,False,True
103848,70.0,49783.47,Bronze,5.0,47.4,42.44,4.0,2390,0.1033,6.55,233.51,212.2,0,0,True,False,False,True,False,False,False,False,False,False,False,True,False
102369,27.0,61820.75,Silver,11.0,109.0,179.14,6.8,1221,0.1,3.35,31.36,1970.54,1,1,True,False,False,False,False,False,False,True,False,False,False,False,True
104116,31.0,39271.8,Silver,9.0,47.2,17.4,8.0,1957,0.1867,5.36,249.19,156.6,0,1,True,False,False,False,False,False,True,False,False,False,False,False,True
104781,34.0,31464.42,Silver,13.0,5.0,61.15,7.2,408,2.1667,1.12,39.53,794.95,0,1,False,False,True,False,False,False,True,False,False,True,False,False,False
104132,29.0,52192.79,Gold,9.0,30.0,119.73,9.1,82,0.2903,0.22,48.39,1077.57,0,2,True,False,False,False,True,False,False,False,False,False,False,False,True
102951,24.0,53178.86,Silver,8.0,33.6,262.15,6.3,2267,0.2312,6.21,25.34,2097.2,1,1,False,True,False,False,False,False,False,True,False,False,True,False,False
100525,55.0,59537.15,Bronze,5.0,64.4,194.99,8.5,711,0.0765,1.95,61.0,974.95,0,0,False,True,False,False,True,False,False,False,False,True,False,False,False
102456,39.0,62849.48,Bronze,4.0,68.0,227.58,6.4,521,0.058,1.43,68.97,910.32,0,0,False,False,True,True,False,False,False,False,False,True,False,False,False
105017,27.0,54915.94,Bronze,10.0,38.0,60.15,5.9,2498,0.2564,6.84,91.15,601.5,0,0,True,False,False,False,False,False,True,False,False,True,False,False,False
101842,38.0,18513.98,Gold,8.0,12.8,223.66,6.1,441,0.5797,1.21,10.34,1789.28,1,2,True,False,False,False,False,False,True,False,False,True,False,False,False
100538,52.0,32417.48,Platinum,12.0,20.4,269.725,8.5,1049,0.5607,2.87,10.01,3236.7,1,3,False,True,False,True,False,False,False,False,False,True,False,False,False
102807,59.0,38668.16,Silver,6.0,93.0,69.67,5.9,354,0.0638,0.97,92.28,418.02,0,1,True,False,False,False,False,False,True,False,False,False,False,True,False
105597,36.0,31421.16,Silver,9.0,6.0,131.82,8.4,415,1.2857,1.14,26.46,1186.38,0,1,True,False,False,True,False,False,False,False,False,False,True,False,False
104342,51.0,43646.41,Gold,6.0,119.2,131.77,5.8,792,0.0499,2.17,55.14,790.62,0,2,False,True,False,False,False,False,True,False,False,True,False,False,False
103176,18.0,60183.21,Silver,7.0,15.0,176.83,8.8,1572,0.4375,4.31,48.58,1237.81,1,1,False,True,False,False,False,True,False,False,False,True,False,False,False
100785,38.0,45950.99,Bronze,8.0,42.0,66.2,8.1,244,0.186,0.67,86.6,529.6,0,0,True,False,False,False,False,False,True,False,False,False,False,True,False
104058,47.0,53178.86,Gold,3.0,13.0,226.52,7.0,1997,0.2143,5.47,78.14,679.56,0,2,True,False,False,False,False,False,False,True,False,True,False,False,False
101410,44.0,60380.07,Gold,11.0,61.0,83.39,10.0,383,0.1774,1.05,65.75,917.29,0,2,False,True,False,False,True,False,False,False,False,False,False,False,True
102538,19.0,53178.86,Bronze,8.0,40.0,104.31,9.5,2224,0.1951,6.09,63.65,834.48,0,0,True,False,False,False,False,True,False,False,False,False,True,False,False
100155,37.0,110491.95000000001,Silver,8.0,30.0,43.97,4.5,577,0.2581,1.58,313.22,351.76,0,1,True,False,False,False,False,False,True,False,False,False,True,False,False
103010,47.0,25386.97,Platinum,14.0,24.0,121.15,8.3,115,0.56,0.32,14.96,1696.1,1,3,False,True,False,False,False,True,False,False,False,True,False,False,False
101687,32.0,60465.43,Bronze,6.0,52.0,104.31,6.5,360,0.1132,0.99,96.46,625.86,0,0,False,False,True,False,False,False,True,False,False,False,True,False,False
102902,21.0,27254.86,Platinum,9.0,34.0,161.47,6.1,1487,0.2571,4.07,18.74,1453.23,1,3,False,True,False,False,False,True,False,False,False,False,True,False,False
105939,41.0,59197.87,Silver,7.0,58.0,128.79,6.8,367,0.1186,1.01,65.59,901.53,0,1,True,False,False,False,False,False,True,False,False,True,False,False,False
104722,27.0,91109.16,Bronze,11.0,13.0,138.7,7.2,2434,0.7857,6.67,59.68,1525.7,1,0,False,True,False,False,False,False,False,True,False,True,False,False,False
103864,58.0,68291.44,Gold,11.0,53.0,185.97,7.5,348,0.2037,0.95,33.37,2045.67,1,2,True,False,False,False,True,False,False,False,False,True,False,False,False
102734,32.0,50723.4,Bronze,13.0,6.0,25.04,7.3,739,1.8571,2.02,155.35,325.52,0,0,False,True,False,True,False,False,False,False,False,False,False,False,True
101896,31.0,38910.62,Silver,8.0,73.0,49.89,8.1,808,0.1081,2.21,97.25,399.12,0,1,True,False,False,False,False,False,True,False,False,True,False,False,False
105443,47.0,34816.54,Bronze,11.0,8.0,112.18,6.9,2114,1.2222,5.79,28.19,1233.98,1,0,True,False,False,False,False,False,True,False,False,True,False,False,False
100570,40.0,53178.86,Silver,6.0,25.0,67.49,8.0,1363,0.2308,3.73,131.0,404.94,0,1,False,True,False,False,False,False,True,False,False,False,False,True,False
101817,46.0,72543.37,Gold,9.0,4.0,137.27,6.3,2032,1.8,5.57,58.67,1235.43,1,2,True,False,False,False,False,False,True,False,False,False,True,False,False
102066,36.0,53178.86,Bronze,11.0,146.0,68.15,7.4,1002,0.0748,2.75,70.84,749.65,0,0,False,True,False,False,False,False,False,True,False,False,True,False,False
100128,24.0,67573.73,Gold,6.0,190.0,104.31,4.1,1146,0.0314,3.14,107.8,625.86,0,2,False,False,True,False,False,True,False,False,False,False,True,False,False
103395,45.0,36746.49,Bronze,11.0,2.0,104.31,7.2,2003,3.6667,5.49,32.0,1147.41,0,0,False,True,False,True,False,False,False,False,False,False,False,True,False
103328,39.0,63604.79,Silver,6.0,49.0,269.725,7.2,1609,0.12,4.41,39.28,1618.35,1,1,False,True,False,False,False,False,False,True,False,True,False,False,False
105978,31.0,76054.19,Silver,4.0,51.0,206.42,6.8,944,0.0769,2.59,92.0,825.68,0,1,False,True,False,False,False,False,False,True,False,False,True,False,False
102976,42.0,110491.95000000001,Silver,10.0,8.0,97.95,6.7,774,1.1111,2.12,112.69,979.5,0,1,False,True,False,False,False,False,False,True,True,False,False,False,False
102301,32.0,53178.86,Bronze,4.0,33.0,71.38,8.6,1560,0.1176,4.27,185.6,285.52,0,0,False,True,False,False,False,False,False,True,False,False,True,False,False
100191,59.0,50150.3,Bronze,7.0,10.0,157.4,4.5,570,0.6364,1.56,45.48,1101.8,0,0,True,False,False,False,True,False,False,False,False,True,False,False,False
101140,38.0,65477.12,Bronze,11.0,88.0,20.02,8.3,298,0.1236,0.82,295.98,220.22,0,0,False,True,False,False,False,True,False,False,False,True,False,False,False
105089,21.0,93850.53,Bronze,8.0,110.0,48.76,6.7,1345,0.0721,3.68,239.98,390.08,0,0,False,True,False,False,False,False,False,True,False,False,False,True,False
100700,36.0,83063.11,Silver,7.0,41.0,47.08,8.9,580,0.1667,1.59,251.28,329.56,0,1,True,False,False,False,True,False,False,False,False,True,False,False,False
105730,22.0,107038.99,Silver,7.0,24.0,63.55,7.8,1830,0.28,5.01,240.08,444.85,0,1,True,False,False,False,False,False,True,False,False,False,False,False,True
100607,47.0,50739.12,Bronze,8.0,52.0,27.89,9.0,654,0.1509,1.79,226.39,223.12,0,0,False,True,False,False,True,False,False,False,False,False,True,False,False
104277,47.0,110491.95000000001,Platinum,6.0,16.2,219.72,6.2,888,0.3488,2.43,83.75,1318.32,1,3,True,False,False,False,False,True,False,False,False,True,False,False,False
103421,38.0,37344.45,Silver,13.0,29.0,131.1,6.8,2179,0.4333,5.97,21.9,1704.3,1,1,True,False,False,False,False,False,False,True,False,True,False,False,False
105776,42.0,32471.59,Bronze,4.0,0.0,76.89,8.8,2032,4.0,5.57,105.24,307.56,0,0,False,True,False,False,False,False,False,True,False,False,True,False,False
101061,36.0,87333.61,Bronze,7.0,50.8,134.4,10.0,2175,0.1351,5.96,92.73,940.8,0,0,False,True,False,False,False,True,False,False,False,False,False,False,True
102566,27.0,36207.94,Bronze,2.0,15.0,138.33,7.2,1423,0.125,3.9,130.4,276.66,0,0,True,False,False,True,False,False,False,False,True,False,False,False,False
105989,40.0,32917.25,Bronze,6.0,53.0,54.97,7.4,583,0.1111,1.6,99.5,329.82,0,0,False,True,False,False,True,False,False,False,False,False,False,False,True
101070,37.0,65169.59,Gold,4.0,79.0,103.98,8.0,654,0.05,1.79,156.31,415.92,0,2,True,False,False,False,False,True,False,False,False,False,False,False,True
102525,61.0,108877.88,Gold,10.0,44.2,85.47,7.5,1233,0.2212,3.38,127.24,854.7,0,2,False,True,False,False,False,False,True,False,False,False,False,True,False
101244,32.0,18887.17,Silver,2.0,98.0,191.64,8.1,735,0.0202,2.01,49.15,383.28,0,1,True,False,False,False,False,False,True,False,False,False,True,False,False
100017,42.0,85962.76,Silver,6.0,25.0,54.69,8.1,992,0.2308,2.72,261.17,328.14,0,1,True,False,False,False,False,True,False,False,False,False,False,True,False
103121,42.0,64795.38,Bronze,13.0,8.0,54.52,6.4,2141,1.4444,5.87,91.29,708.76,0,0,True,False,False,False,False,False,False,True,False,True,False,False,False
105980,21.0,24310.45,Bronze,8.0,73.0,28.28,10.0,805,0.1081,2.21,106.98,226.24,0,0,False,True,False,True,False,False,False,False,False,True,False,False,False
104643,49.0,36984.56,Bronze,13.0,48.0,89.83,5.2,1667,0.2653,4.57,31.64,1167.79,0,0,False,False,True,False,False,True,False,False,False,False,False,False,True
104755,59.0,110491.95000000001,Bronze,8.0,28.0,154.67,9.5,1209,0.2759,3.31,89.22,1237.36,1,0,True,False,False,True,False,False,False,False,False,False,True,False,False
100816,42.0,55264.42,Bronze,9.0,57.0,7.07,5.2,916,0.1552,2.51,855.09,63.63,0,0,False,False,True,False,False,True,False,False,False,True,False,False,False
103068,43.0,107023.0,Gold,11.0,96.0,203.48,7.5,1455,0.1134,3.99,47.79,2238.28,1,2,False,True,False,False,False,False,True,False,False,False,True,False,False
105601,58.0,56691.87,Bronze,4.0,13.0,49.32,6.9,1884,0.2857,5.16,285.92,197.28,0,0,True,False,False,False,False,False,True,False,False,False,True,False,False
100960,43.0,49712.03,Silver,10.0,61.0,80.59,7.8,621,0.1613,1.7,61.61,805.9,0,1,True,False,False,False,False,False,True,False,False,True,False,False,False
104894,28.0,110491.95000000001,Silver,7.0,40.0,59.2,6.3,1795,0.1707,4.92,265.99,414.4,0,1,True,False,False,False,True,False,False,False,False,False,False,False,True
100226,41.0,47379.33,Silver,6.0,18.0,72.16,6.3,2027,0.3158,5.55,109.18,432.96,0,1,True,False,False,False,False,False,False,True,False,False,False,False,True
103355,34.0,53178.86,Bronze,11.0,54.0,160.02,10.0,1171,0.2,3.21,30.19,1760.22,1,0,True,False,False,True,False,False,False,False,False,False,True,False,False
102486,37.0,96256.02,Bronze,4.0,42.0,91.89,6.2,354,0.093,0.97,261.17,367.56,0,0,False,True,False,False,False,False,False,True,True,False,False,False,False
100563,39.0,66682.6,Bronze,16.0,32.0,108.57,6.7,785,0.4848,2.15,38.36,1737.12,1,0,False,True,False,True,False,False,False,False,False,True,False,False,False
103437,30.0,36235.08,Bronze,10.0,11.0,58.93,6.8,1563,0.8333,4.28,61.38,589.3,0,0,False,True,False,False,True,False,False,False,False,False,False,True,False
101694,32.0,75649.68,Gold,9.0,40.0,84.67,7.5,1842,0.2195,5.05,99.14,762.03,0,2,True,False,False,False,False,False,True,False,False,False,True,False,False
101046,28.0,57727.73,Bronze,8.0,32.6,144.43,8.0,802,0.2381,2.2,49.92,1155.44,0,0,True,False,False,False,False,False,True,False,False,False,True,False,False
103447,33.0,36763.87,Gold,8.0,30.0,129.34,6.4,2445,0.2581,6.7,35.5,1034.72,0,2,False,True,False,False,False,False,True,False,False,True,False,False,False
104566,39.0,42119.82,Bronze,9.0,9.0,85.95,8.1,979,0.9,2.68,54.38,773.55,0,0,True,False,False,False,False,True,False,False,False,False,False,True,False
100955,29.0,49397.03,Gold,12.0,207.0,83.3,6.7,35,0.0577,0.1,49.37,999.6,0,2,True,False,False,False,False,False,False,True,False,False,False,False,True
105977,33.0,50770.4,Bronze,7.0,52.0,104.31,7.8,1699,0.1321,4.65,69.44,730.17,0,0,True,False,False,False,False,False,True,False,False,True,False,False,False
102736,33.0,36654.66,Platinum,7.0,40.0,269.725,4.3,827,0.1707,2.27,19.4,1888.08,1,3,False,True,False,False,True,False,False,False,False,False,True,False,False
105885,47.0,96417.64,Silver,7.0,41.4,104.31,6.0,126,0.1651,0.35,131.87,730.17,0,1,True,False,False,False,True,False,False,False,False,False,False,False,True
105779,54.0,53178.86,Platinum,11.0,30.6,269.725,5.0,2008,0.3481,5.5,17.92,2966.98,1,3,False,True,False,False,True,False,False,False,False,True,False,False,False
101219,24.0,52141.02,Bronze,8.0,35.8,87.91,7.4,771,0.2174,2.11,74.03,703.28,0,0,True,False,False,False,True,False,False,False,False,True,False,False,False
105255,47.0,62860.51,Platinum,11.0,10.0,202.16,6.8,1214,1.0,3.33,28.25,2223.76,1,3,False,True,False,False,False,False,True,False,False,True,False,False,False
105512,38.0,53178.86,Silver,14.0,46.0,123.88,5.4,1687,0.2979,4.62,30.64,1734.32,1,1,False,True,False,False,True,False,False,False,False,False,False,True,False
101528,36.0,65473.16,Silver,7.0,25.0,43.62,5.1,935,0.2692,2.56,213.73,305.34,0,1,True,False,False,True,False,False,False,False,False,False,False,True,False
103988,43.0,62086.88,Bronze,13.0,29.0,106.55,10.0,2180,0.4333,5.97,44.79,1385.15,1,0,True,False,False,False,False,True,False,False,False,True,False,False,False
105920,34.0,54440.71,Silver,12.0,52.0,138.63,8.8,1419,0.2264,3.89,32.71,1663.56,1,1,False,True,False,False,True,False,False,False,False,True,False,False,False
101301,39.0,58322.68,Silver,3.0,38.0,138.76,8.0,946,0.0769,2.59,139.77,416.28,0,1,True,False,False,False,False,False,False,True,False,False,True,False,False
105870,62.0,47097.86,Silver,11.0,23.0,115.54,6.0,423,0.4583,1.16,37.03,1270.94,1,1,False,True,False,False,False,False,True,False,False,False,False,True,False
100161,26.0,53178.86,Gold,5.0,23.0,111.44,8.8,1724,0.2083,4.72,95.27,557.2,0,2,False,True,False,False,True,False,False,False,False,True,False,False,False
104068,37.0,53178.86,Bronze,8.0,60.0,78.72,7.6,2108,0.1311,5.78,84.31,629.76,0,0,True,False,False,True,False,False,False,False,False,False,False,False,True
100957,32.0,46535.61,Silver,9.0,109.0,119.6,6.4,338,0.0818,0.93,43.19,1076.4,0,1,True,False,False,False,False,False,True,False,False,False,False,False,True
103792,57.0,75447.54,Platinum,5.0,20.0,175.23,7.3,1081,0.2381,2.96,86.01,876.15,0,3,False,True,False,False,False,False,False,True,False,False,False,False,True
103235,32.0,53178.86,Silver,10.0,81.4,104.31,6.7,919,0.1214,2.52,50.93,1043.1,0,1,False,True,False,False,False,True,False,False,False,False,False,False,True
103778,44.0,71691.08,Bronze,9.0,6.0,54.95,4.7,2301,1.2857,6.3,144.67,494.55,0,0,False,True,False,False,True,False,False,False,False,False,False,True,False
104434,43.0,40056.66,Silver,7.0,43.0,61.19,9.8,2196,0.1591,6.02,93.3,428.33,0,1,False,True,False,False,True,False,False,False,False,False,True,False,False
104974,18.0,106428.26,Bronze,12.0,83.0,70.56,7.7,1056,0.1429,2.89,125.55,846.72,0,0,True,False,False,False,True,False,False,False,False,False,True,False,False
102962,38.0,63819.78,Gold,12.0,15.0,55.72,7.1,754,0.75,2.07,95.3,668.64,0,2,True,False,False,False,True,False,False,False,False,True,False,False,False
100099,43.0,84906.89,Bronze,8.0,36.2,174.3,8.6,2081,0.2151,5.7,60.85,1394.4,1,0,False,False,True,False,False,False,True,False,False,True,False,False,False
105835,36.0,46720.44,Bronze,8.0,75.0,104.31,6.7,2335,0.1053,6.4,55.92,834.48,0,0,True,False,False,True,False,False,False,False,False,False,True,False,False
102558,48.0,81779.78,Silver,10.0,20.0,69.05,8.6,917,0.4762,2.51,118.26,690.5,0,1,False,True,False,False,False,False,False,True,False,True,False,False,False
103184,45.0,109819.02,Silver,6.0,21.0,186.64,7.3,892,0.2727,2.44,97.98,1119.84,0,1,True,False,False,False,False,False,False,True,False,False,True,False,False
100254,26.0,41891.9,Gold,7.0,19.0,104.31,6.0,702,0.35,1.92,57.29,730.17,0,2,True,False,False,False,False,True,False,False,True,False,False,False,False
103924,46.0,69997.59,Bronze,11.0,16.0,93.55,7.4,554,0.6471,1.52,67.96,1029.05,0,0,False,True,False,False,False,True,False,False,False,False,False,False,True
104200,42.0,53178.86,Bronze,13.0,45.0,83.37,7.7,282,0.2826,0.77,49.02,1083.81,0,0,True,False,False,False,False,True,False,False,False,True,False,False,False
101446,41.0,53178.86,Platinum,6.0,0.0,232.73,8.0,1959,6.0,5.37,38.06,1396.38,1,3,False,True,False,False,False,False,False,True,False,False,False,True,False
105540,23.0,105820.83,Bronze,8.0,10.0,269.725,6.2,1434,0.7273,3.93,49.02,2157.8,1,0,True,False,False,False,False,True,False,False,False,True,False,False,False
101649,36.0,50865.45,Silver,8.0,160.0,62.29,6.0,1498,0.0497,4.1,101.87,498.32,0,1,False,True,False,False,False,False,False,True,False,True,False,False,False
104683,31.0,53178.86,Bronze,7.0,14.0,20.67,6.2,547,0.4667,1.5,365.01,144.69,0,0,False,True,False,False,False,True,False,False,False,False,True,False,False
104724,34.0,35088.8,Silver,11.0,58.2,91.61,8.3,1716,0.1858,4.7,34.79,1007.71,0,1,False,True,False,True,False,False,False,False,False,False,True,False,False
103992,26.0,23700.68,Silver,4.0,175.0,104.31,5.3,1548,0.0227,4.24,56.67,417.24,0,1,True,False,False,False,False,True,False,False,False,False,False,False,True
101697,32.0,53178.86,Bronze,13.0,41.0,209.33,10.0,2348,0.3095,6.43,19.53,2721.29,1,0,False,True,False,True,False,False,False,False,False,False,False,True,False
103192,28.0,22371.84,Bronze,8.0,64.4,91.89,7.2,1269,0.1223,3.48,30.39,735.12,0,0,True,False,False,False,False,False,True,False,False,False,False,False,True
104500,32.0,23734.33,Bronze,3.0,69.4,168.75,6.0,1561,0.0426,4.28,46.79,506.25,0,0,False,True,False,False,True,False,False,False,False,False,True,False,False
101155,46.0,110491.95000000001,Gold,6.0,20.0,104.92,7.1,1893,0.2857,5.19,175.24,629.52,0,2,True,False,False,False,True,False,False,False,False,False,True,False,False
102256,24.0,58099.63,Gold,6.0,31.0,173.89,8.5,2142,0.1875,5.87,55.63,1043.34,0,2,False,True,False,True,False,False,False,False,True,False,False,False,False
101683,32.0,51340.16,Bronze,7.0,181.0,104.31,5.3,1372,0.0385,3.76,70.22,730.17,0,0,False,True,False,True,False,False,False,False,False,False,True,False,False
103171,51.0,33653.82,Platinum,7.0,75.0,202.12,8.2,2230,0.0921,6.11,23.77,1414.84,1,3,False,True,False,False,False,False,True,False,False,False,False,False,True
102057,32.0,40759.06,Bronze,11.0,7.0,195.2,6.6,1798,1.375,4.93,18.97,2147.2,1,0,True,False,False,False,False,False,True,False,False,False,True,False,False
104091,65.0,30488.59,Bronze,5.0,31.0,26.88,6.4,2492,0.1562,6.83,225.17,134.4,0,0,False,True,False,True,False,False,False,False,False,False,False,False,True
103109,22.0,58619.18,Silver,8.0,26.0,77.29,6.8,481,0.2963,1.32,94.65,618.32,0,1,False,True,False,False,False,True,False,False,False,True,False,False,False
104549,40.0,33910.02,Bronze,5.0,3.0,104.31,6.6,1231,1.25,3.37,64.89,521.55,0,0,False,True,False,False,False,False,True,False,False,False,False,False,True
105424,38.0,29442.5,Bronze,3.0,18.0,143.34,6.3,2258,0.1579,6.19,68.31,430.02,0,0,True,False,False,False,False,False,False,True,False,False,False,False,True
102050,25.0,53178.86,Silver,8.0,31.0,81.37,8.4,979,0.25,2.68,81.57,650.96,0,1,True,False,False,True,False,False,False,False,False,False,False,True,False
104977,40.0,93030.61,Bronze,10.0,6.0,39.58,8.8,1410,1.4286,3.86,234.45,395.8,0,0,False,True,False,False,False,True,False,False,False,True,False,False,False
103644,30.0,68000.84,Bronze,9.0,95.0,14.65,5.7,1024,0.0938,2.81,511.86,131.85,0,0,True,False,False,False,False,True,False,False,True,False,False,False,False
105915,44.0,60452.8,Silver,13.0,29.0,72.01,7.3,2483,0.4333,6.8,64.51,936.13,0,1,True,False,False,False,False,False,True,False,False,False,True,False,False
100624,31.0,64642.32,Platinum,5.0,26.0,104.31,7.7,405,0.1852,1.11,123.71,521.55,0,3,False,True,False,False,False,False,True,False,True,False,False,False,False
100263,41.0,53178.86,Bronze,4.0,48.0,76.79,7.9,848,0.0816,2.32,172.57,307.16,0,0,True,False,False,False,True,False,False,False,False,False,True,False,False
105731,18.0,41460.39,Silver,7.0,18.6,63.02,7.4,1643,0.3571,4.5,93.77,441.14,0,1,False,True,False,False,True,False,False,False,False,True,False,False,False
103370,39.0,96329.26,Silver,5.0,44.0,104.31,8.2,912,0.1111,2.5,184.34,521.55,0,1,True,False,False,False,False,False,False,True,False,True,False,False,False
104062,51.0,37788.94,Gold,11.0,8.0,104.31,5.9,919,1.2222,2.52,32.91,1147.41,0,2,False,True,False,False,False,True,False,False,False,False,True,False,False
105535,42.0,36261.06,Silver,13.0,119.0,116.2,8.8,2454,0.1083,6.72,23.99,1510.6,1,1,False,True,False,False,True,False,False,False,False,False,False,False,True
101803,34.0,50728.58,Silver,8.0,35.4,45.17,4.7,1725,0.2198,4.73,139.99,361.36,0,1,True,False,False,True,False,False,False,False,False,False,False,False,True
104737,29.0,57956.99,Bronze,4.0,19.0,136.95,7.9,410,0.2,1.12,105.61,547.8,0,0,False,True,False,False,False,True,False,False,False,False,True,False,False
105987,36.0,62161.37,Bronze,9.0,38.0,269.725,7.1,589,0.2308,1.61,25.6,2427.52,1,0,False,False,True,False,False,False,False,True,True,False,False,False,False
102386,31.0,62898.81,Bronze,8.0,203.0,121.78,7.1,853,0.0392,2.34,64.5,974.24,0,0,False,True,False,True,False,False,False,False,False,False,False,False,True
101960,31.0,53178.86,Gold,7.0,217.0,104.95,7.6,690,0.0321,1.89,72.29,734.65,0,2,False,True,False,False,True,False,False,False,False,False,False,False,True
102977,29.0,55639.67,Platinum,9.0,4.0,124.61,7.1,1385,1.8,3.79,49.57,1121.49,0,3,False,True,False,False,False,True,False,False,False,True,False,False,False
100489,28.0,38346.56,Bronze,8.0,59.2,104.73,7.2,2314,0.1329,6.34,45.71,837.84,0,0,False,True,False,False,False,True,False,False,True,False,False,False,False
101844,20.0,38604.69,Platinum,13.0,56.8,118.66,6.5,1956,0.2249,5.36,25.01,1542.58,1,3,False,True,False,False,False,False,True,False,False,True,False,False,False
101735,32.0,106728.75,Bronze,4.0,20.0,51.55,7.2,1786,0.1905,4.89,515.1,206.2,0,0,False,True,False,False,False,False,False,True,False,False,True,False,False
102912,61.0,27004.15,Gold,5.0,9.0,81.91,9.4,1652,0.5,4.53,65.78,409.55,0,2,True,False,False,False,True,False,False,False,False,False,False,True,False
103220,50.0,53178.86,Bronze,13.0,16.0,100.4,6.4,1018,0.7647,2.79,40.71,1305.2,1,0,False,True,False,False,False,False,False,True,False,False,False,False,True
105631,18.0,40063.99,Bronze,9.0,58.0,121.31,6.9,1800,0.1525,4.93,36.66,1091.79,0,0,False,True,False,False,False,False,False,True,False,False,False,False,True
101987,40.0,52435.33,Silver,9.0,111.0,93.47,8.3,743,0.0804,2.04,62.26,841.23,0,1,False,True,False,False,False,False,False,True,False,False,True,False,False
101370,50.0,72514.18,Silver,13.0,100.0,41.9,6.9,1571,0.1287,4.3,132.88,544.7,0,1,True,False,False,False,False,False,False,True,False,False,False,True,False
102812,34.0,110491.95000000001,Bronze,8.0,1.0,96.04,8.5,1738,4.0,4.76,143.62,768.32,0,0,False,True,False,False,False,False,True,False,False,False,True,False,False
100660,34.0,23987.77,Silver,7.0,54.0,72.3,5.6,142,0.1273,0.39,47.3,506.1,0,1,False,True,False,False,True,False,False,False,False,False,True,False,False
101795,18.0,91783.34,Platinum,10.0,24.0,132.62,4.8,337,0.4,0.92,69.16,1326.2,1,3,True,False,False,False,False,True,False,False,False,False,False,True,False
102512,58.0,45863.25,Silver,9.0,13.0,92.29,6.1,648,0.6429,1.78,55.15,830.61,0,1,True,False,False,True,False,False,False,False,False,False,False,False,True
103398,35.0,35134.33,Bronze,7.0,37.0,122.14,6.3,1479,0.1842,4.05,41.05,854.98,0,0,True,False,False,False,False,False,True,False,False,False,True,False,False
104283,48.0,41567.62,Gold,8.0,23.0,142.88,6.5,1613,0.3333,4.42,36.33,1143.04,0,2,False,True,False,False,False,True,False,False,False,False,True,False,False
101148,33.0,69904.17,Bronze,3.0,33.2,269.725,9.6,722,0.0877,1.98,86.28,809.18,0,0,True,False,False,False,False,False,True,False,False,True,False,False,False
103273,36.0,37083.04,Bronze,9.0,50.0,50.14,4.3,205,0.1765,0.56,81.99,451.26,0,0,True,False,False,False,False,False,False,True,False,False,False,True,False
100609,18.0,71728.18,Silver,10.0,66.2,19.47,8.9,2285,0.1488,6.26,366.52,194.7,0,1,True,False,False,True,False,False,False,False,False,False,True,False,False
103583,39.0,76018.8,Bronze,8.0,5.0,101.03,9.0,447,1.3333,1.22,93.94,808.24,0,0,True,False,False,False,True,False,False,False,False,False,True,False,False
101931,18.0,42535.62,Silver,5.0,15.0,55.61,9.8,1955,0.3125,5.36,152.43,278.05,0,1,True,False,False,False,False,False,True,False,False,False,True,False,False
100198,33.0,69520.2,Bronze,8.0,32.0,64.39,7.5,1246,0.2424,3.41,134.7,515.12,0,0,True,False,False,False,False,True,False,False,False,False,True,False,False
102932,48.0,53178.86,Gold,8.0,20.0,70.75,4.4,2131,0.381,5.84,93.79,566.0,0,2,False,True,False,False,False,True,False,False,False,False,False,False,True
102328,56.0,60301.83,Bronze,9.0,150.0,70.79,6.4,152,0.0596,0.42,94.5,637.11,0,0,False,True,False,False,True,False,False,False,False,False,True,False,False
104390,57.0,53178.86,Bronze,9.0,12.0,104.31,6.3,1186,0.6923,3.25,56.59,938.79,0,0,False,True,False,False,True,False,False,False,False,False,True,False,False
100767,39.0,110491.95000000001,Bronze,7.0,18.0,134.29,6.6,1490,0.3684,4.08,117.42,940.03,0,0,False,True,False,False,False,True,False,False,False,False,False,True,False
104497,32.0,53178.86,Bronze,6.0,44.0,104.31,6.6,701,0.1333,1.92,84.83,625.86,0,0,True,False,False,False,True,False,False,False,False,False,False,False,True
104219,59.0,53178.86,Silver,4.0,98.6,104.31,7.0,2426,0.0402,6.65,127.15,417.24,0,1,False,True,False,False,False,False,False,True,False,False,False,False,True
103256,42.0,53178.86,Silver,10.0,26.0,42.83,8.6,1459,0.3704,4.0,123.87,428.3,0,1,False,True,False,True,False,False,False,False,False,True,False,False,False
100203,39.0,53178.86,Bronze,6.0,14.4,32.14,5.8,1049,0.3896,2.87,274.34,192.84,0,0,True,False,False,False,True,False,False,False,False,False,False,True,False
103511,44.0,62332.06,Bronze,8.0,88.0,104.31,10.0,268,0.0899,0.73,74.61,834.48,0,0,True,False,False,False,False,False,False,True,False,False,False,True,False
104932,27.0,75391.75,Bronze,13.0,13.0,45.53,8.1,133,0.9286,0.36,127.16,591.89,0,0,True,False,False,False,False,False,False,True,False,False,False,False,True
105536,24.0,110491.95000000001,Silver,5.0,49.0,269.725,6.6,760,0.1,2.08,81.87,1348.62,1,1,True,False,False,False,False,True,False,False,False,False,False,True,False
101734,21.0,35015.97,Gold,4.0,45.0,80.25,6.0,1525,0.087,4.18,108.75,321.0,0,2,True,False,False,False,True,False,False,False,False,False,True,False,False
102778,32.0,32267.73,Gold,8.0,92.8,153.15,8.5,1270,0.0853,3.48,26.32,1225.2,1,2,False,True,False,False,False,True,False,False,False,False,True,False,False
101708,41.0,32108.96,Gold,7.0,30.0,199.1,7.8,1434,0.2258,3.93,23.02,1393.7,1,2,True,False,False,False,False,True,False,False,False,False,True,False,False
105173,33.0,62760.63,Gold,5.0,37.0,84.28,8.1,2074,0.1316,5.68,148.58,421.4,0,2,True,False,False,False,False,False,True,False,True,False,False,False,False
105250,27.0,53178.86,Bronze,7.0,111.0,207.84,7.6,2092,0.0625,5.73,36.53,1454.88,1,0,False,True,False,False,True,False,False,False,False,False,True,False,False
105758,36.0,31621.8,Platinum,3.0,24.0,100.26,4.9,199,0.12,0.55,104.78,300.78,0,3,True,False,False,True,False,False,False,False,False,False,False,True,False
103475,22.0,40038.32,Silver,6.0,85.2,104.31,8.5,1688,0.0696,4.62,63.87,625.86,0,1,True,False,False,False,False,True,False,False,False,False,True,False,False
100855,41.0,44854.86,Silver,7.0,89.0,50.29,5.5,2239,0.0778,6.13,127.06,352.03,0,1,False,True,False,False,False,False,False,True,True,False,False,False,False
105686,18.0,41700.06,Silver,4.0,293.0,48.59,7.9,621,0.0136,1.7,213.45,194.36,0,1,True,False,False,True,False,False,False,False,False,False,True,False,False
104738,49.0,28027.44,Gold,4.0,29.0,189.93,8.8,1242,0.1333,3.4,36.84,759.72,0,2,False,True,False,False,True,False,False,False,False,False,False,False,True
104098,48.0,53178.86,Gold,8.0,31.4,90.94,6.6,2014,0.2469,5.52,73.0,727.52,0,2,True,False,False,True,False,False,False,False,False,True,False,False,False
102161,32.0,41835.05,Silver,9.0,26.6,144.27,6.3,1589,0.3261,4.35,32.19,1298.43,1,1,True,False,False,False,False,False,False,True,False,False,True,False,False
100699,27.0,53178.86,Gold,6.0,13.0,177.08,8.6,223,0.4286,0.61,50.0,1062.48,0,2,False,True,False,False,True,False,False,False,False,False,True,False,False
103000,34.0,56700.99,Platinum,11.0,18.0,156.65,8.5,473,0.5789,1.3,32.89,1723.15,1,3,True,False,False,False,True,False,False,False,False,False,False,True,False
103697,30.0,44482.26,Silver,13.0,24.0,269.725,8.3,509,0.52,1.39,12.68,3506.42,1,1,True,False,False,False,True,False,False,False,False,True,False,False,False
101637,18.0,110491.95000000001,Silver,11.0,96.0,61.27,5.8,2280,0.1134,6.25,163.7,673.97,0,1,True,False,False,False,False,False,True,False,False,False,False,False,True
103458,27.0,70898.6,Gold,13.0,72.0,269.725,9.0,1555,0.1781,4.26,20.21,3506.42,1,2,False,True,False,False,False,True,False,False,False,True,False,False,False
103582,63.0,33309.74,Bronze,10.0,53.0,269.725,5.5,642,0.1852,1.76,12.34,2697.25,1,0,True,False,False,False,False,False,True,False,False,False,False,False,True
101292,33.0,36940.93,Silver,8.0,17.0,43.09,7.4,2421,0.4444,6.63,106.85,344.72,0,1,True,False,False,True,False,False,False,False,False,True,False,False,False
104660,27.0,62068.63,Bronze,7.0,94.0,92.18,6.8,2166,0.0737,5.93,96.04,645.26,0,0,True,False,False,False,False,False,True,False,False,False,True,False,False
105617,37.0,88592.23,Bronze,8.0,17.0,79.41,6.9,625,0.4444,1.71,139.23,635.28,0,0,False,False,True,False,False,False,False,True,True,False,False,False,False
101854,46.0,25294.64,Bronze,7.0,53.6,75.4,3.8,1263,0.1282,3.46,47.83,527.8,0,0,False,True,False,False,False,False,True,False,False,True,False,False,False
105233,32.0,19498.62,Silver,12.0,23.0,44.38,6.2,1270,0.5,3.48,36.54,532.56,0,1,False,True,False,True,False,False,False,False,False,False,False,False,True
103764,45.0,88962.88,Bronze,2.0,84.0,81.45,8.5,2441,0.0235,6.69,542.79,162.9,0,0,True,False,False,True,False,False,False,False,False,True,False,False,False
103305,70.0,40818.73,Bronze,9.0,11.0,35.03,6.8,298,0.75,0.82,129.06,315.27,0,0,False,True,False,False,False,False,False,True,False,True,False,False,False
105897,45.0,43223.63,Bronze,9.0,44.0,241.82,7.1,2457,0.2,6.73,19.85,2176.38,1,0,False,True,False,False,False,False,True,False,True,False,False,False,False
105728,31.0,52019.27,Platinum,6.0,29.6,157.71,5.3,1738,0.1961,4.76,54.92,946.26,0,3,False,True,False,False,False,False,True,False,False,True,False,False,False
103744,46.0,59650.57,Bronze,9.0,105.0,149.73,7.4,68,0.0849,0.19,44.23,1347.57,1,0,True,False,False,False,False,True,False,False,False,True,False,False,False
103446,34.0,68785.85,Gold,8.0,14.0,77.03,5.1,1930,0.5333,5.29,111.44,616.24,0,2,False,True,False,True,False,False,False,False,False,True,False,False,False
101999,32.0,65621.92,Bronze,13.0,20.0,148.19,6.8,450,0.619,1.23,34.05,1926.47,1,0,False,True,False,True,False,False,False,False,False,False,True,False,False
100664,34.0,51850.69,Platinum,3.0,69.0,170.74,7.5,1048,0.0429,2.87,101.03,512.22,0,3,False,True,False,True,False,False,False,False,False,True,False,False,False
104780,38.0,49379.44,Bronze,5.0,45.0,25.17,9.7,351,0.1087,0.96,389.27,125.85,0,0,False,True,False,False,False,False,True,False,False,False,True,False,False
105354,28.0,88096.52,Bronze,7.0,3.0,104.31,5.6,2121,1.75,5.81,120.49,730.17,0,0,True,False,False,True,False,False,False,False,False,False,False,True,False
103749,29.0,54098.37,Bronze,8.0,39.6,129.46,8.8,1262,0.197,3.46,52.18,1035.68,0,0,False,True,False,False,False,False,True,False,False,False,True,False,False
104414,29.0,92691.36,Platinum,11.0,47.2,161.02,7.3,574,0.2282,1.57,52.3,1771.22,1,3,True,False,False,False,False,True,False,False,False,False,False,True,False
104745,36.0,46555.65,Bronze,4.0,25.0,31.49,7.4,1861,0.1538,5.1,366.7,125.96,0,0,False,False,True,False,True,False,False,False,False,False,False,True,False
105531,29.0,64281.75,Silver,9.0,44.0,135.33,5.9,2120,0.2,5.81,52.73,1217.97,0,1,True,False,False,True,False,False,False,False,False,True,False,False,False
105576,37.0,59374.31,Bronze,10.0,42.0,106.43,6.6,128,0.2326,0.35,55.73,1064.3,0,0,False,True,False,False,False,False,False,True,False,True,False,False,False
100710,46.0,106395.87,Silver,10.0,5.0,199.98,9.5,335,1.6667,0.92,53.18,1999.8,1,1,True,False,False,True,False,False,False,False,False,False,False,False,True
101283,18.0,95041.93,Bronze,8.0,17.0,144.91,9.5,2400,0.4444,6.58,81.91,1159.28,0,0,True,False,False,False,True,False,False,False,True,False,False,False,False
105069,30.0,53178.86,Bronze,8.0,35.6,99.7,6.1,984,0.2186,2.7,66.59,797.6,0,0,False,True,False,False,False,False,True,False,True,False,False,False,False
102676,42.0,49557.02,Silver,11.0,70.6,41.7,7.8,241,0.1536,0.66,107.8,458.7,0,1,True,False,False,False,True,False,False,False,False,False,False,False,True
104030,40.0,68338.89,Bronze,5.0,27.0,137.9,8.5,1404,0.1786,3.85,98.97,689.5,0,0,False,True,False,False,False,False,True,False,False,False,True,False,False
101307,26.0,62678.44,Silver,2.0,200.0,259.15,6.1,2092,0.01,5.73,120.7,518.3,0,1,False,True,False,False,True,False,False,False,False,True,False,False,False
105497,31.0,52659.29,Silver,6.0,134.0,117.61,7.5,1540,0.0444,4.22,74.52,705.66,0,1,False,True,False,True,False,False,False,False,False,False,False,False,True
105505,39.0,64220.93,Bronze,6.0,27.0,37.34,4.9,1292,0.2143,3.54,285.38,224.04,0,0,True,False,False,False,False,False,True,False,False,False,True,False,False
102238,37.0,60136.48,Bronze,3.0,11.0,73.36,6.2,393,0.25,1.08,272.01,220.08,0,0,True,False,False,False,False,True,False,False,False,False,False,False,True
103303,49.0,64433.47,Bronze,6.0,205.0,187.08,5.8,2053,0.0291,5.62,57.35,1122.48,0,0,False,True,False,True,False,False,False,False,False,False,True,False,False
105593,49.0,68613.08,Platinum,8.0,30.2,269.725,5.8,945,0.2564,2.59,31.78,2157.8,1,3,False,True,False,False,True,False,False,False,False,False,True,False,False
102039,26.0,61360.15,Gold,9.0,23.0,108.23,8.1,575,0.375,1.58,62.93,974.07,0,2,False,True,False,False,False,False,False,True,False,False,True,False,False
101530,45.0,110491.95000000001,Bronze,7.0,48.4,117.47,6.6,313,0.1417,0.86,134.21,822.29,0,0,False,True,False,False,False,False,False,True,False,True,False,False,False
101664,60.0,36630.16,Bronze,8.0,20.0,104.31,4.8,480,0.381,1.32,43.84,834.48,0,0,False,True,False,True,False,False,False,False,False,False,False,False,True
105451,36.0,110491.95000000001,Bronze,8.0,42.0,53.86,3.2,660,0.186,1.81,255.84,430.88,0,0,False,False,True,False,False,True,False,False,False,True,False,False,False
105922,58.0,53178.86,Silver,10.0,4.0,119.33,7.6,1881,2.0,5.15,44.53,1193.3,0,1,True,False,False,False,False,False,True,False,False,False,False,False,True
103628,27.0,59012.06,Silver,6.0,61.0,68.16,6.1,1774,0.0968,4.86,143.95,408.96,0,1,True,False,False,False,False,True,False,False,False,False,False,False,True
105740,52.0,60596.47,Bronze,5.0,5.0,269.725,7.3,1790,0.8333,4.9,44.9,1348.62,1,0,True,False,False,False,False,False,True,False,False,True,False,False,False
104892,20.0,51716.69,Bronze,7.0,3.0,31.85,7.6,2326,1.75,6.37,230.93,222.95,0,0,False,True,False,False,False,False,True,False,False,False,False,False,True
102694,34.0,44282.54,Gold,15.0,30.0,72.43,6.3,1066,0.4839,2.92,40.72,1086.45,0,2,False,True,False,True,False,False,False,False,False,False,False,True,False
103061,52.0,80936.87,Silver,12.0,29.6,19.25,5.2,1551,0.3922,4.25,348.87,231.0,0,1,False,False,True,False,False,False,True,False,False,False,False,False,True
101598,41.0,53178.86,Bronze,13.0,61.0,101.48,6.2,372,0.2097,1.02,40.28,1319.24,1,0,True,False,False,False,False,True,False,False,True,False,False,False,False
102730,23.0,31772.56,Bronze,8.0,64.0,162.81,8.3,1745,0.1231,4.78,24.38,1302.48,1,0,True,False,False,False,False,False,False,True,False,False,True,False,False
102626,36.0,76519.74,Silver,6.0,31.4,137.66,8.7,2136,0.1852,5.85,92.53,825.96,0,1,True,False,False,True,False,False,False,False,False,False,False,False,True
103158,35.0,110491.95000000001,Bronze,6.0,48.0,120.33,4.8,818,0.1224,2.24,152.83,721.98,0,0,False,True,False,True,False,False,False,False,False,True,False,False,False
103315,51.0,75381.11,Bronze,8.0,13.0,70.19,7.0,1991,0.5714,5.45,134.01,561.52,0,0,False,True,False,False,False,False,False,True,False,True,False,False,False
101723,30.0,69369.46,Bronze,7.0,154.0,99.73,7.1,2304,0.0452,6.31,99.23,698.11,0,0,True,False,False,False,False,False,False,True,False,True,False,False,False
105280,62.0,98806.85,Gold,8.0,24.0,111.69,9.3,975,0.32,2.67,110.46,893.52,0,2,False,True,False,False,False,False,True,False,False,True,False,False,False
101060,43.0,54833.52,Gold,11.0,31.0,99.38,8.4,2327,0.3438,6.38,50.11,1093.18,0,2,True,False,False,False,False,True,False,False,False,True,False,False,False
104637,18.0,34412.55,Bronze,9.0,18.0,91.82,6.2,2387,0.4737,6.54,41.59,826.38,0,0,True,False,False,False,True,False,False,False,False,False,False,False,True
103243,41.0,53178.86,Bronze,10.0,22.8,36.12,4.7,1109,0.4202,3.04,146.82,361.2,0,0,True,False,False,False,False,True,False,False,False,False,False,False,True
101679,29.0,45193.17,Bronze,8.0,71.6,232.2,6.7,1983,0.1102,5.43,24.32,1857.6,1,0,False,True,False,False,False,False,False,True,False,False,True,False,False
101758,65.0,59914.62,Platinum,10.0,16.0,111.95,5.0,2484,0.5882,6.81,53.47,1119.5,0,3,True,False,False,False,True,False,False,False,False,False,False,True,False
104192,48.0,53178.86,Bronze,5.0,2.0,5.33,4.5,2201,1.6667,6.03,1923.29,26.65,0,0,True,False,False,False,False,False,False,True,False,True,False,False,False
105117,48.0,68453.62,Bronze,10.0,108.0,37.13,7.1,1378,0.0917,3.78,183.87,371.3,0,0,True,False,False,False,True,False,False,False,False,False,False,True,False
100564,29.0,44225.17,Silver,8.0,31.0,63.61,4.8,2322,0.25,6.36,86.74,508.88,0,1,False,True,False,False,False,True,False,False,False,False,False,False,True
102791,56.0,26775.65,Silver,8.0,84.0,39.97,3.8,2338,0.0941,6.41,83.48,319.76,0,1,False,True,False,False,False,False,True,False,False,False,True,False,False
100864,39.0,53178.86,Silver,5.0,27.8,96.01,7.4,207,0.1736,0.57,110.55,480.05,0,1,False,True,False,False,True,False,False,False,False,False,False,False,True
101485,47.0,45409.92,Bronze,13.0,106.0,75.99,5.5,887,0.1215,2.43,45.92,987.87,0,0,False,True,False,True,False,False,False,False,False,False,True,False,False
105135,32.0,46329.08,Gold,14.0,12.2,202.1,5.0,1636,1.0606,4.48,16.37,2829.4,1,2,False,True,False,False,True,False,False,False,False,False,True,False,False
100207,28.0,102215.98,Bronze,10.0,94.6,111.65,6.1,479,0.1046,1.31,91.47,1116.5,0,0,True,False,False,False,True,False,False,False,False,False,False,True,False
104489,43.0,101033.57,Gold,8.0,142.0,48.39,7.4,1066,0.0559,2.92,260.32,387.12,0,2,True,False,False,False,False,False,False,True,False,False,True,False,False
100871,41.0,51689.76,Bronze,11.0,1.0,221.67,8.1,1650,5.5,4.52,21.19,2438.37,1,0,True,False,False,False,False,True,False,False,False,False,False,False,True
104494,26.0,49838.05,Gold,11.0,12.0,63.98,9.9,1643,0.8462,4.5,70.71,703.78,0,2,False,True,False,False,False,False,False,True,False,False,True,False,False
100503,29.0,110491.95000000001,Platinum,6.0,44.0,119.24,7.8,912,0.1333,2.5,154.22,715.44,0,3,True,False,False,False,False,False,True,False,False,False,True,False,False
101029,38.0,48145.01,Gold,8.0,90.0,164.17,7.1,2203,0.0879,6.04,36.63,1313.36,1,2,True,False,False,False,True,False,False,False,False,True,False,False,False
103841,21.0,48748.59,Gold,5.0,58.0,77.57,8.3,70,0.0847,0.19,125.37,387.85,0,2,True,False,False,False,False,False,True,False,False,False,False,False,True
102691,23.0,35374.18,Bronze,6.0,32.0,119.08,5.0,659,0.1818,1.81,49.44,714.48,0,0,True,False,False,False,True,False,False,False,False,False,True,False,False
105582,44.0,65997.04,Bronze,10.0,31.2,54.95,9.1,307,0.3106,0.84,119.89,549.5,0,0,True,False,False,False,True,False,False,False,False,False,False,True,False
105057,35.0,57456.1,Gold,11.0,16.0,229.33,5.7,2261,0.6471,6.19,22.77,2522.63,1,2,False,True,False,False,False,False,True,False,False,False,False,False,True
101571,38.0,16818.07,Bronze,12.0,113.0,28.3,6.4,1545,0.1053,4.23,49.38,339.6,0,0,True,False,False,True,False,False,False,False,True,False,False,False,False
102774,36.0,27627.63,Silver,11.0,53.0,49.47,10.0,1229,0.2037,3.37,50.68,544.17,0,1,False,False,True,False,False,True,False,False,False,False,False,True,False
100805,53.0,73273.6,Gold,12.0,63.4,193.92,4.9,2297,0.1863,6.29,31.47,2327.04,1,2,False,True,False,False,True,False,False,False,True,False,False,False,False
105848,55.0,28290.54,Gold,10.0,151.0,131.85,8.4,1965,0.0658,5.38,21.44,1318.5,1,2,True,False,False,False,False,False,True,False,False,False,True,False,False
103646,20.0,32573.97,Bronze,6.0,36.6,104.31,5.6,1068,0.1596,2.93,51.96,625.86,0,0,False,True,False,False,False,True,False,False,False,False,False,True,False
102455,33.0,53178.86,Silver,10.0,16.0,140.29,9.3,230,0.5882,0.63,37.88,1402.9,1,1,True,False,False,False,False,False,True,False,False,False,True,False,False
104599,52.0,66129.39,Gold,13.0,32.0,77.6,10.0,2320,0.3939,6.36,65.49,1008.8,0,2,True,False,False,False,False,False,False,True,False,False,True,False,False
103105,37.0,37331.88,Bronze,7.0,149.0,38.69,8.9,1508,0.0467,4.13,137.34,270.83,0,0,False,True,False,True,False,False,False,False,False,True,False,False,False
104876,33.0,46084.6,Silver,7.0,10.0,88.65,5.0,836,0.6364,2.29,74.14,620.55,0,1,True,False,False,False,False,False,True,False,False,False,False,False,True
100201,42.0,105947.47,Platinum,10.0,104.0,113.34,9.7,1311,0.0952,3.59,93.4,1133.4,0,3,False,True,False,False,True,False,False,False,False,True,False,False,False
103100,45.0,53030.23,Bronze,8.0,19.0,104.31,7.4,115,0.4,0.32,63.47,834.48,0,0,True,False,False,True,False,False,False,False,False,True,False,False,False
102279,31.0,74636.29,Bronze,13.0,27.0,198.1,8.4,1329,0.4643,3.64,28.97,2575.3,1,0,False,True,False,False,False,False,True,False,False,True,False,False,False
103562,39.0,49908.05,Platinum,10.0,11.0,269.725,9.0,2239,0.8333,6.13,18.5,2697.25,1,3,False,True,False,False,False,False,True,False,False,True,False,False,False
104475,30.0,43989.22,Silver,8.0,5.0,87.15,6.5,1993,1.3333,5.46,63.0,697.2,0,1,True,False,False,False,False,False,False,True,False,True,False,False,False
104515,39.0,26735.63,Gold,7.0,32.2,100.04,7.5,2352,0.2108,6.44,38.12,700.28,0,2,True,False,False,False,False,False,True,False,False,False,True,False,False
105795,26.0,29842.84,Bronze,11.0,12.0,158.96,6.8,391,0.8462,1.07,17.06,1748.56,1,0,True,False,False,False,False,False,True,False,False,True,False,False,False
105619,38.0,44619.09,Silver,7.0,22.0,89.33,7.5,1305,0.3043,3.58,71.24,625.31,0,1,True,False,False,False,False,False,True,False,False,True,False,False,False
105259,20.0,48961.57,Gold,5.0,37.0,66.92,7.7,2325,0.1316,6.37,145.89,334.6,0,2,True,False,False,False,False,False,True,False,False,True,False,False,False
101496,25.0,106820.83,Bronze,6.0,51.0,104.31,7.0,571,0.1154,1.56,170.41,625.86,0,0,True,False,False,False,False,True,False,False,False,False,False,True,False
102696,49.0,53178.86,Silver,8.0,95.4,157.05,8.3,1143,0.083,3.13,42.29,1256.4,1,1,False,True,False,False,False,False,True,False,True,False,False,False,False
102028,18.0,81786.77,Silver,7.0,9.0,104.31,7.9,1087,0.7,2.98,111.86,730.17,0,1,False,True,False,False,False,False,True,False,False,True,False,False,False
105249,42.0,55741.02,Platinum,8.0,35.0,269.725,10.0,858,0.2222,2.35,25.82,2157.8,1,3,True,False,False,False,False,True,False,False,False,True,False,False,False
102569,18.0,35063.14,Silver,10.0,23.0,53.14,9.2,272,0.4167,0.75,65.86,531.4,0,1,True,False,False,False,False,False,True,False,False,True,False,False,False
100065,47.0,53178.86,Bronze,5.0,32.0,65.53,6.2,335,0.1515,0.92,161.81,327.65,0,0,False,True,False,False,False,True,False,False,False,False,False,False,True
103885,29.0,67037.2,Gold,3.0,8.0,171.53,6.1,852,0.3333,2.33,130.02,514.59,0,2,False,False,True,False,False,True,False,False,False,False,False,True,False
102063,41.0,53178.86,Bronze,5.0,8.0,43.36,5.8,978,0.5556,2.68,244.16,216.8,0,0,False,True,False,False,False,False,True,False,False,False,False,True,False
105277,39.0,110491.95000000001,Bronze,10.0,74.0,182.15,7.5,280,0.1333,0.77,60.63,1821.5,1,0,False,True,False,False,True,False,False,False,False,False,False,True,False
100493,35.0,33103.25,Bronze,9.0,1.0,3.0,5.9,2233,4.5,6.12,1182.26,27.0,0,0,False,True,False,False,False,False,False,True,False,True,False,False,False
100380,33.0,52791.23,Silver,8.0,171.0,71.17,7.2,432,0.0465,1.18,92.56,569.36,0,1,False,True,False,False,True,False,False,False,False,False,False,True,False
104860,35.0,63463.61,Silver,6.0,156.0,160.81,5.3,1725,0.0382,4.73,65.71,964.86,0,1,False,True,False,False,False,False,False,True,False,False,False,True,False
103994,30.0,74114.5,Silver,9.0,4.0,83.74,7.9,2248,1.8,6.16,98.21,753.66,0,1,False,True,False,False,False,False,False,True,False,True,False,False,False
104888,57.0,53178.86,Gold,8.0,59.0,108.63,6.5,1955,0.1333,5.36,61.12,869.04,0,2,False,True,False,False,False,True,False,False,False,False,True,False,False
101077,54.0,70629.82,Silver,12.0,79.8,167.33,7.0,404,0.1485,1.11,35.16,2007.96,1,1,True,False,False,False,False,True,False,False,False,False,False,False,True
100879,37.0,54201.9,Silver,7.0,15.2,154.16,7.4,1910,0.4321,5.23,50.18,1079.12,0,1,True,False,False,False,False,False,False,True,False,False,False,False,True
100338,42.0,29348.24,Bronze,6.0,51.0,104.31,7.0,93,0.1154,0.25,46.82,625.86,0,0,True,False,False,False,False,False,False,True,True,False,False,False,False
101017,39.0,105348.2,Silver,4.0,60.0,104.31,10.0,2387,0.0656,6.54,251.88,417.24,0,1,True,False,False,False,False,False,True,False,True,False,False,False,False
101276,38.0,41545.77,Platinum,7.0,26.0,137.16,5.5,1688,0.2593,4.62,43.23,960.12,0,3,True,False,False,False,False,False,False,True,True,False,False,False,False
103799,48.0,53178.86,Bronze,9.0,33.0,80.06,7.7,2369,0.2647,6.49,73.7,720.54,0,0,True,False,False,False,False,False,False,True,False,False,False,False,True
104552,30.0,69242.69,Gold,5.0,71.0,69.51,7.5,1777,0.0694,4.87,198.66,347.55,0,2,False,True,False,True,False,False,False,False,False,False,False,False,True
103343,58.0,49239.32,Bronze,15.0,101.0,93.54,7.4,358,0.1471,0.98,35.07,1403.1,1,0,False,True,False,False,False,False,False,True,False,True,False,False,False
104912,44.0,64037.02,Silver,3.0,52.0,139.57,7.8,1121,0.0566,3.07,152.57,418.71,0,1,True,False,False,False,False,True,False,False,False,False,True,False,False
101982,31.0,59647.91,Silver,12.0,67.4,73.73,7.0,2276,0.1754,6.24,67.34,884.76,0,1,True,False,False,False,False,True,False,False,False,False,False,False,True
104298,30.0,32509.15,Silver,8.0,27.0,44.84,7.9,2009,0.2857,5.5,90.37,358.72,0,1,True,False,False,False,False,True,False,False,False,False,True,False,False
100162,29.0,40682.11,Silver,5.0,24.0,75.19,7.6,889,0.2,2.44,107.92,375.95,0,1,False,False,True,False,False,False,False,True,False,False,False,True,False
105676,32.0,52982.59,Platinum,16.0,40.0,167.62,5.1,385,0.3902,1.05,19.75,2681.92,1,3,False,False,True,False,False,False,True,False,False,False,True,False,False
104799,33.0,34013.56,Silver,14.0,24.2,47.36,5.9,629,0.5556,1.72,51.22,663.04,0,1,True,False,False,False,False,False,True,False,False,False,False,False,True
101501,31.0,53178.86,Bronze,2.0,66.0,71.99,7.2,274,0.0299,0.75,366.8,143.98,0,0,False,True,False,False,False,False,True,False,True,False,False,False,False
103844,60.0,69070.33,Bronze,7.0,121.0,68.09,6.8,502,0.0574,1.38,144.61,476.63,0,0,True,False,False,False,False,False,False,True,False,False,False,False,True
105226,43.0,53178.86,Bronze,11.0,6.0,82.73,8.3,2373,1.5714,6.5,58.37,910.03,0,0,False,True,False,False,False,True,False,False,False,True,False,False,False
103462,21.0,60965.42,Silver,12.0,49.0,94.95,5.5,628,0.24,1.72,53.46,1139.4,0,1,False,False,True,False,False,False,True,False,True,False,False,False,False
101022,42.0,93584.93,Bronze,7.0,32.0,25.42,7.2,1057,0.2121,2.9,523.0,177.94,0,0,True,False,False,False,False,False,False,True,True,False,False,False,False
103074,47.0,53178.86,Bronze,6.0,64.0,45.32,9.3,348,0.0923,0.95,194.85,271.92,0,0,False,False,True,False,False,True,False,False,True,False,False,False,False
103944,46.0,53178.86,Silver,11.0,55.0,116.33,7.3,1027,0.1964,2.81,41.53,1279.63,1,1,True,False,False,False,False,True,False,False,False,True,False,False,False
101586,19.0,44088.07,Bronze,6.0,82.0,269.725,6.2,1338,0.0723,3.67,27.23,1618.35,1,0,True,False,False,False,False,False,False,True,False,True,False,False,False
101956,26.0,25586.42,Bronze,13.0,24.0,131.46,10.0,2418,0.52,6.62,14.96,1708.98,1,0,True,False,False,False,False,False,False,True,False,False,True,False,False
103153,43.0,33283.16,Platinum,8.0,59.0,122.0,9.8,217,0.1333,0.59,34.07,976.0,0,3,True,False,False,False,False,False,False,True,False,False,False,True,False
100035,45.0,53178.86,Bronze,9.0,42.0,74.79,7.7,1715,0.2093,4.7,78.89,673.11,0,0,True,False,False,False,False,False,True,False,False,False,True,False,False
104015,40.0,37562.5,Bronze,4.0,67.6,18.35,8.6,2437,0.0583,6.68,504.87,73.4,0,0,False,True,False,False,True,False,False,False,False,True,False,False,False
100776,40.0,88172.85,Gold,5.0,61.0,104.31,7.4,2180,0.0806,5.97,168.74,521.55,0,2,False,True,False,False,False,False,True,False,False,False,False,False,True
102557,18.0,46230.6,Platinum,8.0,22.0,219.59,7.2,2113,0.3478,5.79,26.3,1756.72,1,3,True,False,False,False,True,False,False,False,False,False,False,False,True
101479,33.0,18616.45,Silver,17.0,1.0,95.61,7.0,2386,8.5,6.54,11.45,1625.37,1,1,True,False,False,False,True,False,False,False,False,False,False,True,False
105487,61.0,32908.93,Silver,8.0,57.0,184.33,7.1,108,0.1379,0.3,22.3,1474.64,1,1,True,False,False,False,False,False,True,False,False,True,False,False,False
101364,48.0,94463.18,Bronze,6.0,35.0,240.09,7.5,2384,0.1667,6.53,65.53,1440.54,1,0,False,True,False,False,False,False,False,True,False,False,True,False,False
102613,31.0,43244.33,Platinum,8.0,46.0,171.19,8.9,2478,0.1702,6.79,31.55,1369.52,1,3,False,True,False,False,False,False,False,True,False,False,True,False,False
102825,38.0,76317.68,Platinum,8.0,169.0,153.55,9.9,132,0.0471,0.36,62.08,1228.4,1,3,False,False,True,False,False,False,False,True,True,False,False,False,False
102042,46.0,57369.23,Bronze,6.0,60.0,269.725,5.8,1597,0.0984,4.38,35.43,1618.35,1,0,False,True,False,False,False,False,False,True,False,True,False,False,False
100242,37.0,53374.76,Bronze,13.0,7.0,35.48,6.9,1773,1.625,4.86,115.47,461.24,0,0,False,True,False,False,True,False,False,False,False,True,False,False,False
102062,59.0,35270.48,Silver,8.0,38.0,65.2,7.5,1868,0.2051,5.12,67.49,521.6,0,1,False,True,False,False,False,False,False,True,False,False,False,True,False
102364,44.0,42981.49,Bronze,9.0,34.0,45.05,7.2,2092,0.2571,5.73,105.75,405.45,0,0,False,False,True,False,True,False,False,False,False,False,True,False,False
100601,44.0,80620.5,Bronze,9.0,72.0,269.725,7.6,892,0.1233,2.44,33.2,2427.52,1,0,False,True,False,False,False,False,True,False,False,True,False,False,False
102436,27.0,79441.49,Bronze,9.0,143.0,63.15,6.2,114,0.0625,0.31,139.53,568.35,0,0,False,True,False,False,False,False,True,False,False,False,False,True,False
105394,28.0,53178.86,Bronze,8.0,48.0,59.0,6.7,878,0.1633,2.41,112.43,472.0,0,0,False,True,False,False,False,False,False,True,False,True,False,False,False
102889,33.0,110491.95000000001,Gold,7.0,18.0,106.15,7.8,1097,0.3684,3.01,148.5,743.05,0,2,False,False,True,True,False,False,False,False,False,True,False,False,False
100647,45.0,38031.55,Silver,10.0,23.0,56.34,9.9,1373,0.4167,3.76,67.38,563.4,0,1,False,True,False,False,False,False,False,True,False,False,False,False,True
103891,23.0,54498.97,Bronze,7.0,43.0,104.31,8.2,2267,0.1591,6.21,74.54,730.17,0,0,False,True,False,False,True,False,False,False,False,True,False,False,False
103557,35.0,39854.97,Bronze,6.0,21.0,125.6,8.8,1972,0.2727,5.4,52.82,753.6,0,0,True,False,False,False,True,False,False,False,False,True,False,False,False
103203,34.0,47136.74,Gold,11.0,77.4,57.46,6.6,1787,0.1403,4.9,74.46,632.06,0,2,False,False,True,False,False,True,False,False,False,False,False,True,False
101529,18.0,70798.02,Silver,10.0,30.0,269.725,7.1,2338,0.3226,6.41,26.24,2697.25,1,1,True,False,False,False,True,False,False,False,False,False,False,False,True
101268,46.0,71480.32,Platinum,3.0,63.0,104.31,9.9,1113,0.0469,3.05,227.7,312.93,0,3,True,False,False,False,True,False,False,False,False,False,False,False,True
101900,25.0,110491.95000000001,Silver,11.0,40.0,100.39,5.9,792,0.2683,2.17,99.97,1104.29,0,1,False,True,False,False,False,False,True,False,False,False,False,False,True
104659,31.0,67928.44,Silver,9.0,90.2,72.69,5.9,74,0.0987,0.2,103.67,654.21,0,1,False,True,False,False,False,False,False,True,False,True,False,False,False
103006,32.0,110491.95000000001,Bronze,11.0,31.0,94.48,8.5,1118,0.3438,3.06,106.21,1039.28,0,0,False,True,False,False,False,True,False,False,False,False,False,True,False
102735,38.0,48390.32,Silver,6.0,28.2,221.64,5.3,2474,0.2055,6.78,36.36,1329.84,1,1,False,True,False,False,False,False,True,False,False,True,False,False,False
100190,58.0,48846.53,Silver,4.0,58.0,75.43,7.9,1508,0.0678,4.13,161.36,301.72,0,1,False,True,False,False,True,False,False,False,False,False,True,False,False
101807,44.0,30721.95,Bronze,8.0,49.2,24.59,5.5,1489,0.1594,4.08,155.38,196.72,0,0,True,False,False,False,False,False,False,True,False,True,False,False,False
100976,26.0,23384.37,Gold,10.0,126.0,108.93,7.0,1756,0.0787,4.81,21.45,1089.3,0,2,True,False,False,False,False,False,True,False,False,False,False,False,True
102748,32.0,63925.04,Bronze,7.0,87.0,77.02,7.6,2022,0.0795,5.54,118.35,539.14,0,0,False,True,False,False,False,False,True,False,False,False,False,False,True
101083,43.0,50980.53,Silver,8.0,12.0,23.66,5.6,2168,0.6154,5.94,267.92,189.28,0,1,False,True,False,False,True,False,False,False,False,True,False,False,False
102905,33.0,110491.95000000001,Bronze,5.0,21.8,105.31,8.5,1682,0.2193,4.61,209.44,526.55,0,0,True,False,False,False,False,False,True,False,True,False,False,False,False
104844,24.0,37420.09,Platinum,7.0,16.0,132.72,7.5,1445,0.4118,3.96,40.23,929.04,0,3,False,False,True,False,True,False,False,False,False,True,False,False,False
104118,50.0,43493.85,Silver,4.0,104.0,104.31,8.5,1751,0.0381,4.8,103.99,417.24,0,1,True,False,False,False,False,False,False,True,False,False,False,False,True
103386,43.0,74861.05,Gold,4.0,72.0,104.31,8.2,1737,0.0548,4.76,178.99,417.24,0,2,False,False,True,False,False,False,False,True,True,False,False,False,False
104556,57.0,35734.42,Gold,10.0,35.0,269.725,6.2,2350,0.2778,6.44,13.24,2697.25,1,2,True,False,False,False,False,False,True,False,False,False,False,True,False
101185,38.0,59391.09,Bronze,9.0,17.4,80.73,6.1,272,0.4891,0.75,81.63,726.57,0,0,True,False,False,False,False,False,True,False,True,False,False,False,False
105052,40.0,42064.34,Bronze,7.0,2.0,33.74,6.1,1876,2.3333,5.14,177.35,236.18,0,0,False,True,False,False,False,False,True,False,False,False,True,False,False
105312,26.0,67882.67,Bronze,10.0,8.0,104.66,6.3,1833,1.1111,5.02,64.8,1046.6,0,0,True,False,False,True,False,False,False,False,False,True,False,False,False
102434,39.0,50119.37,Bronze,8.0,47.0,70.92,4.1,154,0.1667,0.42,88.18,567.36,0,0,False,True,False,False,False,True,False,False,False,False,True,False,False
105612,30.0,53178.86,Gold,7.0,43.2,187.26,6.9,2426,0.1584,6.65,40.54,1310.82,1,2,True,False,False,False,False,True,False,False,False,False,False,False,True
102392,46.0,38822.82,Gold,6.0,19.0,125.99,8.2,2473,0.3,6.78,51.29,755.94,0,2,False,True,False,True,False,False,False,False,False,False,True,False,False
100770,58.0,28874.77,Gold,6.0,48.0,119.0,6.2,1565,0.1224,4.29,40.38,714.0,0,2,True,False,False,False,False,False,True,False,False,False,False,False,True
101686,46.0,27344.49,Bronze,8.0,41.0,31.27,10.0,642,0.1905,1.76,108.87,250.16,0,0,True,False,False,True,False,False,False,False,False,True,False,False,False
100131,33.0,50827.83,Platinum,5.0,74.0,216.8,7.9,812,0.0667,2.22,46.85,1084.0,0,3,True,False,False,False,False,False,True,False,False,True,False,False,False
102920,49.0,33103.11,Gold,6.0,18.0,71.47,7.4,297,0.3158,0.81,77.02,428.82,0,2,False,True,False,False,False,True,False,False,False,False,True,False,False
103172,46.0,50885.55,Bronze,11.0,5.0,37.16,6.1,1825,1.8333,5.0,124.18,408.76,0,0,True,False,False,False,False,True,False,False,False,False,False,False,True
103445,51.0,53178.86,Silver,5.0,151.0,188.43,7.7,1014,0.0329,2.78,56.38,942.15,0,1,True,False,False,False,True,False,False,False,False,True,False,False,False
105579,28.0,54367.46,Bronze,4.0,41.0,44.69,8.0,1567,0.0952,4.29,302.44,178.76,0,0,True,False,False,True,False,False,False,False,False,True,False,False,False
104427,40.0,38381.25,Bronze,5.0,28.0,30.57,4.9,1121,0.1724,3.07,249.47,152.85,0,0,False,True,False,False,False,True,False,False,False,False,False,True,False
105335,51.0,49186.56,Gold,9.0,28.0,134.12,6.0,2236,0.3103,6.13,40.71,1207.08,0,2,False,True,False,True,False,False,False,False,False,False,False,False,True
100467,34.0,73330.23,Silver,8.0,33.0,66.05,9.4,2118,0.2353,5.8,138.52,528.4,0,1,False,False,True,True,False,False,False,False,False,False,True,False,False
105735,34.0,97603.13,Gold,5.0,26.6,148.15,9.2,1147,0.1812,3.14,131.58,740.75,0,2,False,True,False,False,True,False,False,False,True,False,False,False,False
103093,49.0,87928.4,Bronze,7.0,113.0,138.09,9.1,1304,0.0614,3.57,90.87,966.63,0,0,True,False,False,False,False,False,True,False,False,False,True,False,False
103773,43.0,43762.6,Gold,8.0,7.0,254.14,4.4,2277,1.0,6.24,21.51,2033.12,1,2,True,False,False,False,False,False,True,False,False,False,False,False,True
105192,44.0,41288.73,Silver,11.0,40.0,104.31,9.9,1633,0.2683,4.47,35.95,1147.41,0,1,True,False,False,False,False,True,False,False,False,True,False,False,False
105227,39.0,66468.67,Bronze,6.0,12.0,77.41,5.0,953,0.4615,2.61,142.8,464.46,0,0,False,True,False,False,False,False,False,True,False,True,False,False,False
105391,57.0,57736.61,Silver,6.0,36.8,84.24,7.4,256,0.1587,0.7,114.0,505.44,0,1,False,True,False,False,False,False,True,False,False,False,False,True,False
100861,26.0,53912.16,Bronze,8.0,44.0,61.24,9.4,815,0.1778,2.23,109.82,489.92,0,0,False,True,False,False,False,False,True,False,False,False,True,False,False
