customer_id,age,gender,region,annual_income,membership_tier,acquisition_channel,num_purchases_last_year,days_since_last_purchase,avg_purchase_amount,satisfaction_score,signup_days_ago
101783,18.0,Male,South,,Bronze,Organic,5,85.0,391.48,5.1,435
103918,30.0,Female,East,60966.19,Silver,Organic,7,35.0,57.1,7.0,2151
100222,41.0,Male,East,46998.67,Bronze,Paid_Ads,10,57.0,,8.3,528
102136,34.0,Other,West,,Bronze,Paid_Ads,7,,81.61,6.4,545
105225,50.0,Female,South,143685.41,Bronze,Social_Media,9,110.0,234.13,8.2,1193
101169,33.0,Female,South,,Silver,Email,6,22.0,101.04,,1282
100880,38.0,Female,North,57213.83,Gold,Social_Media,3,28.0,244.04,7.8,792
100157,40.0,Female,West,25657.98,Silver,Organic,14,22.0,125.08,7.6,1040
101658,18.0,Other,East,44986.2,Silver,Social_Media,7,20.0,49.08,7.5,2434
100324,47.0,Other,East,,Bronze,Paid_Ads,6,41.0,117.6,7.1,360
105303,50.0,Female,East,,Bronze,Social_Media,11,14.0,76.01,9.8,482
102612,48.0,,Central,43195.54,Bronze,Social_Media,10,64.0,96.31,6.5,268
100812,31.0,Male,West,,Gold,Referral,10,,75.26,8.0,734
100394,44.0,Female,West,53932.71,Gold,Social_Media,7,4.0,132.46,6.6,302
103594,43.0,Male,East,53467.03,Bronze,Referral,11,85.0,25.27,8.1,1871
102639,46.0,Male,West,60647.47,Bronze,Paid_Ads,6,80.0,69.82,7.6,464
102188,32.0,Male,Central,33474.94,Silver,Paid_Ads,5,12.0,132.24,10.0,1770
105352,42.0,Other,South,127587.85,Silver,Paid_Ads,7,9.0,2846.5174592550916,8.2,1025
100320,24.0,Female,East,,Gold,Referral,9,,48.9,7.5,2123
100168,43.0,Male,West,16315.77,Bronze,Paid_Ads,9,55.0,87.06,9.1,1608
100747,60.0,Female,West,47188.68,Bronze,Email,12,,222.68,4.3,1139
105471,34.0,Male,South,43993.33,Bronze,Paid_Ads,8,41.0,68.04,6.6,2076
103708,45.0,Female,South,49360.61,Bronze,Email,10,73.0,19.12,8.2,114
102765,,Female,South,102028.08,Platinum,Email,5,76.0,236.9,6.6,289
105113,38.0,Female,East,37226.2,Gold,Paid_Ads,5,33.0,127.1,6.2,1719
104007,34.0,Male,West,104851.49,Gold,Organic,11,142.0,385.11,,2499
101872,31.0,Female,West,49623.89,Silver,Email,6,73.0,106.94,6.5,942
105757,28.0,Female,South,66070.92,Bronze,Email,9,,38.7,8.5,1931
103194,24.0,Male,Central,54419.62,Silver,Email,7,15.0,85.31,8.5,822
103755,35.0,Female,South,31156.23,Silver,Organic,7,11.0,116.36,8.2,1750
105626,53.0,Male,North,33864.24,Bronze,Paid_Ads,9,13.0,,5.4,2043
104895,28.0,,East,54393.16,Bronze,Paid_Ads,8,26.0,219.34,4.9,937
104103,29.0,Female,West,,Silver,Organic,4,57.0,75.19,10.0,2096
101262,39.0,Male,West,92262.9,Gold,Email,4,9.0,106.64,9.5,836
102339,51.0,Female,East,26927.87,Bronze,Referral,8,32.0,13.91,6.1,161
100085,24.0,,North,33428.03,Bronze,Social_Media,6,20.0,265.32,6.4,776
103822,53.0,Male,West,,Bronze,Social_Media,7,15.0,62.13,4.9,362
102654,28.0,Male,West,31068.41,Silver,Paid_Ads,9,9.0,,5.4,50
105546,58.0,Male,East,62822.51,Silver,Email,10,85.0,60.28,7.7,1148
102747,51.0,,East,102090.39,Bronze,Organic,11,102.0,112.77,6.6,1562
102859,34.0,,Central,44621.82,Gold,Organic,8,41.0,47.74,6.6,1253
100997,47.0,Female,East,47120.2,Gold,Paid_Ads,11,106.0,344.79,7.8,1220
100229,28.0,Other,South,40203.79,Bronze,Paid_Ads,9,139.0,54.77,6.1,1155
103265,32.0,Female,Central,156134.68,Silver,Referral,11,35.0,31.22,9.3,2317
104829,53.0,Female,South,99007.01,Bronze,Referral,13,54.0,144.82,4.9,1875
103943,28.0,Female,East,29854.24,Bronze,Social_Media,13,8.0,106.69,8.3,70
105460,49.0,Female,East,35822.07,Gold,Social_Media,11,30.0,80.47,4.5,2433
103833,36.0,Male,North,44251.74,Silver,Referral,5,29.0,75.94,6.8,2030
101653,44.0,Male,East,53698.1,Bronze,Social_Media,8,13.0,10.02,7.4,204
100080,34.0,Male,South,,Gold,Organic,9,90.0,79.1,6.0,797
100965,38.0,Female,South,104401.99,Silver,Referral,6,,256.15,5.9,747
100927,36.0,Female,Central,29528.05,Silver,Paid_Ads,8,39.0,106.81,8.1,1137
100795,18.0,Female,East,55788.67,Gold,Organic,11,19.0,,7.2,845
103380,35.0,Male,North,60660.39,Silver,Paid_Ads,11,,82.39,6.5,2176
103165,30.0,Male,North,114397.37,Platinum,Referral,10,,246.53,4.9,743
104658,39.0,Male,North,129008.4,Bronze,Email,9,10.0,153.23,6.7,910
103312,46.0,Female,North,,Silver,Referral,13,,197.71,8.6,1992
103935,43.0,Male,West,,Bronze,Social_Media,5,32.0,44.59,4.0,715
101075,27.0,Female,North,92184.94,Bronze,Referral,8,44.0,111.36,7.0,363
104841,40.0,Female,West,44075.18,Bronze,Social_Media,8,45.0,41.86,7.0,1154
104184,66.0,Female,West,62911.44,Bronze,Referral,9,80.0,29.0,6.3,83
102025,22.0,Other,East,35645.03,Silver,Paid_Ads,7,79.0,,7.2,2250
105678,43.0,Male,South,57881.31,Bronze,Paid_Ads,10,12.0,50.92,9.2,703
104635,42.0,Female,South,54580.16,Bronze,Email,9,2.0,68.6,10.0,679
101746,29.0,Male,South,,Gold,Paid_Ads,7,18.0,124.49,7.9,614
103144,41.0,Male,North,63960.23,Bronze,Organic,11,,21.04,7.7,841
103264,57.0,Female,South,28706.67,Gold,Organic,9,,149.63,7.2,2110
103122,,Other,South,22313.51,Silver,Referral,12,3.0,194.79,6.2,1419
101452,44.0,Female,East,32938.66,Bronze,Paid_Ads,10,,4091.0840972603714,6.3,454
100440,43.0,,South,102616.97,Silver,Social_Media,9,53.0,75.82,9.0,583
103317,36.0,Female,North,42658.68,Platinum,Social_Media,6,,105.67,,2180
104544,26.0,Other,South,68336.37,Bronze,Paid_Ads,8,17.0,21.94,,1614
102982,57.0,Male,South,59122.17,Bronze,Organic,4,,101.27,6.8,2070
102081,43.0,Female,East,38956.81,Gold,Social_Media,4,,440.73,4.0,2457
104021,40.0,Male,Central,48537.57,Bronze,Paid_Ads,12,12.0,63.17,7.3,1774
101455,56.0,Female,South,46769.58,Silver,Paid_Ads,8,31.0,145.69,8.8,1588
100255,35.0,,West,59799.23,Silver,Organic,11,6.0,1999.2031926150505,5.1,2164
100466,32.0,Other,South,31067.4,Bronze,Email,7,38.0,37.12,6.7,715
102118,39.0,,South,32853.64,Silver,Email,17,49.0,321.81,6.6,858
100507,67.0,Male,North,42122.76,Bronze,Organic,6,23.0,134.39,10.0,191
104272,25.0,Male,South,44587.25,Silver,Social_Media,10,,206.4,6.9,731
104289,36.0,Other,South,47138.54,Silver,Organic,9,6.0,55.27,7.6,1151
104214,36.0,Female,South,63784.43,Silver,Social_Media,9,24.0,72.27,5.4,1750
100234,52.0,Female,Central,122239.14,Bronze,Social_Media,11,11.0,408.67,8.4,125
100554,62.0,Male,Central,51188.29,Bronze,Referral,5,10.0,30.06,6.4,1935
105315,38.0,Female,East,29673.38,Gold,Organic,7,43.0,199.78,7.3,2459
100545,35.0,Female,North,,Gold,Organic,10,42.0,154.72,6.7,649
103701,37.0,Female,East,42664.94,Silver,Paid_Ads,8,,92.02,6.6,359
103541,40.0,Female,South,38393.93,Gold,Organic,10,27.0,231.3,6.4,826
102789,31.0,Female,South,29336.34,Bronze,Organic,9,78.0,57.33,5.8,1681
102865,25.0,Male,West,136125.56,Bronze,Paid_Ads,3,112.0,33.15,6.0,2479
102084,40.0,Male,South,31629.79,Silver,Email,3,13.0,128.51,5.6,981
105543,45.0,Female,South,,Bronze,Organic,7,35.0,121.55,7.4,2088
100309,45.0,Female,East,,Bronze,Paid_Ads,8,3.0,102.09,6.6,1521
100711,38.0,Male,East,92571.46,Bronze,Organic,6,45.0,36.6,5.0,1577
104104,60.0,Female,Central,,Silver,Organic,7,99.0,134.09,8.2,2155
101581,52.0,Male,West,88299.64,Bronze,Social_Media,6,2.0,,6.3,2279
101311,24.0,Male,North,36855.06,Silver,Organic,6,54.0,146.33,4.6,1778
100626,32.0,Male,West,51456.66,Gold,Email,11,17.0,60.73,5.6,886
100024,36.0,Male,East,71404.31,Gold,Referral,10,19.0,287.41,8.4,2326
102532,45.0,Female,East,75292.12,Platinum,Paid_Ads,10,129.0,,6.2,2276
101871,48.0,Female,West,,Silver,Social_Media,9,28.0,234.87,6.9,1815
105111,36.0,Male,North,,Silver,Organic,7,20.0,106.91,3.6,2234
103489,39.0,Male,Central,,Gold,Referral,6,61.0,109.29,7.2,1308
101171,24.0,Male,East,50825.28,Bronze,Social_Media,1,49.0,106.97,5.9,574
104746,41.0,Female,East,55066.17,Gold,Paid_Ads,11,34.0,214.56,7.9,1671
102119,41.0,,East,,Bronze,Social_Media,10,13.0,116.89,5.8,1438
103019,43.0,,South,40845.95,Silver,Paid_Ads,5,129.0,118.11,8.2,1539
101195,61.0,Male,North,39556.59,Silver,Organic,10,44.0,49.44,6.0,2050
102246,31.0,Male,Central,,Gold,Referral,9,31.0,110.68,5.7,385
102874,18.0,Female,East,69383.27,Bronze,Organic,6,91.0,45.06,6.9,790
105640,45.0,Male,North,57865.49,Gold,Social_Media,6,163.0,227.1,7.6,1117
102550,44.0,Male,South,123070.53,Gold,Social_Media,6,,169.39,8.7,1384
103155,,Female,South,66962.26,Platinum,Referral,10,,139.96,4.5,245
100094,37.0,Male,East,42895.39,Bronze,Paid_Ads,8,93.0,20.26,8.3,1762
102078,39.0,Female,East,102343.08,Silver,Organic,4,17.0,120.61,6.2,1274
100470,26.0,Male,West,104377.76,Silver,Organic,10,39.0,33.35,5.6,1906
100788,36.0,Female,West,40510.47,Bronze,Social_Media,12,101.0,205.92,,2057
101700,40.0,Female,West,72698.47,Platinum,Social_Media,11,39.0,313.68,7.1,299
101838,35.0,Female,South,95357.52,Silver,Referral,6,21.0,115.21,6.7,125
103064,40.0,Female,North,86934.54,Silver,Email,9,24.0,111.97,6.8,2056
101707,33.0,Male,North,119405.99,Bronze,Referral,2,8.0,205.38,6.7,2015
103968,25.0,Male,South,48274.18,Gold,Organic,8,57.0,162.26,6.7,1273
103863,24.0,Male,West,56189.59,Bronze,Organic,4,36.0,77.74,7.1,567
103665,36.0,Female,East,,Silver,Organic,4,,128.85,10.0,507
105892,58.0,Female,South,44146.51,Bronze,Email,10,14.0,18.96,8.2,1104
103205,43.0,Male,South,,Bronze,Social_Media,6,58.0,14.1,7.4,737
100605,30.0,Male,South,74901.01,Gold,Referral,9,152.0,171.2,8.7,1198
104943,35.0,Male,South,48781.98,Bronze,Organic,9,81.0,,6.9,110
101551,19.0,,Central,61332.23,Gold,Email,11,169.0,69.48,6.5,979
104709,28.0,,East,69323.16,Gold,Organic,11,,92.75,7.8,54
104835,19.0,,South,18140.33,Bronze,Referral,4,44.0,108.85,6.9,1843
103186,,Female,South,36300.26,Bronze,Social_Media,9,72.0,94.61,7.2,658
104387,35.0,Female,West,25895.83,Bronze,Organic,14,80.0,53.4,6.9,860
101587,18.0,Male,West,74762.92,Bronze,Paid_Ads,8,41.0,71.75,9.0,801
103120,23.0,Male,Central,37432.86,Bronze,Paid_Ads,5,183.0,64.55,5.6,1447
103400,32.0,Female,East,,Silver,Social_Media,6,40.0,297.6,9.5,1229
100402,,Female,South,35213.09,Bronze,Paid_Ads,3,18.0,,7.2,139
100032,33.0,Female,West,112279.42,Bronze,Referral,12,52.0,110.41,8.9,2312
101484,42.0,Female,South,13941.54,Gold,Paid_Ads,6,,85.88,8.6,196
102681,53.0,Female,West,58034.43,Bronze,Social_Media,11,164.0,125.78,7.0,1831
100600,18.0,Female,South,,Silver,Email,9,,64.51,5.4,2234
103150,41.0,Male,North,,Bronze,Organic,6,1.0,62.81,6.3,1913
105545,37.0,Male,East,69606.43,Bronze,Organic,10,20.0,217.08,6.5,650
101861,46.0,Male,South,33003.33,Bronze,Paid_Ads,11,160.0,88.41,7.9,1149
100566,47.0,Male,West,,Bronze,Social_Media,12,,131.76,5.5,1805
102214,59.0,Female,South,34467.55,Silver,Email,6,32.0,113.97,6.8,1368
101967,41.0,Female,East,49905.92,Bronze,Referral,5,92.0,29.73,7.8,2061
100866,48.0,Male,West,67273.95,Bronze,Social_Media,7,4.0,156.45,5.9,614
104608,54.0,Male,South,101650.9,Silver,Paid_Ads,4,8.0,,5.4,2224
102451,32.0,Male,Central,87513.26,Silver,Paid_Ads,5,5.0,30.74,6.9,692
105693,35.0,Male,East,89883.9,Platinum,Social_Media,5,,345.86,5.7,572
100813,41.0,Other,West,55408.55,Silver,Paid_Ads,8,9.0,241.52,6.7,2142
101478,21.0,Male,North,58770.1,Silver,Social_Media,11,14.0,39.02,8.3,1994
104735,33.0,Female,East,121607.12,Bronze,Paid_Ads,8,,90.14,7.4,1965
102272,25.0,Other,West,66618.16,Bronze,Social_Media,7,7.0,37.83,6.3,844
101039,48.0,Male,South,88802.2,Silver,Organic,14,,103.33,7.1,1530
104527,35.0,Female,West,42343.47,Gold,Organic,5,59.0,104.28,6.4,1781
100081,43.0,Male,Central,37587.22,Bronze,Social_Media,8,63.0,,9.4,1417
101205,30.0,Male,South,42788.75,Silver,Organic,10,13.0,63.06,6.5,57
103286,50.0,Female,South,58213.49,Silver,Organic,15,187.0,124.01,7.3,1247
101546,35.0,Male,North,110926.79,Bronze,Referral,6,36.0,120.33,6.3,933
100178,40.0,Female,East,,Gold,Organic,10,,106.85,8.3,875
102586,50.0,Other,North,,Silver,Organic,12,68.0,64.74,6.3,2052
105993,41.0,Male,North,,Silver,Referral,3,,139.86,9.1,970
104864,44.0,Female,Central,92521.48,Gold,Social_Media,7,29.0,194.43,5.6,1519
101439,23.0,Other,North,38741.29,Bronze,Paid_Ads,17,3.0,96.1,4.9,2182
100297,42.0,Male,West,30850.98,Bronze,Organic,7,6.0,86.67,8.2,1854
103616,48.0,Female,North,130022.48,Gold,Referral,9,34.0,188.55,8.1,2462
103648,33.0,Female,North,83243.85,Silver,Paid_Ads,10,36.0,99.47,5.7,1177
100158,50.0,Other,West,46189.07,Bronze,Paid_Ads,4,32.0,246.56,6.2,1831
101028,38.0,Female,South,59197.86,Silver,Referral,10,,87.53,6.5,105
100411,20.0,Female,West,119509.35,Platinum,Referral,9,,118.93,5.4,736
103959,30.0,Female,East,38099.38,Silver,Email,7,,190.96,6.2,682
105938,47.0,Female,Central,,Gold,Social_Media,8,,158.97,7.9,836
104957,39.0,,East,55291.96,Platinum,Email,5,,189.87,6.6,1784
104757,40.0,Female,West,73620.42,Silver,Organic,7,,66.15,9.0,787
105448,38.0,Other,East,39081.77,Bronze,Social_Media,6,,30.67,,1457
102182,41.0,Female,Central,26209.69,Silver,Paid_Ads,5,,167.73,8.2,1177
105809,31.0,Female,South,73082.78,Gold,Social_Media,8,17.0,114.48,10.0,1428
100811,36.0,Male,South,63405.19,Silver,Referral,5,,47.4,6.7,2269
104916,39.0,Female,East,31442.1,Bronze,Organic,11,13.0,95.9,9.3,2385
104954,18.0,Female,North,90201.63,Bronze,Organic,7,33.0,94.28,7.9,1029
103734,34.0,Female,South,55200.35,Silver,Email,4,,64.01,7.9,1280
105164,40.0,Female,West,91523.16,Platinum,Paid_Ads,12,34.0,100.58,7.8,1786
102978,36.0,Female,North,,Silver,Social_Media,8,45.0,,5.8,784
103796,36.0,Female,Central,49565.32,Silver,Paid_Ads,6,34.0,150.99,7.6,692
102169,29.0,Female,South,29350.71,Silver,Paid_Ads,11,32.0,27.47,5.7,1501
103078,18.0,Male,Central,42843.27,Gold,Social_Media,5,1.0,93.01,7.7,1391
101695,23.0,Female,North,,Silver,Organic,8,72.0,115.11,6.7,1221
101025,18.0,Male,Central,55206.42,Silver,Organic,5,7.0,171.07,5.6,1195
103947,54.0,Male,North,,Silver,Organic,8,1.0,240.76,8.9,1453
102125,38.0,Male,North,99939.82,Bronze,Paid_Ads,11,19.0,58.6,6.3,453
105295,39.0,Male,North,97584.54,Silver,Referral,8,68.0,137.4,10.0,1496
102705,41.0,Female,Central,41317.28,Platinum,Social_Media,8,91.0,159.35,2.8,617
101034,44.0,,West,45137.15,Bronze,Organic,9,,71.16,8.0,890
105872,67.0,Male,North,45733.19,Bronze,Referral,8,,177.99,8.7,465
105365,42.0,Female,South,27878.38,Bronze,Organic,9,37.0,110.89,9.6,2044
104160,43.0,Female,West,81028.56,Platinum,Organic,8,48.0,154.23,6.4,1889
101701,24.0,Female,West,43048.79,Silver,Social_Media,14,110.0,38.39,7.3,1933
102914,18.0,Male,East,68275.85,Bronze,Organic,9,30.0,129.57,5.4,2025
104879,,Male,Central,,Gold,Organic,6,12.0,103.88,6.0,576
103321,19.0,,North,77560.55,Gold,Social_Media,6,261.0,167.45,6.6,724
105027,37.0,Male,North,102818.28,Gold,Organic,6,79.0,59.27,8.4,75
102583,37.0,Male,South,34716.24,Gold,Referral,10,159.0,152.64,8.0,2024
105284,49.0,Male,North,34876.85,Silver,Email,4,154.0,151.09,8.5,1532
104251,35.0,Female,East,39103.8,Bronze,Paid_Ads,12,28.0,46.19,7.6,1467
101187,34.0,Other,West,41002.5,Bronze,Referral,5,,76.65,8.6,1484
103738,57.0,Male,West,43351.57,Silver,Paid_Ads,9,,114.73,6.7,1424
100784,49.0,Male,East,,Silver,Referral,15,,64.18,7.1,2381
104403,30.0,Male,South,,Platinum,Social_Media,7,65.0,144.82,9.7,862
100051,41.0,Female,Central,38963.21,Bronze,Social_Media,9,27.0,67.44,7.7,1339
100713,26.0,Female,Central,58859.87,Silver,Paid_Ads,8,112.0,82.53,7.1,1515
102307,61.0,Male,North,28678.96,Silver,Social_Media,5,1.0,33.3,7.8,1506
103868,58.0,Other,South,96248.29,Silver,Social_Media,8,,117.85,7.7,2126
102447,33.0,Female,North,101528.77,Bronze,Organic,12,,95.38,6.4,1645
102241,53.0,Other,South,,Silver,Referral,9,64.0,142.67,5.7,498
104604,45.0,Female,North,,Silver,Social_Media,14,8.0,74.23,7.1,938
104791,18.0,Female,East,,Bronze,Referral,8,,116.96,6.4,2372
103104,51.0,Male,North,58192.51,Bronze,Social_Media,6,73.0,81.8,7.8,2395
105567,54.0,Female,East,58976.01,Gold,Paid_Ads,6,,187.74,5.8,1966
100677,67.0,Male,North,50929.17,Gold,Social_Media,5,125.0,76.76,5.8,113
105557,41.0,Female,North,90805.36,Bronze,Organic,8,21.0,92.49,9.2,2368
103640,22.0,Male,South,68718.22,Bronze,Paid_Ads,12,,70.53,8.0,1801
102695,55.0,Male,North,78052.5,Silver,Organic,10,41.0,72.37,7.9,1383
102996,29.0,Male,South,81092.24,Platinum,Organic,6,88.0,,,585
101563,28.0,Male,Central,37664.75,Gold,Organic,3,1.0,101.26,6.8,2468
103650,39.0,Female,North,69311.71,Silver,Social_Media,9,59.0,185.48,5.6,114
102466,29.0,Female,North,,Bronze,Paid_Ads,7,70.0,97.19,4.7,686
100347,31.0,Female,Central,,Bronze,Social_Media,9,,22.8,6.0,1427
101497,42.0,Female,Central,47965.99,Gold,Organic,9,32.0,102.86,7.7,1852
102345,,Female,North,23872.55,Bronze,Referral,6,188.0,38.16,6.6,1168
103906,67.0,Male,North,28232.33,Silver,Organic,8,109.0,108.29,7.5,1312
103659,27.0,Female,South,46547.14,Bronze,Paid_Ads,8,,71.43,6.3,521
100623,41.0,Female,Central,102591.23,Bronze,Organic,8,16.0,97.34,7.8,1432
104097,45.0,Male,North,,Bronze,Organic,8,48.0,136.17,6.3,1118
101401,52.0,Female,South,58857.01,Platinum,Paid_Ads,10,26.0,227.3,8.5,1022
103298,37.0,Male,Central,86858.94,Bronze,Paid_Ads,7,52.0,115.21,7.0,1692
103986,31.0,Female,East,81751.29,Silver,Paid_Ads,13,25.0,57.56,5.5,1795
105182,37.0,Male,Central,36582.74,Bronze,Paid_Ads,10,4.0,57.58,9.9,1017
104618,26.0,Female,North,35756.74,Bronze,Paid_Ads,12,,95.4,9.3,61
100325,60.0,Male,East,,Bronze,Organic,3,186.0,68.0,5.8,2367
102998,66.0,Male,North,26346.87,Bronze,Email,9,18.0,109.34,5.2,1010
100038,28.0,Female,West,69197.03,Gold,Paid_Ads,9,3.0,166.71,7.7,2211
105375,39.0,Male,Central,46070.19,Gold,Organic,10,,331.14,8.2,1496
104185,38.0,Male,North,31806.64,Gold,Organic,8,,217.52,8.7,1894
100531,34.0,Male,South,47538.33,Silver,Referral,10,9.0,105.62,9.7,280
102643,26.0,Male,South,41659.66,Bronze,Organic,10,78.0,30.19,,206
103681,30.0,Male,East,50244.64,Bronze,Organic,8,,27.1,6.8,680
102349,56.0,Male,North,37061.65,Gold,Social_Media,11,29.0,233.11,7.7,463
102785,43.0,Male,West,46834.18,Bronze,Email,6,42.0,3758.045144161915,10.0,755
105493,,Male,South,58549.23,Bronze,Paid_Ads,5,2.0,271.75,7.2,2272
102226,,Female,West,44829.42,Bronze,Social_Media,12,63.0,179.49,7.1,1280
101074,19.0,Female,North,55378.91,Bronze,Referral,9,,108.19,4.6,915
101198,27.0,Female,North,49778.37,Bronze,Email,9,,54.83,6.1,347
105139,31.0,Male,North,,Bronze,Paid_Ads,10,,34.92,,750
100264,31.0,Female,East,,Silver,Referral,7,,84.04,7.8,2162
101730,38.0,Other,East,33258.78,Bronze,Paid_Ads,7,34.0,96.82,7.1,1786
105329,44.0,Male,East,56217.48,Bronze,Paid_Ads,9,,78.06,5.9,1664
100908,23.0,Female,West,55141.21,Bronze,Email,8,36.0,118.87,8.3,1404
101336,,Male,West,98836.46,Bronze,Email,7,15.0,66.93,8.3,1050
101394,44.0,Male,Central,64336.56,Silver,Organic,8,,115.79,7.5,504
100961,57.0,Male,Central,18772.97,Silver,Paid_Ads,14,6.0,112.81,7.5,352
100240,32.0,,East,42667.8,Silver,Paid_Ads,6,75.0,109.42,8.3,784
100200,36.0,Female,Central,57613.64,Gold,Organic,7,262.0,,8.5,155
102418,30.0,Male,South,50001.56,Platinum,Organic,3,21.0,130.85,6.6,1395
105470,49.0,Female,South,35825.45,Gold,Social_Media,8,53.0,119.95,9.0,2276
104311,42.0,Male,Central,50381.05,Bronze,Organic,11,,82.49,5.9,2036
104715,31.0,Male,Central,70538.12,Platinum,Social_Media,6,37.0,216.92,8.0,947
105791,52.0,Female,East,41629.54,Silver,Organic,8,,33.07,6.8,320
100326,47.0,Female,South,171790.5,Bronze,Organic,7,59.0,150.55,9.3,985
102678,44.0,Male,East,46773.59,Silver,Referral,7,39.0,107.91,8.4,556
105824,36.0,Other,South,99151.8,Bronze,Organic,11,86.0,73.26,7.2,347
104419,42.0,Female,North,18919.42,Silver,Paid_Ads,11,33.0,124.17,8.1,599
100102,54.0,Female,Central,39386.16,Bronze,Organic,7,34.0,238.1,6.8,2309
101738,36.0,Other,East,44515.02,Gold,Social_Media,6,104.0,137.16,6.8,1343
105262,49.0,Male,North,61034.03,Bronze,Referral,7,22.0,21.77,7.4,2412
100878,35.0,Female,South,43525.83,Bronze,Email,10,45.0,81.18,8.7,2113
105893,62.0,Female,West,,Bronze,Social_Media,15,3.0,156.41,7.0,2251
100409,18.0,,North,32584.5,Gold,Email,6,51.0,85.87,7.2,535
103746,34.0,,South,,Bronze,Organic,6,72.0,105.5,9.5,2261
101245,51.0,Male,West,32705.03,Bronze,Referral,8,27.0,,9.1,1956
102288,65.0,Male,North,76347.77,Bronze,Organic,4,5.0,33.38,8.7,1176
101355,,Female,Central,59297.24,Gold,Referral,5,2.0,194.78,5.2,2458
102858,40.0,Female,North,82797.09,Gold,Organic,12,29.0,134.19,6.3,2091
100894,38.0,,South,82753.52,Gold,Referral,6,10.0,95.53,7.2,259
101182,48.0,Male,West,63079.28,Silver,Email,6,3.0,273.38,7.3,1040
104656,37.0,Other,South,101585.36,Bronze,Referral,5,,81.08,,898
105323,30.0,Female,North,,Bronze,Social_Media,6,6.0,56.32,7.9,271
103699,25.0,Female,North,,Silver,Organic,4,,58.71,8.0,1989
104467,38.0,Female,North,74158.47,Bronze,Social_Media,9,20.0,27.05,6.8,1373
104326,33.0,Other,South,,Gold,Paid_Ads,7,113.0,86.6,6.1,1175
100731,43.0,Male,East,81892.75,Silver,Email,7,,44.52,7.1,1676
101033,32.0,Male,West,56123.59,Bronze,Paid_Ads,11,5.0,113.72,7.5,1529
103067,41.0,Male,South,81399.8,Bronze,Referral,6,15.0,173.76,8.7,1400
105659,38.0,Male,North,58750.69,Bronze,Email,10,,76.28,6.7,1430
104897,45.0,,North,41391.01,Gold,Organic,3,12.0,,8.0,1530
100978,33.0,Other,North,68835.8,Bronze,Paid_Ads,9,,100.16,8.4,480
104970,42.0,Male,South,129856.97,Silver,Paid_Ads,9,87.0,,8.2,2473
102623,56.0,Male,East,49788.1,Platinum,Referral,11,23.0,106.89,7.3,1454
101226,44.0,Female,East,57031.15,Bronze,Social_Media,5,4.0,58.72,7.8,1229
101210,42.0,Female,Central,55156.19,Platinum,Email,6,,204.49,9.5,2376
105481,46.0,Male,West,81634.45,Bronze,Referral,7,,43.24,7.2,1022
100587,24.0,Male,West,79225.77,Silver,Email,8,9.0,73.88,7.4,2075
105455,29.0,Female,South,93587.58,Gold,Organic,15,4.0,158.56,4.7,621
102821,20.0,Female,North,75851.46,Platinum,Social_Media,10,,129.38,5.4,672
105756,41.0,Female,South,52043.97,Silver,Organic,13,37.0,69.9,8.3,1000
102719,50.0,Female,Central,101887.36,Bronze,Paid_Ads,8,,162.59,,1704
105625,32.0,Male,Central,87543.85,Silver,Social_Media,8,61.0,166.65,7.9,2171
101761,24.0,Male,East,57528.51,Gold,Social_Media,8,33.0,247.95,8.4,1511
103050,55.0,Other,Central,,Bronze,Paid_Ads,12,1.0,56.62,7.8,391
101870,41.0,Male,West,52745.03,Bronze,Paid_Ads,12,,65.67,9.5,1786
101545,54.0,Male,West,28941.24,Bronze,Organic,12,,134.84,8.2,917
100473,35.0,Female,North,58318.52,Gold,Referral,7,6.0,186.85,6.1,2199
105240,36.0,Male,South,57822.67,Bronze,Paid_Ads,13,81.0,195.02,7.0,2411
101159,18.0,Male,West,57627.59,Platinum,Organic,8,52.0,118.53,8.8,1327
100133,46.0,Male,South,80931.14,Bronze,Organic,9,8.0,51.62,7.7,1765
101537,,Female,South,220249.64,Silver,Paid_Ads,10,2.0,,7.3,618
102489,55.0,Female,West,40089.42,Silver,Paid_Ads,4,,85.31,6.1,1349
101633,40.0,,South,1628675.6443526067,Silver,Referral,12,,67.94,10.0,2109
101322,31.0,Male,North,32610.79,Platinum,Email,10,46.0,134.86,,1630
105428,39.0,Female,North,,Silver,Referral,6,16.0,130.51,6.8,1650
101189,,Male,North,36031.9,Gold,Social_Media,10,1.0,240.63,10.0,823
104379,32.0,Male,East,81639.04,Silver,Social_Media,7,5.0,,7.9,1777
103972,41.0,Female,West,88237.28,Silver,Paid_Ads,4,,201.3,6.8,2312
104817,61.0,,Central,35900.22,Bronze,Referral,4,,117.18,5.7,1140
100682,46.0,Male,Central,27357.22,Silver,Paid_Ads,9,,69.49,5.2,748
101778,41.0,Female,Central,33344.0,Bronze,Paid_Ads,12,61.0,120.13,8.3,403
104406,53.0,Female,West,45771.48,Silver,Email,6,82.0,158.03,6.3,953
104601,47.0,Female,East,,Silver,Email,7,,53.7,8.0,2235
104563,42.0,Male,North,39248.81,Bronze,Paid_Ads,6,77.0,156.1,5.6,2116
102903,50.0,Female,Central,28511.68,Bronze,Social_Media,9,,85.73,8.9,1593
105687,56.0,Male,North,42049.64,Gold,Referral,5,11.0,83.19,5.9,2288
103552,24.0,Male,South,90615.81,Silver,Organic,7,48.0,,9.7,471
105643,46.0,Other,Central,,Bronze,Social_Media,7,6.0,43.22,7.9,2450
101375,38.0,Female,West,49402.47,Silver,Social_Media,10,13.0,68.9,7.0,1863
101946,18.0,Male,Central,28271.72,Silver,Organic,8,81.0,59.29,10.0,1544
100169,36.0,Female,East,52572.32,Bronze,Paid_Ads,11,,113.03,6.3,1465
104072,36.0,Male,West,57601.2,Bronze,Social_Media,12,32.0,76.57,6.6,1193
104748,,Female,South,29583.63,Gold,Paid_Ads,3,22.0,82.94,7.0,1856
100502,49.0,Female,South,103986.91,Bronze,Social_Media,12,9.0,211.21,7.4,1182
101804,33.0,Female,South,29156.56,Gold,Paid_Ads,10,24.0,145.9,7.9,1422
100882,49.0,Female,North,48831.82,Bronze,Organic,5,23.0,52.33,8.2,1308
100707,27.0,Male,South,43451.98,Gold,Social_Media,9,36.0,138.08,,334
103367,38.0,Male,West,76243.4,Silver,Paid_Ads,4,,,6.8,1906
102324,38.0,Male,East,73396.02,Silver,Organic,7,40.0,81.87,6.5,1287
102894,30.0,Male,North,,Silver,Organic,6,16.0,124.31,7.1,160
103817,37.0,Male,Central,71053.05,Silver,Paid_Ads,12,,68.56,7.7,1520
102560,56.0,Other,South,,Bronze,Organic,8,,66.0,7.1,2243
100231,20.0,Female,South,54427.73,Silver,Social_Media,8,188.0,97.13,8.7,349
105092,44.0,Female,East,45802.09,Bronze,Organic,15,8.0,96.06,6.1,768
101555,21.0,Female,South,76031.31,Silver,Paid_Ads,3,9.0,89.11,6.8,811
104240,46.0,Female,East,75864.98,Bronze,Referral,8,97.0,102.3,6.1,1121
105095,44.0,Female,East,,Bronze,Social_Media,9,64.0,9.84,7.1,1238
104787,22.0,Male,South,45246.07,Gold,Email,10,,80.65,6.8,763
103602,67.0,Male,North,72809.2,Bronze,Social_Media,7,7.0,290.1,5.6,2158
105218,52.0,Male,South,120084.9,Gold,Social_Media,10,,176.84,6.3,2088
105076,38.0,Male,West,13530.99,Gold,Paid_Ads,11,66.0,189.49,7.3,453
100018,26.0,Male,East,,Bronze,Social_Media,10,38.0,175.33,6.6,2472
105176,36.0,Male,North,,Silver,Email,9,71.0,98.8,6.5,280
102869,39.0,Female,Central,42855.72,Gold,Social_Media,9,,129.79,7.5,1078
101655,35.0,Male,South,,Bronze,Referral,4,91.0,131.54,8.3,2046
101130,18.0,Male,South,42523.98,Bronze,Referral,3,102.0,36.3,7.3,568
102330,50.0,Female,East,79935.47,Bronze,Email,9,2.0,25.67,6.3,2128
101091,31.0,Female,West,,Platinum,Social_Media,7,35.0,280.58,9.1,1620
105604,43.0,Female,East,40061.5,Silver,Organic,8,266.0,,10.0,675
104459,31.0,Female,South,86341.48,Silver,Organic,4,,,5.3,2308
101499,47.0,Male,North,42998.77,Silver,Referral,10,,143.02,9.0,282
103034,42.0,Female,East,92019.92,Silver,Organic,13,62.0,102.02,8.8,1659
101882,55.0,Female,South,79479.62,Silver,Paid_Ads,6,45.0,153.25,5.7,799
102663,34.0,Male,West,58962.37,Silver,Social_Media,6,,89.56,6.8,2312
105114,48.0,,West,36830.98,Bronze,Email,4,19.0,19.43,7.6,1772
103414,34.0,Female,North,27356.94,Silver,Organic,5,,40.62,7.9,819
100697,18.0,Male,West,47562.47,Bronze,Paid_Ads,6,,66.12,7.6,1351
104424,30.0,Female,West,86047.4,Silver,Email,8,,84.26,5.5,2145
103485,48.0,Female,East,44865.24,Gold,Referral,3,,55.82,7.2,2220
100536,46.0,Female,South,102234.58,Silver,Referral,4,198.0,156.53,7.4,2151
102628,56.0,Female,West,31789.34,Bronze,Paid_Ads,4,12.0,58.12,8.9,1037
103164,46.0,Female,East,47483.0,Bronze,Email,12,5.0,16.86,9.7,2071
103493,35.0,Female,Central,23800.0,Silver,Organic,8,16.0,121.01,4.9,320
103654,47.0,Female,North,,Bronze,Referral,11,42.0,120.73,4.5,506
102595,19.0,Male,Central,50834.88,Silver,Paid_Ads,8,5.0,141.62,6.7,2297
105718,32.0,Male,South,128118.14,Gold,Paid_Ads,10,,124.77,6.2,2291
105511,43.0,Other,North,62226.71,Silver,Organic,6,101.0,56.77,8.0,823
101048,45.0,Female,East,75113.69,Gold,Organic,3,35.0,62.7,7.7,510
105685,26.0,Female,West,23110.78,Silver,Organic,8,,41.29,8.9,1290
105019,24.0,Male,East,90207.14,Silver,Organic,11,21.0,50.52,8.2,1622
100015,44.0,Male,North,36664.69,Bronze,Email,5,14.0,30.38,7.4,349
103743,18.0,,East,31554.42,Bronze,Paid_Ads,7,108.0,,6.1,2013
104308,63.0,Female,Central,44650.49,Bronze,Organic,11,,52.83,6.7,1717
105874,38.0,Male,South,134297.56,Platinum,Paid_Ads,8,,142.26,6.2,758
102348,30.0,Female,South,61640.47,Bronze,Social_Media,7,,137.94,8.1,1431
105691,60.0,Male,Central,103962.02,Bronze,Paid_Ads,6,30.0,172.44,,721
101565,27.0,Female,West,43412.49,Bronze,Referral,21,84.0,59.95,5.2,1027
105620,44.0,Male,South,55828.73,Gold,Organic,9,84.0,137.05,4.4,1793
101865,41.0,Female,Central,31167.6,Bronze,Organic,8,5.0,63.05,6.1,1847
103095,60.0,Male,South,42315.78,Silver,Organic,5,49.0,43.8,8.6,789
100066,48.0,Female,South,63524.93,Bronze,Paid_Ads,7,1.0,61.24,7.4,683
103404,51.0,Male,East,72715.1,Bronze,Paid_Ads,6,9.0,29.01,6.4,1344
105410,44.0,Female,South,56260.5,Bronze,Organic,8,,144.82,8.7,2163
105855,28.0,Male,Central,39786.34,Silver,Referral,13,3.0,103.18,8.2,423
102411,27.0,Male,South,77287.09,Silver,Paid_Ads,5,,118.67,7.4,2383
105770,40.0,Female,North,52011.87,Gold,Organic,5,,52.72,8.1,576
102842,51.0,Female,West,33985.58,Gold,Social_Media,4,184.0,240.04,6.2,1575
102009,52.0,,East,49817.81,Bronze,Email,8,,191.03,,880
101273,34.0,Other,South,,Platinum,Paid_Ads,8,9.0,285.68,8.1,1482
104946,61.0,Female,East,84845.92,Silver,Referral,9,10.0,76.38,7.7,676
101895,35.0,Male,South,113853.31,Gold,Social_Media,5,24.0,189.28,7.3,263
104318,31.0,Male,West,56055.56,Gold,Paid_Ads,6,55.0,93.09,6.1,1496
101972,34.0,Male,Central,66661.5,Gold,Paid_Ads,11,57.0,182.75,6.5,1582
104096,18.0,Female,North,56131.98,Bronze,Email,6,22.0,,7.7,468
100089,44.0,Female,East,122444.76,Bronze,Social_Media,11,81.0,59.37,6.0,1939
103091,53.0,,East,31471.91,Bronze,Social_Media,15,,34.6,6.7,744
104884,35.0,Male,South,35839.11,Gold,Paid_Ads,6,,75.0,8.3,452
101500,24.0,Male,North,24203.49,Gold,Social_Media,15,,,10.0,722
102900,48.0,Female,South,36746.5,Bronze,Paid_Ads,7,76.0,198.94,5.3,2322
101408,46.0,Female,South,41683.16,Gold,Organic,11,32.0,229.82,6.8,125
103460,47.0,Male,East,112828.5,Silver,Organic,8,,56.99,8.2,317
103671,44.0,Female,West,32597.28,Silver,Referral,11,111.0,103.8,7.1,1079
104699,51.0,Male,North,75935.69,Bronze,Organic,12,165.0,151.94,5.8,256
105778,40.0,Female,West,50980.58,Silver,Organic,5,92.0,463.71,8.1,2441
104504,48.0,Female,Central,,Silver,Social_Media,14,5.0,54.5,8.4,45
100764,46.0,Female,South,100916.36,Bronze,Referral,11,76.0,51.38,5.9,1115
101663,37.0,Male,North,40960.83,Bronze,Organic,15,30.0,,7.4,298
100421,39.0,Male,North,53306.29,Bronze,Social_Media,9,15.0,68.07,,2094
103015,50.0,,West,105559.54,Bronze,Paid_Ads,16,7.0,99.03,7.8,1784
102585,44.0,Female,Central,,Gold,Paid_Ads,8,,,7.4,1672
100374,48.0,Male,North,,Bronze,Email,7,39.0,127.51,5.6,1023
105032,48.0,Female,Central,70388.93,Gold,Paid_Ads,9,112.0,88.76,7.6,1929
104535,38.0,Male,East,57564.31,Silver,Paid_Ads,6,168.0,213.51,7.0,1119
102374,57.0,,North,100990.64,Bronze,Referral,5,41.0,37.52,2.8,1011
102768,59.0,Male,West,57482.35,Bronze,Paid_Ads,11,101.0,120.22,9.0,204
103362,18.0,Female,Central,41943.39,Bronze,Paid_Ads,9,,151.78,8.6,1065
101833,25.0,Female,North,61508.61,Bronze,Paid_Ads,7,,61.52,5.9,138
101621,45.0,Male,West,75854.63,Bronze,Paid_Ads,11,136.0,72.05,5.6,1019
103276,24.0,Female,East,,Silver,Organic,9,2.0,88.09,7.1,1436
100539,18.0,Male,West,48755.41,Bronze,Organic,7,,86.86,10.0,2298
103551,29.0,Female,North,70940.02,Gold,Social_Media,9,13.0,136.56,6.2,1246
100756,52.0,Female,South,67508.55,Bronze,Social_Media,8,25.0,98.85,5.1,1908
103607,18.0,Male,South,89395.68,Bronze,Paid_Ads,14,9.0,74.31,7.7,1900
100535,19.0,Male,South,28209.65,Bronze,Organic,8,52.0,36.44,6.8,380
101449,34.0,Female,South,,Bronze,Organic,9,14.0,125.89,8.8,2148
100916,52.0,Other,North,37081.86,Bronze,Organic,6,57.0,35.37,8.1,1976
103128,43.0,Other,South,53382.39,Platinum,Paid_Ads,6,170.0,114.01,8.4,1007
104940,27.0,Male,North,132212.88,Gold,Social_Media,11,7.0,,9.1,775
105418,50.0,Female,North,37164.55,Bronze,Paid_Ads,9,33.0,32.59,8.7,1823
100182,41.0,Female,Central,79265.16,Bronze,Social_Media,8,,9.08,4.2,1230
101770,72.0,Male,West,52735.4,Silver,Social_Media,8,65.0,51.7,8.2,1557
104610,33.0,Other,West,51559.54,Bronze,Paid_Ads,3,4.0,198.57,8.6,168
102830,68.0,Male,East,73734.21,Bronze,Organic,9,88.0,24.51,8.7,1138
103314,40.0,,South,,Bronze,Organic,7,,72.4,8.8,2244
105458,53.0,Male,West,,Silver,Paid_Ads,7,79.0,88.56,7.8,812
101193,35.0,Female,East,,Platinum,Referral,11,21.0,208.79,6.6,1053
104082,48.0,Male,Central,,Bronze,Organic,14,161.0,81.52,6.4,1714
102128,32.0,Male,South,98147.54,Silver,Organic,2,6.0,42.82,5.5,2138
105396,45.0,Other,West,56496.78,Bronze,Organic,9,18.0,170.08,5.9,332
100477,51.0,,South,53025.45,Bronze,Paid_Ads,5,,,6.0,2488
104921,34.0,Male,East,,Gold,Social_Media,8,,126.82,6.9,2177
101324,,Male,North,78722.08,Bronze,Organic,8,31.0,226.12,7.7,2422
100260,22.0,Other,North,34800.56,Platinum,Referral,7,19.0,164.84,6.4,2205
100280,,Male,East,20536.87,Silver,Organic,10,78.0,111.26,5.9,1930
100562,42.0,Male,West,24756.82,Gold,Email,5,3.0,223.63,8.5,320
104285,33.0,Female,East,97123.33,Platinum,Social_Media,4,48.0,233.58,7.9,1096
100199,38.0,Male,West,38680.58,Bronze,Social_Media,4,15.0,235.59,7.2,756
103930,29.0,Male,East,,Silver,Paid_Ads,8,31.0,115.02,,2282
104378,,Female,East,34913.61,Gold,Paid_Ads,11,,305.48,9.1,1405
102276,18.0,Female,South,,Silver,Paid_Ads,7,,,10.0,825
101741,33.0,Female,South,41383.96,Silver,Referral,8,17.0,145.14,6.8,763
101892,29.0,Female,Central,43658.08,Silver,Referral,11,48.0,89.13,10.0,1394
101860,21.0,Female,South,86027.47,Bronze,Organic,8,45.0,105.32,5.6,1084
104615,,Male,North,68026.57,Silver,Referral,8,46.0,126.67,10.0,2373
105904,40.0,Female,South,62534.51,Gold,Social_Media,10,179.0,93.75,6.7,2385
103027,47.0,Male,North,68618.73,Gold,Organic,12,36.0,213.1,7.3,1912
101384,36.0,Male,North,44568.15,Bronze,Organic,5,6.0,135.59,8.7,2153
102092,46.0,,East,331578.82,Silver,Email,4,15.0,79.18,7.7,1698
103077,38.0,Male,South,33410.92,Silver,Social_Media,6,13.0,,8.5,2080
104334,50.0,Male,West,78979.98,Gold,Email,8,132.0,74.1,9.4,275
103199,50.0,Male,South,143532.13,Bronze,Organic,9,1.0,22.31,8.4,459
101600,25.0,Female,South,82156.79,Silver,Social_Media,6,,94.73,7.6,1788
102575,37.0,Female,Central,23427.75,Silver,Organic,8,104.0,77.07,8.2,902
101727,27.0,Male,East,49124.88,Silver,Organic,7,5.0,145.21,6.9,679
103238,47.0,Female,Central,,Bronze,Paid_Ads,8,48.0,101.9,8.0,237
105247,75.0,Female,North,73662.22,Gold,Organic,4,66.0,81.58,7.5,181
105694,55.0,Male,Central,124954.79,Bronze,Referral,7,82.0,67.42,8.2,2280
104667,54.0,Female,Central,37972.1,Bronze,Email,9,2.0,223.0,7.7,747
104793,47.0,Male,South,55962.81,Bronze,Organic,8,0.0,97.19,6.4,2364
101224,47.0,Female,South,49895.7,Gold,Paid_Ads,10,2.0,101.14,4.6,1825
101298,30.0,Male,West,48519.43,Bronze,Organic,7,,130.88,7.7,1447
102776,70.0,Female,North,24908.81,Gold,Social_Media,9,,113.02,5.2,1480
100016,28.0,,West,34866.44,Gold,Social_Media,8,58.0,,9.4,418
105426,30.0,Female,West,,Silver,Email,13,,149.63,8.8,1841
100352,48.0,Other,East,37512.09,Bronze,Referral,9,18.0,101.61,8.4,545
105405,41.0,Female,North,66701.25,Bronze,Paid_Ads,7,64.0,108.45,8.8,94
101363,18.0,Male,North,43995.36,Bronze,Paid_Ads,9,40.0,23.12,7.2,2209
102171,28.0,Female,North,39769.27,Bronze,Paid_Ads,8,3.0,198.89,7.3,1393
102032,32.0,Male,East,62111.96,Silver,Referral,8,12.0,91.22,6.3,2110
103814,35.0,Female,East,57122.22,Gold,Paid_Ads,20,0.0,104.37,7.0,296
101023,,Female,Central,41350.01,Bronze,Referral,11,25.0,54.21,7.8,1920
100372,54.0,Male,Central,140669.24,Silver,Organic,14,11.0,46.82,10.0,391
102245,44.0,Male,West,,Bronze,Organic,9,16.0,68.26,6.7,1382
102314,39.0,Male,West,37679.28,Gold,Organic,9,43.0,310.25,5.7,1044
105861,52.0,Female,East,25288.51,Platinum,Organic,6,,3165.974336210355,7.6,1833
103797,18.0,Male,East,70327.24,Silver,Referral,7,20.0,275.65,8.6,2288
103800,37.0,Male,East,30930.01,Bronze,Social_Media,14,,169.27,6.7,2494
105805,34.0,Male,East,60577.81,Bronze,Paid_Ads,9,,80.94,8.3,1380
100743,26.0,Male,South,,Bronze,Organic,8,8.0,133.2,7.4,1418
101269,46.0,Male,East,,Silver,Referral,9,9.0,53.4,5.8,1236
102601,31.0,Male,Central,,Platinum,Email,8,,,9.0,904
101618,18.0,Male,Central,78783.55,Gold,Social_Media,6,15.0,105.27,5.3,2359
100806,51.0,,Central,44196.54,Gold,Referral,6,,161.36,8.9,2155
104797,42.0,Female,Central,45629.39,Bronze,Organic,10,38.0,150.37,5.2,2289
100684,32.0,Male,North,45272.99,Bronze,Referral,9,43.0,164.27,7.2,1736
104984,61.0,Male,West,35106.69,Silver,Referral,5,4.0,153.32,6.0,713
103560,28.0,Female,West,16651.5,Silver,Paid_Ads,6,139.0,89.29,6.2,1649
103853,22.0,Male,North,42031.84,Gold,Social_Media,6,,83.94,9.5,429
103806,18.0,Female,East,,Bronze,Referral,5,12.0,26.89,8.2,1298
105564,22.0,Female,South,31858.08,Silver,Organic,14,40.0,150.37,5.2,341
104707,43.0,Female,East,,Platinum,Social_Media,8,31.0,,8.0,1195
104370,47.0,Female,Central,53786.54,Bronze,Organic,6,10.0,22.24,8.5,511
105013,21.0,Male,West,36830.07,Bronze,Referral,10,,11.48,4.1,2027
103857,24.0,Male,South,25736.62,Bronze,Organic,11,,29.64,7.7,141
103860,43.0,Male,East,59662.17,Bronze,Referral,9,49.0,252.35,9.1,2007
100009,38.0,Female,South,49770.96,Silver,Organic,10,,108.64,9.3,162
101863,55.0,Male,South,34169.84,Platinum,Referral,8,9.0,209.45,7.1,2020
102820,48.0,Male,Central,27722.03,Bronze,Referral,7,20.0,,4.3,1576
101352,45.0,Male,North,51679.38,Gold,Organic,15,84.0,121.64,7.0,323
100577,54.0,Female,West,70510.9,Bronze,Referral,8,24.0,41.13,6.8,1469
100627,33.0,Female,South,68141.58,Silver,Referral,13,30.0,65.95,7.1,2083
103619,42.0,Female,South,29049.53,Bronze,Organic,8,40.0,39.22,8.9,576
105532,45.0,Female,West,42105.61,Gold,Organic,7,40.0,,7.2,811
100427,48.0,Female,West,83625.66,Silver,Organic,10,,115.72,6.7,1064
100034,28.0,Female,Central,64564.05,Silver,Paid_Ads,16,105.0,309.86,7.1,2490
101047,32.0,Female,North,70063.14,Gold,Paid_Ads,5,144.0,119.03,7.4,629
100045,39.0,Female,North,76837.99,Bronze,Email,13,38.0,43.05,8.4,710
103340,18.0,Male,East,62136.07,Silver,Referral,3,71.0,,7.0,2061
101045,29.0,Male,West,44739.93,Silver,Paid_Ads,7,2.0,109.48,7.4,1040
101102,45.0,Male,Central,29784.6,Silver,Organic,7,,29.3,5.0,994
101050,43.0,,West,84865.51,Silver,Paid_Ads,6,,235.86,4.7,2291
101884,39.0,Male,West,107412.21,Bronze,Social_Media,8,11.0,50.77,7.8,1247
104472,29.0,Female,North,68495.89,Gold,Organic,8,80.0,,6.9,1106
104634,24.0,Male,Central,221190.11,Silver,Referral,6,34.0,145.96,4.4,1137
101744,22.0,Male,South,66030.25,Bronze,Social_Media,6,23.0,91.89,7.1,1131
102578,26.0,Male,North,,Bronze,Social_Media,6,,137.07,8.2,2264
100064,45.0,Male,North,67816.46,Silver,Organic,10,79.0,85.44,8.2,398
104354,20.0,Male,North,42556.66,Bronze,Referral,7,,9.62,9.0,348
103071,48.0,Female,North,,Gold,Organic,5,,140.78,6.0,1785
105330,45.0,Female,West,40286.42,Bronze,Organic,6,43.0,29.58,9.0,95
102618,49.0,Female,South,11068.47,Gold,Organic,12,8.0,218.48,6.0,102
101120,26.0,Female,Central,28732.49,Silver,Social_Media,10,67.0,155.01,7.7,1850
102500,53.0,Other,North,,Gold,Paid_Ads,6,8.0,241.3,7.1,1459
103393,28.0,Female,South,27103.74,Silver,Referral,6,,147.37,8.5,2002
100706,26.0,Male,South,,Silver,Organic,5,84.0,58.2,5.2,715
104987,43.0,Female,Central,125926.78,Bronze,Organic,9,28.0,94.08,5.6,143
104963,41.0,Male,North,29325.83,Bronze,Organic,14,12.0,229.73,6.8,1962
103269,34.0,Female,North,,Silver,Referral,4,74.0,42.68,6.5,2463
104011,42.0,Female,West,79986.51,Bronze,Paid_Ads,9,,106.17,7.2,117
101613,37.0,Female,South,92132.64,Bronze,Referral,7,16.0,231.61,6.7,457
104223,75.0,Male,East,,Platinum,Paid_Ads,10,,141.73,6.8,2278
101974,58.0,Female,West,72869.4,Bronze,Organic,5,10.0,138.65,7.6,1145
104816,18.0,Female,West,33713.7,Gold,Email,9,30.0,137.19,6.7,117
105560,22.0,Female,North,41169.12,Bronze,Organic,9,173.0,244.95,6.8,82
103933,42.0,Male,West,48185.56,Bronze,Organic,10,6.0,74.98,5.1,2284
101316,60.0,Female,South,53793.05,Silver,Email,9,1.0,192.64,8.5,1003
105688,54.0,Female,South,61645.03,Bronze,Social_Media,2,5.0,80.7,8.8,83
105695,46.0,Male,East,38974.91,Gold,Organic,14,,,9.9,31
102799,45.0,Female,Central,66536.5,Gold,Social_Media,8,39.0,94.85,6.6,1076
105783,24.0,Female,South,72513.32,Silver,Paid_Ads,8,16.0,53.4,8.7,176
103837,45.0,,East,40398.74,Bronze,Organic,9,17.0,118.0,6.7,719
104763,42.0,Female,North,63735.4,Gold,Organic,13,35.0,241.53,9.1,2459
100748,44.0,Male,North,,Bronze,Social_Media,9,15.0,167.31,8.2,1421
104242,28.0,Male,Central,,Bronze,Organic,5,,109.68,3.5,764
100474,40.0,,West,34487.07,Gold,Organic,4,1.0,114.88,6.9,1102
103444,,Male,South,30476.63,Silver,Referral,8,81.0,59.99,6.9,2497
105674,34.0,Female,West,102065.93,Bronze,Social_Media,11,127.0,,9.9,512
100298,34.0,Female,West,56975.79,Bronze,Organic,9,13.0,60.35,9.4,223
100304,34.0,Male,North,33329.24,Gold,Social_Media,9,84.0,129.45,7.4,1337
102477,18.0,Male,East,59363.82,Platinum,Organic,10,6.0,169.61,7.5,2105
102378,30.0,Female,South,43841.52,Bronze,Social_Media,7,36.0,322.31,6.7,2406
103535,44.0,Female,North,50071.0,Bronze,Referral,10,20.0,64.8,4.8,1498
103310,33.0,Male,West,30114.83,Platinum,Organic,10,68.0,177.94,7.8,1915
103870,45.0,Female,South,,Silver,Organic,12,,,9.1,1333
104129,35.0,Male,West,94360.43,Bronze,Social_Media,8,,34.75,5.9,1975
103617,52.0,Female,East,,Gold,Organic,9,,177.61,9.7,190
102686,40.0,Male,Central,60150.39,Silver,Organic,12,3.0,135.7,7.9,1135
100241,27.0,Male,West,90320.83,Bronze,Social_Media,10,126.0,207.66,9.1,2444
105738,46.0,Female,South,88397.34,Silver,Social_Media,5,45.0,44.99,,387
102293,52.0,Female,West,44885.34,Silver,Paid_Ads,5,15.0,79.55,5.2,1956
101672,19.0,Female,East,94393.65,Silver,Social_Media,11,25.0,103.39,5.0,186
102100,57.0,Female,South,120584.65,Bronze,Organic,10,17.0,147.55,8.0,862
105061,25.0,Male,North,33393.99,Bronze,Referral,7,138.0,24.78,6.5,648
101176,19.0,Female,North,101085.29,Bronze,Social_Media,7,46.0,177.22,7.4,357
103934,51.0,Female,Central,,Platinum,Paid_Ads,7,6.0,162.66,6.5,1998
104384,30.0,Female,East,127268.26,Bronze,Social_Media,9,22.0,,6.8,1921
103083,41.0,Female,North,47696.01,Bronze,Paid_Ads,5,,115.09,9.1,1435
102863,29.0,Female,East,45624.01,Silver,Paid_Ads,9,,142.65,7.0,1485
105592,40.0,Female,South,86389.77,Silver,Email,1,4.0,211.63,5.8,2427
105711,48.0,Male,East,52129.41,Silver,Social_Media,7,5.0,35.87,6.0,2105
105177,,Male,East,55505.5,Gold,Organic,7,59.0,124.34,6.2,1997
101648,52.0,Male,East,100560.22,Gold,Email,9,145.0,89.49,7.9,1502
103415,25.0,Male,South,135670.42,Gold,Organic,5,35.0,100.3,7.1,180
100334,26.0,Female,South,24277.95,Platinum,Referral,5,,250.73,9.4,2297
102603,37.0,Female,North,42183.67,Silver,Email,12,62.0,,5.9,71
105868,54.0,Male,West,47491.98,Bronze,Organic,4,13.0,67.21,8.5,886
102158,28.0,Other,South,24723.64,Bronze,Organic,7,70.0,146.82,7.0,692
101162,34.0,Male,West,59846.24,Gold,Social_Media,13,134.0,108.73,8.0,1380
103575,31.0,Male,West,83294.01,Silver,Organic,10,,148.89,8.2,1413
104477,41.0,Male,East,29872.05,Bronze,Organic,14,41.0,321.3,8.1,2437
104582,48.0,Female,South,76694.45,Silver,Paid_Ads,6,,108.36,,2466
104951,52.0,Female,South,79270.61,Silver,Referral,12,1.0,120.91,5.5,1431
103003,62.0,Male,East,56689.92,Silver,Paid_Ads,12,,59.72,9.0,2470
100248,60.0,Female,Central,43353.3,Silver,Referral,7,74.0,181.18,6.8,1494
104877,49.0,Male,Central,43001.23,Silver,Organic,11,45.0,,5.6,1431
103530,37.0,Male,North,29386.07,Bronze,Organic,10,,24.99,7.6,2000
100801,28.0,Male,East,43706.71,Silver,Paid_Ads,8,54.0,193.28,7.0,2489
101685,30.0,Female,West,38725.2,Bronze,Paid_Ads,3,12.0,126.11,6.4,297
104682,39.0,Female,West,132431.27,Silver,Organic,8,66.0,85.12,7.3,1401
104197,41.0,Male,Central,80165.97,Gold,Organic,7,62.0,170.96,7.5,2311
101922,50.0,Female,West,89494.39,Bronze,Referral,5,8.0,198.54,9.2,883
102210,33.0,Male,East,95896.55,Silver,Referral,4,2.0,46.49,5.9,1967
101222,53.0,Male,North,52601.72,Gold,Paid_Ads,6,35.0,166.98,7.5,980
104004,65.0,Other,East,47648.95,Platinum,Referral,6,3.0,121.18,8.0,1208
101514,18.0,Female,South,58176.32,Bronze,Organic,6,1.0,62.99,5.6,2268
104352,24.0,Male,Central,23792.3,Platinum,Referral,8,92.0,161.47,6.5,1719
101254,42.0,Male,East,51764.19,Gold,Social_Media,6,31.0,146.89,7.0,2007
105331,43.0,Male,North,75050.85,Silver,Organic,5,44.0,131.74,7.8,738
105170,65.0,Other,West,47171.77,Bronze,Referral,5,157.0,63.66,10.0,666
100599,41.0,Male,West,34419.85,Bronze,Paid_Ads,8,31.0,110.77,8.5,99
101610,33.0,Male,South,53756.54,Silver,Paid_Ads,11,6.0,93.02,7.1,2326
100316,34.0,Female,East,130195.44,Bronze,Referral,6,5.0,138.99,8.1,648
105243,47.0,Female,South,55722.54,Bronze,Paid_Ads,8,,124.25,6.2,242
102277,23.0,Male,South,34654.73,Silver,Organic,6,7.0,178.18,9.5,903
100150,40.0,,North,96682.87,Silver,Referral,5,14.0,295.02,6.5,1279
104734,18.0,Male,South,153906.98,Bronze,Social_Media,8,152.0,71.0,4.7,386
101845,22.0,Male,North,81890.01,Silver,Paid_Ads,7,13.0,153.97,8.3,1743
100291,35.0,Female,East,42365.87,Bronze,Organic,6,127.0,70.13,9.2,1347
100454,63.0,Other,East,,Silver,Organic,10,27.0,78.64,7.3,1564
105962,21.0,Male,Central,29137.0,Silver,Social_Media,11,9.0,99.58,,121
104809,31.0,Male,Central,38522.26,Gold,Paid_Ads,4,,105.75,6.7,1161
103397,27.0,Male,West,172105.75,Bronze,Organic,9,11.0,136.75,8.7,1300
100692,35.0,,East,66008.43,Gold,Social_Media,5,10.0,138.71,4.5,395
101145,38.0,Male,South,49269.82,Silver,Paid_Ads,6,54.0,68.39,6.1,1506
101635,41.0,Female,Central,83452.42,Platinum,Referral,5,21.0,250.5,,2461
104193,45.0,,South,44993.39,Silver,Referral,4,183.0,189.4,10.0,964
101781,48.0,,South,,Gold,Social_Media,10,38.0,,9.2,559
104971,36.0,Female,West,39676.37,Gold,Organic,5,128.0,177.55,8.7,1874
103652,41.0,Female,North,112269.29,Bronze,Referral,9,83.0,,8.1,1475
100656,42.0,Female,West,,Bronze,Social_Media,7,143.0,51.62,8.0,1463
103136,25.0,Female,South,50004.59,Platinum,Paid_Ads,8,77.0,197.7,4.2,555
101903,45.0,Female,Central,88167.07,Bronze,Organic,6,76.0,,7.5,1192
104428,21.0,Male,North,57030.38,Bronze,Referral,4,75.0,79.56,8.7,1244
101040,46.0,Female,West,30278.08,Gold,Paid_Ads,8,,51.76,7.6,747
104630,26.0,Male,East,87055.74,Bronze,Paid_Ads,6,217.0,20.13,6.3,172
101412,65.0,Female,South,,Silver,Organic,5,19.0,78.1,7.8,1396
105748,20.0,Female,South,26072.3,Gold,Organic,10,34.0,131.34,6.7,1306
101673,40.0,Male,West,86356.13,Silver,Social_Media,8,,123.72,6.2,1324
105096,35.0,Female,West,60094.02,Silver,Organic,8,130.0,162.59,6.1,2091
101371,20.0,Female,West,73798.24,Bronze,Social_Media,5,9.0,79.08,5.7,2374
105083,39.0,Female,South,44771.38,Bronze,Email,8,8.0,107.57,6.1,1545
103134,31.0,Female,East,72159.19,Bronze,Social_Media,8,44.0,190.34,6.6,1013
102381,35.0,Male,South,22427.02,Silver,Social_Media,7,,42.18,6.1,1851
103721,39.0,Female,South,99194.09,Bronze,Organic,10,80.0,136.83,8.5,191
104092,39.0,Male,North,51057.89,Gold,Social_Media,6,68.0,77.48,7.9,2187
105007,18.0,Male,East,43975.93,Bronze,Organic,7,20.0,22.72,7.6,2343
101624,52.0,Male,Central,62830.32,Silver,Organic,8,20.0,116.9,7.7,1277
103670,40.0,Female,West,88852.89,Bronze,Social_Media,10,,116.88,7.7,2304
100382,54.0,Female,South,36219.78,Silver,Paid_Ads,7,6.0,90.29,6.1,851
103115,41.0,Female,West,82454.22,Bronze,Social_Media,4,32.0,106.99,7.8,1573
101821,18.0,Male,Central,54586.57,Bronze,Email,5,,94.38,7.9,1314
103631,47.0,Female,East,,Silver,Paid_Ads,7,72.0,136.86,6.7,2340
100423,31.0,Female,Central,16274.19,Bronze,Organic,8,92.0,256.62,5.8,1512
100809,34.0,Female,Central,76885.33,Silver,Social_Media,11,,107.52,7.1,316
101380,56.0,,North,48269.9,Gold,Paid_Ads,6,,,5.6,203
101670,30.0,Female,South,142092.97,Silver,Organic,8,4.0,145.95,6.7,2100
102099,18.0,Female,East,53785.81,Silver,Social_Media,5,22.0,199.23,6.0,2403
105526,21.0,Female,South,88192.65,Gold,Organic,1,,,8.1,820
100125,48.0,Male,South,47627.18,Silver,Paid_Ads,5,91.0,76.49,8.6,1693
100103,34.0,Female,East,42109.51,Gold,Paid_Ads,5,4.0,130.65,5.1,323
104059,45.0,Other,West,37634.72,Silver,Social_Media,5,63.0,204.62,8.3,432
101733,35.0,Female,East,35290.53,Silver,Organic,13,17.0,,8.9,770
103036,44.0,Male,East,119792.02,Silver,Paid_Ads,10,,92.92,9.3,1087
102916,61.0,Male,Central,50436.2,Silver,Organic,4,,55.54,8.7,1945
100487,29.0,Male,West,,Bronze,Referral,9,,52.83,6.9,723
101129,35.0,Female,East,38296.73,Gold,Organic,9,7.0,228.65,8.2,1127
103618,30.0,Male,North,60051.92,Silver,Social_Media,7,9.0,147.72,6.7,2061
101515,18.0,Female,East,83466.85,Bronze,Organic,9,28.0,35.24,8.3,460
100136,26.0,Female,East,53678.99,Bronze,Organic,9,1.0,71.17,4.7,1182
102599,18.0,Male,South,57942.07,Bronze,Organic,5,,64.21,,409
102003,43.0,Male,East,93631.6,Bronze,Social_Media,7,30.0,34.43,8.8,1448
102834,26.0,Female,Central,103162.53,Bronze,Paid_Ads,6,61.0,55.6,7.4,1954
101818,49.0,Male,East,33985.27,Gold,Paid_Ads,8,63.0,124.84,5.4,324
100753,26.0,Female,West,37825.9,Silver,Email,8,,95.94,8.6,1967
104002,49.0,Female,East,81194.73,Platinum,Social_Media,15,29.0,344.36,8.8,2014
105028,36.0,Female,Central,42573.02,Bronze,Email,6,,183.24,7.5,419
101104,44.0,Female,East,86179.34,Silver,Email,13,18.0,92.12,8.7,2266
105371,47.0,,South,40275.83,Silver,Email,9,41.0,75.1,6.9,537
102317,35.0,Male,North,67226.87,Silver,Referral,9,1.0,45.23,8.5,311
101919,34.0,Male,South,70443.11,Bronze,Organic,8,50.0,,8.8,1228
101544,37.0,Female,North,41599.32,Bronze,Paid_Ads,8,29.0,32.52,5.1,991
103668,25.0,Female,South,,Gold,Organic,7,7.0,157.53,8.6,1008
104442,18.0,Female,South,,Silver,Social_Media,13,17.0,87.79,7.0,1303
103707,36.0,,South,63587.97,Bronze,Referral,11,,67.57,7.4,1028
101177,29.0,Male,North,66169.64,Silver,Organic,6,3.0,56.74,7.9,201
101560,36.0,Female,East,64607.84,Silver,Social_Media,11,,,6.9,1609
105664,41.0,Male,South,137219.6,Bronze,Referral,5,,31.85,10.0,2443
100145,28.0,,East,83198.67,Silver,Email,8,,,6.7,2003
100381,39.0,Other,West,45448.54,Gold,Social_Media,9,27.0,491.46,6.9,1250
101434,18.0,Male,Central,76020.1,Bronze,Referral,7,19.0,134.53,7.0,143
101096,53.0,Female,North,94643.09,Gold,Social_Media,9,,250.28,7.1,746
105414,49.0,Female,East,36551.41,Bronze,Referral,4,,137.27,6.2,136
100122,,,East,85030.83,Silver,Referral,3,27.0,39.25,9.0,1765
105566,44.0,,Central,70022.28,Bronze,Paid_Ads,4,27.0,17.86,7.8,1579
100612,41.0,Female,North,33297.42,Gold,Organic,7,31.0,86.5,7.7,48
104825,47.0,Male,South,68472.63,Gold,Organic,4,79.0,275.96,4.8,1861
101942,39.0,Male,Central,68725.63,Silver,Social_Media,5,25.0,148.54,,2038
100419,37.0,Female,West,126858.63,Platinum,Social_Media,8,,194.9,4.9,512
102253,46.0,Female,East,42737.57,Bronze,Paid_Ads,8,80.0,27.66,8.6,1197
101351,35.0,Female,West,100394.07,Bronze,Referral,12,94.0,,10.0,1726
102304,33.0,Female,South,,Bronze,Email,7,50.0,22.75,7.8,855
105434,50.0,Female,North,90886.5,Platinum,Organic,9,1.0,225.73,7.4,1627
104259,56.0,Female,East,77728.36,Bronze,Organic,10,1.0,55.9,8.1,1931
101979,57.0,Male,West,76408.04,Bronze,Social_Media,12,,151.58,5.8,1804
104480,43.0,,North,83729.63,Platinum,Organic,10,154.0,160.5,7.9,902
101303,45.0,Male,West,42199.88,Bronze,Social_Media,8,30.0,70.2,8.2,763
103056,24.0,,South,,Bronze,Social_Media,5,13.0,50.01,3.7,2430
100249,73.0,Male,East,122538.58,Bronze,Email,12,63.0,199.75,9.8,1200
101398,36.0,Female,South,81504.87,Bronze,Paid_Ads,2,8.0,25.56,8.4,642
104029,36.0,Male,East,39295.62,Silver,Organic,8,91.0,139.01,4.7,1378
100448,34.0,Female,Central,53977.41,Silver,Email,5,129.0,69.86,7.0,1300
101426,27.0,Male,South,28258.84,Platinum,Paid_Ads,6,5.0,130.08,6.5,839
104687,23.0,Male,North,,Silver,Organic,11,0.0,104.64,5.8,2084
101200,25.0,Female,South,78812.59,Bronze,Social_Media,6,0.0,162.24,5.7,860
101422,35.0,Female,Central,50657.63,Bronze,Paid_Ads,8,3.0,64.9,6.8,1804
104558,44.0,Male,East,42232.62,Silver,Referral,1,,44.35,8.4,298
103765,37.0,Male,Central,82127.62,Gold,Paid_Ads,9,65.0,112.38,9.6,2468
103917,34.0,Other,South,25830.4,Silver,Referral,4,3.0,98.96,4.2,503
104474,49.0,Female,Central,62254.29,Silver,Paid_Ads,10,68.0,50.93,8.4,2295
104665,68.0,Female,East,,Gold,Referral,7,52.0,251.51,,2169
104728,25.0,Other,South,51276.8,Bronze,Organic,4,76.0,46.17,5.7,1984
104114,45.0,Female,East,39116.85,Silver,Social_Media,11,65.0,112.81,6.1,1084
103510,26.0,Female,Central,89138.15,Bronze,Social_Media,9,77.0,28.08,7.0,164
102886,42.0,Male,East,121485.89,Bronze,Referral,6,,90.0,,2185
101536,26.0,Male,West,66428.24,Bronze,Social_Media,3,,72.68,9.3,2261
100415,35.0,Female,South,26401.01,Bronze,Paid_Ads,16,,66.46,8.7,2356
104586,44.0,,West,73479.81,Gold,Paid_Ads,10,0.0,42.78,7.3,896
101721,51.0,Female,North,30091.62,Silver,Organic,9,1.0,221.72,5.7,845
100655,45.0,,South,65536.74,Silver,Organic,10,101.0,80.15,7.0,2279
103561,47.0,Female,South,57265.58,Silver,Paid_Ads,11,99.0,174.34,6.9,2379
101003,33.0,Male,North,39197.41,Gold,Paid_Ads,7,59.0,110.27,6.0,874
104455,45.0,Female,West,48608.03,Gold,Organic,8,122.0,116.96,7.7,763
103373,20.0,Female,North,48184.81,Silver,Email,6,,136.45,5.9,423
103974,58.0,Male,North,20683.57,Silver,Referral,6,8.0,77.29,,34
105913,45.0,Female,Central,21371.22,Silver,Email,9,11.0,96.21,4.8,2230
101488,22.0,Female,South,83538.27,Platinum,Referral,12,,323.58,7.1,1991
100590,57.0,Female,North,55103.87,Silver,Paid_Ads,9,2.0,20.13,7.8,2448
102087,37.0,Female,West,86352.69,Bronze,Paid_Ads,12,13.0,30.64,7.7,348
103609,47.0,Male,West,109808.17,Silver,Paid_Ads,10,,90.47,6.6,1283
104517,48.0,Female,Central,55906.45,Bronze,Social_Media,12,69.0,4.51,9.0,86
101601,37.0,Female,North,60741.7,Silver,Social_Media,9,128.0,92.36,6.3,1380
105290,59.0,Female,South,26025.26,Silver,Paid_Ads,12,126.0,59.0,6.2,2347
102837,45.0,,West,57526.93,Silver,Organic,7,33.0,211.8,6.8,1388
102358,42.0,Female,South,121684.46,Silver,Organic,4,149.0,43.06,5.9,2252
100995,37.0,Male,South,74109.08,Silver,Paid_Ads,14,64.0,117.11,5.8,1084
102198,38.0,Male,East,30276.05,Platinum,Social_Media,8,11.0,230.2,4.4,1389
101880,18.0,Other,South,76234.76,Silver,Social_Media,8,116.0,55.72,7.6,1788
104565,44.0,Male,West,18978.1,Bronze,Paid_Ads,11,104.0,5.87,,147
101372,48.0,Female,East,71168.36,Bronze,Email,7,,80.74,6.2,259
101874,24.0,Male,North,42055.6,Bronze,Organic,6,135.0,173.82,7.5,2317
100209,27.0,Female,South,,Bronze,Email,15,128.0,191.22,8.3,1487
104813,38.0,Male,North,50774.0,Bronze,Referral,11,,171.88,7.4,547
104241,38.0,Male,Central,43996.01,Silver,Organic,4,87.0,276.33,7.7,1653
100426,34.0,Female,South,105737.78,Silver,Referral,6,20.0,98.79,6.1,124
105787,44.0,Male,South,24912.56,Silver,Paid_Ads,4,10.0,119.05,8.5,182
101407,41.0,Male,South,23133.86,Gold,Email,5,17.0,114.77,8.5,1972
105649,19.0,Male,Central,28599.0,Bronze,Paid_Ads,8,,247.99,7.8,515
101109,54.0,Female,North,70407.75,Silver,Organic,9,39.0,77.16,5.8,1416
105273,31.0,Male,South,39942.14,Platinum,Social_Media,8,8.0,215.78,6.7,1122
100111,43.0,Male,North,47900.12,Bronze,Email,12,,129.45,8.1,2473
103075,53.0,Female,West,41799.14,Bronze,Paid_Ads,11,67.0,33.64,4.7,1087
105826,44.0,Male,North,31357.53,Silver,Paid_Ads,9,113.0,74.54,8.6,1954
102264,36.0,Female,Central,,Silver,Paid_Ads,8,77.0,118.12,5.7,1944
102549,18.0,Male,East,56574.72,Bronze,Paid_Ads,7,26.0,104.48,9.7,2407
102035,39.0,Male,West,79162.08,Bronze,Organic,6,12.0,20.95,7.7,713
101173,37.0,Female,West,46437.64,Gold,Social_Media,6,,258.83,9.3,1324
103769,49.0,Male,Central,65241.22,Platinum,Referral,7,50.0,153.34,8.3,1030
102446,69.0,Female,North,,Silver,Email,10,,61.03,5.3,90
103183,29.0,Female,South,86862.5,Silver,Organic,7,9.0,30.7,,185
102946,41.0,Male,Central,119180.04,Platinum,Paid_Ads,12,25.0,275.96,7.3,562
104592,57.0,Female,Central,67684.46,Silver,Social_Media,5,27.0,78.11,5.6,1926
104590,32.0,Other,South,55678.22,Silver,Paid_Ads,11,14.0,23.96,6.0,381
103612,29.0,Female,Central,73033.49,Platinum,Paid_Ads,7,116.0,135.41,7.6,1258
103938,44.0,Female,Central,,Bronze,Social_Media,8,16.0,,8.7,275
102147,27.0,Other,North,53234.28,Gold,Referral,8,45.0,,6.1,275
105752,42.0,Female,Central,57658.65,Platinum,Organic,12,7.0,125.62,5.1,1460
101469,21.0,Male,North,57932.36,Gold,Social_Media,3,1.0,92.66,6.6,1934
100438,25.0,Male,South,88591.59,Bronze,Paid_Ads,7,14.0,86.19,8.6,1754
105788,27.0,Female,North,104630.36,Platinum,Referral,3,,172.96,9.9,1545
101058,43.0,Male,West,41837.37,Bronze,Paid_Ads,8,22.0,186.13,6.5,1718
102796,46.0,,West,100839.36,Bronze,Paid_Ads,7,,51.86,8.7,671
100108,34.0,Male,East,162867.19,Bronze,Referral,7,14.0,127.54,7.3,940
103553,50.0,Male,East,182752.05,Bronze,Email,8,,46.28,7.9,744
100030,43.0,Male,Central,20110.24,Silver,Social_Media,8,55.0,142.85,4.6,508
102233,23.0,,East,,Gold,Organic,10,32.0,76.01,7.2,205
100890,18.0,Female,West,84739.14,Bronze,Organic,8,4.0,114.38,6.1,856
103066,38.0,,South,81890.39,Bronze,Organic,8,,98.37,8.3,1176
101631,23.0,Male,West,86045.42,Bronze,Social_Media,10,36.0,60.94,8.8,414
100752,34.0,Female,North,50777.7,Silver,Paid_Ads,7,105.0,228.93,8.8,1799
102359,53.0,,East,,Silver,Paid_Ads,15,27.0,,6.1,1195
100585,47.0,Male,Central,,Gold,Organic,8,,190.28,6.0,1508
101935,22.0,Other,West,88483.8,Silver,Organic,6,23.0,88.8,8.5,1291
104983,18.0,Male,South,49942.31,Silver,Organic,8,,75.41,6.5,685
102351,46.0,Female,West,60310.4,Silver,Organic,7,,92.56,5.2,1974
105606,23.0,Female,North,28785.52,Gold,Referral,9,61.0,54.06,7.4,1229
105215,44.0,Male,South,33841.35,Silver,Email,6,13.0,53.73,6.7,1466
103847,37.0,Male,West,97968.18,Bronze,Organic,9,193.0,119.91,5.1,1882
105119,30.0,Female,West,43183.0,Silver,Paid_Ads,8,,59.57,10.0,376
105949,51.0,Male,Central,40468.34,Bronze,Paid_Ads,10,,242.06,7.0,418
102318,43.0,Male,North,18117.24,Bronze,Social_Media,8,17.0,98.85,6.7,1843
101345,26.0,Female,Central,69585.23,Silver,Paid_Ads,6,84.0,93.25,6.7,1777
103442,39.0,Male,West,28428.0,Bronze,Paid_Ads,5,,4.7,7.7,573
104636,24.0,Male,East,38797.58,Bronze,Social_Media,4,53.0,148.34,9.4,895
105871,40.0,Female,South,66688.71,Bronze,Organic,7,48.0,59.58,6.2,813
100970,38.0,Female,North,88362.2,Bronze,Paid_Ads,8,35.0,136.01,6.1,2112
100180,41.0,Female,West,33248.58,Silver,Paid_Ads,11,,83.24,5.8,1331
102795,51.0,,South,,Silver,Organic,10,84.0,66.04,7.7,1279
101508,37.0,Other,North,37778.98,Bronze,Organic,8,4.0,123.76,6.2,1217
104047,36.0,Female,West,87023.21,Silver,Social_Media,4,7.0,27.91,4.2,703
102139,42.0,Male,Central,66465.38,Bronze,Organic,3,35.0,148.95,8.3,1866
105829,33.0,Male,Central,62980.05,Silver,Organic,9,56.0,89.9,7.9,2113
103488,41.0,Female,Central,35197.33,Silver,Referral,6,109.0,53.68,8.0,711
104537,27.0,,South,36292.38,Platinum,Email,9,6.0,196.82,6.4,884
105287,27.0,Female,East,85927.01,Silver,Paid_Ads,8,,570.39,,1680
105496,42.0,Female,North,85922.04,Platinum,Paid_Ads,8,,250.27,6.0,1576
101868,46.0,Male,East,38027.63,Bronze,Social_Media,4,,104.05,6.5,1143
100091,46.0,Female,Central,59782.53,Silver,Referral,9,22.0,50.01,10.0,662
102816,32.0,Male,West,44263.79,Silver,Email,7,18.0,127.11,7.1,1290
103410,38.0,Female,Central,27216.77,Platinum,Email,6,,159.16,6.5,369
102406,18.0,Female,South,75716.84,Platinum,Organic,8,,134.57,6.9,1990
102472,33.0,Male,East,43024.63,Silver,Paid_Ads,9,101.0,77.58,6.5,1701
100625,44.0,Female,West,39403.68,Gold,Paid_Ads,12,14.0,114.44,,1408
100070,36.0,Female,East,35119.11,Silver,Email,10,14.0,63.72,5.4,1734
103625,37.0,Female,West,51854.72,Silver,Paid_Ads,6,,148.54,7.2,1586
101506,44.0,Female,Central,39069.16,Gold,Organic,5,109.0,119.46,7.2,911
103492,27.0,Female,Central,53829.33,Platinum,Paid_Ads,5,33.0,151.83,6.2,1559
105138,44.0,Male,Central,47706.73,Gold,Organic,4,,73.37,5.5,1040
104670,29.0,Male,East,,Bronze,Email,5,114.0,140.66,7.7,1850
100765,42.0,Male,West,46201.91,Silver,Referral,6,87.0,62.25,6.3,1371
100294,,Female,North,42123.41,Bronze,Paid_Ads,14,,,8.1,1449
104353,39.0,Male,Central,24968.91,Silver,Paid_Ads,10,39.0,133.5,8.9,1784
100446,20.0,Male,East,117560.65,Silver,Social_Media,6,15.0,267.32,9.5,1610
100469,51.0,Male,West,174049.78,Bronze,Organic,9,99.0,61.7,6.1,1988
103436,44.0,Male,West,38088.1,Silver,Social_Media,5,133.0,196.79,6.7,2231
101220,54.0,Male,East,36538.24,Silver,Social_Media,9,,47.89,6.4,2263
100433,36.0,Male,West,49451.8,Silver,Social_Media,7,68.0,170.15,7.8,946
103188,29.0,Female,South,40930.66,Bronze,Organic,4,34.0,165.71,,923
101489,42.0,Other,North,49285.44,Bronze,Organic,5,,58.23,9.2,2422
103548,51.0,Male,Central,25819.84,Silver,Email,10,17.0,115.18,7.4,921
103752,30.0,Male,West,107321.86,Bronze,Referral,9,9.0,53.51,7.2,2020
100578,53.0,Other,East,24540.63,Bronze,Paid_Ads,8,87.0,60.56,7.6,1291
102174,23.0,Male,North,51740.12,Silver,Organic,10,3.0,22.87,7.2,832
100246,23.0,Male,Central,95313.06,Bronze,Organic,11,,41.6,6.0,1670
104191,50.0,Other,East,45542.34,Gold,Organic,6,62.0,,9.5,621
100368,28.0,Female,Central,34478.61,Bronze,Paid_Ads,7,91.0,230.17,5.3,1267
104569,46.0,Female,North,32013.78,Gold,Social_Media,8,6.0,130.38,8.3,782
102901,31.0,Female,North,140013.4,Bronze,Social_Media,8,50.0,51.61,7.6,2354
101612,35.0,Female,South,45148.06,Bronze,Organic,9,5.0,177.87,9.3,506
102846,25.0,Female,South,88987.57,Silver,Organic,8,58.0,195.04,4.6,735
103785,60.0,Male,Central,,Gold,Email,9,,83.5,7.3,2443
104210,34.0,Male,Central,50337.14,Bronze,Organic,9,14.0,206.36,7.2,216
105501,32.0,Female,North,56053.32,Bronze,Social_Media,11,14.0,172.18,7.8,2014
101243,58.0,Male,South,65453.17,Bronze,Email,5,75.0,29.85,6.7,934
102371,25.0,Male,South,66388.44,Bronze,Organic,6,16.0,57.15,,749
104270,36.0,Male,South,72025.83,Bronze,Organic,14,93.0,214.37,6.2,322
104473,59.0,Male,North,91078.27,Silver,Paid_Ads,5,37.0,95.84,8.6,764
104386,33.0,Male,South,39999.03,Silver,Paid_Ads,12,55.0,190.16,,437
100556,34.0,Male,West,,Silver,Organic,8,5.0,41.54,6.5,1791
102164,46.0,Male,North,74449.54,Silver,Organic,8,14.0,136.11,6.6,614
105969,39.0,Male,Central,54660.01,Bronze,Organic,15,,160.22,7.5,1604
105960,53.0,Male,South,58111.64,Bronze,Referral,7,55.0,131.98,7.5,909
104743,37.0,Other,South,60701.03,Bronze,Social_Media,9,71.0,54.38,8.3,1451
105852,51.0,Male,North,39903.3,Gold,Organic,11,73.0,,6.4,2370
104276,33.0,Male,South,100468.49,Bronze,Referral,10,2.0,,6.9,833
101964,35.0,Female,South,33135.44,Bronze,Referral,4,,68.25,7.8,2343
104265,30.0,Male,West,65700.63,Silver,Organic,5,52.0,,9.6,1804
103290,26.0,Female,West,54105.59,Silver,Paid_Ads,5,42.0,57.74,6.6,894
105585,31.0,Male,South,77407.34,Gold,Paid_Ads,5,62.0,257.5,9.4,412
100152,26.0,Male,South,37773.1,Silver,Social_Media,11,,88.39,8.1,1806
104675,41.0,Male,North,48417.47,Bronze,Paid_Ads,7,28.0,,6.2,2203
104733,65.0,,East,,Gold,Email,5,,67.44,8.2,712
104759,26.0,Female,Central,35252.16,Gold,Referral,8,46.0,118.22,6.7,1768
105271,48.0,Female,West,73361.17,Bronze,Organic,9,74.0,77.33,7.1,2013
104215,37.0,Female,West,,Silver,Email,12,82.0,,7.9,2185
103495,55.0,Male,North,25379.17,Bronze,Organic,9,,163.55,6.4,56
105831,25.0,Female,North,67058.15,Bronze,Paid_Ads,9,12.0,29.82,7.8,786
103693,,Female,South,71622.04,Bronze,Referral,9,160.0,47.73,8.4,772
104621,25.0,Other,West,41720.02,Bronze,Organic,9,,80.66,9.4,490
103608,56.0,Female,West,84367.39,Silver,Referral,5,,339.8,9.5,1769
101756,46.0,Female,East,47697.45,Silver,Referral,9,0.0,301.35,6.2,980
105274,45.0,Female,North,42041.12,Bronze,Social_Media,4,118.0,61.84,7.4,2258
104560,23.0,Male,North,26971.44,Bronze,Organic,4,51.0,102.74,5.9,1537
100749,34.0,Other,South,53800.51,Bronze,Social_Media,2,,67.15,5.4,2232
105781,,Male,South,98660.14,Platinum,Organic,16,14.0,102.53,8.2,423
101534,24.0,Male,East,108941.37,Silver,Social_Media,9,24.0,76.87,7.2,2430
101043,46.0,Female,South,20567.94,Bronze,Social_Media,14,55.0,,9.1,42
105492,18.0,Female,Central,64101.2,Bronze,Paid_Ads,5,41.0,70.35,7.0,455
103880,42.0,Other,South,106791.62,Silver,Paid_Ads,12,6.0,113.05,7.9,2080
102664,,Male,East,71046.42,Bronze,Organic,8,51.0,52.91,10.0,1428
105107,49.0,Female,West,71710.22,Bronze,Organic,6,299.0,223.22,5.5,1439
101558,47.0,Female,Central,107869.67,Gold,Email,5,102.0,56.85,6.8,1132
100492,42.0,,West,44850.81,Silver,Organic,13,14.0,103.51,6.9,1004
104374,59.0,Female,North,,Platinum,Paid_Ads,14,3.0,169.8,7.5,2120
103383,61.0,Other,South,61267.88,Gold,Email,7,13.0,116.79,9.1,2208
105528,41.0,Female,Central,64182.15,Gold,Social_Media,8,44.0,147.88,6.5,408
100472,33.0,Male,South,60604.64,Bronze,Social_Media,9,8.0,90.43,7.9,1145
105304,52.0,Female,East,16498.98,Bronze,Referral,6,12.0,186.37,10.0,2396
102313,54.0,Male,South,82217.85,Bronze,Email,6,,98.58,7.1,315
105598,29.0,Male,North,30543.64,Bronze,Email,7,10.0,128.29,,1327
100808,23.0,Male,Central,38501.67,Bronze,Organic,7,13.0,51.64,5.5,1851
105671,31.0,Female,Central,48749.8,Bronze,Social_Media,8,18.0,,6.7,2249
104880,25.0,Male,Central,31896.52,Silver,Paid_Ads,7,32.0,65.71,6.4,2423
100897,30.0,Female,North,56473.09,Bronze,Referral,7,45.0,105.95,7.1,795
105372,42.0,,South,35583.22,Bronze,Email,15,,44.86,7.2,1512
102504,44.0,Female,South,28235.2,Silver,Referral,11,192.0,82.74,4.8,1916
105684,27.0,Male,North,55716.34,Gold,Email,6,145.0,,7.9,216
104323,20.0,Male,East,78763.2,Silver,Organic,9,31.0,52.71,5.4,1208
100355,51.0,Male,North,109120.42,Gold,Paid_Ads,6,,58.69,4.3,145
100252,42.0,Male,Central,74851.14,Platinum,Email,15,,188.63,9.0,566
100186,56.0,Female,Central,28193.48,Silver,Referral,5,54.0,97.12,8.7,1002
102379,39.0,Male,North,54855.62,Bronze,Paid_Ads,2,38.0,38.61,6.4,215
101184,46.0,Female,South,60689.07,Silver,Organic,12,6.0,63.2,8.2,2032
102111,43.0,Female,South,51549.39,Gold,Organic,3,20.0,118.13,9.4,271
104275,43.0,Male,South,47750.39,Gold,Email,7,1.0,152.05,7.1,1171
100228,61.0,Male,Central,81001.12,Silver,Paid_Ads,13,71.0,262.44,6.7,2451
102154,25.0,Male,West,88763.76,Bronze,Paid_Ads,14,,61.75,7.8,2320
105768,58.0,Male,East,72035.35,Gold,Organic,11,4.0,97.85,6.7,805
101296,48.0,Male,West,,Gold,Paid_Ads,9,,115.9,8.5,2320
105932,30.0,Female,West,39782.76,Bronze,Organic,5,30.0,69.31,5.4,954
104852,36.0,Male,South,159325.18,Silver,Social_Media,8,1.0,104.77,7.1,1375
103939,39.0,Female,North,49538.15,Silver,Organic,8,159.0,62.28,6.0,2126
105461,45.0,,West,31237.9,Silver,Email,8,19.0,114.09,5.5,430
102803,48.0,Female,South,49722.52,Silver,Referral,3,42.0,92.53,6.3,755
103185,46.0,Male,South,38254.52,Silver,Email,11,1.0,50.33,10.0,1221
101906,24.0,Male,North,,Silver,Organic,12,66.0,,6.1,2156
105037,47.0,Male,North,,Bronze,Paid_Ads,8,,87.98,7.9,337
102224,28.0,Male,North,120492.61,Gold,Organic,9,5.0,118.82,3.9,1430
103839,34.0,Female,East,56006.42,Silver,Organic,4,2.0,125.86,6.9,1167
103182,20.0,Female,East,44172.41,Silver,Organic,8,0.0,82.12,5.0,1011
100293,56.0,Male,North,56758.22,Gold,Paid_Ads,6,,91.36,,487
102722,53.0,Male,West,151793.34,Bronze,Social_Media,6,56.0,46.97,6.1,508
100550,46.0,Male,Central,35220.2,Gold,Paid_Ads,6,20.0,,,449
104255,29.0,Male,North,70158.98,Bronze,Organic,15,,146.27,7.2,232
105530,38.0,Female,South,56904.77,Silver,Social_Media,1,72.0,159.15,6.8,723
101570,19.0,Female,North,69527.39,Gold,Referral,6,21.0,96.33,7.0,33
101076,41.0,Female,North,19430.32,Bronze,Organic,13,1.0,31.47,8.5,1825
104441,42.0,Male,South,71611.27,Gold,Paid_Ads,9,,224.18,6.6,1853
102448,33.0,Male,West,75179.27,Gold,Referral,6,50.0,114.18,6.5,728
101323,38.0,Male,South,104690.84,Platinum,Email,8,2.0,111.91,10.0,2398
105060,38.0,,Central,65738.94,Bronze,Paid_Ads,7,15.0,90.94,7.9,300
102969,62.0,Male,South,63689.14,Silver,Paid_Ads,15,,59.38,7.5,1999
103210,31.0,Female,South,44388.74,Bronze,Paid_Ads,7,8.0,3.0,8.0,1862
102671,46.0,Other,North,75948.82,Silver,Organic,5,,132.24,,768
102421,18.0,Female,East,61672.21,Gold,Paid_Ads,4,3.0,241.92,8.4,166
103735,39.0,Female,South,,Silver,Social_Media,8,218.0,80.83,8.5,1310
105110,45.0,Male,North,95548.82,Gold,Paid_Ads,7,23.0,215.01,4.6,969
103054,37.0,,East,66862.76,Platinum,Organic,16,8.0,158.76,7.2,672
102835,44.0,Male,South,2203677.1268995544,Gold,Paid_Ads,8,,336.54,8.6,1404
103718,43.0,Other,North,51982.81,Bronze,Referral,10,6.0,150.0,7.8,788
103338,44.0,Male,South,36475.87,Bronze,Social_Media,4,13.0,30.36,9.1,1841
103197,22.0,Female,North,2743448.471568583,Bronze,Referral,8,42.0,67.47,9.1,690
104867,27.0,Other,North,,Platinum,Email,8,,117.25,7.6,386
103741,19.0,Female,Central,122567.2,Bronze,Organic,9,67.0,54.89,6.3,683
104887,41.0,Male,South,42527.58,Gold,Organic,12,,148.77,6.4,476
105801,32.0,Female,East,53699.69,Silver,Social_Media,9,67.0,41.05,9.7,2149
101143,18.0,Female,West,35971.51,Bronze,Social_Media,8,39.0,140.55,6.8,1158
104644,38.0,Female,Central,58288.84,Gold,Social_Media,6,31.0,127.7,10.0,1278
100933,52.0,Female,West,57067.91,Bronze,Organic,6,13.0,50.64,5.3,1758
100614,43.0,Female,Central,55756.42,Bronze,Social_Media,7,15.0,165.53,6.2,582
102228,45.0,Female,North,29428.42,Bronze,Paid_Ads,9,5.0,50.95,6.2,555
104739,48.0,Female,West,30017.95,Silver,Paid_Ads,10,14.0,135.89,7.9,497
103241,51.0,Female,North,38760.96,Bronze,Email,8,86.0,196.96,5.9,1183
103470,49.0,Male,North,25774.39,Gold,Social_Media,4,19.0,103.31,6.7,505
105051,43.0,Female,West,,Bronze,Referral,12,9.0,130.8,,1002
104692,42.0,Male,North,41128.37,Silver,Paid_Ads,12,55.0,141.21,6.3,831
103816,29.0,Male,East,66056.96,Silver,Social_Media,2,24.0,55.63,7.8,2025
104102,40.0,Other,South,,Bronze,Referral,9,11.0,34.41,8.6,1490
105408,38.0,Female,West,33602.53,Bronze,Paid_Ads,11,10.0,70.8,6.4,1161
100506,31.0,Female,South,83967.33,Silver,Organic,6,,79.7,7.6,1812
101510,40.0,Female,South,38258.0,Bronze,Paid_Ads,8,39.0,129.91,7.7,1834
101667,,,South,51033.71,Bronze,Email,8,,119.24,4.5,332
100273,37.0,Female,East,68979.72,Bronze,Organic,6,7.0,47.38,8.4,139
102116,35.0,Male,East,43881.8,Gold,Paid_Ads,10,8.0,109.97,6.9,2355
105165,27.0,Female,South,,Silver,Paid_Ads,10,100.0,74.2,7.2,1372
104506,57.0,Female,East,75059.44,Silver,Paid_Ads,9,,42.73,4.3,1657
101486,28.0,Male,South,63084.0,Bronze,Email,9,32.0,102.97,7.1,2079
104302,51.0,Male,South,95467.38,Gold,Email,7,33.0,92.1,6.1,2247
100702,35.0,Other,South,,Silver,Social_Media,8,27.0,193.59,7.1,1616
103834,29.0,Male,West,49707.26,Bronze,Paid_Ads,6,8.0,64.6,8.5,958
103590,31.0,Male,East,68129.75,Bronze,Email,8,22.0,,3.2,1011
100107,27.0,Female,Central,48145.79,Silver,Paid_Ads,6,123.0,68.79,7.0,1505
105048,25.0,Male,East,59742.25,Bronze,Organic,8,,118.98,,1365
105001,35.0,Male,West,,Bronze,Organic,7,,226.14,7.8,1619
105318,54.0,Male,Central,26751.55,Bronze,Paid_Ads,5,48.0,8.94,7.1,707
104768,51.0,Male,West,81960.69,Bronze,Organic,7,116.0,152.46,7.4,1772
105242,30.0,Female,North,29176.63,Bronze,Social_Media,10,13.0,40.3,6.3,1162
103850,28.0,,North,53770.79,Gold,Organic,9,,71.39,7.1,1518
100953,44.0,Female,West,83118.65,Gold,Referral,4,2.0,,9.7,1466
102365,68.0,Male,Central,60290.83,Platinum,Social_Media,7,,172.26,7.4,2458
103896,19.0,Female,North,,Bronze,Paid_Ads,14,49.0,138.92,4.9,723
103840,36.0,Other,East,69670.08,Silver,Social_Media,11,25.0,48.16,5.6,244
102651,25.0,Female,East,51789.68,Bronze,Paid_Ads,8,83.0,16.04,6.1,2068
103227,27.0,Male,North,31358.09,Platinum,Referral,11,,151.13,7.3,46
104931,46.0,Male,South,64857.26,Silver,Paid_Ads,6,14.0,132.15,9.3,256
102911,32.0,Male,West,76971.07,Bronze,Social_Media,12,,158.07,10.0,2345
101085,39.0,Female,South,80067.92,Bronze,Paid_Ads,10,24.0,,6.1,912
103540,28.0,Male,South,64979.37,Gold,Paid_Ads,15,,,10.0,906
103545,35.0,Female,West,42144.56,Silver,Organic,8,63.0,,8.6,1491
104642,31.0,Female,West,,Platinum,Organic,4,15.0,131.35,7.0,758
101421,35.0,Male,South,59661.43,Bronze,Organic,11,67.0,183.65,9.4,744
102771,50.0,,North,44392.88,Bronze,Social_Media,9,43.0,51.12,5.3,1956
101787,51.0,,Central,49070.05,Bronze,Organic,10,45.0,79.69,6.8,411
104481,41.0,Male,Central,61355.98,Bronze,Email,12,0.0,101.56,9.9,2358
101889,19.0,Female,North,29078.93,Silver,Email,8,5.0,82.75,6.9,188
105662,41.0,Female,West,39000.47,Silver,Email,7,8.0,38.37,7.9,1618
105650,39.0,Male,South,46185.72,Silver,Organic,9,13.0,150.72,7.6,919
100417,51.0,Male,East,99922.77,Gold,Paid_Ads,3,,72.14,8.6,436
101216,21.0,Female,North,27844.49,Bronze,Referral,6,57.0,124.06,8.3,2469
104839,52.0,Female,West,65535.11,Bronze,Paid_Ads,10,3.0,,6.7,1374
105747,18.0,Male,North,27046.52,Bronze,Organic,5,12.0,74.3,6.9,1512
100565,49.0,,North,95577.32,Bronze,Organic,5,101.0,149.0,7.0,2001
100479,38.0,Female,West,42406.43,Silver,Email,5,,230.0,7.7,1619
105838,29.0,Female,North,59069.91,Silver,Paid_Ads,13,40.0,41.85,4.8,2039
100143,18.0,Male,North,130993.44,Gold,Organic,9,,153.09,2.8,2296
101213,36.0,Female,Central,58685.22,Bronze,Referral,5,28.0,137.56,8.1,2268
105298,37.0,Female,West,37923.17,Silver,Paid_Ads,9,30.0,133.3,6.1,1846
101098,44.0,Male,East,53087.04,Bronze,Social_Media,11,,,7.2,1107
102143,70.0,Female,West,67150.05,Bronze,Organic,7,104.0,86.35,7.1,869
100606,44.0,Female,East,,Platinum,Social_Media,7,40.0,152.52,10.0,1033
103787,34.0,Male,South,60162.04,Gold,Organic,6,43.0,,5.0,939
102576,43.0,Male,West,65418.43,Silver,Email,10,19.0,,7.9,570
100498,34.0,Male,West,80064.75,Platinum,Paid_Ads,11,76.0,198.67,5.9,372
102543,34.0,Other,Central,48183.38,Bronze,Organic,4,101.0,142.05,5.3,2471
104482,37.0,Female,Central,62111.06,Bronze,Organic,9,122.0,31.45,10.0,2041
105222,18.0,Female,West,93987.36,Bronze,Paid_Ads,6,,160.6,7.3,1615
102464,24.0,Male,North,48364.33,Bronze,Referral,6,50.0,29.92,6.6,2493
100722,52.0,Male,North,89756.88,Silver,Referral,12,107.0,78.49,8.1,509
101087,21.0,Female,East,39660.61,Silver,Email,8,,135.13,5.1,1723
101026,34.0,Male,North,106001.12,Bronze,Organic,9,16.0,50.39,6.4,2414
101358,32.0,Male,North,46052.7,Bronze,Referral,6,4.0,24.63,8.5,424
103257,30.0,Male,East,52655.37,Silver,Social_Media,8,21.0,86.59,6.1,2303
102813,33.0,Female,West,65509.0,Bronze,Organic,10,128.0,130.35,6.8,299
103399,18.0,Female,South,39114.84,Silver,Social_Media,10,56.0,75.78,7.1,2381
104812,33.0,Male,West,42171.87,Gold,Organic,8,,190.64,4.6,232
104833,25.0,Female,Central,35742.05,Silver,Paid_Ads,8,,241.7,8.3,1370
102893,37.0,Female,North,31039.73,Bronze,Organic,8,,359.58,5.1,2234
103408,58.0,Female,North,26746.84,Gold,Paid_Ads,8,8.0,255.41,9.2,134
102958,39.0,Male,South,86430.44,Silver,Paid_Ads,2,41.0,37.39,7.1,1519
104752,41.0,Male,East,23341.68,Gold,Organic,6,10.0,173.16,6.0,1298
100337,30.0,Male,Central,64260.64,Gold,Paid_Ads,13,11.0,144.88,8.1,1367
105258,23.0,Male,North,46962.93,Silver,Referral,6,53.0,383.65,6.3,955
101965,29.0,Female,East,102967.87,Bronze,Paid_Ads,3,151.0,86.21,6.9,1043
103558,43.0,Female,South,50846.53,Silver,Organic,5,11.0,28.82,10.0,2305
101562,40.0,Female,South,41179.63,Platinum,Referral,10,,330.25,3.6,59
101739,28.0,Male,East,53554.89,Bronze,Email,7,8.0,75.22,5.2,1062
104363,34.0,Male,Central,36886.27,Platinum,Organic,6,117.0,363.57,9.2,1621
102440,36.0,Male,Central,52054.78,Platinum,Referral,5,,330.62,7.1,527
102019,45.0,Female,South,109302.79,Bronze,Paid_Ads,9,89.0,19.13,8.5,1225
103097,54.0,Male,East,48101.82,Gold,Referral,8,18.0,84.01,6.3,1379
100725,27.0,Male,East,66630.9,Bronze,Organic,8,3.0,93.93,6.6,1191
100766,18.0,Female,North,40755.65,Silver,Organic,9,93.0,84.83,6.4,983
100287,41.0,Female,Central,94349.54,Silver,Social_Media,6,81.0,89.62,7.9,1754
100308,54.0,Male,West,,Gold,Social_Media,7,97.0,99.6,6.2,625
105211,43.0,,South,62003.75,Silver,Email,2,,168.84,6.3,904
104669,60.0,Other,Central,123960.59,Bronze,Paid_Ads,6,18.0,21.88,7.1,103
105436,30.0,Male,South,95049.52,Silver,Organic,10,1.0,166.91,9.8,2043
101731,37.0,Male,North,47491.11,Bronze,Paid_Ads,14,56.0,58.98,6.5,1436
104410,18.0,Female,South,62053.59,Bronze,Email,17,8.0,251.02,7.7,1625
105086,54.0,Female,North,103179.62,Bronze,Paid_Ads,6,,155.29,,1177
101472,52.0,Male,West,64175.84,Bronze,Referral,3,30.0,43.88,8.4,482
100072,24.0,Male,North,29748.51,Silver,Paid_Ads,12,13.0,100.7,8.7,599
101567,,,West,40409.78,Platinum,Referral,9,35.0,159.48,,1605
100712,46.0,Male,South,45153.12,Silver,Organic,4,,61.39,8.2,2462
103711,44.0,Female,East,25402.04,Silver,Social_Media,9,35.0,387.15,6.4,897
101021,42.0,Female,Central,57285.73,Bronze,Paid_Ads,10,,27.78,5.7,2353
101346,66.0,Female,Central,23486.38,Gold,Referral,16,,150.22,8.5,2383
104999,39.0,Male,South,48773.01,Silver,Organic,14,13.0,42.92,7.8,2251
103159,21.0,Other,North,,Bronze,Organic,3,,,4.0,2499
100738,48.0,Female,Central,85273.81,Bronze,Referral,9,97.0,89.82,7.5,2474
105401,34.0,Male,North,34087.46,Gold,Paid_Ads,9,31.0,195.8,6.0,815
102433,26.0,Female,Central,39504.04,Bronze,Referral,10,16.0,,4.5,1677
105804,51.0,Female,South,2249856.519444396,Silver,Organic,7,,112.19,6.7,165
105571,48.0,Male,West,53165.41,Bronze,Social_Media,5,64.0,66.58,7.6,68
101236,28.0,Female,East,91740.91,Platinum,Email,11,,,6.7,1146
102260,45.0,,South,61297.6,Bronze,Referral,12,79.0,88.09,6.6,88
105480,26.0,Male,North,188134.0,Silver,Referral,8,76.0,81.59,,2274
104380,22.0,Female,East,29408.47,Bronze,Paid_Ads,6,28.0,37.16,8.8,1737
103951,29.0,Male,South,,Bronze,Organic,6,,65.22,6.8,2027
105489,26.0,Male,West,84876.38,Silver,Social_Media,9,17.0,,5.7,1502
100979,21.0,Female,East,,Bronze,Organic,4,1.0,101.45,8.8,1813
104624,48.0,Male,West,,Bronze,Social_Media,4,,,6.1,516
105109,35.0,Female,South,77194.85,Silver,Social_Media,12,12.0,124.98,5.3,608
102023,,Male,West,,Bronze,Paid_Ads,5,121.0,196.0,7.0,721
103521,29.0,Other,South,41820.92,Platinum,Organic,8,4.0,363.73,6.8,1650
105282,43.0,Female,West,,Bronze,Organic,4,75.0,25.15,6.0,1039
100345,57.0,,Central,34772.42,Platinum,Email,10,,153.65,8.7,1865
105000,27.0,Female,North,73344.89,Bronze,Organic,3,74.0,11.05,9.1,534
100912,43.0,Female,East,41489.4,Silver,Social_Media,5,22.0,,6.7,154
102437,,Male,North,75898.29,Bronze,Referral,12,55.0,258.07,6.8,147
100048,41.0,Female,East,42610.87,Bronze,Organic,8,6.0,51.08,8.8,95
104081,51.0,Female,East,26951.24,Bronze,Organic,5,22.0,113.01,7.4,433
105196,49.0,,South,42094.73,Silver,Social_Media,7,,103.58,10.0,1869
100444,54.0,Male,East,,Bronze,Paid_Ads,11,30.0,17.87,7.0,2132
103593,60.0,Male,East,67070.08,Silver,Paid_Ads,8,45.0,156.24,7.8,1167
103131,46.0,Other,Central,,Bronze,Social_Media,14,,73.38,5.8,502
102487,39.0,Male,Central,51382.6,Bronze,Organic,12,19.0,160.56,5.9,404
105709,40.0,Male,North,69847.03,Bronze,Referral,7,26.0,151.7,6.3,694
101894,18.0,Male,South,41408.57,Gold,Organic,13,,192.57,7.3,1170
103018,51.0,Female,South,55950.88,Gold,Organic,11,17.0,187.62,8.1,2251
101221,37.0,Male,East,72608.17,Silver,Social_Media,7,,96.11,8.1,2407
103831,26.0,,West,46342.19,Silver,Paid_Ads,5,70.0,25.48,5.7,1836
102269,18.0,Female,East,46445.34,Platinum,Social_Media,6,7.0,106.76,8.0,1652
101056,56.0,Male,Central,,Gold,Organic,7,247.0,158.16,5.4,988
100849,30.0,Male,South,13652.93,Bronze,Social_Media,4,47.0,43.87,6.1,319
103893,18.0,Female,Central,40894.39,Bronze,Social_Media,6,3.0,160.64,,624
105847,50.0,Male,North,32894.57,Silver,Organic,6,,238.49,6.1,1445
103878,42.0,Female,East,21397.65,Bronze,Social_Media,6,29.0,124.95,6.9,2294
102743,28.0,Female,West,27256.08,Bronze,Paid_Ads,17,96.0,,7.1,1686
105607,,Male,South,43178.82,Gold,Organic,9,,92.36,7.9,2121
104281,55.0,Male,Central,46449.11,Silver,Social_Media,2,20.0,65.09,7.4,1304
101329,37.0,Other,East,33970.14,Bronze,Organic,3,,,8.8,1080
102875,39.0,Other,North,,Bronze,Organic,11,149.0,79.78,8.3,1799
104631,18.0,Male,East,67130.41,Bronze,Organic,9,77.0,45.71,7.9,2340
100777,25.0,Female,West,38309.09,Gold,Social_Media,13,49.0,302.91,8.0,329
105677,18.0,Female,South,,Bronze,Organic,6,79.0,6.33,5.6,1703
100184,51.0,Male,East,45637.28,Gold,Paid_Ads,12,45.0,175.59,6.9,198
103130,42.0,Male,North,,Silver,Referral,9,1.0,121.02,8.0,2313
104099,43.0,Female,North,213287.55,Bronze,Referral,10,54.0,24.49,,1910
101194,47.0,Other,East,35028.82,Silver,Referral,6,101.0,123.52,7.1,2040
103649,54.0,Female,North,29178.58,Silver,Organic,8,30.0,63.0,,971
100735,41.0,Female,South,70833.45,Platinum,Paid_Ads,9,21.0,151.21,,2064
101836,39.0,Male,South,31753.59,Silver,Referral,3,3.0,89.12,8.4,2147
102273,46.0,Female,North,187045.98,Platinum,Paid_Ads,9,,110.65,7.8,2125
103794,47.0,Female,Central,,Bronze,Organic,8,41.0,53.18,9.0,1684
100486,36.0,Male,Central,42102.59,Silver,Paid_Ads,10,3.0,44.07,7.4,1907
101164,20.0,Male,West,63067.11,Gold,Paid_Ads,6,69.0,490.04,8.0,1095
100453,61.0,Female,West,,Bronze,Organic,7,45.0,34.35,4.9,782
102299,32.0,Female,South,42992.63,Gold,Organic,7,36.0,100.04,8.0,1014
104595,47.0,Male,North,,Bronze,Paid_Ads,3,21.0,174.06,7.0,1196
100031,64.0,Male,East,63323.15,Bronze,Paid_Ads,8,10.0,82.51,8.2,2499
100790,36.0,Female,South,40934.59,Gold,Email,3,34.0,131.88,10.0,2376
105099,27.0,Male,North,123961.52,Platinum,Paid_Ads,12,121.0,116.85,4.1,1327
101966,44.0,Male,South,,Bronze,Paid_Ads,7,47.0,261.65,8.0,500
101110,48.0,Female,North,69743.27,Bronze,Organic,9,23.0,,4.3,1716
100101,33.0,Male,South,46813.71,Gold,Email,6,55.0,64.69,9.2,1659
103971,19.0,Male,South,95501.77,Gold,Organic,6,12.0,80.23,6.7,1567
103013,33.0,,Central,45849.72,Bronze,Social_Media,10,,87.38,,1261
103168,31.0,Male,East,45781.23,Bronze,Paid_Ads,12,14.0,102.08,9.0,1347
104725,41.0,Female,Central,37605.56,Bronze,Email,9,146.0,104.88,6.6,2242
101771,33.0,Female,Central,94197.83,Bronze,Referral,7,14.0,125.49,8.7,167
101920,20.0,Other,North,150440.91,Bronze,Social_Media,5,133.0,12.6,7.4,196
103756,32.0,Female,North,116391.59,Bronze,Paid_Ads,9,16.0,41.1,5.0,2290
104542,41.0,Male,South,30244.22,Gold,Email,10,25.0,110.87,5.6,1199
100862,21.0,Female,West,30250.41,Bronze,Referral,9,3.0,95.22,7.5,2214
101502,31.0,Male,East,20384.11,Bronze,Organic,9,14.0,121.3,4.8,355
100904,57.0,Female,Central,66822.91,Bronze,Organic,7,8.0,41.79,5.9,460
105056,38.0,Female,Central,120404.04,Bronze,Referral,3,,110.49,6.3,1478
100110,18.0,Male,West,39164.35,Gold,Organic,7,29.0,86.76,8.0,658
105369,38.0,Male,South,43239.7,Gold,Organic,6,51.0,,8.4,2283
105873,40.0,Female,South,,Bronze,Referral,14,40.0,258.86,8.9,862
105035,50.0,Female,Central,38791.81,Platinum,Organic,12,,115.36,7.3,1785
104398,32.0,Male,West,64236.42,Gold,Organic,8,114.0,54.94,8.4,1154
101927,31.0,Other,South,54535.27,Bronze,Social_Media,11,32.0,90.99,4.7,1891
102134,42.0,Male,South,35145.0,Bronze,Organic,7,,,7.2,1563
103526,57.0,Female,North,83035.36,Silver,Organic,9,83.0,141.99,,137
105862,52.0,Female,East,64623.09,Silver,Organic,13,31.0,325.39,6.9,1235
104651,27.0,Male,North,19064.13,Silver,Organic,9,33.0,53.38,6.6,786
103672,44.0,Male,Central,25216.04,Gold,Email,7,,61.86,6.4,2315
104394,27.0,Female,North,39525.94,Bronze,Paid_Ads,11,47.0,238.33,6.1,1402
103046,34.0,,East,,Bronze,Organic,8,,81.62,6.0,1662
105547,59.0,Other,West,69074.33,Gold,Social_Media,5,7.0,181.1,5.5,1128
105161,37.0,Male,North,51134.48,Platinum,Organic,6,16.0,346.66,6.8,1117
105639,42.0,Female,West,74762.08,Bronze,Social_Media,12,53.0,200.03,7.7,1562
103887,26.0,,North,41872.11,Bronze,Paid_Ads,6,8.0,93.88,5.6,2006
101095,30.0,Female,Central,62860.58,Platinum,Social_Media,7,5.0,157.54,8.1,1984
101122,38.0,Other,East,58377.15,Bronze,Paid_Ads,8,,177.59,6.9,162
102517,38.0,Male,North,22167.68,Bronze,Organic,8,68.0,61.09,6.3,2227
102211,47.0,Female,East,,Gold,Email,4,27.0,84.56,6.9,1989
100810,41.0,Male,West,45451.8,Silver,Organic,8,39.0,65.21,5.9,1996
104253,44.0,Female,West,124486.41,Gold,Referral,12,,70.2,6.2,699
103275,18.0,Female,Central,46966.9,Silver,Organic,4,38.0,104.06,8.8,1730
105908,28.0,Male,East,24152.11,Platinum,Referral,8,27.0,110.16,7.0,864
104344,32.0,Female,South,,Silver,Referral,10,59.0,91.95,8.6,139
105846,47.0,Female,South,44656.97,Bronze,Referral,7,106.0,62.81,,95
105504,29.0,Female,South,37453.18,Bronze,Paid_Ads,10,40.0,62.41,6.6,910
105654,45.0,Female,Central,40855.51,Bronze,Organic,8,5.0,85.82,6.1,557
103945,53.0,,Central,61543.5,Platinum,Paid_Ads,9,33.0,351.63,7.6,555
105040,25.0,Female,West,54236.49,Bronze,Email,13,55.0,3.82,8.6,1377
102544,47.0,Male,North,82994.73,Silver,Organic,8,124.0,231.93,8.0,561
101774,58.0,Female,West,87244.21,Bronze,Organic,6,104.0,67.09,7.1,2489
102847,31.0,Male,South,50565.6,Bronze,Organic,9,,97.5,8.4,1321
105800,43.0,,West,,Bronze,Organic,8,26.0,105.94,6.7,508
101766,36.0,Male,South,53256.38,Bronze,Social_Media,5,,183.92,5.8,1406
103898,59.0,Male,West,53178.86,Silver,Paid_Ads,7,31.0,52.37,7.3,1880
105629,46.0,Female,North,32195.0,Bronze,Referral,7,,41.58,8.2,2240
101757,59.0,Female,North,68623.78,Bronze,Social_Media,9,88.0,131.71,10.0,320
102347,36.0,Male,West,26331.23,Platinum,Paid_Ads,5,32.0,165.71,7.1,2254
102997,23.0,Female,South,25879.09,Bronze,Social_Media,2,1.0,108.11,7.2,861
101596,43.0,Male,North,30167.11,Platinum,Paid_Ads,12,34.0,214.46,6.7,940
105967,28.0,Male,South,,Platinum,Organic,4,33.0,214.68,9.3,433
103253,21.0,Male,Central,71926.63,Gold,Organic,11,,215.1,5.8,1400
100830,18.0,Male,East,29133.56,Gold,Paid_Ads,9,,160.61,6.1,1355
105865,31.0,,South,71154.93,Gold,Organic,9,,199.51,8.4,2003
101859,43.0,Female,South,48759.88,Silver,Social_Media,4,81.0,44.56,6.9,2326
100439,30.0,Male,East,77081.79,Bronze,Organic,4,32.0,56.03,10.0,1512
100628,54.0,Female,South,,Bronze,Social_Media,4,,174.87,8.1,539
105979,31.0,Female,West,24247.35,Bronze,Email,7,2.0,64.97,8.5,1122
102880,43.0,Male,North,37823.54,Silver,Paid_Ads,4,,133.19,5.8,1430
100926,61.0,Male,East,34866.18,Bronze,Organic,12,40.0,150.3,5.8,1166
104122,47.0,Male,North,45935.0,Platinum,Social_Media,10,,312.99,8.7,562
104875,26.0,Male,Central,23487.16,Gold,Social_Media,9,,67.75,7.0,1317
105737,43.0,Female,North,,Silver,Paid_Ads,7,34.0,61.87,9.0,2207
102866,23.0,Female,West,53583.51,Bronze,Email,10,,,7.1,1719
105952,46.0,Male,East,68875.94,Gold,Email,11,12.0,67.79,6.0,1708
101174,26.0,Male,West,43486.89,Platinum,Paid_Ads,5,25.0,177.36,4.7,1201
103361,37.0,Male,South,46167.9,Bronze,Organic,9,14.0,,9.9,1346
103198,36.0,Female,South,113320.18,Bronze,Referral,3,5.0,100.34,4.5,1083
100945,41.0,Female,North,57602.21,Bronze,Organic,5,17.0,,5.4,966
104770,57.0,Male,West,63381.28,Gold,Social_Media,13,37.0,112.19,7.7,2093
102289,50.0,Male,North,40423.86,Silver,Referral,7,48.0,155.78,7.6,1383
100013,39.0,,South,76382.01,Silver,Organic,8,95.0,59.57,5.0,1805
101118,34.0,Other,South,32368.14,Silver,Social_Media,9,1.0,40.41,8.8,1236
104366,50.0,Female,North,115499.15,Gold,Social_Media,7,57.0,115.21,7.4,1473
103656,42.0,Male,North,18949.29,Bronze,Organic,9,,30.29,,2283
105696,64.0,Female,Central,37846.85,Silver,Email,7,16.0,107.29,8.3,341
100643,63.0,Female,East,41975.89,Silver,Paid_Ads,5,24.0,162.03,7.5,77
102590,45.0,Male,South,19738.6,Silver,Organic,11,,40.95,6.9,1867
104708,34.0,Female,East,39988.99,Gold,Organic,7,18.0,126.22,6.5,792
102679,18.0,Female,North,29467.08,Silver,Paid_Ads,6,47.0,181.94,7.3,1479
104293,28.0,Male,Central,84842.91,Bronze,Social_Media,5,,40.0,5.2,1595
105080,30.0,Male,South,88345.69,Bronze,Email,9,40.0,317.5,5.3,694
105488,30.0,Female,North,63244.18,Silver,Organic,6,22.0,145.25,5.3,1525
102923,23.0,Other,North,81008.63,Silver,Paid_Ads,4,71.0,152.04,8.7,1993
102536,51.0,Male,Central,41806.32,Gold,Organic,5,36.0,190.27,7.0,2209
104766,42.0,Female,East,43530.89,Gold,Paid_Ads,7,14.0,100.04,6.9,1871
102265,44.0,Female,East,55051.99,Silver,Social_Media,11,,51.78,9.1,2060
100654,25.0,Female,South,33115.9,Gold,Paid_Ads,3,195.0,63.06,8.9,1574
100430,43.0,Female,Central,48144.32,Silver,Organic,10,,117.56,8.9,1683
103751,35.0,Female,East,48174.23,Gold,Paid_Ads,10,64.0,118.7,7.9,1662
103316,48.0,Male,West,58895.86,Bronze,Organic,6,10.0,7.04,6.9,2360
102518,55.0,Female,North,54256.53,Bronze,Social_Media,8,,61.48,8.2,821
104012,41.0,Male,North,49664.09,Gold,Paid_Ads,9,83.0,59.06,,1300
103163,45.0,Male,East,94373.48,Bronze,Paid_Ads,11,44.0,64.11,4.6,38
103606,48.0,Male,West,75286.32,Bronze,Organic,7,,346.88,5.8,2498
100839,60.0,Male,West,100953.05,Silver,Referral,5,,,7.5,1836
101088,19.0,Female,East,,Bronze,Email,5,10.0,58.8,5.7,671
101729,39.0,Male,Central,72552.87,Bronze,Organic,4,2.0,95.43,7.7,998
105808,36.0,Male,East,27277.77,Platinum,Referral,10,24.0,173.13,6.4,842
101320,52.0,Male,East,47818.52,Bronze,Organic,4,66.0,98.14,8.4,1691
101331,18.0,Male,South,55773.58,Gold,Paid_Ads,8,,163.49,9.0,1763
104155,30.0,Male,South,59676.95,Platinum,Social_Media,8,8.0,214.47,5.3,2020
100857,,Male,West,34435.14,Bronze,Paid_Ads,7,26.0,76.51,7.3,1378
101420,38.0,Male,South,30678.35,Gold,Referral,10,36.0,90.15,7.2,1235
102516,31.0,Male,South,23010.23,Silver,Organic,12,,35.93,7.0,2191
102300,34.0,Female,Central,44450.2,Bronze,Paid_Ads,7,6.0,79.92,7.7,1056
103537,49.0,Male,South,51395.99,Bronze,Organic,6,45.0,98.21,8.8,311
101609,35.0,Male,East,124431.96,Silver,Paid_Ads,6,168.0,,6.3,43
105199,31.0,Male,West,45198.01,Bronze,Organic,7,44.0,48.96,9.2,30
100694,18.0,Male,North,,Gold,Social_Media,6,,211.18,8.7,1237
104141,36.0,Other,West,82619.93,Bronze,Organic,16,14.0,,6.8,232
102667,33.0,Female,South,48619.28,Bronze,Email,16,17.0,169.75,5.9,371
100189,22.0,Female,East,117180.55,Silver,Paid_Ads,13,75.0,89.58,7.0,424
100288,39.0,Male,North,35237.03,Bronze,Organic,9,58.0,385.04,7.8,2042
103411,18.0,Male,East,33963.48,Silver,Referral,7,33.0,70.71,7.0,1289
105537,27.0,Female,Central,56603.45,Silver,Paid_Ads,9,48.0,139.42,6.6,165
104206,35.0,Male,South,37761.94,Platinum,Organic,10,17.0,213.16,4.8,2143
103967,26.0,,South,68543.5,Gold,Referral,10,,107.13,8.8,255
103772,,Male,North,92247.11,Bronze,Social_Media,8,17.0,45.78,7.3,787
103216,44.0,Female,West,138977.73,Bronze,Social_Media,11,13.0,36.22,5.9,304
102334,38.0,Female,North,112951.61,Bronze,Referral,10,,187.03,7.0,596
105982,56.0,Male,North,107372.06,Silver,Social_Media,6,0.0,92.46,7.9,451
104095,45.0,Female,West,76854.63,Gold,Organic,7,27.0,81.89,6.8,614
102145,29.0,,Central,30357.45,Silver,Referral,6,11.0,,7.6,1492
102981,37.0,Other,West,66672.34,Bronze,Social_Media,9,36.0,94.03,7.5,520
100211,49.0,Female,Central,40885.18,Bronze,Social_Media,6,33.0,18.29,7.6,534
105608,39.0,Female,East,33303.31,Bronze,Organic,11,15.0,23.89,6.4,583
104997,34.0,Female,Central,113467.07,Silver,Paid_Ads,10,47.0,,3.9,2269
103107,47.0,Female,East,68316.26,Bronze,Organic,5,36.0,90.95,8.3,274
100074,44.0,Female,West,61729.83,Silver,Referral,9,26.0,383.37,6.7,796
105766,40.0,Other,East,28866.0,Gold,Social_Media,10,18.0,165.81,8.0,2340
102829,18.0,Male,North,24293.81,Silver,Email,13,,61.57,6.8,265
104783,28.0,Male,South,103157.26,Bronze,Referral,7,31.0,,7.9,2307
105945,53.0,Female,East,55736.14,Bronze,Organic,9,32.0,44.3,5.5,1338
104247,41.0,Male,West,54926.01,Silver,Paid_Ads,9,14.0,130.58,8.0,1244
102822,42.0,Female,East,65447.17,Silver,Organic,8,29.0,85.75,8.1,1251
103306,44.0,Male,North,55210.01,Gold,Social_Media,9,,187.51,6.5,1778
105595,44.0,Male,West,84781.14,Bronze,Organic,11,,84.16,6.4,2406
102146,30.0,Female,East,51288.15,Silver,Organic,1,,86.53,5.9,2196
101232,,Female,South,87390.34,Bronze,Referral,6,0.0,6.64,6.8,1813
105353,50.0,Female,South,35314.71,Bronze,Email,12,,243.7,5.7,789
103341,34.0,,North,32768.12,Gold,Social_Media,14,6.0,113.25,8.8,1617
105867,35.0,Other,Central,86213.05,Platinum,Referral,7,9.0,,8.3,2428
104392,53.0,Male,North,49570.94,Gold,Organic,16,9.0,95.59,4.3,1250
100114,21.0,Female,North,,Bronze,Referral,12,8.0,41.35,9.2,440
105087,26.0,Male,East,40476.99,Gold,Organic,6,3.0,,6.6,1508
104260,34.0,Male,West,38665.48,Bronze,Email,9,43.0,107.54,8.0,656
105442,22.0,Male,South,19311.66,Gold,Organic,4,56.0,45.94,6.7,860
103196,51.0,Female,North,47395.27,Bronze,Organic,7,,88.41,8.5,1486
102457,50.0,Female,West,75699.97,Bronze,Social_Media,4,7.0,154.93,7.1,1491
102949,47.0,Male,Central,44902.79,Platinum,Paid_Ads,9,33.0,,7.5,543
101840,27.0,Male,East,48926.41,Gold,Social_Media,10,,101.65,9.3,1697
101963,35.0,Female,North,136408.43,Bronze,Referral,7,,51.03,6.5,2074
101893,24.0,Female,Central,45518.17,Bronze,Paid_Ads,11,64.0,187.94,8.3,1411
101826,,Male,South,53976.46,Bronze,Paid_Ads,6,71.0,,6.1,2301
104340,35.0,Female,North,29173.69,Platinum,Email,6,57.0,126.49,,1565
104447,43.0,Female,South,49403.36,Gold,Referral,6,53.0,170.62,,2276
103459,35.0,Male,North,,Platinum,Organic,8,46.0,264.02,2.9,2335
103536,22.0,Female,East,111785.28,Silver,Social_Media,12,10.0,112.16,7.9,2417
100253,59.0,Male,East,85244.99,Bronze,Organic,5,49.0,109.41,7.3,188
100351,42.0,Female,South,64366.97,Gold,Paid_Ads,5,79.0,61.98,7.2,743
102759,47.0,Male,South,46366.0,Bronze,Paid_Ads,10,,40.71,8.3,44
104553,30.0,Male,West,61328.98,Silver,Referral,16,,93.09,,819
100458,28.0,Male,West,61049.53,Bronze,Paid_Ads,11,28.0,36.18,4.6,803
105845,55.0,Female,West,82957.52,Silver,Social_Media,7,,84.17,9.2,1362
100480,69.0,Female,North,48463.88,Gold,Referral,2,4.0,200.14,7.8,1292
101115,39.0,Male,East,,Bronze,Paid_Ads,7,,,7.5,1171
100799,50.0,Female,West,26782.74,Bronze,Referral,8,11.0,50.39,8.1,626
104222,45.0,Female,West,54359.02,Bronze,Email,9,55.0,,8.0,2215
102674,44.0,Female,North,89962.11,Silver,Organic,8,23.0,188.33,8.4,256
103096,24.0,Male,North,,Gold,Organic,7,,267.68,9.3,1436
100027,44.0,Female,West,56390.47,Bronze,Paid_Ads,8,,173.25,6.0,1290
103076,28.0,Male,West,44641.29,Bronze,Social_Media,10,19.0,55.37,6.5,892
102751,43.0,Male,Central,23843.29,Silver,Organic,4,202.0,69.6,5.7,2129
103271,51.0,Female,West,52408.44,Bronze,Organic,10,19.0,247.53,10.0,2405
101748,42.0,Other,South,71684.72,Silver,Organic,6,23.0,,7.6,2420
101288,38.0,Female,South,1559074.5752247772,Silver,Referral,6,12.0,254.04,7.5,810
101282,18.0,,North,44296.52,Silver,Email,13,108.0,71.55,7.6,235
104935,33.0,Male,South,56270.54,Bronze,Referral,5,30.0,146.98,6.5,1881
102620,58.0,Female,North,,Gold,Paid_Ads,7,46.0,186.63,6.8,464
102064,43.0,Male,South,69200.15,Bronze,Social_Media,8,40.0,53.77,7.2,1120
102192,27.0,Female,South,116784.55,Silver,Organic,9,21.0,116.52,,511
104650,35.0,Male,Central,25479.11,Silver,Social_Media,1,57.0,59.25,7.2,2186
105155,46.0,Male,Central,26321.95,Bronze,Referral,7,15.0,104.84,10.0,1766
104718,34.0,Male,North,66593.17,Silver,Referral,9,124.0,82.14,6.9,2210
101952,41.0,Female,West,113529.31,Platinum,Organic,6,,219.19,7.1,1925
104579,32.0,Male,South,50486.53,Silver,Organic,6,,121.03,8.5,1188
102918,60.0,Male,South,69009.86,Bronze,Organic,5,44.0,58.19,,1812
104936,30.0,Male,East,24680.09,Bronze,Referral,14,,94.57,10.0,422
100608,43.0,Other,South,52779.74,Bronze,Referral,4,16.0,150.89,8.0,720
104094,24.0,,South,43198.12,Bronze,Paid_Ads,7,64.0,74.67,10.0,153
104804,50.0,,South,42047.19,Silver,Organic,10,26.0,95.31,5.1,109
103405,20.0,Female,South,29788.12,Gold,Email,5,74.0,220.35,5.9,384
105857,47.0,Female,North,84431.45,Bronze,Social_Media,12,59.0,153.34,6.3,903
103942,34.0,Female,East,37644.7,Bronze,Email,8,9.0,38.19,8.1,1319
104853,62.0,Male,East,52405.0,Bronze,Referral,3,56.0,40.24,8.1,46
105894,52.0,Female,South,91872.66,Bronze,Paid_Ads,4,3.0,109.0,6.7,1628
104507,47.0,Female,South,58906.56,Bronze,Paid_Ads,10,38.0,242.91,8.5,1176
100204,46.0,Female,East,49666.09,Silver,Email,16,48.0,113.8,7.3,1218
100340,45.0,Female,East,,Bronze,Organic,7,16.0,16.35,6.3,914
100838,55.0,Female,South,42877.51,Gold,Email,10,44.0,113.77,6.9,657
104360,61.0,Female,East,112451.64,Gold,Email,6,,,7.9,991
100388,44.0,Female,North,27520.66,Silver,Paid_Ads,9,7.0,148.05,8.3,2038
104153,43.0,Female,South,76276.68,Gold,Organic,6,23.0,124.85,8.8,1951
104823,56.0,Female,Central,53921.84,Bronze,Organic,8,47.0,,6.4,1197
102577,28.0,Male,North,24071.16,Gold,Social_Media,5,,216.03,9.1,695
103784,54.0,Male,North,40445.94,Bronze,Paid_Ads,8,,332.77,7.1,1491
103024,29.0,Male,South,66004.75,Platinum,Organic,8,13.0,291.27,8.5,217
103427,43.0,Female,South,38498.23,Gold,Organic,6,,,,513
103384,30.0,Male,South,56892.26,Silver,Referral,10,53.0,201.24,8.7,1573
104666,49.0,Male,North,,Silver,Organic,10,51.0,58.72,6.5,1755
102234,57.0,Male,East,56120.22,Bronze,Social_Media,8,,152.89,9.4,819
101651,32.0,Male,South,14033.78,Bronze,Social_Media,7,,62.66,8.2,1744
103248,22.0,Female,West,50431.02,Silver,Referral,5,,230.96,6.4,338
104907,47.0,Female,Central,88693.0,Silver,Organic,7,29.0,63.06,7.9,872
100678,43.0,Female,West,45296.82,Silver,Paid_Ads,8,,31.54,3.7,2012
103862,47.0,Male,North,23155.18,Gold,Organic,7,9.0,55.06,7.2,1383
101540,56.0,Other,East,49604.83,Gold,Paid_Ads,6,3.0,227.73,5.3,956
101917,31.0,Male,West,40032.76,Bronze,Email,11,2.0,50.61,5.2,1263
100062,34.0,Female,South,36616.73,Silver,Referral,6,1.0,93.16,6.6,1592
103660,38.0,Other,West,,Bronze,Organic,9,25.0,78.09,8.3,2082
104138,40.0,Female,West,,Silver,Organic,7,25.0,71.13,4.1,1344
104358,34.0,Male,South,51986.7,Bronze,Email,10,,290.78,4.5,2139
101481,43.0,Female,East,83488.36,Bronze,Social_Media,4,46.0,240.18,7.2,776
100791,29.0,Male,West,75734.11,Gold,Paid_Ads,9,33.0,186.59,7.3,1778
101671,37.0,Female,North,59537.23,Silver,Organic,7,11.0,231.77,10.0,1027
103209,50.0,Other,East,12475.6,Silver,Social_Media,8,93.0,98.99,7.9,1630
105435,27.0,Male,West,53114.68,Silver,Organic,4,15.0,,6.5,1321
103117,30.0,Female,West,29904.53,Bronze,Paid_Ads,6,10.0,178.87,8.5,1965
104948,42.0,Male,South,52698.36,Silver,Organic,9,,37.38,9.1,672
104236,45.0,Female,West,37551.88,Bronze,Referral,10,46.0,36.21,4.9,1435
105342,40.0,Male,Central,53472.64,Bronze,Paid_Ads,7,29.0,60.63,7.1,1294
103750,54.0,Female,North,66187.9,Bronze,Organic,6,31.0,34.85,6.2,2422
104400,23.0,,West,77462.01,Silver,Organic,11,6.0,52.14,7.8,129
102597,53.0,Female,North,54725.4,Gold,Referral,4,,103.82,7.4,1310
104005,55.0,Female,West,78678.01,Bronze,Paid_Ads,7,27.0,65.66,4.7,1384
102094,48.0,Female,East,56661.63,Silver,Referral,9,,158.02,8.6,877
100734,36.0,Female,South,29248.12,Silver,Social_Media,10,24.0,54.28,10.0,1225
103691,47.0,Male,North,70304.58,Silver,Referral,3,219.0,172.12,8.9,1796
104550,28.0,Female,Central,30262.11,Bronze,Social_Media,6,7.0,325.9,7.0,1965
103957,29.0,Male,Central,,Bronze,Organic,10,,127.02,5.0,1103
105090,62.0,Male,North,44101.08,Silver,Email,12,35.0,203.08,8.5,2133
101841,31.0,Female,Central,54448.22,Bronze,Email,4,74.0,,8.9,2091
102852,55.0,Male,West,66724.47,Bronze,Email,10,,,6.8,155
100528,40.0,Male,South,64166.91,Gold,Referral,6,7.0,51.59,,575
103304,50.0,Male,West,52590.7,Silver,Organic,13,92.0,49.55,5.7,1154
105660,40.0,,Central,52444.57,Silver,Email,5,25.0,110.2,8.3,428
102510,34.0,Female,Central,46943.8,Gold,Organic,9,,132.45,7.6,2199
102229,64.0,Male,East,40026.99,Silver,Referral,3,226.0,190.05,7.1,548
102095,39.0,Other,South,30211.01,Bronze,Organic,10,31.0,36.64,7.0,380
104336,28.0,Male,North,41863.22,Bronze,Social_Media,10,,96.04,8.8,1944
100804,43.0,,North,71339.88,Silver,Organic,2,31.0,84.55,,992
100858,43.0,Female,East,,Bronze,Social_Media,9,9.0,110.26,6.3,555
103471,19.0,Male,West,72703.55,Platinum,Organic,6,165.0,163.47,7.6,2492
102419,45.0,Female,North,85865.24,Bronze,Organic,5,41.0,39.48,7.9,1567
102755,51.0,Male,East,79914.22,Silver,Organic,9,15.0,76.59,8.1,1938
104680,25.0,Female,West,52417.21,Bronze,Organic,12,45.0,130.17,6.3,1147
101644,46.0,Female,East,37396.67,Silver,Organic,4,108.0,84.56,7.1,2410
100220,30.0,Male,South,39654.67,Bronze,Referral,9,1.0,101.33,4.9,938
105175,63.0,Male,North,27793.31,Bronze,Organic,9,53.0,154.27,6.9,2085
101289,62.0,Male,East,,Bronze,Email,4,11.0,157.02,8.7,2399
101116,39.0,Male,East,51449.93,Silver,Paid_Ads,5,59.0,47.29,6.9,759
100583,34.0,Male,South,58275.75,Gold,Organic,5,24.0,77.73,7.8,493
103162,45.0,Male,West,3073233.37789703,Bronze,Organic,9,8.0,37.49,9.2,2183
100044,41.0,Male,South,29580.33,Bronze,Referral,9,117.0,63.22,8.7,2304
105772,45.0,Female,Central,87099.24,Silver,Organic,7,46.0,177.64,8.0,205
102452,33.0,Other,Central,,Bronze,Paid_Ads,14,,,5.4,2479
105950,75.0,Male,North,,Silver,Paid_Ads,10,34.0,182.63,5.1,133
101521,23.0,,South,16527.4,Bronze,Paid_Ads,7,36.0,73.18,4.7,909
103129,29.0,Male,North,70814.64,Silver,Paid_Ads,11,102.0,,,2175
102132,66.0,Male,South,49289.92,Silver,Email,8,,110.56,,766
101745,46.0,Female,East,17839.34,Gold,Referral,4,3.0,106.92,7.4,1833
105790,54.0,Male,Central,36704.73,Bronze,Paid_Ads,7,22.0,156.06,6.5,1460
101225,27.0,Male,East,38017.32,Gold,Social_Media,4,127.0,,7.2,1399
102800,30.0,Male,West,46297.69,Silver,Social_Media,9,23.0,,6.8,2229
101072,25.0,Female,East,83493.22,Silver,Organic,8,6.0,58.99,,2154
100719,34.0,,Central,,Gold,Email,8,29.0,118.49,,1414
104357,48.0,Male,South,19487.28,Bronze,Paid_Ads,6,53.0,377.87,6.0,2223
101962,30.0,Male,North,27071.92,Silver,Referral,12,,186.72,7.3,1557
100671,47.0,Female,East,50137.11,Silver,Referral,6,16.0,117.09,5.9,1622
103894,25.0,Female,Central,56085.58,Silver,Referral,7,12.0,155.96,4.8,1815
103103,47.0,Male,East,38482.49,Bronze,Email,9,87.0,80.59,3.4,2038
102046,26.0,Female,East,63833.41,Platinum,Paid_Ads,16,,192.35,8.2,102
104798,48.0,Other,South,35676.23,Bronze,Email,6,,81.98,5.0,848
105954,43.0,Female,East,49750.15,Silver,Paid_Ads,9,5.0,165.73,8.5,557
100898,28.0,Female,South,,Silver,Paid_Ads,8,18.0,208.45,7.1,1886
101259,59.0,Male,North,101330.72,Platinum,Paid_Ads,10,41.0,226.2,9.2,2470
102856,57.0,Male,South,28637.48,Gold,Social_Media,10,17.0,,6.3,590
100096,21.0,Female,West,85618.77,Bronze,Social_Media,5,25.0,149.88,6.2,56
103022,56.0,Female,South,58887.33,Bronze,Referral,12,28.0,125.18,,430
103277,50.0,Male,East,49952.73,Gold,Referral,10,110.0,83.6,9.5,619
100843,59.0,Male,East,75680.23,Bronze,Paid_Ads,7,18.0,7.76,5.6,2024
104035,29.0,Male,South,38694.92,Silver,Paid_Ads,9,13.0,58.99,7.0,2375
102706,36.0,Male,South,43716.81,Bronze,Paid_Ads,7,14.0,83.68,8.3,1453
104976,31.0,Female,North,86444.39,Gold,Email,12,187.0,121.24,6.8,1433
102619,29.0,Other,West,55587.96,Bronze,Organic,5,32.0,38.48,8.5,1812
103419,40.0,Female,East,74580.86,Silver,Paid_Ads,10,97.0,26.24,7.7,1375
104632,19.0,Female,East,28113.09,Bronze,Organic,4,,38.81,,986
105152,37.0,Male,Central,87847.32,Silver,Organic,10,1.0,23.93,8.6,1563
100323,52.0,Male,Central,,Gold,Referral,5,8.0,129.93,7.5,1291
104356,29.0,Male,East,48980.48,Gold,Paid_Ads,7,22.0,,5.5,1833
102133,33.0,,West,30249.42,Bronze,Referral,4,8.0,194.79,7.4,1863
103728,46.0,Female,West,94254.24,Bronze,Paid_Ads,7,,47.19,7.0,2230
100335,38.0,Female,North,26137.32,Bronze,Paid_Ads,9,,163.76,6.5,883
102645,55.0,,North,67825.52,Bronze,Paid_Ads,6,33.0,145.46,7.2,2163
100333,30.0,Male,Central,48446.22,Silver,Organic,5,57.0,134.48,8.6,2235
100834,33.0,Female,South,32460.56,Silver,Organic,8,43.0,122.13,7.5,1224
102535,36.0,Male,South,56678.51,Bronze,Organic,8,118.0,111.6,4.6,1110
102168,18.0,Female,North,,Silver,Organic,9,3.0,63.72,5.0,307
102252,37.0,Other,North,50258.86,Bronze,Organic,7,58.0,50.59,7.7,1280
101887,25.0,Male,North,41056.41,Bronze,Social_Media,7,26.0,225.95,7.0,1250
102167,72.0,Male,East,53412.9,Bronze,Referral,10,,64.78,6.1,2375
100732,39.0,Male,East,51780.61,Bronze,Organic,7,,143.98,7.6,668
101696,43.0,Male,West,,Silver,Paid_Ads,17,18.0,45.17,6.9,1188
100292,40.0,Female,South,105743.09,Bronze,Referral,10,69.0,161.36,6.4,1558
100185,43.0,Female,South,85336.59,Silver,Email,14,270.0,57.77,9.5,2298
104727,34.0,Female,East,58998.0,Gold,Paid_Ads,7,4.0,118.25,7.2,1847
104764,57.0,Female,East,29782.22,Silver,Referral,9,114.0,202.42,7.7,842
103212,37.0,Female,West,40235.91,Bronze,Paid_Ads,6,,,7.5,2193
100534,43.0,Female,East,109878.2,Silver,Social_Media,11,4.0,134.26,4.4,160
102836,37.0,Female,East,25781.55,Platinum,Organic,8,61.0,183.65,9.6,1364
102716,39.0,Male,East,,Bronze,Paid_Ads,4,34.0,77.95,6.6,1785
103899,30.0,Female,West,107726.79,Bronze,Organic,6,15.0,148.87,7.5,1978
103169,27.0,Female,South,,Bronze,Organic,6,17.0,104.53,7.7,1288
100658,40.0,Female,West,,Bronze,Organic,11,,,8.0,520
101256,30.0,Female,North,47206.9,Bronze,Social_Media,7,,46.74,4.9,2459
102723,18.0,Male,Central,64490.57,Gold,Paid_Ads,9,124.0,174.24,7.0,2060
102733,59.0,Male,Central,61479.2,Bronze,Paid_Ads,4,20.0,65.23,7.7,1155
102482,27.0,Female,West,56565.09,Bronze,Organic,9,66.0,141.17,6.4,1538
105088,,Female,East,,Gold,Referral,4,0.0,159.87,9.0,1466
100899,44.0,Female,Central,34027.59,Silver,Organic,4,8.0,,6.8,1393
100429,21.0,Female,East,94746.71,Bronze,Social_Media,7,147.0,113.01,7.0,1335
105449,54.0,Male,South,22073.78,Gold,Organic,12,,80.27,7.1,2109
101993,41.0,Female,Central,179075.77,Bronze,Paid_Ads,8,14.0,68.7,8.2,760
102005,21.0,Female,East,59119.01,Gold,Organic,10,,114.46,4.5,1875
101437,33.0,Male,South,88033.76,Silver,Email,11,23.0,,6.6,1532
105430,65.0,Female,Central,74073.57,Silver,Referral,10,6.0,164.31,5.8,2115
101223,43.0,Male,North,70234.74,Gold,Organic,6,88.0,112.97,7.9,687
102888,40.0,Male,South,42321.25,Silver,Social_Media,9,71.0,52.01,8.9,2391
102338,48.0,Female,East,51881.66,Platinum,Organic,13,15.0,431.81,8.2,936
103516,34.0,Male,East,15164.65,Bronze,Referral,6,39.0,74.68,7.8,731
104520,18.0,Male,North,86743.83,Bronze,Referral,7,66.0,46.59,9.3,742
105911,57.0,Female,East,26461.79,Bronze,Organic,6,85.0,,8.0,271
104714,27.0,Female,South,63223.81,Silver,Referral,5,40.0,124.43,5.9,2195
102848,31.0,Female,Central,18173.35,Platinum,Social_Media,10,26.0,225.09,6.8,1940
104337,40.0,Female,South,39394.6,Bronze,Email,4,5.0,73.05,6.8,955
103387,38.0,Male,North,61007.5,Silver,Referral,3,,126.6,,279
101722,21.0,Female,North,58500.07,Gold,Organic,9,120.0,153.33,8.2,1253
102405,28.0,Male,South,58735.7,Bronze,Referral,6,62.0,,5.4,504
101819,44.0,Female,Central,,Silver,Organic,10,13.0,28.2,7.0,498
105419,35.0,Female,South,57185.58,Bronze,Email,8,4.0,,7.2,1490
102677,57.0,Male,South,15023.25,Silver,Social_Media,8,12.0,67.53,5.6,1610
104956,63.0,Female,North,111057.26,Silver,Organic,13,62.0,187.93,8.6,232
103613,31.0,Female,East,76976.0,Bronze,Social_Media,8,12.0,118.34,7.4,292
103729,41.0,Male,North,30685.22,Gold,Social_Media,5,87.0,219.23,6.9,393
102906,38.0,Male,West,59000.3,Platinum,Social_Media,5,46.0,129.76,7.4,1508
101411,33.0,Male,West,77995.24,Gold,Social_Media,6,1.0,297.19,7.5,2064
104343,37.0,Male,South,110907.73,Silver,Organic,9,55.0,38.16,7.8,404
104003,41.0,Male,South,27930.6,Gold,Organic,10,4.0,89.82,5.8,1296
105714,69.0,Male,East,55940.17,Bronze,Email,11,5.0,46.19,6.8,321
102165,45.0,Male,East,144931.82,Silver,Referral,12,24.0,191.63,7.1,406
101832,39.0,Male,East,140784.96,Bronze,Email,9,8.0,12.42,9.4,1351
101127,59.0,Female,South,45424.66,Silver,Social_Media,10,53.0,35.59,9.2,646
104372,31.0,Female,South,38643.77,Silver,Organic,8,63.0,248.59,8.3,189
105638,52.0,Other,North,,Silver,Organic,8,,89.28,8.2,1548
105923,71.0,Male,West,61112.07,Platinum,Email,6,19.0,158.14,5.8,2201
103781,43.0,Other,South,51283.91,Platinum,Paid_Ads,5,9.0,250.56,7.1,1419
100305,37.0,Female,South,84612.96,Bronze,Referral,9,35.0,72.23,7.5,829
101898,43.0,Female,East,77514.69,Bronze,Referral,9,45.0,91.66,6.3,2223
101293,33.0,Male,West,49664.92,Gold,Email,14,18.0,77.21,9.0,296
100071,23.0,Female,West,33264.52,Bronze,Organic,4,83.0,90.45,5.9,1771
104145,55.0,Female,Central,56868.28,Bronze,Referral,6,18.0,70.49,8.0,1641
101306,18.0,Female,East,44467.67,Platinum,Social_Media,10,20.0,373.4,4.9,2122
102781,56.0,Male,West,52621.56,Bronze,Referral,8,26.0,141.34,7.4,452
105252,55.0,Male,East,90992.43,Bronze,Social_Media,5,8.0,94.39,5.8,335
104225,30.0,Male,South,46746.29,Bronze,Paid_Ads,3,126.0,30.02,,726
101666,30.0,Male,Central,87875.65,Platinum,Social_Media,12,53.0,200.77,,1142
101341,28.0,Male,West,31148.61,Gold,Organic,5,4.0,140.92,7.7,1543
100832,57.0,Male,West,59429.47,Bronze,Email,8,44.0,220.27,7.3,1879
102572,46.0,Female,North,,Platinum,Paid_Ads,6,,183.15,10.0,1895
101457,66.0,Male,East,104957.08,Silver,Organic,8,97.0,215.5,6.9,1314
103208,42.0,Female,North,90742.87,Bronze,Paid_Ads,8,19.0,129.69,8.6,743
103247,28.0,Female,West,48793.87,Gold,Email,5,150.0,214.37,6.3,437
100239,25.0,Female,North,33978.15,Gold,Social_Media,7,9.0,262.63,8.6,1264
100093,33.0,Female,East,46594.25,Bronze,Paid_Ads,11,19.0,17.3,6.0,907
105710,28.0,Male,North,45928.18,Silver,Referral,8,67.0,65.39,7.8,1177
102945,36.0,Female,North,36611.87,Gold,Paid_Ads,5,168.0,,9.6,2120
102520,18.0,Female,West,64984.03,Gold,Paid_Ads,7,110.0,181.9,7.5,1058
102772,45.0,Male,Central,83432.71,Gold,Paid_Ads,3,,125.74,6.1,2408
102604,40.0,Male,South,52747.35,Gold,Paid_Ads,4,43.0,88.53,7.0,1788
105307,40.0,Male,East,45872.79,Silver,Organic,6,,207.58,6.1,1758
103440,,Male,South,59676.54,Silver,Organic,5,19.0,111.1,5.5,97
101002,29.0,Male,East,36287.42,Silver,Social_Media,6,,97.84,6.0,2245
102043,61.0,,South,76146.85,Bronze,Referral,7,22.0,99.45,8.5,572
105179,18.0,Female,West,,Gold,Email,9,62.0,199.86,6.0,1355
103429,61.0,Male,Central,32144.76,Silver,Organic,5,25.0,110.92,6.7,396
102616,30.0,Female,North,46732.78,Silver,Paid_Ads,8,19.0,66.87,6.9,1420
101505,35.0,Male,South,60097.31,Bronze,Organic,9,58.0,111.46,,582
100958,65.0,Female,North,71651.06,Bronze,Social_Media,8,45.0,101.28,7.3,186
103802,29.0,Male,South,,Gold,Organic,12,14.0,262.36,8.9,925
105313,150.0,Male,East,40736.47,Bronze,Referral,6,57.0,,6.5,1250
104762,72.0,Male,Central,57067.83,Silver,Paid_Ads,7,50.0,32.97,6.7,207
101533,50.0,Male,North,27607.27,Bronze,Social_Media,4,,216.12,8.1,511
102303,18.0,Female,South,69904.38,Silver,Social_Media,7,,23.19,5.8,1212
100412,18.0,Female,South,55983.72,Gold,Paid_Ads,3,,181.96,6.1,2442
101406,46.0,Female,North,47911.28,Bronze,Email,10,26.0,12.01,8.2,2216
103348,40.0,Male,South,54349.6,Silver,Organic,6,,158.15,8.9,294
105759,42.0,Male,North,49998.72,Bronze,Social_Media,5,67.0,24.15,8.5,2373
101789,42.0,Male,South,46602.35,Bronze,Paid_Ads,7,,63.25,,323
102882,49.0,Female,Central,52461.49,Silver,Paid_Ads,4,,110.78,8.1,392
103051,50.0,Male,East,30229.43,Bronze,Paid_Ads,5,39.0,176.32,8.5,832
102088,32.0,Male,North,,Silver,Organic,9,,96.84,7.9,1046
101035,32.0,Male,West,44054.08,Gold,Organic,12,,231.24,7.1,885
105264,44.0,Male,West,91213.1,Gold,Organic,9,11.0,250.53,,883
105886,,Male,West,88299.12,Gold,Email,6,94.0,168.35,6.6,2153
105221,49.0,,North,46826.48,Bronze,Social_Media,8,,109.95,7.3,2169
100932,43.0,Male,West,78109.43,Bronze,Referral,13,8.0,,7.1,570
105472,32.0,Male,North,116053.84,Bronze,Paid_Ads,8,,80.65,6.8,2318
103329,30.0,Female,Central,23434.75,Gold,Paid_Ads,7,37.0,78.0,7.9,101
100634,18.0,,South,29696.14,Gold,Organic,9,,309.36,7.7,558
101742,56.0,Female,East,69951.47,Bronze,Paid_Ads,12,,74.63,8.9,223
100499,18.0,Female,East,66373.5,Bronze,Paid_Ads,10,53.0,,6.8,1249
100938,37.0,Male,East,42340.8,Gold,Organic,10,,95.85,6.6,319
100416,40.0,Female,East,34324.96,Silver,Social_Media,8,20.0,200.41,8.6,160
102329,40.0,Male,Central,38225.25,Bronze,Paid_Ads,7,81.0,62.44,6.0,1890
103280,33.0,Male,South,50138.82,Platinum,Organic,9,22.0,107.52,6.8,1113
103587,26.0,Male,South,87757.6,Bronze,Organic,16,,,5.3,673
104368,36.0,Male,West,51255.81,Gold,Email,10,47.0,,7.9,315
104913,42.0,Male,East,118824.78,Bronze,Social_Media,8,123.0,30.56,5.7,1348
100758,48.0,Female,North,,Gold,Email,4,,60.89,4.0,2287
101617,73.0,Female,South,98424.85,Bronze,Email,6,14.0,,6.6,830
101042,50.0,Female,Central,90907.76,Gold,Paid_Ads,1,83.0,103.6,9.2,2003
103632,52.0,Female,North,115635.39,Silver,Referral,13,,112.44,6.0,1132
104654,33.0,Male,South,48163.76,Gold,Email,7,53.0,189.23,8.8,879
104465,,Male,East,174820.59,Bronze,Paid_Ads,8,97.0,384.75,6.9,1309
102463,36.0,Female,East,29599.21,Silver,Organic,9,32.0,69.89,8.1,157
100597,32.0,,Central,48731.41,Bronze,Social_Media,7,63.0,127.02,5.7,775
104044,21.0,Female,South,141998.6,Silver,Referral,8,,91.83,8.8,463
102764,49.0,Female,East,2744132.4956728336,Gold,Social_Media,8,,156.32,7.7,258
101069,55.0,Other,Central,52129.81,Silver,Referral,7,29.0,182.63,,1705
102196,18.0,Female,West,40782.37,Bronze,Paid_Ads,5,41.0,147.14,9.2,438
103040,37.0,Female,South,,Bronze,Paid_Ads,10,34.0,197.0,8.4,1168
105605,37.0,Female,South,40978.72,Silver,Organic,6,,96.66,7.2,1169
103228,37.0,Male,West,37504.26,Bronze,Paid_Ads,8,,44.96,5.9,963
100653,58.0,Male,North,37172.88,Silver,Paid_Ads,10,11.0,56.32,8.4,2110
104625,60.0,Other,Central,,Bronze,Organic,5,60.0,139.07,3.0,890
105332,43.0,,North,26296.15,Bronze,Referral,8,50.0,64.91,6.5,1594
105168,25.0,Female,South,60826.09,Silver,Social_Media,9,,39.39,9.7,716
102717,39.0,Female,West,41633.23,Silver,Email,4,27.0,105.47,10.0,1534
104854,18.0,Female,East,,Bronze,Paid_Ads,11,,53.78,8.3,1153
105902,34.0,Female,West,56712.11,Bronze,Social_Media,6,15.0,39.97,5.7,1308
102700,28.0,Male,South,,Bronze,Paid_Ads,11,27.0,124.72,8.1,2237
104546,38.0,Male,South,34541.2,Silver,Referral,10,54.0,97.78,4.8,1431
100076,46.0,Male,North,16869.75,Silver,Organic,6,9.0,89.67,7.5,1912
103667,38.0,Male,East,38232.67,Bronze,Referral,7,25.0,191.35,7.9,103
105925,23.0,Male,West,50272.1,Bronze,Organic,7,,103.34,8.1,1332
102930,34.0,Male,North,39711.03,Platinum,Organic,9,,168.98,8.0,30
105529,35.0,Female,North,43524.38,Bronze,Social_Media,11,95.0,235.1,7.8,1992
105956,40.0,Female,South,,Silver,Social_Media,4,57.0,201.33,7.8,1094
103804,42.0,Male,East,23266.54,Bronze,Referral,5,4.0,81.07,7.7,1276
105026,18.0,Male,East,44112.72,Silver,Referral,5,90.0,259.91,6.4,2220
105283,26.0,Male,West,51120.46,Gold,Organic,5,66.0,110.69,8.2,635
102485,37.0,Female,West,56283.26,Gold,Organic,8,8.0,165.55,8.7,1523
104792,18.0,Female,East,25023.91,Platinum,Organic,11,,242.09,7.7,1134
101011,23.0,,East,28153.03,Gold,Paid_Ads,7,47.0,206.73,8.1,1409
101030,51.0,Male,West,68048.28,Silver,Paid_Ads,11,94.0,60.6,8.3,1556
102843,,Other,South,41820.91,Bronze,Social_Media,4,,94.17,4.5,1172
100829,53.0,Female,South,45266.34,Bronze,Paid_Ads,4,19.0,52.33,4.7,1551
102707,43.0,Male,East,49157.85,Bronze,Paid_Ads,6,54.0,144.65,8.8,1368
101877,47.0,Female,West,45021.69,Silver,Email,12,1.0,200.28,7.2,897
100097,22.0,Male,West,,Bronze,Referral,11,,124.17,8.3,1952
103379,26.0,Female,Central,132133.57,Silver,Referral,10,36.0,131.83,5.4,2131
104598,42.0,,West,50564.92,Silver,Social_Media,8,,93.4,6.9,1008
104596,48.0,Female,South,,Gold,Social_Media,9,,113.86,8.3,2309
104842,26.0,Female,East,48748.12,Bronze,Organic,6,16.0,137.45,7.7,429
101201,22.0,,South,79303.01,Silver,Organic,12,71.0,,6.3,1844
100622,38.0,Male,Central,33184.36,Gold,Referral,12,1.0,108.85,6.9,2426
105454,26.0,Female,West,34581.98,Silver,Referral,12,,29.35,6.3,903
101413,19.0,Female,North,43834.4,Bronze,Social_Media,6,1.0,66.89,,498
100567,36.0,Female,West,91723.13,Bronze,Social_Media,5,14.0,153.65,8.6,1299
100544,36.0,Other,North,87057.03,Silver,Organic,11,20.0,128.3,8.4,1622
101335,43.0,Female,East,,Silver,Paid_Ads,5,8.0,83.03,5.4,2497
104300,36.0,Male,South,48607.55,Bronze,Paid_Ads,11,119.0,46.94,5.8,1461
100052,46.0,Female,Central,45231.58,Silver,Paid_Ads,7,20.0,31.44,7.8,1352
105047,49.0,Male,South,54065.71,Bronze,Organic,8,,,6.6,1418
102068,38.0,Male,East,33243.84,Platinum,Social_Media,11,74.0,170.19,6.2,1739
103873,32.0,,West,73563.4,Silver,Organic,11,4.0,151.35,8.7,731
101559,48.0,Female,East,43693.05,Platinum,Organic,13,207.0,166.37,7.5,811
100746,49.0,,West,62846.86,Gold,Social_Media,8,14.0,203.38,8.8,2321
104526,24.0,Male,East,73243.87,Bronze,Social_Media,8,152.0,,9.3,1551
104672,33.0,Female,Central,43857.24,Gold,Paid_Ads,6,122.0,116.27,7.4,2378
101468,22.0,Female,West,79052.66,Bronze,Email,5,14.0,444.07,9.1,608
104463,51.0,,Central,86521.38,Silver,Organic,7,,92.1,6.2,343
100196,27.0,Female,South,50893.46,Silver,Organic,7,22.0,62.96,7.7,2284
103401,43.0,Male,East,,Bronze,Paid_Ads,5,,160.52,7.4,1484
104268,42.0,Male,North,66090.69,Bronze,Paid_Ads,6,,37.93,8.6,995
103780,18.0,Male,East,,Gold,Organic,7,42.0,137.25,7.5,1163
100803,42.0,Male,South,51255.02,Gold,Paid_Ads,5,1.0,128.65,4.7,1881
101619,42.0,Male,West,48302.71,Bronze,Paid_Ads,12,17.0,8.18,6.3,1432
105187,45.0,Female,West,69440.99,Gold,Organic,6,31.0,183.57,8.7,542
104438,48.0,Female,East,40766.09,Silver,Email,6,55.0,93.72,7.2,1566
100621,33.0,Female,South,50862.05,Bronze,Email,13,12.0,6.56,6.6,705
105340,52.0,Female,West,61407.01,Gold,Paid_Ads,4,,118.06,8.0,1005
104149,37.0,,Central,58805.19,Silver,Paid_Ads,9,57.0,23.06,6.6,1663
103627,39.0,Female,South,,Gold,Social_Media,11,6.0,197.32,7.3,139
104113,30.0,Male,South,50632.92,Gold,Referral,10,,75.77,5.5,2313
103407,47.0,Female,West,48871.85,Silver,Social_Media,8,153.0,135.61,8.9,2431
103385,37.0,Male,South,81131.44,Platinum,Email,7,17.0,199.34,7.8,1805
100645,34.0,Female,Central,,Bronze,Organic,11,17.0,78.37,7.6,1744
102790,33.0,Female,East,46287.33,Bronze,Organic,8,84.0,94.77,7.1,1629
105437,31.0,Other,East,68079.11,Bronze,Paid_Ads,3,88.0,402.39,9.7,1734
101790,50.0,,South,46182.51,Bronze,Paid_Ads,9,33.0,,7.2,719
101062,55.0,Male,South,39742.82,Silver,Organic,6,26.0,118.62,6.6,1356
104158,54.0,Female,North,61537.04,Bronze,Referral,5,109.0,172.15,6.9,1853
104600,61.0,Female,South,,Bronze,Referral,8,11.0,21.32,5.6,2399
100121,26.0,Male,Central,133160.39,Bronze,Paid_Ads,13,,83.48,,52
102917,57.0,Male,South,70022.9,Gold,Referral,7,10.0,102.43,7.3,1311
103881,32.0,Male,South,136763.85,Silver,Referral,8,70.0,171.85,7.9,1116
104130,26.0,Male,East,100835.32,Gold,Organic,7,33.0,195.44,7.1,2055
104820,,,Central,45281.86,Bronze,Paid_Ads,8,2.0,146.24,7.1,464
103195,37.0,Female,West,23422.67,Gold,Organic,3,,196.12,8.5,2075
101231,31.0,Male,East,46522.67,Silver,Organic,12,3.0,157.18,8.4,703
102761,,Male,West,102552.66,Bronze,Organic,6,26.0,,,1755
105538,18.0,Female,Central,,Bronze,Email,4,31.0,82.77,8.2,1586
105575,51.0,Male,North,47679.81,Silver,Paid_Ads,10,46.0,157.25,7.0,1864
105953,18.0,Female,East,65266.12,Silver,Organic,8,41.0,93.16,6.6,2093
103307,44.0,Female,North,,Bronze,Social_Media,8,2.0,,5.4,1213
100135,20.0,Male,South,75449.98,Bronze,Paid_Ads,6,,111.49,7.2,1427
103484,54.0,Female,North,57441.53,Platinum,Paid_Ads,4,4.0,,6.2,924
102580,54.0,Female,Central,115041.16,Silver,Organic,14,38.0,120.64,8.5,396
102841,,Male,East,22110.89,Silver,Paid_Ads,10,15.0,285.72,7.7,2148
103793,34.0,Female,East,23835.31,Bronze,Social_Media,13,26.0,67.46,7.4,1408
105717,38.0,Male,North,40389.2,Gold,Social_Media,6,170.0,112.7,7.6,1846
102219,30.0,Female,Central,78947.65,Bronze,Social_Media,10,145.0,,8.3,824
100512,34.0,Male,South,39770.56,Silver,Social_Media,9,23.0,33.45,6.0,405
105985,18.0,Female,South,45261.17,Bronze,Organic,6,17.0,103.73,6.4,1639
100063,40.0,Female,Central,58102.21,Gold,Paid_Ads,8,101.0,64.19,7.3,1448
101554,34.0,Male,South,73247.52,Silver,Organic,8,77.0,191.4,8.0,1011
103771,33.0,Male,West,90103.57,Gold,Email,7,5.0,,5.3,1607
105217,29.0,Male,South,,Silver,Referral,5,6.0,126.29,4.7,50
105589,36.0,Female,North,,Gold,Social_Media,5,8.0,93.56,6.7,2154
101719,45.0,Female,East,51653.24,Bronze,Social_Media,6,12.0,52.94,6.3,1534
102861,20.0,Male,North,107751.94,Bronze,Paid_Ads,12,1.0,32.27,8.5,844
104371,19.0,Male,West,64869.74,Bronze,Organic,6,,,5.3,2133
102096,47.0,Other,West,,Gold,Paid_Ads,11,21.0,,7.3,1561
100680,36.0,Female,West,120301.39,Silver,Email,6,49.0,165.32,7.0,2269
103687,23.0,Female,West,62650.68,Silver,Social_Media,11,,116.81,5.3,1915
101212,32.0,Female,East,32607.75,Gold,Social_Media,11,8.0,88.91,7.7,1099
100123,41.0,Male,Central,82863.09,Bronze,Paid_Ads,7,,206.53,7.9,2240
102642,37.0,Female,East,118095.09,Gold,Organic,8,,125.28,8.9,512
103086,47.0,Other,South,63251.09,Silver,Referral,9,17.0,87.52,7.8,543
104078,32.0,Female,South,107723.57,Bronze,Social_Media,12,42.0,209.07,9.8,479
104918,37.0,Male,Central,93839.01,Bronze,Email,6,,94.59,6.0,2458
103177,48.0,Female,South,,Gold,Referral,5,,244.08,7.8,289
101211,,Male,West,47332.3,Bronze,Email,8,,,5.1,585
100568,30.0,Male,East,,Gold,Organic,8,60.0,,8.7,2288
103430,48.0,Male,North,30206.98,Bronze,Paid_Ads,9,40.0,86.29,6.1,2117
100549,46.0,Female,South,15132.35,Bronze,Paid_Ads,8,4.0,17.21,6.8,1858
100865,30.0,Male,South,47566.12,Bronze,Referral,8,42.0,93.29,8.1,1485
104540,46.0,Male,East,39827.17,Silver,Social_Media,9,49.0,38.19,7.4,1786
101393,31.0,Male,East,,Platinum,Email,12,1.0,177.18,7.1,996
105726,40.0,Female,South,17058.21,Silver,Organic,10,,63.8,7.6,461
102403,41.0,Male,North,45400.03,Gold,Referral,11,,85.98,8.2,1192
103985,,Female,South,83244.03,Bronze,Referral,12,,194.69,8.2,2423
102058,18.0,Male,Central,95661.15,Gold,Social_Media,12,,127.57,5.8,1076
104771,40.0,Female,North,72327.36,Bronze,Organic,9,130.0,51.51,8.1,1318
100721,37.0,Male,North,107174.25,Gold,Social_Media,5,44.0,55.91,7.9,2065
103838,36.0,Female,North,45621.23,Silver,Social_Media,11,14.0,126.09,6.9,694
102883,47.0,Male,Central,,Platinum,Social_Media,15,,102.17,7.0,729
100691,42.0,Female,North,48449.92,Silver,Paid_Ads,10,,106.05,10.0,1834
100603,53.0,,East,,Gold,Paid_Ads,11,40.0,95.28,6.7,1461
102216,38.0,Female,South,,Silver,Organic,9,213.0,136.43,,232
104968,25.0,Female,North,34420.01,Gold,Paid_Ads,8,53.0,177.97,7.0,1162
105376,49.0,Male,East,20110.52,Silver,Social_Media,8,,285.94,7.3,1767
105016,33.0,Female,East,,Silver,Referral,6,27.0,147.53,7.7,2246
105578,32.0,Male,South,45032.7,Bronze,Social_Media,4,7.0,149.0,7.9,1569
100504,20.0,Female,North,76204.08,Silver,Organic,9,0.0,73.71,6.9,1591
104503,22.0,Male,North,40607.39,Gold,Referral,10,44.0,132.55,9.7,1532
100319,50.0,Female,West,35810.95,Silver,Email,9,8.0,33.16,9.9,912
105879,53.0,Female,North,46877.72,Bronze,Organic,13,72.0,,6.3,2171
105514,31.0,Female,South,58977.09,Gold,Organic,8,24.0,107.81,7.2,1582
100275,57.0,Male,Central,51266.65,Silver,Paid_Ads,4,226.0,230.65,7.7,1949
105156,27.0,Male,South,57479.18,Platinum,Referral,8,,98.38,7.2,1199
103621,42.0,Male,West,,Silver,Organic,8,31.0,73.64,8.5,2005
101362,49.0,Female,Central,45122.19,Silver,Referral,7,,68.45,7.7,803
104196,28.0,Female,South,68698.77,Gold,Email,9,,90.54,7.5,513
101527,52.0,Male,Central,44048.87,Silver,Paid_Ads,7,12.0,166.85,6.9,2324
102367,51.0,Female,Central,41941.64,Bronze,Paid_Ads,10,12.0,102.79,7.4,663
103376,31.0,Other,West,64781.97,Bronze,Paid_Ads,5,83.0,101.18,7.2,941
104161,22.0,Male,South,36067.36,Bronze,Paid_Ads,14,41.0,115.87,10.0,2161
102292,52.0,Male,East,109601.34,Gold,Social_Media,9,4.0,174.05,6.9,1888
103289,33.0,Male,West,76417.54,Silver,Organic,12,13.0,33.52,4.8,183
103876,43.0,Female,West,,Bronze,Organic,5,72.0,,5.5,836
103559,45.0,Female,North,44946.71,Bronze,Email,9,,,8.1,2473
105158,44.0,Male,East,,Silver,Social_Media,5,24.0,129.0,8.2,405
100946,34.0,Male,Central,92948.38,Silver,Organic,4,,45.26,8.4,443
104717,48.0,Male,East,68594.37,Gold,Social_Media,8,81.0,43.42,4.6,1390
105782,20.0,,Central,25827.49,Bronze,Social_Media,7,61.0,,3.8,204
100296,40.0,Female,South,,Silver,Referral,8,73.0,44.13,9.6,2324
103167,27.0,Female,North,,Bronze,Paid_Ads,9,66.0,93.97,7.2,2413
102183,18.0,Male,Central,65393.73,Platinum,Paid_Ads,4,38.0,142.2,6.9,635
100299,18.0,Male,North,84213.05,Silver,Referral,13,179.0,127.89,6.6,698
100069,48.0,Male,East,32245.8,Gold,Organic,4,118.0,127.98,7.7,1569
104393,25.0,Male,West,69578.62,Bronze,Paid_Ads,11,4.0,,9.6,2216
100737,47.0,Female,West,120971.17,Silver,Organic,6,,278.14,5.8,671
103476,45.0,Female,North,48019.06,Platinum,Organic,9,,158.46,7.3,647
104267,28.0,Male,West,,Gold,Paid_Ads,6,,88.76,7.5,1397
102989,41.0,Female,Central,34594.61,Silver,Paid_Ads,6,3.0,176.59,7.9,863
103647,55.0,Female,North,,Silver,Organic,5,,80.99,7.5,1874
101504,42.0,Female,South,,Bronze,Referral,12,,263.01,7.4,1420
102073,18.0,Male,South,29088.27,Gold,Organic,9,66.0,183.41,5.7,953
100151,36.0,Female,Central,40589.53,Silver,Organic,8,,70.34,6.8,1439
100757,27.0,Male,North,44168.32,Bronze,Organic,6,24.0,80.16,7.8,539
105899,43.0,Other,South,,Silver,Referral,8,8.0,78.78,5.0,1635
103502,54.0,,Central,38569.01,Bronze,Referral,13,36.0,107.92,6.8,1158
101704,18.0,Male,South,,Silver,Paid_Ads,8,126.0,47.25,6.7,1209
105467,48.0,Female,West,31015.18,Platinum,Organic,8,26.0,,6.2,2139
102105,35.0,Female,West,52993.55,Platinum,Referral,4,,141.61,5.9,1210
100170,,,Central,138336.57,Silver,Paid_Ads,7,41.0,130.51,5.7,73
102155,41.0,Female,East,,Bronze,Paid_Ads,6,52.0,,6.0,1253
100377,36.0,Female,West,24383.37,Bronze,Organic,6,27.0,,7.4,1582
102026,20.0,Male,East,71432.73,Silver,Social_Media,5,,31.17,6.9,1771
100860,46.0,Female,Central,67186.41,Bronze,Email,6,94.0,265.34,6.9,238
102688,35.0,Male,Central,42069.05,Silver,Social_Media,5,,,6.1,1452
105036,20.0,,North,103222.74,Platinum,Paid_Ads,4,2.0,126.96,5.5,390
105349,44.0,Female,South,68991.42,Bronze,Referral,10,39.0,114.0,8.1,2036
100379,57.0,Female,South,62665.31,Silver,Organic,14,35.0,43.93,7.9,1146
104784,42.0,Male,North,,Bronze,Paid_Ads,11,72.0,299.26,8.9,1151
105457,18.0,Female,East,40877.79,Gold,Paid_Ads,6,12.0,94.81,6.8,59
101295,41.0,Male,East,36834.66,Bronze,Paid_Ads,9,71.0,47.8,7.9,888
104972,21.0,Female,East,,Bronze,Organic,5,32.0,253.44,8.1,1113
101433,28.0,Female,West,103778.48,Silver,Social_Media,3,92.0,250.92,8.4,2180
105326,58.0,Female,East,,Silver,Paid_Ads,12,64.0,92.38,10.0,1227
105860,54.0,Male,West,59415.83,Silver,Social_Media,10,,106.97,6.0,1800
102943,38.0,Female,Central,89777.62,Gold,Email,6,,66.67,8.0,1690
101780,56.0,Male,East,,Silver,Social_Media,8,37.0,67.97,6.9,1308
103389,,Other,Central,64440.75,Silver,Paid_Ads,9,,27.04,5.8,2287
105163,57.0,Male,North,35888.47,Gold,Social_Media,6,2.0,162.25,,2107
105136,34.0,Male,North,,Silver,Organic,7,70.0,151.74,9.1,1543
103544,43.0,Male,South,40749.44,Gold,Email,16,11.0,90.91,9.1,2086
100842,38.0,Female,West,37961.4,Silver,Paid_Ads,8,9.0,42.72,8.9,1055
102573,56.0,Male,East,,Silver,Organic,6,10.0,72.04,8.0,952
101190,36.0,Male,West,41870.84,Platinum,Referral,3,52.0,147.38,7.8,1793
100176,40.0,Female,Central,60471.37,Gold,Referral,13,1.0,66.27,7.2,1803
104776,47.0,Male,Central,82407.36,Silver,Paid_Ads,7,39.0,213.5,7.7,2140
100928,43.0,Male,East,48849.55,Gold,Organic,10,50.0,,5.2,1172
103259,27.0,Male,West,26230.71,Silver,Paid_Ads,5,3.0,108.09,8.9,48
100046,41.0,Female,East,52739.2,Silver,Referral,7,59.0,56.62,7.3,2006
101261,50.0,Female,South,55980.01,Bronze,Social_Media,9,17.0,29.85,9.3,1894
101097,57.0,Male,North,30061.0,Gold,Paid_Ads,6,,4021.383342240435,9.0,1045
101444,55.0,Male,East,32822.8,Silver,Paid_Ads,7,,31.26,6.6,214
102108,25.0,Female,East,85953.27,Silver,Organic,12,15.0,54.01,7.7,1362
105004,43.0,Male,South,73289.66,Silver,Organic,11,22.0,67.05,6.5,1246
101188,42.0,Male,South,74575.06,Silver,Referral,8,,205.42,8.6,1795
105094,38.0,Male,North,26685.16,Gold,Paid_Ads,8,11.0,151.31,7.4,2447
103788,39.0,Male,East,,Bronze,Email,12,38.0,19.59,9.3,863
101031,52.0,Male,Central,49950.98,Silver,Referral,8,28.0,264.79,8.0,2145
104818,36.0,Female,East,33633.19,Gold,Organic,7,21.0,194.03,7.4,670
100301,59.0,Male,East,109836.11,Silver,Email,8,34.0,42.11,4.1,138
102524,18.0,Male,North,44413.1,Platinum,Social_Media,9,,217.32,9.9,218
101473,38.0,Male,East,,Bronze,Organic,7,,59.92,6.9,1193
100284,43.0,Female,Central,32222.79,Platinum,Organic,10,136.0,190.36,7.6,965
104383,44.0,Male,West,130551.22,Silver,Organic,4,4.0,133.11,8.3,2059
102481,60.0,Male,West,48930.15,Platinum,Paid_Ads,9,107.0,168.18,5.9,1750
104756,31.0,Male,South,41753.15,Bronze,Organic,2,9.0,49.68,6.7,1086
103347,41.0,Male,South,38348.61,Bronze,Social_Media,5,62.0,26.11,9.6,664
101814,38.0,Male,South,74736.0,Silver,Email,6,74.0,207.76,,644
103888,33.0,Female,North,103331.95,Bronze,Social_Media,5,56.0,197.64,6.9,2387
104314,41.0,Male,West,89962.48,Bronze,Paid_Ads,10,,,8.4,729
104142,75.0,Female,East,78781.53,Gold,Organic,7,233.0,66.26,7.7,303
105062,48.0,Other,East,52672.95,Silver,Organic,7,44.0,192.22,6.4,475
104828,35.0,Male,South,36961.59,Platinum,Organic,8,45.0,269.45,6.8,95
102933,52.0,Female,East,,Silver,Email,12,,49.87,8.0,1703
102120,47.0,Male,North,76105.14,Bronze,Social_Media,9,,297.58,9.0,2069
105658,34.0,Male,North,59330.62,Gold,Referral,3,58.0,,5.9,1080
104815,40.0,Male,East,140673.23,Gold,Paid_Ads,9,1.0,,8.2,749
103808,40.0,,South,81041.57,Silver,Referral,7,31.0,86.45,6.5,511
105706,41.0,Other,North,26620.69,Silver,Organic,8,71.0,46.23,,1721
105775,68.0,Male,South,,Bronze,Social_Media,11,,48.43,7.8,2389
102331,27.0,Male,South,31736.71,Bronze,Social_Media,3,16.0,47.86,4.0,341
102030,32.0,Male,North,,Gold,Organic,10,,91.46,8.2,428
105465,26.0,Female,East,24284.61,Bronze,Paid_Ads,8,6.0,53.1,9.5,1683
100258,33.0,Male,South,54478.18,Platinum,Referral,9,,93.42,7.1,257
100508,43.0,Female,Central,56866.34,Silver,Paid_Ads,7,91.0,121.95,6.5,567
101943,23.0,Female,South,75775.69,Platinum,Referral,15,29.0,155.64,8.0,796
100100,27.0,Female,South,53112.19,Bronze,Organic,6,56.0,32.09,8.2,2128
102956,26.0,Female,South,25538.55,Silver,Referral,12,12.0,133.29,8.1,1406
100745,39.0,Male,West,68616.1,Bronze,Social_Media,8,39.0,67.94,7.5,271
104571,37.0,Female,North,87170.33,Silver,Referral,12,55.0,120.92,6.4,565
105553,,Female,North,47053.4,Bronze,Referral,10,,51.69,10.0,526
101376,42.0,Male,West,39079.81,Gold,Paid_Ads,8,33.0,101.81,5.0,2044
103867,43.0,Male,Central,22253.76,Bronze,Referral,7,,37.18,6.0,2088
103820,34.0,Male,South,33426.99,Gold,Email,8,6.0,107.96,5.9,697
103683,40.0,Male,South,54759.33,Bronze,Referral,6,4.0,31.25,5.8,1077
101955,41.0,Male,North,45352.93,Gold,Organic,6,27.0,231.64,4.1,359
104747,47.0,Male,North,33116.42,Gold,Social_Media,7,,98.17,8.2,1740
101158,56.0,Female,South,60667.84,Silver,Paid_Ads,8,34.0,204.68,7.3,1374
104369,36.0,Female,South,,Bronze,Paid_Ads,6,8.0,167.05,6.8,1003
103366,23.0,Other,Central,26371.27,Bronze,Referral,9,25.0,121.07,3.6,237
104906,53.0,Female,East,37383.71,Bronze,Organic,7,,,8.2,768
101438,18.0,Female,South,56961.07,Silver,Organic,4,9.0,77.55,6.1,371
100367,29.0,Male,North,117024.69,Bronze,Social_Media,6,90.0,117.56,9.3,273
104814,38.0,Male,North,143111.69,Platinum,Social_Media,4,316.0,163.26,6.1,1043
102942,53.0,Male,West,52443.95,Silver,Organic,7,,453.0,8.3,431
100403,48.0,Male,South,54766.55,Bronze,Email,9,,201.56,5.0,1902
104645,37.0,Female,East,61646.64,Silver,Organic,8,47.0,50.99,4.8,1902
105655,31.0,Female,South,38513.94,Silver,Social_Media,9,,94.48,6.0,2401
100950,18.0,Male,North,76500.18,Gold,Referral,5,4.0,81.53,8.8,52
102782,30.0,Female,North,,Bronze,Paid_Ads,6,,,,297
100020,37.0,Female,East,50294.97,Platinum,Referral,6,58.0,225.67,7.6,2200
100230,35.0,Male,South,51184.57,Gold,Email,5,14.0,77.43,7.8,680
104188,34.0,Female,South,31560.17,Bronze,Organic,9,8.0,,6.7,1564
100669,32.0,,West,51500.33,Bronze,Social_Media,2,52.0,4038.3724413581836,6.1,445
100219,36.0,Female,North,81375.48,Bronze,Social_Media,7,0.0,155.86,6.9,2246
105008,43.0,,North,44127.64,Bronze,Social_Media,9,12.0,64.4,8.8,824
104025,27.0,Female,East,95021.13,Bronze,Social_Media,6,5.0,,6.1,87
103572,47.0,Male,South,22357.08,Silver,Organic,7,100.0,58.02,8.8,1689
102514,48.0,Female,East,41048.65,Bronze,Organic,10,4.0,273.3,6.6,1101
104391,40.0,Female,Central,81619.08,Bronze,Social_Media,9,48.0,85.51,7.1,2271
100586,62.0,Female,South,45954.61,Silver,Organic,9,68.0,174.86,6.7,2082
101913,45.0,Male,South,50364.02,Silver,Organic,4,81.0,421.3,8.8,1553
105378,34.0,Female,East,81766.28,Gold,Organic,4,42.0,91.01,9.9,1692
104432,18.0,Female,North,54195.23,Bronze,Social_Media,14,20.0,156.64,7.1,918
104348,18.0,Other,North,43518.62,Bronze,Organic,5,,106.36,7.8,1949
103830,24.0,Female,East,45501.31,Bronze,Referral,8,80.0,91.63,9.4,1622
103480,38.0,Male,West,76885.3,Silver,Organic,2,1.0,,6.9,1958
104578,18.0,Male,South,68541.5,Silver,Referral,6,,,7.5,2203
100778,43.0,Female,West,51913.6,Silver,Organic,9,24.0,90.9,8.3,485
102315,44.0,Female,South,41223.96,Bronze,Paid_Ads,6,,24.96,6.5,768
101019,34.0,Male,North,37676.77,Gold,Paid_Ads,6,27.0,76.49,7.2,883
101607,44.0,Male,Central,50249.55,Silver,Organic,6,80.0,45.96,4.6,475
102506,49.0,Female,South,55404.16,Gold,Paid_Ads,7,,,8.7,746
102808,18.0,Female,East,48121.31,Platinum,Paid_Ads,4,22.0,,7.2,1487
104589,18.0,Female,North,,Silver,Email,9,,120.1,7.8,434
103214,26.0,Female,North,93051.86,Gold,Organic,14,5.0,97.73,7.2,1736
101492,38.0,Female,North,49412.83,Platinum,Referral,8,22.0,146.51,9.1,386
104985,21.0,Female,East,34517.36,Platinum,Referral,3,60.0,120.15,7.1,2024
105248,51.0,Male,West,31105.1,Bronze,Social_Media,7,49.0,148.53,,786
104341,18.0,Female,East,79318.18,Platinum,Organic,11,,105.86,5.8,401
103661,38.0,Male,South,53225.38,Bronze,Organic,9,10.0,230.37,9.5,1661
104488,25.0,Female,East,89892.56,Bronze,Organic,8,47.0,71.22,7.4,1290
102878,32.0,Other,West,,Bronze,Paid_Ads,8,73.0,273.54,7.7,1118
101594,29.0,Male,Central,44844.04,Platinum,Organic,12,2.0,300.68,7.4,291
100518,30.0,Female,South,36412.33,Silver,Social_Media,7,97.0,49.89,5.6,471
100322,36.0,Male,South,48355.81,Gold,Referral,11,,129.89,7.0,380
105265,26.0,Female,West,51011.95,Bronze,Organic,7,1.0,136.0,6.3,379
105636,18.0,Female,East,79138.3,Bronze,Email,13,28.0,116.32,7.5,2197
104100,35.0,Male,North,42023.32,Platinum,Paid_Ads,6,6.0,404.12,7.2,2340
103690,54.0,Other,North,,Platinum,Organic,8,64.0,222.68,8.5,544
100218,54.0,Female,West,40226.01,Gold,Paid_Ads,14,3.0,85.76,4.4,1521
102656,31.0,Male,Central,57679.29,Bronze,Organic,9,0.0,140.15,,564
102389,51.0,Male,North,66291.25,Bronze,Organic,7,,69.97,6.5,963
100361,36.0,Male,Central,87907.11,Silver,Paid_Ads,9,44.0,115.94,8.0,1216
104376,18.0,Male,South,72031.54,Silver,Paid_Ads,11,,34.1,9.6,968
103337,35.0,Male,West,56036.31,Platinum,Paid_Ads,2,11.0,200.28,9.8,2265
103011,66.0,Male,West,109063.75,Bronze,Social_Media,9,20.0,53.3,4.1,1457
102319,65.0,Male,East,134179.38,Bronze,Email,8,,32.43,5.9,2447
101053,39.0,Female,East,68531.41,Silver,Referral,11,,91.82,5.6,467
105141,36.0,Male,South,45913.96,Bronze,Email,8,49.0,30.63,6.2,1598
100760,43.0,Female,East,108659.58,Silver,Referral,13,50.0,114.93,,945
104668,48.0,Male,South,44210.16,Bronze,Paid_Ads,12,19.0,35.15,5.2,644
105278,32.0,Male,South,77436.52,Gold,Social_Media,7,41.0,309.56,7.2,897
105996,20.0,,West,61524.85,Gold,Organic,4,180.0,,8.6,1706
101427,48.0,Male,North,67620.48,Silver,Organic,7,,255.01,4.9,359
104408,41.0,Male,South,57765.11,Silver,Organic,3,45.0,76.01,5.9,2115
103698,36.0,,South,83329.72,Bronze,Social_Media,7,,15.97,8.0,2209
100215,34.0,Female,East,76306.83,Bronze,Organic,4,,173.55,3.4,1301
101615,30.0,Male,West,27031.53,Gold,Organic,10,0.0,82.24,6.5,1101
104676,54.0,Female,Central,22361.37,Silver,Social_Media,3,45.0,111.92,7.4,187
101718,32.0,Female,West,89720.27,Bronze,Paid_Ads,11,58.0,,7.0,1610
102742,46.0,Male,Central,54374.14,Silver,Referral,6,5.0,115.41,7.1,793
102054,72.0,Female,East,69558.8,Silver,Organic,7,45.0,94.79,7.1,2252
102999,48.0,,East,,Gold,Paid_Ads,5,92.0,,7.1,2010
101984,35.0,Male,North,36903.57,Bronze,Referral,5,68.0,87.25,6.3,1500
101703,40.0,Female,East,18223.55,Gold,Social_Media,11,,177.27,9.4,217
103102,32.0,Male,Central,66573.07,Silver,Social_Media,7,,39.1,5.7,1846
103035,51.0,Male,South,76414.58,Platinum,Organic,9,,170.37,5.8,1979
105328,28.0,Female,South,43054.42,Silver,Paid_Ads,12,,255.69,6.2,2219
100197,46.0,,South,79362.63,Platinum,Email,12,26.0,252.6,8.1,1683
100726,56.0,Male,West,19094.53,Bronze,Paid_Ads,14,,,6.5,998
103919,41.0,Female,East,43145.63,Silver,Paid_Ads,12,,95.15,10.0,1252
101513,49.0,Male,North,62034.17,Gold,Social_Media,4,42.0,190.04,8.5,2299
102624,41.0,,West,78221.76,Silver,Social_Media,3,33.0,358.27,6.1,1619
104539,25.0,Male,East,45190.13,Silver,Social_Media,8,,232.19,6.8,777
104696,42.0,Female,East,84727.47,Platinum,Paid_Ads,10,17.0,219.79,8.4,2144
101057,40.0,Male,South,175430.14,Bronze,Organic,7,9.0,15.82,4.9,1510
104994,30.0,Female,North,66752.53,Silver,Organic,4,11.0,117.14,4.9,2445
100888,33.0,Male,Central,34073.25,Silver,Social_Media,13,14.0,164.01,8.4,1323
102699,43.0,Female,North,93072.81,Bronze,Organic,13,98.0,59.87,8.9,2483
101093,48.0,Female,West,78772.89,Platinum,Organic,3,,234.92,8.0,1536
105098,66.0,,South,91226.15,Gold,Paid_Ads,8,74.0,126.76,7.5,983
104126,37.0,Female,Central,,Bronze,Social_Media,12,94.0,23.56,8.1,581
100569,45.0,Female,South,,Gold,Social_Media,6,4.0,204.84,5.6,1744
100517,46.0,Female,West,32329.33,Platinum,Referral,8,19.0,231.28,6.8,2075
103629,53.0,Male,West,93071.23,Gold,Paid_Ads,6,51.0,146.41,7.1,723
104830,18.0,Female,East,41591.33,Bronze,Social_Media,11,105.0,127.57,7.3,1876
102150,40.0,Male,East,,Gold,Paid_Ads,13,103.0,171.98,7.6,652
100140,73.0,Male,South,103929.79,Silver,Organic,8,72.0,123.41,9.1,2429
105830,32.0,Female,South,79113.39,Silver,Paid_Ads,5,18.0,56.5,4.0,148
105275,30.0,Male,North,51304.23,Silver,Social_Media,10,8.0,82.76,6.0,350
102285,,Male,West,75057.81,Bronze,Social_Media,4,26.0,71.05,6.3,1104
105011,47.0,Male,East,65391.69,Silver,Organic,8,34.0,34.38,7.8,179
101150,50.0,Male,Central,65888.15,Platinum,Paid_Ads,9,70.0,114.92,5.4,42
104049,36.0,Male,North,,Silver,Email,7,,207.72,7.0,2258
102499,31.0,Male,North,105828.65,Bronze,Referral,4,,92.39,6.6,2052
102274,49.0,Male,West,71421.98,Bronze,Social_Media,9,152.0,48.58,8.0,573
102527,37.0,Male,Central,52895.14,Bronze,Social_Media,9,2.0,208.13,7.4,892
100464,18.0,Female,North,76124.06,Silver,Paid_Ads,9,30.0,128.91,7.1,1603
103308,46.0,Female,East,50556.17,Platinum,Paid_Ads,6,,328.77,8.2,690
103133,39.0,Male,East,44085.34,Bronze,Email,6,118.0,92.96,7.8,1749
104986,43.0,Other,South,,Platinum,Social_Media,7,26.0,137.57,5.6,1954
100595,23.0,Female,North,,Gold,Paid_Ads,7,29.0,74.18,7.3,1913
103081,32.0,Female,West,38872.6,Gold,Paid_Ads,7,18.0,166.61,6.5,117
101808,38.0,Other,Central,64628.58,Silver,Organic,6,55.0,173.51,5.8,2439
105137,43.0,Male,North,29133.11,Gold,Organic,5,,64.02,6.1,247
100451,36.0,Male,North,,Silver,Organic,5,,57.08,5.9,1158
103044,32.0,Male,North,43017.18,Silver,Paid_Ads,7,49.0,46.53,7.2,1851
105827,50.0,Female,South,95197.67,Bronze,Social_Media,12,57.0,1832.2136073662311,7.4,1995
100519,49.0,Female,Central,65283.23,Bronze,Organic,7,37.0,83.68,,379
102523,35.0,Female,South,53998.29,Bronze,Organic,5,10.0,25.53,6.1,1237
100313,59.0,Male,North,56117.5,Silver,Paid_Ads,7,33.0,97.56,6.7,1262
105888,62.0,Male,Central,37073.26,Silver,Paid_Ads,6,55.0,136.52,8.3,546
104484,41.0,Female,West,38005.66,Silver,Email,3,2.0,207.24,4.2,1382
102648,32.0,Female,South,,Bronze,Referral,6,,,5.0,1982
103438,39.0,Male,East,45395.31,Gold,Organic,6,63.0,97.67,4.9,1938
101175,37.0,Female,Central,108534.8,Gold,Paid_Ads,7,11.0,183.56,5.4,969
103533,54.0,Male,West,34116.04,Gold,Referral,10,28.0,130.32,8.8,2378
100452,42.0,Male,North,62443.13,Gold,Paid_Ads,8,,177.24,6.3,921
105038,29.0,,North,30988.95,Bronze,Social_Media,3,9.0,,7.3,1756
103425,72.0,Other,South,,Bronze,Organic,14,22.0,49.34,5.7,926
101113,24.0,Male,North,91587.71,Bronze,Social_Media,11,,47.7,5.6,1331
104845,37.0,Female,North,39187.29,Gold,Organic,7,,99.36,7.6,100
101579,18.0,Male,West,99208.82,Silver,Social_Media,11,34.0,229.87,8.0,1362
100891,28.0,Male,North,,Bronze,Organic,9,,180.24,9.9,1353
101616,44.0,Female,East,,Gold,Organic,10,,52.24,7.7,2277
104349,,Female,South,,Silver,Social_Media,6,111.0,112.8,8.5,235
103980,47.0,Male,South,33939.2,Silver,Email,11,7.0,140.49,7.1,1976
105681,,Male,North,59454.95,Bronze,Organic,8,69.0,151.15,8.5,731
105840,21.0,,Central,47637.34,Platinum,Referral,4,22.0,154.25,8.1,339
102926,49.0,,West,73913.67,Bronze,Organic,12,31.0,81.07,8.0,2236
101264,33.0,Male,Central,44841.26,Bronze,Organic,8,,44.68,6.6,2284
105616,33.0,,North,56810.98,Bronze,Paid_Ads,9,,65.16,7.1,332
101000,48.0,Female,North,66956.09,Silver,Referral,10,62.0,125.96,7.7,554
103762,47.0,Female,South,13530.29,Silver,Organic,5,8.0,90.74,8.5,656
101360,35.0,Female,East,73289.18,Silver,Paid_Ads,4,23.0,173.71,8.1,1249
105995,26.0,,North,1600578.992450875,Bronze,Organic,7,15.0,105.46,7.9,714
101477,63.0,Male,Central,,Silver,Organic,4,44.0,27.55,6.9,1527
100193,33.0,Female,East,29826.22,Bronze,Referral,10,18.0,61.95,7.4,584
104693,41.0,Male,East,74848.04,Gold,Social_Media,8,14.0,96.97,8.6,490
105399,18.0,Female,Central,35646.15,Gold,Organic,2,54.0,45.25,9.0,2485
102793,29.0,Female,South,85458.43,Gold,Organic,6,34.0,150.46,7.6,1303
105002,34.0,Male,North,40763.74,Bronze,Organic,8,,332.71,6.6,217
102408,34.0,Female,Central,25628.78,Silver,Organic,5,105.0,56.08,6.2,237
105058,33.0,Male,North,76380.99,Bronze,Social_Media,12,30.0,107.68,5.8,1430
101875,25.0,Female,West,54004.85,Bronze,Email,6,35.0,325.6,7.1,837
105301,29.0,Male,East,77605.04,Gold,Paid_Ads,5,85.0,145.28,10.0,273
101339,71.0,Female,North,43553.74,Silver,Organic,3,,137.2,5.4,751
103478,35.0,Other,West,45489.61,Silver,Paid_Ads,7,,71.37,10.0,772
104843,20.0,Male,West,,Gold,Email,9,27.0,269.42,6.0,2205
103872,,Female,West,60117.18,Gold,Referral,9,28.0,199.67,7.4,551
102806,39.0,Other,South,114559.8,Bronze,Paid_Ads,12,6.0,13.42,8.4,1993
105900,43.0,Other,East,37729.12,Silver,Organic,5,56.0,69.97,7.5,1810
101294,18.0,,South,64529.73,Gold,Email,8,35.0,81.83,6.7,92
105286,43.0,Male,East,32766.65,Gold,Organic,4,31.0,72.47,6.3,508
104513,53.0,Other,South,67821.89,Silver,Paid_Ads,9,25.0,63.19,8.3,2006
105618,37.0,Male,West,,Bronze,Email,10,,175.98,8.5,1336
103520,46.0,Male,West,45194.42,Gold,Organic,5,44.0,87.75,8.7,2107
102665,33.0,Male,South,,Silver,Email,9,,89.3,8.0,2078
101908,40.0,,South,28716.45,Bronze,Organic,12,41.0,27.33,6.0,818
103759,43.0,Male,West,134589.92,Gold,Paid_Ads,14,4.0,108.84,8.2,983
104154,28.0,,North,76520.09,Platinum,Referral,13,45.0,128.12,6.9,1712
100369,40.0,Male,South,35455.96,Bronze,Organic,11,91.0,20.15,7.4,1729
101938,24.0,Female,East,63270.49,Bronze,Email,3,14.0,58.77,7.0,1371
103574,37.0,,West,43740.05,Silver,Referral,10,,163.82,9.0,2418
101152,50.0,Male,South,,Bronze,Paid_Ads,2,,67.06,8.1,1534
104922,48.0,Other,North,61305.55,Gold,Social_Media,7,33.0,51.72,5.6,377
104013,46.0,Male,East,64872.4,Bronze,Organic,11,,,6.7,304
102352,45.0,Female,Central,46620.25,Platinum,Social_Media,7,5.0,283.37,7.4,577
104052,37.0,Male,Central,49715.46,Silver,Social_Media,7,90.0,31.86,7.5,1799
105661,43.0,Female,South,34033.18,Gold,Social_Media,6,225.0,252.46,8.1,537
103556,35.0,Other,South,,Bronze,Organic,7,221.0,,8.2,907
101873,31.0,Female,North,53589.71,Gold,Email,7,7.0,49.89,7.5,316
105903,36.0,Female,North,154320.43,Gold,Email,0,145.0,111.25,8.6,221
100192,36.0,Female,South,79597.02,Bronze,Email,14,44.0,106.93,6.4,2399
102441,39.0,Male,South,34747.19,Silver,Organic,9,46.0,206.59,7.8,2189
100109,48.0,Female,Central,97465.59,Bronze,Social_Media,6,2.0,26.8,7.8,873
100175,23.0,Male,East,117007.78,Bronze,Organic,4,16.0,,8.3,1127
103170,24.0,Male,North,,Silver,Organic,9,30.0,132.33,7.1,957
103353,48.0,Male,North,45605.31,Gold,Organic,7,46.0,165.55,7.7,2286
103835,55.0,Male,Central,44638.72,Bronze,Organic,5,63.0,74.25,5.7,1601
101599,57.0,Female,East,45344.78,Bronze,Referral,2,,10.0,8.4,1853
101361,33.0,Male,East,42037.77,Silver,Email,11,,165.13,5.9,2406
102104,47.0,Male,South,98895.15,Bronze,Email,11,4.0,47.25,5.0,1298
105220,45.0,Female,East,39054.2,Bronze,Social_Media,8,7.0,94.86,5.3,76
105841,31.0,Female,South,58123.13,Bronze,Organic,6,90.0,39.4,7.8,2369
105044,18.0,Female,West,,Bronze,Organic,7,23.0,13.15,6.3,1596
103581,46.0,Female,Central,33863.98,Silver,Social_Media,10,3.0,85.79,5.2,279
101165,26.0,Male,West,54698.33,Platinum,Paid_Ads,5,27.0,204.8,5.4,504
103679,30.0,Female,North,29267.28,Silver,Email,12,22.0,44.56,8.7,1434
105285,42.0,Male,West,50073.43,Silver,Organic,6,26.0,119.45,7.1,1178
101662,25.0,Female,South,81279.65,Gold,Email,15,100.0,173.77,7.9,1174
100509,31.0,Male,East,40478.35,Gold,Referral,7,34.0,127.18,6.5,2155
100167,49.0,Male,Central,73234.4,Gold,Paid_Ads,9,2.0,306.5,6.0,857
102788,37.0,Male,Central,115717.36,Platinum,Organic,12,,259.55,7.0,1751
105522,46.0,Male,North,45011.45,Bronze,Social_Media,9,179.0,343.19,7.2,721
102255,50.0,Female,West,,Silver,Social_Media,6,4.0,107.05,8.5,1054
103962,54.0,Female,South,47862.25,Platinum,Email,13,,220.93,7.6,696
100104,,Female,West,118662.81,Bronze,Organic,11,,119.65,6.2,261
102413,18.0,Male,West,38254.5,Gold,Referral,7,19.0,180.85,8.0,1606
104926,51.0,Male,South,71994.01,Gold,Email,12,,89.23,9.1,2482
104882,41.0,Female,West,109124.74,Bronze,Referral,8,,155.15,7.0,826
101753,30.0,Male,South,21712.21,Bronze,Social_Media,9,,87.95,5.8,916
105355,,Female,Central,,Silver,Referral,9,11.0,163.3,6.4,2166
105104,36.0,Female,North,54613.99,Silver,Paid_Ads,9,,37.24,8.5,1404
101659,47.0,Male,North,55001.99,Silver,Social_Media,8,115.0,189.39,5.6,2410
100153,18.0,Female,West,31857.01,Silver,Social_Media,5,,38.31,7.5,1924
102587,39.0,Male,South,70958.22,Gold,Paid_Ads,9,,50.43,6.6,821
101584,30.0,Male,Central,24246.35,Silver,Social_Media,7,,48.18,7.3,1991
102178,44.0,Male,West,50420.22,Silver,Organic,8,4.0,177.11,5.3,1427
105970,56.0,Male,North,,Bronze,Social_Media,9,13.0,,6.9,959
104890,52.0,Other,East,101228.91,Silver,Paid_Ads,4,,90.4,,242
102115,44.0,Male,South,75148.86,Bronze,Social_Media,13,23.0,12.77,6.8,59
102647,58.0,Female,South,51072.61,Silver,Social_Media,7,137.0,102.46,6.9,511
101823,53.0,Other,East,58058.65,Bronze,Social_Media,4,95.0,113.97,7.8,1384
105070,53.0,Female,South,2531066.042114057,Silver,Organic,5,,63.91,7.0,2233
103127,37.0,Male,North,42164.75,Bronze,Paid_Ads,13,51.0,77.02,6.3,1847
100310,59.0,Female,East,28250.73,Bronze,Social_Media,8,125.0,180.49,7.5,1215
105792,38.0,Male,South,25174.43,Bronze,Social_Media,13,8.0,74.98,8.2,1460
102432,50.0,Female,Central,59665.21,Bronze,Organic,7,38.0,16.28,6.8,432
102571,65.0,Female,East,33547.92,Gold,Referral,9,64.0,380.39,8.1,2414
100496,49.0,Female,Central,22298.69,Bronze,Social_Media,3,,31.0,9.3,1977
100206,37.0,Female,East,26009.16,Silver,Paid_Ads,14,31.0,109.92,8.3,917
101435,41.0,Female,North,34846.94,Gold,Organic,9,112.0,51.09,7.2,1775
101136,53.0,Female,North,167456.04,Gold,Organic,2,34.0,223.23,10.0,1075
100869,31.0,Female,West,28307.72,Gold,Organic,4,49.0,210.6,6.6,335
100306,25.0,Male,South,,Gold,Social_Media,12,80.0,258.67,8.5,2403
101850,46.0,Male,West,70670.92,Gold,Social_Media,10,44.0,83.28,6.0,1950
102237,38.0,Male,East,44720.21,Silver,Social_Media,10,49.0,,7.1,1712
101989,28.0,Female,Central,52025.82,Silver,Paid_Ads,4,21.0,100.54,6.2,108
105968,37.0,Male,South,72061.76,Bronze,Paid_Ads,10,,108.66,4.7,346
101535,62.0,Female,South,,Silver,Referral,11,24.0,67.98,7.7,226
100844,37.0,Female,South,52741.04,Bronze,Referral,8,,3.0,6.2,1722
101988,29.0,Male,Central,52530.02,Gold,Paid_Ads,8,,140.89,7.2,477
105596,42.0,,South,33006.4,Bronze,Social_Media,4,4.0,118.24,4.5,2135
103842,37.0,Male,North,48364.47,Bronze,Referral,12,77.0,90.27,6.4,1808
102537,28.0,Male,West,62723.0,Platinum,Paid_Ads,9,4.0,,8.8,1604
105281,20.0,Female,South,48284.74,Bronze,Organic,11,72.0,112.24,10.0,544
101539,,Female,West,30150.46,Bronze,Organic,8,7.0,83.09,6.5,808
100212,22.0,Female,North,93517.65,Bronze,Organic,8,18.0,95.53,,61
101958,24.0,,South,62983.95,Gold,Organic,10,5.0,130.29,9.5,1998
103722,46.0,Female,Central,37428.47,Bronze,Social_Media,5,,38.66,7.4,1234
104705,47.0,Male,East,90058.56,Silver,Organic,6,28.0,94.7,7.0,1450
102708,18.0,Male,West,70106.63,Bronze,Paid_Ads,7,,163.18,9.7,1775
101350,37.0,Other,East,71633.69,Bronze,Social_Media,7,,147.17,7.8,1576
104309,42.0,Female,South,28698.59,Silver,Paid_Ads,4,107.0,99.91,7.9,404
104588,56.0,Male,West,,Bronze,Email,3,26.0,59.08,7.6,643
100681,48.0,Female,West,,Bronze,Referral,10,61.0,180.92,7.7,588
100181,54.0,Female,Central,55072.16,Gold,Paid_Ads,10,19.0,67.44,6.6,339
103758,23.0,Other,South,118408.3,Platinum,Paid_Ads,8,27.0,209.61,8.6,657
102227,,Male,West,,Bronze,Paid_Ads,6,,181.0,8.1,1250
103291,35.0,Male,South,39785.45,Bronze,Organic,8,82.0,85.7,7.5,2276
100279,52.0,Female,West,3149502.2034240095,Silver,Referral,4,,51.9,,579
100290,37.0,Male,East,36827.46,Silver,Paid_Ads,5,79.0,52.37,4.3,668
104729,42.0,Male,West,32673.53,Bronze,Organic,6,138.0,159.39,7.1,1931
100994,54.0,,South,,Silver,Paid_Ads,12,5.0,131.17,7.5,1903
105091,42.0,Female,Central,45037.38,Bronze,Email,6,9.0,108.15,7.3,1058
105039,18.0,Female,East,51328.72,Gold,Social_Media,2,61.0,195.43,8.1,971
104713,51.0,Female,South,85505.85,Silver,Referral,8,14.0,63.64,4.8,1809
104807,62.0,Female,Central,,Platinum,Referral,11,37.0,250.46,7.0,1168
100271,29.0,Female,East,64090.29,Gold,Organic,6,86.0,157.91,7.9,654
102305,42.0,Male,South,28893.12,Bronze,Social_Media,11,4.0,29.54,7.2,878
104896,37.0,Female,South,88634.41,Bronze,Referral,6,5.0,51.28,9.1,1531
105833,40.0,Female,South,74080.71,Bronze,Organic,8,,68.68,6.0,401
105806,33.0,Female,South,54404.47,Bronze,Organic,8,36.0,,6.3,936
100112,41.0,Female,Central,49197.1,Silver,Paid_Ads,3,,366.0,10.0,1046
101392,56.0,Male,North,,Silver,Social_Media,8,1.0,158.77,7.3,2101
100221,35.0,Male,North,105695.79,Silver,Referral,10,20.0,21.69,4.2,404
105204,,Other,Central,32234.65,Gold,Referral,5,10.0,57.02,5.8,2481
100084,33.0,Female,West,33005.66,Platinum,Referral,14,2.0,151.14,7.1,351
103434,39.0,Other,South,34872.92,Silver,Organic,11,16.0,167.19,7.9,1133
100462,28.0,Male,North,83822.27,Silver,Referral,12,34.0,34.43,8.4,658
105272,51.0,Male,East,81110.88,Bronze,Social_Media,15,33.0,82.75,7.8,1382
100552,45.0,Male,South,33239.47,Gold,Paid_Ads,3,,,7.9,823
105041,38.0,Male,West,33640.95,Bronze,Organic,6,,77.4,6.3,2125
104695,37.0,Female,North,53508.2,Bronze,Organic,6,,107.6,8.0,2337
102766,30.0,Female,East,61275.31,Gold,Organic,6,17.0,168.73,8.5,1007
105166,30.0,Female,North,48544.43,Silver,Paid_Ads,14,22.0,84.38,6.2,2206
102953,34.0,Female,North,,Silver,Referral,8,,62.56,7.2,70
100651,60.0,Other,West,78333.67,Silver,Referral,4,9.0,135.45,6.8,2180
100709,35.0,Female,East,77700.02,Gold,Social_Media,7,,74.15,7.2,2450
104744,37.0,Other,Central,73016.99,Bronze,Social_Media,6,40.0,,8.8,2451
102410,32.0,Male,West,52080.33,Bronze,Social_Media,4,122.0,128.72,5.0,743
102415,51.0,Female,East,72759.14,Silver,Organic,7,,249.55,7.0,2001
101425,40.0,Male,South,59457.11,Gold,Social_Media,8,,201.95,4.6,352
101217,18.0,Female,North,,Silver,Organic,4,50.0,169.18,8.4,2165
104577,27.0,Female,North,,Gold,Organic,12,73.0,209.47,7.8,2365
101925,37.0,Male,Central,46233.7,Bronze,Referral,8,2.0,128.04,,1143
104910,37.0,Male,Central,21945.85,Bronze,Organic,4,62.0,319.47,6.1,924
102684,30.0,Female,West,53539.7,Silver,Email,10,20.0,101.26,8.6,2431
100315,48.0,Male,South,119659.57,Bronze,Organic,8,90.0,331.61,6.3,655
102729,60.0,Male,East,62524.45,Bronze,Organic,3,82.0,103.05,5.0,1851
101428,49.0,Female,South,46681.82,Bronze,Social_Media,6,20.0,33.26,8.2,1099
105075,,Female,North,62190.65,Bronze,Email,8,28.0,112.88,8.9,768
104754,21.0,Female,Central,30885.14,Bronze,Organic,9,,129.83,9.3,388
104120,29.0,Female,South,65328.96,Bronze,Referral,9,17.0,,6.2,71
103865,18.0,Female,Central,,Bronze,Referral,10,,97.95,6.4,1574
103215,50.0,Male,South,28697.99,Gold,Social_Media,4,18.0,96.18,8.6,382
104415,36.0,Female,East,51044.88,Silver,Social_Media,12,,167.19,9.7,737
103828,41.0,Male,Central,51210.79,Silver,Paid_Ads,6,69.0,58.18,6.2,923
106000,21.0,Female,West,28887.84,Platinum,Organic,10,87.0,292.67,5.9,253
102526,46.0,Male,South,,Bronze,Organic,11,10.0,132.24,5.6,1659
100685,33.0,Other,South,48016.26,Silver,Organic,5,,124.26,6.3,279
104395,24.0,Female,Central,68986.71,Silver,Social_Media,15,72.0,110.04,9.3,2352
102522,59.0,Female,East,,Silver,Paid_Ads,7,405.0,,4.8,101
102909,24.0,Male,North,,Gold,Social_Media,7,,150.09,9.6,2200
102390,37.0,Female,South,98469.07,Platinum,Paid_Ads,6,7.0,,6.2,54
100327,19.0,Male,North,51291.52,Bronze,Social_Media,10,41.0,62.35,7.4,1940
105014,58.0,Female,West,41778.39,Bronze,Email,12,,41.8,5.8,1485
102593,44.0,Other,South,56119.82,Gold,Organic,9,,101.81,7.7,950
105186,41.0,Male,East,,Silver,Organic,11,67.0,228.65,7.7,2327
102928,41.0,Female,West,43598.07,Silver,Social_Media,5,75.0,163.11,7.6,433
104051,49.0,Female,West,51736.99,Gold,Social_Media,11,79.0,94.13,5.0,398
105807,26.0,Male,Central,59555.64,Gold,Paid_Ads,13,72.0,57.07,9.2,647
103786,23.0,Male,South,58236.77,Bronze,Organic,9,66.0,159.99,6.6,70
100349,19.0,Female,West,72304.73,Bronze,Organic,8,37.0,,8.3,491
101627,18.0,Male,South,2396762.080709278,Bronze,Organic,11,50.0,11.82,5.4,2015
104411,55.0,Male,West,,Silver,Organic,7,,275.43,5.5,819
100872,26.0,,Central,,Silver,Organic,7,,78.04,4.3,2241
103359,26.0,Male,East,64492.83,Silver,Organic,12,66.0,71.7,7.6,156
102340,48.0,,West,106557.57,Bronze,Paid_Ads,11,,62.12,8.0,2090
104704,41.0,Male,South,84752.67,Bronze,Organic,4,27.0,54.99,8.9,2475
102122,39.0,Male,East,82051.72,Bronze,Referral,7,34.0,115.97,8.8,1494
103928,21.0,Female,North,,Gold,Email,4,16.0,78.48,7.9,2401
100086,44.0,Female,North,29212.99,Silver,Referral,8,3.0,61.8,7.1,1069
102819,47.0,Female,East,,Bronze,Organic,6,,,3.2,1013
101878,60.0,Female,West,68410.76,Bronze,Social_Media,7,,,7.4,1269
105690,27.0,Other,East,70077.59,Bronze,Referral,6,34.0,90.18,9.8,1256
104086,38.0,Female,Central,,Silver,Organic,12,6.0,266.5,5.0,848
102376,18.0,Female,Central,81953.88,Bronze,Paid_Ads,14,2.0,140.31,,832
100495,34.0,Female,West,57131.13,Gold,Social_Media,10,,56.7,,2165
102967,55.0,Female,South,46587.16,Bronze,Organic,6,20.0,45.19,8.0,661
103110,28.0,,South,51384.51,Bronze,Organic,14,38.0,,5.0,661
102760,48.0,Female,South,39713.75,Silver,Social_Media,12,22.0,55.72,7.3,553
101271,56.0,Female,West,69902.76,Silver,Organic,2,53.0,138.61,7.3,2345
102655,38.0,Male,West,31629.79,Bronze,Organic,10,112.0,66.0,8.6,726
102634,38.0,,East,86814.85,Bronze,Social_Media,11,,201.46,8.7,1502
104955,51.0,Female,West,40599.34,Gold,Social_Media,8,20.0,130.2,9.7,272
100619,31.0,,North,89043.7,Bronze,Email,9,16.0,120.27,5.5,1090
105131,27.0,Male,West,25693.91,Gold,Organic,1,40.0,51.68,7.5,2290
102630,37.0,Female,South,,Gold,Email,10,27.0,133.58,9.5,897
102827,,Female,East,59389.67,Platinum,Organic,6,13.0,184.89,6.8,1068
105228,35.0,Female,East,49399.83,Silver,Email,12,37.0,203.3,9.6,1305
102230,41.0,Male,South,56794.14,Bronze,Social_Media,3,36.0,37.57,7.1,86
105033,53.0,Female,North,77032.74,Gold,Referral,9,23.0,66.79,8.6,2111
101414,53.0,Male,Central,82095.98,Bronze,Referral,6,24.0,160.29,9.1,254
102202,36.0,Female,West,25182.99,Bronze,Paid_Ads,5,11.0,119.73,9.6,1818
104964,32.0,Male,Central,,Bronze,Organic,5,8.0,122.09,6.7,1587
104478,32.0,Other,East,114410.28,Gold,Paid_Ads,5,5.0,77.38,5.4,570
100870,37.0,Female,West,88361.29,Bronze,Paid_Ads,7,6.0,18.13,5.5,2136
102007,37.0,Female,East,56646.86,Silver,Paid_Ads,9,14.0,46.42,10.0,546
104148,62.0,Male,East,175989.22,Silver,Paid_Ads,10,170.0,71.5,8.0,727
100357,41.0,Male,Central,77900.97,Silver,Paid_Ads,7,48.0,83.76,8.5,875
101163,35.0,Male,North,44925.54,Silver,Email,8,28.0,186.51,7.2,176
104555,,Male,West,46781.0,Platinum,Organic,8,,308.34,7.6,1339
102407,,Female,North,56924.22,Silver,Organic,7,45.0,80.93,7.5,2404
105916,42.0,Female,Central,56593.44,Silver,Organic,13,6.0,123.98,6.1,1645
101891,50.0,,East,54074.58,Bronze,Referral,11,22.0,184.62,5.1,232
100580,42.0,Male,Central,67530.31,Gold,Paid_Ads,10,176.0,52.91,7.2,246
102553,33.0,Female,South,47217.94,Platinum,Paid_Ads,8,43.0,193.08,6.9,1639
101692,19.0,,North,,Bronze,Social_Media,4,130.0,,7.1,1451
100863,37.0,Female,East,108650.9,Gold,Organic,5,17.0,43.39,6.3,75
105370,59.0,Female,North,31708.35,Bronze,Social_Media,7,,158.19,9.0,1663
105811,61.0,Female,Central,170880.38,Bronze,Paid_Ads,10,76.0,93.76,5.3,1593
104790,45.0,,Central,56413.98,Bronze,Organic,7,15.0,,8.0,2150
104646,28.0,Male,Central,100921.79,Bronze,Paid_Ads,6,73.0,61.32,4.2,107
101117,52.0,Female,Central,59129.35,Bronze,Referral,5,33.0,134.42,6.2,1708
101542,48.0,Male,South,45336.11,Silver,Social_Media,6,88.0,66.04,2.3,1315
103791,32.0,Female,North,66098.94,Bronze,Referral,4,,127.23,4.1,1226
104616,,Female,West,73537.33,Bronze,Referral,10,74.0,39.78,7.1,1572
105519,48.0,Male,Central,65387.34,Gold,Organic,5,40.0,115.1,6.1,234
103296,45.0,Female,Central,63404.32,Silver,Paid_Ads,6,30.0,111.3,9.4,1429
105299,45.0,Other,East,29168.05,Gold,Paid_Ads,9,10.0,102.2,3.9,2408
105314,36.0,Female,North,58649.22,Bronze,Email,8,30.0,153.8,6.9,1620
105905,59.0,Male,South,51864.33,Bronze,Social_Media,12,0.0,110.33,4.8,426
103048,44.0,,West,254273.93,Gold,Referral,9,7.0,112.17,10.0,1317
105724,75.0,Male,Central,34763.04,Bronze,Organic,8,166.0,104.44,,1451
102438,41.0,Male,East,32887.02,Gold,Social_Media,12,49.0,154.08,7.8,339
105755,28.0,Male,West,,Gold,Organic,8,134.0,,6.7,1237
102053,52.0,,West,59682.67,Platinum,Social_Media,7,143.0,186.03,,2209
101777,22.0,Male,West,170797.68,Bronze,Social_Media,11,86.0,143.85,7.3,1020
103270,28.0,Female,West,53239.72,Silver,Organic,5,12.0,61.93,5.2,1994
104303,29.0,Other,Central,29430.26,Silver,Paid_Ads,14,92.0,130.94,7.5,1429
101593,36.0,Female,West,57141.68,Gold,Email,11,,151.98,5.6,347
101724,61.0,Male,West,21380.51,Silver,Social_Media,7,33.0,222.39,10.0,1638
104694,29.0,Male,East,107234.07,Bronze,Paid_Ads,10,62.0,27.51,7.5,456
104042,,Male,Central,108320.16,Silver,Social_Media,8,75.0,88.7,5.8,2293
100491,51.0,Male,Central,85368.79,Bronze,Email,10,,49.5,5.5,2159
105078,39.0,Other,Central,58828.29,Silver,Organic,11,14.0,50.38,7.8,1935
101007,46.0,Male,North,26309.62,Silver,Email,3,66.0,102.73,6.8,1897
103149,59.0,,West,56186.97,Silver,Social_Media,9,,153.42,8.6,2321
104249,30.0,,West,29226.31,Gold,Referral,13,,282.92,4.2,1780
101418,50.0,Male,East,38617.06,Bronze,Paid_Ads,7,,118.28,6.6,953
100026,34.0,Female,West,67804.66,Silver,Email,7,,112.67,9.0,157
101114,35.0,Female,West,58908.3,Gold,Referral,7,6.0,128.62,5.4,535
105586,40.0,,South,72229.59,Bronze,Organic,8,14.0,44.91,9.2,553
101553,31.0,Male,North,57542.01,Bronze,Referral,7,44.0,74.6,8.4,98
105124,37.0,Female,East,39122.81,Silver,Email,6,,60.8,6.9,645
104483,43.0,Male,North,51387.41,Bronze,Email,8,46.0,152.43,7.8,314
100434,18.0,Other,West,108261.99,Bronze,Organic,3,37.0,204.98,7.1,692
102927,48.0,Other,East,,Silver,Email,6,86.0,66.22,4.2,2160
103858,38.0,Female,South,66527.47,Silver,Social_Media,10,23.0,71.5,7.7,2178
104016,37.0,Female,North,39415.65,Platinum,Social_Media,4,42.0,332.68,6.5,1056
102964,29.0,Male,Central,26946.43,Bronze,Paid_Ads,6,39.0,273.13,7.8,2373
103099,62.0,Male,North,44307.22,Bronze,Organic,10,,307.55,6.0,804
105876,51.0,Male,West,108400.01,Bronze,Social_Media,7,97.0,143.91,4.2,1468
104457,31.0,Male,South,82145.1,Bronze,Organic,7,54.0,23.45,6.7,905
104541,51.0,Other,East,60480.74,Bronze,Paid_Ads,4,13.0,,5.9,1919
105769,37.0,Female,Central,38052.66,Bronze,Organic,8,32.0,263.45,6.8,1909
101103,45.0,Female,West,70011.1,Bronze,Organic,16,25.0,41.85,7.9,1853
105066,42.0,Male,North,65088.62,Platinum,Paid_Ads,11,2.0,204.46,6.3,1011
104518,36.0,,Central,,Silver,Paid_Ads,9,52.0,309.62,5.1,1365
104163,44.0,Female,North,52892.4,Bronze,Referral,5,,99.47,7.7,1362
100195,25.0,Female,Central,44131.26,Bronze,Organic,11,17.0,138.44,,537
100616,23.0,Male,East,70420.23,Bronze,Social_Media,11,,192.57,6.9,1804
100644,40.0,Female,South,33868.41,Silver,Organic,8,82.0,37.19,7.0,2297
104310,18.0,Male,North,67341.59,Silver,Organic,8,29.0,89.95,10.0,1967
103154,36.0,Female,North,65526.49,Gold,Paid_Ads,11,26.0,113.43,8.2,2239
105071,32.0,Male,North,,Silver,Email,6,33.0,62.34,7.4,677
100331,56.0,Female,North,103538.74,Bronze,Social_Media,6,46.0,59.94,7.0,515
103826,35.0,Male,South,215157.93,Silver,Paid_Ads,9,31.0,78.19,6.6,2294
104516,49.0,Female,Central,21801.87,Bronze,Organic,10,16.0,239.98,6.9,654
103114,47.0,Female,East,47266.78,Gold,Email,8,7.0,174.88,8.0,726
105366,62.0,Male,North,48764.13,Silver,Organic,13,177.0,117.3,7.3,949
100484,45.0,Female,West,117683.28,Silver,Paid_Ads,7,38.0,88.42,9.5,1506
105198,24.0,Female,North,41443.34,Gold,Referral,15,3.0,74.1,6.5,1277
102672,55.0,Female,South,56185.63,Silver,Organic,9,28.0,66.58,6.9,1009
102060,25.0,Female,South,100806.77,Bronze,Referral,14,131.0,336.33,9.6,716
104679,27.0,Female,West,83567.79,Platinum,Referral,12,0.0,331.33,6.1,978
100033,32.0,Female,Central,103567.04,Bronze,Organic,7,40.0,40.42,7.2,2170
100665,37.0,Male,North,39201.64,Gold,Paid_Ads,7,5.0,153.83,7.2,2419
105160,18.0,Male,North,82411.35,Bronze,Social_Media,9,7.0,182.38,3.8,1874
104183,21.0,Female,South,87687.37,Bronze,Referral,9,17.0,90.79,6.3,2039
101445,36.0,Other,Central,51571.97,Gold,Referral,12,27.0,117.63,7.0,2152
102400,45.0,Female,North,76628.63,Silver,Referral,5,41.0,155.56,8.8,927
102442,45.0,Male,South,,Silver,Social_Media,5,74.0,114.75,6.8,1042
105853,46.0,Female,East,36123.47,Silver,Email,8,37.0,59.75,5.2,1275
101706,61.0,Female,West,45047.72,Bronze,Social_Media,11,110.0,101.95,9.5,1153
105983,36.0,Male,North,30658.34,Bronze,Organic,10,,140.22,7.3,209
102851,36.0,Female,Central,94391.44,Bronze,Organic,10,,137.34,7.3,2131
105502,18.0,Female,West,67366.4,Silver,Social_Media,2,51.0,277.5,8.3,727
102278,61.0,Female,South,47030.76,Platinum,Social_Media,8,,224.49,7.4,163
101402,34.0,Female,West,108684.76,Gold,Organic,5,95.0,,8.4,556
105549,42.0,Female,West,38804.09,Silver,Referral,9,23.0,29.26,6.6,2090
100171,30.0,Female,East,,Bronze,Social_Media,7,88.0,,5.6,730
100541,18.0,Male,Central,26868.56,Silver,Email,6,56.0,71.9,9.0,1655
105466,44.0,Other,South,32786.84,Bronze,Social_Media,6,,115.39,3.7,1546
104606,40.0,Female,West,79936.19,Bronze,Social_Media,5,,11.05,8.9,1634
102459,18.0,Male,South,32785.82,Gold,Paid_Ads,9,44.0,49.56,6.4,1827
103909,26.0,Other,Central,31090.18,Gold,Organic,4,,227.58,5.4,1890
100675,48.0,Other,West,132817.9,Silver,Referral,8,9.0,123.44,6.4,1375
102919,26.0,Male,West,49170.93,Bronze,Referral,11,29.0,56.79,6.5,1539
104077,18.0,Female,South,118000.4,Gold,Paid_Ads,9,104.0,86.28,7.4,58
101816,32.0,Female,South,15715.98,Silver,Paid_Ads,5,4.0,83.44,7.6,479
102555,43.0,Female,Central,99807.63,Gold,Social_Media,11,32.0,,7.9,1552
102101,41.0,Female,East,94961.34,Bronze,Organic,9,194.0,54.4,8.6,1902
103126,45.0,Male,East,65131.63,Bronze,Social_Media,13,154.0,13.6,6.2,235
105494,31.0,Male,South,43188.87,Silver,Referral,8,23.0,,6.5,2054
102102,18.0,Male,South,50439.27,Silver,Paid_Ads,14,54.0,,8.6,1321
105081,26.0,Other,East,66798.19,Bronze,Referral,8,65.0,190.72,8.5,2278
102804,26.0,Male,South,46255.61,Silver,Paid_Ads,10,16.0,59.72,8.5,277
101549,45.0,Female,North,76186.31,Gold,Organic,5,7.0,174.64,6.8,1349
104751,48.0,Other,South,46534.14,Bronze,Paid_Ads,5,14.0,127.53,7.0,687
104851,34.0,Female,East,,Bronze,Social_Media,5,54.0,140.8,9.3,2397
100356,41.0,Male,West,49762.1,Silver,Referral,10,26.0,104.88,5.4,1486
102641,45.0,Male,South,80510.12,Silver,Social_Media,11,56.0,140.92,7.9,2289
104170,44.0,Male,West,46413.98,Bronze,Organic,5,44.0,112.2,7.3,1859
104677,43.0,Male,South,56689.97,Platinum,Paid_Ads,7,,113.85,5.6,952
105310,47.0,Female,West,82985.01,Silver,Referral,8,17.0,438.62,7.9,2266
104274,60.0,Other,North,90123.7,Platinum,Email,9,,288.76,8.3,375
101052,36.0,Female,North,119658.43,Gold,Organic,12,13.0,312.51,6.0,81
102322,53.0,Female,North,50787.56,Bronze,Organic,7,13.0,63.02,5.4,2281
104329,45.0,Male,East,38570.26,Gold,Paid_Ads,12,8.0,184.85,8.1,50
103920,43.0,Female,East,123901.3,Silver,Organic,8,17.0,77.62,7.3,2297
101752,31.0,Male,West,58911.83,Silver,Referral,5,14.0,,10.0,1041
102465,30.0,Female,East,74736.83,Bronze,Paid_Ads,11,5.0,172.02,7.9,2182
101773,22.0,Male,East,48594.38,Silver,Organic,0,,,7.6,1957
101197,23.0,Female,West,41908.24,Bronze,Social_Media,7,8.0,178.49,5.8,1191
101879,55.0,,East,,Gold,Organic,10,93.0,61.71,7.6,2096
102017,38.0,Female,North,,Bronze,Social_Media,8,19.0,113.68,7.1,711
102006,51.0,Female,Central,23415.51,Bronze,Organic,12,,137.67,7.3,886
104076,28.0,Female,East,17502.2,Silver,Social_Media,7,100.0,125.23,7.4,310
101483,39.0,Male,East,57128.63,Gold,Paid_Ads,10,19.0,252.53,7.1,1454
100329,24.0,Other,North,85553.68,Gold,Organic,5,52.0,75.01,6.2,2093
100649,40.0,Female,Central,35085.54,Bronze,Email,8,81.0,153.19,9.0,1546
102895,30.0,Female,North,,Gold,Social_Media,6,106.0,131.77,7.0,2348
101124,35.0,Female,North,63459.63,Platinum,Social_Media,9,151.0,376.5,8.1,943
102777,45.0,Male,South,71545.35,Bronze,Social_Media,10,12.0,76.13,3.9,391
102961,23.0,Female,Central,49331.72,Silver,Paid_Ads,7,23.0,131.21,8.6,140
103456,28.0,Male,North,73284.96,Bronze,Organic,14,30.0,37.31,7.9,139
102844,47.0,Female,West,77730.27,Gold,Referral,7,,149.81,6.9,249
103090,50.0,Male,South,26712.45,Gold,Paid_Ads,9,10.0,227.94,6.7,1546
105022,51.0,Female,Central,54827.95,Bronze,Paid_Ads,8,41.0,,7.0,1907
101260,32.0,,East,33909.22,Gold,Organic,10,34.0,122.4,,47
104315,38.0,Female,North,34468.49,Bronze,Email,6,58.0,69.46,10.0,655
103412,18.0,Other,North,,Bronze,Email,6,28.0,70.43,7.2,33
104620,45.0,Male,East,61740.54,Silver,Organic,9,29.0,74.23,5.4,1299
101520,18.0,Male,North,27547.76,Bronze,Organic,5,54.0,70.14,7.3,1050
101379,41.0,Female,North,29556.59,Bronze,Email,5,4.0,116.56,7.6,1957
104382,42.0,Male,East,42129.39,Bronze,Paid_Ads,8,21.0,37.36,7.0,655
101024,45.0,Male,Central,76519.62,Bronze,Social_Media,8,,229.8,5.0,997
102877,22.0,Male,East,60948.57,Bronze,Social_Media,10,38.0,,6.6,643
104554,42.0,Female,North,77306.8,Bronze,Social_Media,6,,169.21,6.3,2307
104796,27.0,Male,North,31067.47,Bronze,Social_Media,11,,145.42,6.1,1799
100913,45.0,Female,Central,2462567.5481728553,Silver,Referral,9,31.0,149.47,8.8,527
104039,30.0,Male,West,34945.78,Bronze,Social_Media,8,16.0,135.0,4.7,142
101676,19.0,Female,South,30419.98,Silver,Organic,5,8.0,82.77,7.3,1925
101747,31.0,Male,East,79571.35,Silver,Email,11,12.0,326.05,4.7,474
102971,50.0,Female,Central,62642.82,Bronze,Referral,7,,39.0,8.7,2229
101737,22.0,Female,South,88017.97,Bronze,Social_Media,9,191.0,,7.2,2301
101630,51.0,Male,Central,47269.7,Bronze,Referral,19,94.0,228.02,,93
104320,74.0,Male,South,64912.04,Bronze,Referral,9,1.0,280.46,6.9,496
100431,26.0,Female,East,36062.04,Silver,Social_Media,6,87.0,,,1443
101809,38.0,Male,Central,57037.09,Bronze,Referral,6,9.0,159.42,6.2,332
103528,22.0,Male,Central,43178.51,Silver,Organic,11,5.0,125.35,9.7,164
102388,46.0,Female,Central,109600.45,Bronze,Social_Media,6,,99.56,7.3,1420
103403,29.0,Female,South,,Silver,Organic,10,7.0,89.49,5.7,2057
103481,32.0,Male,Central,48092.01,Bronze,Organic,10,80.0,,8.5,2213
105707,50.0,Male,North,,Bronze,Organic,3,20.0,192.79,8.0,388
102223,39.0,Female,Central,36073.75,Silver,Paid_Ads,6,67.0,23.63,9.6,860
104199,18.0,Female,West,52859.05,Bronze,Paid_Ads,11,,41.76,7.4,1794
104167,24.0,Female,South,43819.27,Silver,Organic,8,16.0,130.93,8.9,1418
105351,31.0,Male,West,47605.93,Gold,Organic,5,56.0,109.35,8.1,1869
105882,34.0,Male,North,25875.17,Silver,Referral,9,28.0,181.88,7.5,1093
104587,44.0,Male,Central,37073.88,Bronze,Organic,9,25.0,74.82,6.3,641
105325,38.0,Female,West,59336.36,Bronze,Social_Media,5,7.0,150.31,7.2,970
101996,43.0,Male,West,43149.07,Platinum,Referral,8,30.0,129.24,6.1,1860
104991,19.0,,West,72341.89,Bronze,Referral,10,1.0,115.68,6.3,1863
102225,25.0,Female,South,,Bronze,Paid_Ads,11,22.0,75.97,5.4,1831
101107,22.0,Female,East,65401.61,Bronze,Social_Media,8,40.0,131.62,7.6,2205
105746,,Male,West,61787.33,Bronze,Organic,14,1.0,16.06,6.1,2410
100819,41.0,Male,South,57543.82,Platinum,Paid_Ads,11,,248.27,6.7,1164
104073,36.0,Other,South,,Platinum,Paid_Ads,4,25.0,,8.4,1356
104359,33.0,Male,South,86032.33,Silver,Social_Media,10,30.0,48.31,6.3,1318
101698,66.0,Other,South,92107.63,Bronze,Paid_Ads,10,2.0,52.28,6.8,2263
103222,-5.0,Female,South,53365.47,Bronze,Organic,16,3.0,49.23,7.3,646
100137,42.0,Male,South,33644.78,Silver,Referral,7,38.0,28.21,4.6,1093
104524,,Male,East,,Bronze,Social_Media,7,28.0,368.9,5.8,1958
102922,41.0,Female,East,,Silver,Organic,9,11.0,47.07,5.8,855
105317,47.0,Male,South,,Bronze,Organic,10,16.0,179.11,6.6,968
101181,,Other,North,49731.79,Bronze,Referral,11,42.0,3248.2807277298984,7.6,680
103435,23.0,Other,South,74087.24,Bronze,Paid_Ads,8,68.0,170.04,,2475
100889,18.0,,South,53297.48,Silver,Email,7,,107.32,6.7,2345
102657,41.0,Male,Central,32589.89,Bronze,Organic,10,12.0,147.95,5.9,1666
105734,39.0,Male,South,,Bronze,Organic,3,101.0,74.2,7.4,46
102896,23.0,Other,East,,Bronze,Paid_Ads,8,,13.75,5.9,1120
100818,41.0,Male,West,52851.29,Bronze,Referral,6,41.0,109.98,,1649
101112,35.0,Female,South,84594.11,Bronze,Organic,8,,117.73,8.7,1255
103413,40.0,Male,South,41611.68,Bronze,Social_Media,6,67.0,158.18,10.0,517
102342,36.0,Male,North,53417.7,Silver,Referral,4,,36.12,8.6,2020
105991,18.0,Female,North,50745.64,Bronze,Paid_Ads,10,15.0,71.35,5.9,453
103760,18.0,Male,North,68233.81,Bronze,Paid_Ads,9,,38.38,5.0,2463
101265,37.0,Female,Central,69548.62,Platinum,Social_Media,9,40.0,180.47,6.3,2250
100991,48.0,Male,East,42722.71,Silver,Email,9,80.0,161.99,5.9,1463
103236,45.0,Female,South,54333.11,Bronze,Organic,12,48.0,64.4,4.2,1081
101740,39.0,Male,West,69760.97,Bronze,Social_Media,11,0.0,7.36,7.5,1373
102478,41.0,Female,South,135914.41,Bronze,Paid_Ads,6,42.0,,5.0,1652
100354,48.0,Female,East,41738.16,Bronze,Social_Media,7,137.0,60.52,8.2,2223
105270,29.0,Other,East,77164.38,Silver,Social_Media,7,62.0,97.13,9.9,1129
102458,31.0,Male,East,41986.4,Silver,Paid_Ads,13,15.0,47.69,7.0,281
104208,49.0,Male,East,113369.53,Silver,Organic,6,4.0,237.82,6.4,838
101490,40.0,Female,Central,50284.64,Bronze,Organic,9,1.0,103.06,7.3,1861
103927,47.0,Male,South,46190.11,Gold,Organic,5,12.0,106.53,6.1,1716
101229,45.0,Female,North,,Silver,Social_Media,7,49.0,61.63,7.0,188
105933,35.0,Female,North,41957.96,Gold,Referral,7,9.0,,9.4,2004
102690,18.0,Female,North,70718.13,Silver,Paid_Ads,5,21.0,131.19,6.2,958
105683,33.0,Male,Central,30576.43,Bronze,Social_Media,10,,74.25,9.3,1242
100053,21.0,Male,West,31613.06,Bronze,Organic,5,16.0,256.34,8.8,2405
103124,45.0,,West,66944.65,Silver,Paid_Ads,6,48.0,59.53,8.2,1456
103949,37.0,Male,East,91688.67,Silver,Referral,6,,35.04,5.2,1555
103322,34.0,Male,North,23311.29,Bronze,Organic,9,26.0,111.12,9.1,966
103653,48.0,Female,North,75511.68,Gold,Social_Media,12,46.0,145.63,9.0,2469
101590,33.0,Male,North,131844.03,Gold,Organic,9,2.0,114.72,7.8,949
101480,58.0,Male,North,41844.97,Bronze,Organic,3,15.0,162.31,6.1,1401
101470,18.0,Male,East,77263.78,Bronze,Social_Media,9,31.0,50.94,5.9,1636
102779,44.0,Male,South,62009.23,Gold,Organic,6,13.0,107.89,9.5,178
105988,32.0,Female,Central,30278.96,Gold,Organic,7,64.0,155.13,6.9,2173
102079,18.0,Female,South,71518.42,Silver,Organic,7,,166.58,5.1,2160
103451,19.0,Male,West,66645.01,Bronze,Email,9,23.0,203.75,6.3,630
105912,40.0,Other,South,52424.75,Gold,Social_Media,8,1.0,116.28,,392
102952,47.0,Other,Central,83233.12,Bronze,Email,11,4.0,,6.6,611
100437,32.0,Female,North,81250.41,Silver,Referral,6,60.0,,7.8,1795
102887,44.0,Male,West,50410.97,Bronze,Organic,8,42.0,88.69,9.3,732
103886,,Female,North,26813.44,Silver,Referral,8,20.0,152.35,7.2,2371
101589,26.0,Male,West,31783.95,Bronze,Social_Media,11,,39.23,10.0,875
104418,42.0,,North,46775.48,Bronze,Organic,10,,96.12,3.0,684
101591,21.0,Female,East,35219.59,Bronze,Social_Media,13,18.0,78.51,6.9,930
103251,52.0,Male,North,93802.04,Silver,Referral,8,13.0,81.64,9.1,2430
100974,45.0,Female,Central,47577.88,Gold,Paid_Ads,10,3.0,194.46,5.7,376
101239,45.0,Male,East,123869.71,Bronze,Referral,13,,62.19,7.5,2070
102343,,Female,West,31215.41,Bronze,Social_Media,5,0.0,103.88,8.8,2200
102474,45.0,Female,North,106517.01,Bronze,Referral,5,55.0,208.46,7.9,1298
103589,28.0,Female,East,55560.18,Silver,Paid_Ads,16,61.0,212.76,6.3,1726
105121,40.0,Female,North,36139.58,Bronze,Paid_Ads,8,99.0,346.58,5.2,2054
102232,25.0,Female,West,3136318.4758514264,Bronze,Organic,9,,260.37,7.1,580
102519,45.0,Male,North,56571.31,Silver,Social_Media,11,15.0,141.11,6.1,254
101498,24.0,Male,Central,59811.0,Silver,Paid_Ads,8,25.0,78.78,6.1,1719
100450,43.0,Male,Central,104655.37,Bronze,Social_Media,10,18.0,18.46,4.4,2266
102370,,Female,Central,34905.52,Gold,Paid_Ads,8,94.0,143.34,6.9,1706
104123,26.0,Female,South,,Silver,Paid_Ads,7,23.0,37.12,7.2,1183
102423,57.0,Female,North,60149.74,Gold,Email,8,57.0,291.39,5.5,871
105387,23.0,Female,East,91723.32,Silver,Social_Media,5,,135.91,8.2,1300
105957,27.0,,Central,58298.58,Silver,Email,8,33.0,75.98,7.6,2442
101552,29.0,Male,North,73736.2,Silver,Paid_Ads,8,,31.0,5.5,2038
105319,18.0,,North,46861.87,Platinum,Organic,10,18.0,250.23,8.1,2207
101147,44.0,Female,South,111761.7,Platinum,Email,7,,153.14,5.6,1054
105599,41.0,Male,North,84042.27,Silver,Organic,8,39.0,147.45,8.0,1036
102093,40.0,Female,East,73945.01,Bronze,Referral,12,,129.12,8.1,754
101314,43.0,Male,East,,Bronze,Email,6,31.0,94.2,5.3,1075
102016,40.0,Male,North,91092.38,Silver,Social_Media,9,17.0,59.63,8.6,2356
104307,41.0,Male,Central,42716.92,Silver,Social_Media,7,,69.96,7.4,988
103709,36.0,Male,East,39509.06,Silver,Email,7,,85.52,5.4,1399
103009,35.0,Female,West,,Gold,Email,7,,,6.4,250
101382,18.0,Male,South,37915.9,Bronze,Social_Media,9,22.0,56.8,9.8,2380
103249,48.0,Male,West,97128.17,Gold,Organic,12,,90.72,7.0,1394
100414,47.0,Other,North,,Bronze,Email,7,96.0,14.65,9.6,2005
100942,49.0,Female,West,21798.83,Gold,Referral,9,74.0,85.99,9.2,1464
100802,25.0,Male,West,86919.71,Gold,Paid_Ads,5,,39.82,6.3,1741
104914,25.0,Male,North,69950.99,Gold,Organic,16,,69.77,6.0,1408
105484,55.0,Other,South,37938.38,Bronze,Paid_Ads,10,0.0,109.02,8.5,2324
100257,43.0,Male,East,32140.45,Bronze,Social_Media,9,,,4.6,1784
105887,42.0,Other,West,59979.24,Bronze,Referral,11,49.0,62.82,6.8,1428
102236,25.0,Male,North,47416.92,Bronze,Organic,16,,137.08,8.9,2164
100648,18.0,Female,East,,Silver,Organic,10,30.0,93.39,6.5,295
101768,48.0,Female,South,28282.1,Silver,Organic,8,,93.26,5.8,2174
104106,47.0,Male,West,22985.37,Gold,Paid_Ads,11,30.0,92.94,6.6,333
103936,41.0,Male,South,58772.04,Bronze,Organic,8,31.0,70.55,7.0,1131
105413,32.0,Male,South,42122.34,Bronze,Email,8,5.0,71.97,5.1,607
103950,38.0,Female,East,,Gold,Referral,10,11.0,102.82,7.3,1031
100025,33.0,Female,North,29691.48,Gold,Paid_Ads,8,52.0,106.54,8.2,1775
101089,46.0,Other,South,78986.64,Bronze,Social_Media,1,,30.48,5.8,1775
105112,35.0,Male,East,53401.5,Platinum,Organic,9,120.0,180.61,10.0,131
104166,42.0,Male,North,35125.71,Gold,Social_Media,5,30.0,101.8,6.7,1983
100113,31.0,Male,South,57851.95,Gold,Organic,10,,117.83,8.3,2161
102312,41.0,Male,East,57243.65,Gold,Paid_Ads,4,94.0,129.75,7.1,2239
104648,29.0,Female,South,,Gold,Paid_Ads,8,,,6.6,82
100057,35.0,Female,Central,,Silver,Referral,7,18.0,115.2,7.8,2086
101310,,Male,West,47764.24,Gold,Social_Media,4,10.0,,4.9,42
100696,29.0,Female,North,33214.58,Silver,Referral,5,5.0,167.77,8.5,547
104367,,Female,North,55247.87,Silver,Referral,9,34.0,200.49,8.8,1960
101228,31.0,Male,South,69061.13,Silver,Organic,7,15.0,167.32,,1494
102000,65.0,Male,South,60583.47,Bronze,Organic,6,,282.9,6.7,278
100277,29.0,Male,Central,75706.79,Silver,Social_Media,11,123.0,37.34,8.8,1438
104061,41.0,Female,South,63235.49,Silver,Paid_Ads,7,35.0,37.68,8.0,539
103008,51.0,Female,North,40711.84,Silver,Paid_Ads,3,2.0,181.83,8.1,101
101834,43.0,Female,West,69471.41,Bronze,Social_Media,3,,106.25,7.8,303
100683,53.0,Male,West,29060.77,Platinum,Organic,12,16.0,227.92,7.7,1003
103140,62.0,,South,23543.97,Silver,Paid_Ads,11,,59.86,6.0,2017
104335,45.0,,Central,57695.66,Bronze,Referral,9,29.0,146.94,6.9,308
101138,38.0,Female,North,42146.74,Bronze,Referral,12,84.0,28.34,7.8,1389
103753,36.0,Male,North,75016.08,Silver,Referral,18,104.0,144.51,4.3,1408
103783,27.0,,Central,61238.77,Silver,Organic,6,31.0,103.02,6.3,112
103012,34.0,Male,South,34093.56,Bronze,Social_Media,2,79.0,193.79,7.0,966
104089,33.0,Female,South,,Bronze,Social_Media,4,84.0,72.99,6.0,807
104834,28.0,Female,North,44710.16,Gold,Organic,11,18.0,127.23,6.9,1727
101347,42.0,Male,South,96668.68,Platinum,Paid_Ads,4,22.0,156.1,6.8,1745
102551,18.0,Female,South,,Silver,Referral,7,55.0,120.26,6.5,2054
104923,40.0,Male,West,46727.3,Gold,Social_Media,9,46.0,244.62,7.4,1933
102802,50.0,Male,East,78215.17,Bronze,Organic,5,,189.2,,1590
102385,46.0,,West,49228.23,Silver,Organic,2,43.0,129.62,8.5,1938
104767,26.0,Male,South,63402.15,Bronze,Organic,7,98.0,133.78,6.8,832
104177,200.0,Male,East,49386.29,Bronze,Email,11,,41.66,7.1,1096
103254,50.0,Female,East,73350.03,Gold,Paid_Ads,11,57.0,47.45,5.9,1131
102610,22.0,Female,West,35327.41,Silver,Email,13,30.0,85.15,7.3,225
103255,34.0,Male,West,35727.56,Bronze,Paid_Ads,12,90.0,114.79,5.6,1292
102570,44.0,,East,39254.12,Bronze,Referral,8,78.0,106.7,8.5,2100
102754,39.0,,North,39561.44,Platinum,Paid_Ads,7,18.0,221.72,7.4,1470
104989,32.0,Male,North,61493.43,Bronze,Email,8,37.0,132.79,5.2,482
104927,52.0,Male,South,63150.58,Gold,Paid_Ads,8,8.0,47.61,5.6,243
100082,30.0,Female,West,20104.88,Bronze,Social_Media,5,43.0,68.87,8.3,1384
101973,39.0,,North,48029.8,Bronze,Social_Media,13,13.0,44.54,5.8,837
101715,26.0,Female,West,39130.07,Silver,Paid_Ads,12,24.0,48.24,6.9,717
103143,35.0,Female,North,24185.81,Bronze,Paid_Ads,11,17.0,65.35,7.3,528
103623,27.0,Female,West,55521.8,Silver,Paid_Ads,11,38.0,147.56,7.4,1036
101947,29.0,Female,South,,Bronze,Organic,5,39.0,113.19,8.7,2368
103318,30.0,,South,41893.85,Silver,Organic,6,16.0,66.45,9.0,1315
104085,50.0,Female,South,42020.34,Silver,Referral,2,41.0,151.11,7.4,2388
104710,45.0,Male,South,52573.87,Bronze,Organic,6,70.0,25.41,7.3,1276
101611,,Female,North,,Gold,Paid_Ads,3,192.0,70.59,7.3,1996
104641,56.0,Female,South,60577.78,Silver,Organic,6,5.0,53.7,6.3,326
102891,28.0,Female,South,49999.52,Bronze,Paid_Ads,11,8.0,21.58,9.1,1021
103246,42.0,Other,East,43513.31,Bronze,Social_Media,7,117.0,109.14,8.3,1906
105864,44.0,Male,North,,Bronze,Social_Media,12,43.0,80.74,8.5,300
104626,43.0,Male,South,113032.17,Silver,Email,7,,121.11,6.9,1861
100666,18.0,Male,Central,48091.11,Platinum,Social_Media,7,39.0,262.12,6.9,1449
102195,40.0,Female,Central,89116.21,Silver,Paid_Ads,10,,108.98,7.6,1385
105723,38.0,Female,North,40654.2,Platinum,Paid_Ads,8,,214.54,4.7,900
105101,27.0,Female,South,81764.1,Bronze,Social_Media,8,,69.89,7.9,1009
101018,35.0,Male,East,,Silver,Email,8,16.0,169.15,7.1,277
100558,26.0,Female,South,48711.97,Platinum,Paid_Ads,7,19.0,228.49,9.6,1322
104399,26.0,Female,North,55879.99,Gold,Referral,11,63.0,101.8,5.0,686
105767,32.0,Male,West,50910.32,Bronze,Social_Media,6,56.0,77.48,6.1,726
101208,27.0,Female,North,,Silver,Organic,13,,53.74,10.0,1435
103803,35.0,Female,North,64478.43,Bronze,Email,8,,24.43,4.8,2444
103025,36.0,Female,North,90945.48,Silver,Email,15,18.0,177.51,6.5,1304
101511,39.0,Male,West,83828.34,Gold,Email,8,16.0,73.81,7.8,771
105115,58.0,Female,North,39872.9,Bronze,Referral,10,12.0,199.24,8.8,761
105550,26.0,Male,Central,,Silver,Organic,9,42.0,79.99,9.5,2411
104202,18.0,Male,Central,86384.02,Silver,Organic,7,,,4.5,618
104568,40.0,Male,East,,Silver,Paid_Ads,11,,51.19,6.0,685
100267,40.0,,East,,Bronze,Email,15,1.0,119.45,9.5,486
102689,53.0,Male,North,45810.29,Silver,Paid_Ads,9,,,7.9,1487
105463,25.0,Male,West,54587.2,Silver,Social_Media,7,33.0,142.06,4.7,1983
102112,44.0,Male,South,75397.54,Gold,Email,13,4.0,174.56,9.0,2144
102944,34.0,Male,East,110864.93,Bronze,Referral,5,34.0,281.38,8.2,2319
101910,43.0,Male,West,17302.5,Bronze,Social_Media,12,21.0,100.9,8.2,1628
103106,39.0,Male,North,65461.46,Gold,Referral,5,104.0,57.68,8.7,250
103904,35.0,Male,South,63733.86,Bronze,Social_Media,11,,38.4,7.8,2350
103952,67.0,Other,South,86625.21,Bronze,Organic,10,25.0,162.94,7.8,2311
104237,40.0,Female,East,,Gold,Paid_Ads,7,2.0,99.06,7.5,1920
103571,47.0,Male,West,82053.66,Silver,Paid_Ads,9,21.0,114.23,8.9,511
104824,31.0,Female,East,74444.71,Silver,Paid_Ads,11,,220.83,9.2,2146
103218,52.0,Female,North,96749.83,Bronze,Organic,4,6.0,60.48,8.8,1067
101785,46.0,Male,North,32788.39,Bronze,Social_Media,7,,66.23,5.2,1972
101238,45.0,,Central,55194.29,Gold,Social_Media,6,104.0,123.02,7.0,280
104992,37.0,Other,South,119592.11,Silver,Organic,7,9.0,112.07,,1743
104701,48.0,Male,East,40669.31,Bronze,Paid_Ads,4,70.0,157.54,5.2,250
104201,28.0,Female,South,32371.0,Bronze,Paid_Ads,9,76.0,152.47,8.9,108
104866,39.0,Female,South,32870.97,Silver,Paid_Ads,9,18.0,94.94,4.6,1303
105921,35.0,Male,Central,,Platinum,Social_Media,6,0.0,159.97,8.7,379
102187,37.0,Female,South,119506.33,Bronze,Organic,11,81.0,51.37,8.0,2250
103448,,Male,East,42025.54,Bronze,Referral,8,148.0,59.77,5.4,1049
100909,39.0,Male,East,,Silver,Paid_Ads,10,20.0,62.26,6.6,1439
104319,27.0,Male,South,73232.12,Silver,Social_Media,8,105.0,225.84,,1008
101304,47.0,Female,Central,51361.06,Silver,Organic,9,177.0,239.87,5.2,101
105602,54.0,Female,Central,53802.12,Gold,Organic,13,,149.4,7.8,2007
101628,57.0,Male,West,25358.4,Bronze,Organic,6,38.0,90.81,6.7,2042
101523,35.0,Female,East,65777.45,Bronze,Organic,3,5.0,24.69,6.9,1947
100836,27.0,Male,West,54528.31,Silver,Organic,15,26.0,77.68,5.6,656
100359,28.0,Female,West,90769.93,Silver,Social_Media,9,17.0,60.3,6.8,2183
100139,62.0,Female,South,,Bronze,Organic,6,,138.49,6.0,2078
100300,42.0,Male,West,42101.63,Bronze,Organic,4,0.0,,8.9,1217
101557,29.0,Other,West,49061.14,Silver,Organic,5,100.0,141.53,8.0,1781
101004,46.0,,North,49339.49,Bronze,Paid_Ads,13,,252.27,7.1,1102
100383,19.0,Other,East,75167.24,Gold,Organic,4,101.0,92.06,8.1,2048
104195,,Male,North,38375.12,Bronze,Email,10,30.0,60.68,6.7,246
100762,46.0,Male,South,45500.8,Bronze,Social_Media,13,50.0,123.26,4.8,1177
105722,48.0,Female,East,,Silver,Organic,7,4.0,324.16,6.3,1311
102955,18.0,Female,Central,68122.91,Bronze,Paid_Ads,8,39.0,25.38,6.7,2466
104175,25.0,Female,Central,88138.37,Bronze,Social_Media,10,,264.35,8.6,2122
104848,46.0,,North,62202.57,Silver,Organic,8,8.0,162.35,8.6,1160
104440,26.0,Male,West,44024.46,Silver,Referral,10,,274.77,7.1,326
101403,36.0,,West,27816.97,Bronze,Paid_Ads,9,6.0,117.59,5.4,1152
102938,55.0,Male,North,99519.23,Gold,Email,12,,68.5,8.8,2478
105844,,Female,East,104111.15,Gold,Organic,12,,113.18,4.8,1659
101933,28.0,Female,East,81159.96,Silver,Paid_Ads,8,,227.71,7.1,756
103211,38.0,Female,East,53069.16,Gold,Email,3,2.0,245.25,8.6,113
102898,39.0,Male,South,97245.14,Bronze,Social_Media,10,,17.53,6.7,118
105568,23.0,Female,West,56902.48,Bronze,Social_Media,9,53.0,8.18,,86
105144,51.0,Other,West,116203.4,Platinum,Referral,10,84.0,100.11,7.5,820
102828,61.0,Male,North,74219.29,Silver,Referral,6,22.0,52.6,7.9,1580
103871,38.0,Female,North,38006.28,Bronze,Organic,9,4.0,,6.9,1162
102756,24.0,Male,Central,,Bronze,Email,7,12.0,61.99,5.6,1274
100059,28.0,Female,South,48764.3,Silver,Paid_Ads,8,,,7.4,2297
100077,,Male,South,136620.81,Platinum,Organic,7,35.0,144.76,7.6,204
100797,50.0,Male,North,46313.15,Bronze,Organic,12,15.0,156.84,6.3,1999
102417,29.0,Male,North,82569.3,Silver,Organic,5,62.0,273.07,6.6,2339
102986,33.0,Female,North,96538.09,Gold,Organic,5,,257.44,5.8,1059
104388,45.0,Female,South,56112.5,Bronze,Social_Media,7,28.0,197.88,6.3,2472
100786,41.0,Male,North,32947.08,Bronze,Organic,7,54.0,169.31,9.3,396
105018,,Male,Central,50071.3,Bronze,Social_Media,7,54.0,119.59,6.1,439
105068,49.0,Male,North,35160.03,Silver,Referral,6,4.0,145.18,5.7,1945
102218,37.0,Other,East,33024.18,Platinum,Social_Media,11,,128.75,5.4,316
105322,20.0,Male,West,30958.06,Silver,Organic,6,52.0,91.73,6.0,130
105029,,Male,North,102213.24,Bronze,Email,7,28.0,,8.9,1595
103505,40.0,Female,Central,53925.48,Silver,Referral,5,30.0,63.16,7.6,880
103371,35.0,Female,Central,75638.11,Silver,Referral,10,,407.87,10.0,1987
103983,34.0,Male,North,35019.28,Bronze,Paid_Ads,8,5.0,125.32,6.5,1335
104629,30.0,Male,West,31689.0,Silver,Organic,8,9.0,215.87,,795
100911,29.0,Male,North,71947.46,Silver,Organic,10,49.0,72.23,9.1,1481
102173,34.0,Female,Central,46777.56,Gold,Referral,8,32.0,,7.4,1872
103519,38.0,Male,East,56668.09,Silver,Organic,7,13.0,82.19,6.7,876
102310,41.0,Female,South,54380.74,Bronze,Organic,6,141.0,136.02,6.3,1289
105895,38.0,Female,North,36991.53,Platinum,Email,6,143.0,164.45,8.6,410
101258,38.0,Male,East,39193.58,Gold,Social_Media,11,53.0,172.67,3.9,543
102496,65.0,,South,48535.46,Silver,Email,7,27.0,81.77,8.0,1954
104521,25.0,Female,East,58017.4,Gold,Paid_Ads,12,74.0,95.56,7.4,182
104886,34.0,Male,West,48737.35,Bronze,Organic,8,,108.17,6.7,801
101179,42.0,Other,West,71582.3,Bronze,Social_Media,8,83.0,115.49,8.8,132
104514,29.0,Male,West,37532.63,Silver,Paid_Ads,8,40.0,143.48,7.9,489
104899,,Other,South,54483.26,Silver,Social_Media,9,9.0,126.29,6.5,1748
100443,42.0,Male,East,94620.31,Platinum,Paid_Ads,7,42.0,222.74,9.0,892
104067,28.0,Male,East,38551.51,Silver,Email,6,,80.44,6.3,560
103039,28.0,Male,Central,34680.75,Bronze,Paid_Ads,10,57.0,89.76,5.9,1911
103297,43.0,Female,East,54096.99,Platinum,Social_Media,8,,164.73,,1307
105720,44.0,Male,East,61413.88,Silver,Social_Media,8,39.0,87.06,6.4,1683
101055,21.0,Male,North,81266.2,Gold,Paid_Ads,8,11.0,177.56,5.4,1768
102670,30.0,Other,East,55066.19,Bronze,Referral,4,20.0,69.04,6.0,121
104597,34.0,Male,South,62002.72,Bronze,Paid_Ads,12,52.0,178.93,10.0,2044
103045,40.0,Male,Central,56607.08,Bronze,Social_Media,10,,91.6,6.1,77
101416,28.0,Male,South,29890.41,Bronze,Social_Media,7,8.0,,7.5,888
102373,37.0,Male,South,57372.21,Gold,Referral,9,32.0,92.8,9.0,285
104238,41.0,Female,West,93263.38,Gold,Social_Media,2,7.0,139.34,9.4,698
102973,38.0,Female,South,52483.79,Bronze,Social_Media,6,,179.44,5.1,891
105429,50.0,Female,West,42991.14,Bronze,Social_Media,11,20.0,33.83,6.7,1275
103686,41.0,Female,West,25131.15,Silver,Paid_Ads,9,172.0,192.55,6.1,1169
105167,18.0,Female,South,29539.82,Silver,Referral,3,74.0,153.68,6.4,1540
101503,54.0,Male,East,42207.08,Bronze,Social_Media,9,,56.73,8.3,1554
104703,18.0,Female,North,34267.01,Silver,Paid_Ads,9,126.0,96.87,7.0,1518
103845,,Male,East,39610.36,Bronze,Paid_Ads,4,210.0,59.38,6.9,81
102012,59.0,,East,25249.06,Bronze,Organic,5,135.0,,8.8,1486
105257,44.0,Male,South,24306.22,Bronze,Social_Media,6,1.0,39.23,8.0,996
105256,23.0,Male,West,,Bronze,Paid_Ads,7,,148.66,7.1,1721
102860,27.0,Female,Central,31831.45,Gold,Email,4,,71.58,6.2,986
104837,18.0,Female,South,43105.75,Bronze,Paid_Ads,10,77.0,189.48,7.4,1740
104532,41.0,Female,East,,Bronze,Organic,11,28.0,175.79,6.9,1347
103465,44.0,Female,West,28418.98,Silver,Social_Media,8,,45.06,4.7,2171
100007,40.0,Female,North,34490.33,Gold,Email,9,8.0,81.67,6.2,267
102488,48.0,Male,South,46278.76,Bronze,Organic,6,58.0,82.54,9.0,2087
100679,,Male,South,,Gold,Organic,10,,59.95,6.0,1057
101944,18.0,Female,South,59293.57,Gold,Organic,4,42.0,99.93,5.9,274
103717,47.0,Male,East,24377.28,Bronze,Referral,9,30.0,146.31,,2323
105521,46.0,Female,South,53932.49,Bronze,Social_Media,12,78.0,,7.1,2318
105644,59.0,Female,Central,,Platinum,Paid_Ads,8,30.0,106.84,6.2,1496
104603,37.0,Female,Central,59857.89,Gold,Paid_Ads,8,10.0,96.99,9.5,1110
102608,36.0,Male,East,29654.83,Silver,Organic,5,17.0,128.81,7.8,508
104661,19.0,Other,North,60365.62,Bronze,Paid_Ads,2,31.0,152.73,5.5,1658
105517,39.0,Male,North,36375.85,Bronze,Paid_Ads,3,61.0,102.71,7.3,1514
101065,30.0,Male,South,110255.03,Gold,Paid_Ads,7,46.0,87.99,7.4,2351
103733,72.0,Male,North,31300.53,Bronze,Social_Media,9,6.0,62.82,5.7,420
102243,21.0,Female,North,64828.25,Bronze,Paid_Ads,7,,,7.4,595
101475,36.0,Male,South,93993.27,Gold,Social_Media,7,,230.04,8.5,531
104450,38.0,Male,East,83314.31,Silver,Organic,8,11.0,38.61,4.6,1956
101890,45.0,,North,,Platinum,Social_Media,12,,282.22,5.9,2118
103455,56.0,Female,South,97661.84,Silver,Organic,2,,130.28,8.0,257
102022,29.0,Male,Central,28015.76,Silver,Organic,8,83.0,70.05,5.3,1332
105236,35.0,Female,West,47277.48,Silver,Referral,7,44.0,151.84,8.9,1161
104271,23.0,Female,North,,Silver,Email,10,9.0,87.11,7.0,116
102659,36.0,Other,North,72113.11,Bronze,Organic,7,2.0,127.47,7.6,179
102468,54.0,Female,South,,Bronze,Social_Media,3,33.0,88.17,6.1,2035
102752,33.0,Male,East,,Gold,Organic,4,16.0,112.68,7.7,916
101131,27.0,,North,54637.26,Silver,Email,9,135.0,,6.4,2140
101462,29.0,Male,Central,50543.46,Silver,Organic,2,34.0,,4.7,2103
104690,31.0,Male,West,41264.67,Bronze,Referral,15,19.0,28.77,5.1,397
105431,20.0,Female,West,23675.17,Gold,Organic,9,5.0,395.42,6.4,2009
103309,26.0,Female,East,44996.19,Bronze,Organic,6,52.0,68.51,6.7,1637
103261,39.0,Female,Central,70101.07,Bronze,Social_Media,8,4.0,37.85,5.1,597
100223,40.0,Male,South,54678.66,Gold,Organic,8,,120.63,9.7,56
105563,43.0,Female,South,48614.02,Gold,Referral,7,12.0,,6.8,307
100049,46.0,Male,South,78730.08,Platinum,Social_Media,11,31.0,,7.6,838
100574,27.0,Other,South,32316.72,Gold,Paid_Ads,11,31.0,118.51,6.7,1959
101237,38.0,Male,West,114688.38,Gold,Social_Media,0,,133.79,6.3,303
104562,29.0,Female,North,85325.48,Bronze,Referral,11,44.0,78.83,9.5,1468
105816,33.0,Male,East,52552.41,Bronze,Referral,8,24.0,94.18,10.0,1602
105390,35.0,Female,West,44639.39,Platinum,Organic,9,,,6.1,728
102283,51.0,Female,South,,Gold,Referral,6,7.0,,6.1,745
104079,33.0,Male,East,64651.61,Bronze,Email,9,27.0,276.67,7.8,601
100268,42.0,Male,South,90140.43,Silver,Paid_Ads,8,,110.62,8.7,1056
101105,25.0,Male,West,49817.93,Gold,Organic,6,11.0,209.05,7.6,1435
102306,32.0,Male,South,68434.08,Gold,Social_Media,8,,82.53,6.0,1008
105118,36.0,,East,28665.81,Bronze,Paid_Ads,8,145.0,57.13,7.7,1497
101936,57.0,Female,South,38947.6,Gold,Referral,9,9.0,,,2309
100387,,,West,105713.16,Silver,Organic,10,20.0,75.06,6.9,1609
101702,32.0,Female,West,48981.99,Bronze,Paid_Ads,8,50.0,123.2,6.2,2012
101629,43.0,Female,South,49752.0,Silver,Referral,9,,154.3,7.1,2416
103201,31.0,Male,South,60811.94,Platinum,Email,11,48.0,340.67,,1019
102715,36.0,Female,South,38834.55,Silver,Organic,9,26.0,115.03,6.0,1214
102987,41.0,Male,South,40341.9,Bronze,Referral,7,39.0,76.38,6.6,1794
105246,40.0,Female,North,20524.97,Bronze,Social_Media,9,,41.3,6.0,46
101564,24.0,Female,South,46201.46,Gold,Paid_Ads,16,18.0,,7.2,1563
103579,45.0,Male,East,45906.45,Bronze,Email,11,19.0,54.48,5.8,905
100210,34.0,Male,West,40961.2,Gold,Paid_Ads,6,5.0,142.6,6.4,2182
100910,,Female,East,154432.5,Platinum,Email,4,,172.66,6.2,67
101290,48.0,Female,Central,86946.8,Gold,Organic,8,6.0,224.46,8.5,883
104529,30.0,,West,56677.54,Platinum,Social_Media,13,0.0,297.42,7.6,2026
104953,,Male,West,,Bronze,Social_Media,13,60.0,113.3,5.0,1164
101843,-5.0,Female,East,49724.2,Platinum,Paid_Ads,4,,193.49,5.5,2323
102498,0.0,Male,South,,Silver,Social_Media,9,,165.34,8.1,2191
104905,63.0,Male,Central,74527.99,Bronze,Social_Media,5,,21.16,7.2,843
104324,39.0,Male,South,91404.63,Bronze,Paid_Ads,4,,14.99,5.1,578
100959,38.0,Male,Central,39176.93,Bronze,Organic,11,,188.77,9.5,565
101794,34.0,,West,45109.43,Platinum,Organic,12,212.0,280.38,8.3,1381
102089,30.0,Female,Central,66548.03,Bronze,Social_Media,10,,228.64,7.5,1307
102703,48.0,Other,East,54401.41,Bronze,Social_Media,8,138.0,136.92,6.4,2243
100332,46.0,Female,West,58343.86,Gold,Referral,6,,116.4,7.0,927
103335,39.0,Male,South,80112.31,Silver,Social_Media,5,51.0,64.76,7.8,882
103882,55.0,Male,South,60208.31,Silver,Referral,6,7.0,126.2,8.2,1033
102992,58.0,Male,South,15954.06,Bronze,Organic,12,,123.26,6.2,2456
102460,18.0,Female,West,64448.28,Bronze,Organic,7,57.0,97.94,6.5,729
101775,51.0,Male,West,51978.47,Bronze,Paid_Ads,13,216.0,33.42,6.0,289
104212,42.0,Other,West,25960.33,Platinum,Paid_Ads,5,42.0,163.54,6.8,1716
104742,37.0,Male,East,49905.83,Bronze,Social_Media,6,50.0,171.92,9.5,611
104152,55.0,Male,East,85736.42,Bronze,Organic,9,140.0,,6.9,2350
104164,22.0,Female,West,24745.26,Bronze,Organic,5,33.0,201.53,7.5,839
104868,34.0,Female,East,14838.31,Bronze,Organic,7,,38.83,8.1,2359
105291,44.0,Male,Central,,Silver,Organic,8,86.0,238.32,7.3,1086
103766,52.0,Male,South,31292.21,Bronze,Email,9,54.0,79.24,6.2,1993
102810,21.0,Female,East,,Silver,Organic,4,,63.36,5.5,1644
101711,31.0,Female,North,42036.79,Bronze,Organic,13,,214.8,7.4,1700
104580,47.0,Female,Central,57004.33,Bronze,Email,10,49.0,3.0,5.2,1593
102479,47.0,Male,East,30353.71,Bronze,Referral,13,,59.11,8.3,1003
101367,24.0,Female,South,44431.93,Bronze,Email,10,27.0,,10.0,1815
100174,23.0,Female,West,31549.6,Gold,Organic,13,12.0,124.58,7.8,1028
104040,36.0,Female,West,56508.56,Bronze,Paid_Ads,12,83.0,104.77,8.7,2116
104420,54.0,Male,East,121515.49,Bronze,Social_Media,6,37.0,68.12,8.3,1719
104444,26.0,Other,Central,30349.02,Bronze,Organic,6,53.0,39.37,7.9,1731
105998,57.0,Female,North,78973.26,Gold,Organic,8,,103.79,6.9,2352
104093,29.0,Male,South,59474.48,Silver,Organic,6,17.0,66.19,6.3,2141
101953,18.0,Other,West,53636.07,Silver,Referral,8,,80.16,6.5,1324
103204,51.0,Female,South,121973.76,Silver,Organic,9,1.0,106.6,6.9,1391
103354,28.0,Male,South,57851.65,Bronze,Organic,11,20.0,168.95,5.2,435
102037,32.0,Female,East,51068.69,Silver,Social_Media,6,10.0,124.17,8.9,1589
103879,22.0,Male,West,36176.6,Platinum,Organic,7,3.0,172.8,8.4,1039
104401,37.0,Male,Central,26724.08,Bronze,Email,10,71.0,16.82,6.1,2133
100019,49.0,Male,West,87466.55,Bronze,Email,11,33.0,103.61,4.7,854
100001,42.0,Female,East,59952.18,Silver,Organic,10,41.0,90.22,5.1,1561
102175,42.0,Male,West,67396.3,Bronze,Email,11,,61.16,6.3,1562
101357,33.0,Male,East,,Bronze,Email,9,,63.39,6.1,1212
105577,43.0,Female,South,69906.19,Bronze,Social_Media,5,10.0,110.62,6.9,2492
104773,34.0,Male,East,106188.97,Gold,Email,4,,61.01,5.8,1522
103160,30.0,Male,West,96437.05,Bronze,Paid_Ads,11,20.0,180.87,6.4,115
100397,47.0,Male,East,,Gold,Organic,7,30.0,93.55,4.5,269
104508,26.0,Male,East,,Bronze,Organic,6,19.0,120.25,8.3,1812
103342,47.0,Other,East,58331.9,Gold,Paid_Ads,10,41.0,182.59,8.1,478
101813,41.0,Female,West,34926.89,Silver,Paid_Ads,7,49.0,128.97,7.5,2063
103897,22.0,Male,South,51184.4,Bronze,Email,8,22.0,6.94,8.0,574
104350,44.0,Female,West,57786.85,Silver,Organic,5,74.0,120.32,6.5,779
100817,33.0,,East,42486.04,Gold,Social_Media,8,,181.32,7.6,2158
101573,42.0,,Central,42143.33,Silver,Email,4,45.0,156.91,4.8,663
104731,36.0,Male,North,21071.26,Silver,Paid_Ads,6,26.0,170.47,10.0,2406
101801,38.0,Male,North,69775.27,Bronze,Organic,6,8.0,33.51,8.4,1051
102281,53.0,Male,South,64955.85,Gold,Social_Media,12,,166.23,6.3,2256
105059,39.0,Female,East,28155.34,Silver,Referral,8,61.0,160.41,7.7,1782
105822,22.0,Female,West,49751.64,Bronze,Social_Media,7,34.0,44.81,7.2,1840
103911,54.0,Other,West,45507.47,Bronze,Email,8,18.0,157.44,5.2,2143
104536,42.0,Male,Central,103076.5,Bronze,Paid_Ads,4,6.0,162.37,6.2,1383
105145,18.0,Male,South,42664.22,Gold,Social_Media,11,1.0,,7.2,1315
105172,37.0,Male,South,41973.99,Bronze,Organic,17,10.0,,6.9,1186
104396,41.0,Male,West,43120.14,Gold,Social_Media,9,39.0,,5.7,748
104156,31.0,Male,North,,Gold,Paid_Ads,6,57.0,84.41,8.9,2310
103836,41.0,Female,North,28840.23,Bronze,Email,11,97.0,26.58,8.9,1361
104732,34.0,Male,Central,,Platinum,Email,4,36.0,304.21,9.0,209
105338,49.0,Male,North,92910.61,Bronze,Organic,10,136.0,112.99,4.7,2122
100555,37.0,Female,North,40297.36,Bronze,Email,12,20.0,83.5,7.3,1136
101160,21.0,Male,North,30851.56,Gold,Referral,14,,133.7,8.9,1778
101214,29.0,Male,Central,44937.52,Silver,Referral,7,66.0,116.96,5.5,880
104033,45.0,Female,South,69420.81,Bronze,Paid_Ads,6,21.0,126.18,5.7,412
101326,50.0,Female,South,,Silver,Organic,10,35.0,81.23,7.0,296
103287,22.0,Male,East,53117.98,Bronze,Paid_Ads,9,92.0,29.08,4.9,591
103350,27.0,Male,North,41147.68,Silver,Paid_Ads,5,31.0,228.67,8.3,2198
100701,51.0,,South,38048.3,Silver,Organic,10,81.0,54.18,7.2,2232
102701,48.0,Male,North,29005.1,Platinum,Social_Media,10,20.0,222.19,7.3,2271
104294,53.0,,West,48161.14,Bronze,Organic,10,,26.61,5.3,1282
101848,25.0,Male,South,64728.47,Gold,Organic,14,9.0,156.84,8.7,638
104407,,Male,South,97670.78,Silver,Paid_Ads,7,47.0,49.29,8.3,2325
105635,38.0,Male,South,91426.01,Bronze,Organic,8,30.0,55.1,7.6,1536
101456,37.0,Female,West,63089.92,Silver,Social_Media,3,,,9.8,2253
105020,49.0,Female,North,91795.07,Gold,Referral,15,,76.82,7.7,834
105615,,Male,East,65643.05,Silver,Organic,5,,150.15,,1945
104128,34.0,Female,East,73668.17,Silver,Social_Media,10,6.0,128.69,,1981
100867,22.0,Female,North,41623.9,Silver,Referral,10,,122.48,,877
104585,34.0,Female,West,97964.13,Bronze,Organic,6,88.0,185.55,8.2,2369
101645,20.0,Male,Central,66506.87,Platinum,Organic,4,13.0,147.65,5.8,2408
102141,37.0,Male,Central,69990.26,Bronze,Organic,8,4.0,50.71,5.9,1724
104464,31.0,Other,Central,66806.06,Silver,Organic,15,55.0,63.36,5.8,528
103989,52.0,Female,East,75041.87,Silver,Social_Media,6,5.0,242.9,4.9,2055
101491,31.0,Female,North,29748.89,Bronze,Social_Media,7,50.0,49.3,7.7,787
105507,32.0,Female,East,124121.03,Bronze,Organic,7,111.0,41.64,10.0,1258
100730,25.0,Female,South,24906.04,Gold,Social_Media,11,4.0,292.06,7.8,1969
104583,40.0,Male,West,42176.3,Gold,Referral,5,,96.65,4.0,1735
103500,45.0,Male,West,33613.68,Platinum,Social_Media,3,49.0,343.38,5.8,1268
102621,30.0,Female,East,86452.98,Platinum,Social_Media,12,,133.31,7.6,657
101937,38.0,Male,South,42471.82,Gold,Organic,10,32.0,184.97,6.3,1683
105552,36.0,Female,North,,Gold,Social_Media,8,86.0,259.81,8.7,612
101111,56.0,Female,East,34825.75,Bronze,Organic,13,70.0,51.62,7.0,331
104871,24.0,Male,East,42777.38,Silver,Social_Media,11,9.0,85.76,5.9,499
105361,32.0,Female,South,41076.81,Gold,Social_Media,8,7.0,144.54,8.7,128
102395,27.0,Male,South,67344.75,Platinum,Paid_Ads,11,12.0,147.35,7.7,670
101186,21.0,Female,Central,71062.94,Silver,Organic,10,,125.53,9.0,42
102008,25.0,Female,West,37899.94,Bronze,Paid_Ads,9,34.0,110.54,7.3,1985
100194,56.0,,West,49050.35,Silver,Paid_Ads,13,16.0,107.69,6.8,1955
101516,41.0,Male,West,,Silver,Social_Media,10,2.0,100.0,7.5,1804
100579,35.0,Other,West,26334.89,Bronze,Paid_Ads,6,,62.17,6.6,855
102124,39.0,Female,East,,Bronze,Social_Media,5,61.0,47.1,4.5,2137
101430,47.0,Female,South,86831.0,Bronze,Paid_Ads,7,6.0,47.67,7.3,998
100772,54.0,Other,North,137583.62,Silver,Referral,5,3.0,114.85,7.2,50
105206,35.0,Male,North,62191.29,Bronze,Organic,10,,319.47,8.8,700
102396,24.0,Female,Central,45540.39,Gold,Referral,9,82.0,58.69,9.4,1649
105942,20.0,Male,Central,68581.92,Bronze,Social_Media,7,44.0,290.07,5.4,1827
101847,38.0,Male,West,70228.26,Bronze,Email,7,56.0,,6.6,2471
100132,,Male,North,,Gold,Social_Media,7,119.0,180.07,,173
100179,37.0,Male,North,16758.91,Gold,Referral,10,21.0,93.1,5.9,1409
105356,48.0,Male,North,,Bronze,Social_Media,7,,,4.8,2033
103810,43.0,Male,West,25834.16,Platinum,Organic,6,66.0,,7.5,1254
103568,24.0,Male,North,31416.45,Gold,Email,8,2.0,,7.5,916
102581,26.0,Male,East,24036.81,Bronze,Social_Media,12,18.0,,4.8,572
103626,62.0,Female,North,82516.96,Gold,Paid_Ads,5,103.0,46.4,7.2,1930
104280,26.0,,North,86684.41,Bronze,Referral,7,59.0,111.24,7.7,1346
102653,53.0,Male,Central,54914.42,Gold,Email,8,,141.55,7.6,860
104220,33.0,Male,West,58257.76,Bronze,Paid_Ads,12,81.0,367.21,8.7,668
102074,35.0,Male,East,59207.21,Bronze,Referral,9,,65.24,5.8,797
100659,53.0,Female,West,87748.88,Silver,Referral,6,34.0,41.49,8.9,123
101897,19.0,,East,29882.84,Bronze,Paid_Ads,9,,85.61,7.0,1184
104412,36.0,,North,57536.37,Bronze,Organic,4,6.0,99.93,7.1,773
104064,30.0,Male,West,65447.64,Gold,Referral,9,,81.09,10.0,720
102222,29.0,Female,East,41002.52,Bronze,Organic,5,15.0,161.3,8.6,1906
105679,41.0,Female,West,37000.75,Platinum,Email,4,107.0,171.18,7.1,759
102380,37.0,Female,North,128733.39,Bronze,Social_Media,10,46.0,66.71,5.4,273
101448,56.0,Other,East,94972.42,Silver,Organic,10,,138.38,6.6,2451
100343,39.0,Male,South,71683.54,Bronze,Organic,4,148.0,110.57,7.3,754
103605,39.0,Male,East,,Gold,Organic,8,2.0,101.18,7.6,2225
102528,34.0,Male,West,165039.18,Silver,Email,7,,113.85,4.6,2364
100728,47.0,Male,West,49211.65,Silver,Paid_Ads,5,,,6.6,1663
104723,37.0,Male,South,65332.72,Silver,Referral,6,33.0,83.52,9.1,1012
100977,51.0,Female,South,69717.46,Gold,Social_Media,5,48.0,104.75,7.0,1933
103615,18.0,Male,North,96430.77,Silver,Social_Media,5,120.0,23.48,7.4,1021
104162,22.0,Male,Central,39219.05,Silver,Referral,7,1.0,82.45,5.4,2146
101929,48.0,Female,Central,22484.42,Silver,Social_Media,7,66.0,186.36,7.6,2122
103695,53.0,Other,South,41576.57,Bronze,Referral,6,92.0,58.5,6.8,2327
105761,67.0,Male,South,83832.83,Bronze,Referral,13,37.0,290.9,5.3,1019
101300,26.0,Female,South,55941.91,Bronze,Referral,6,135.0,60.12,8.3,1359
104174,29.0,Female,Central,,Silver,Social_Media,12,22.0,71.26,8.5,495
105509,40.0,Male,South,41441.29,Bronze,Paid_Ads,8,9.0,39.89,7.0,273
100661,18.0,Male,West,,Bronze,Organic,9,4.0,59.36,5.7,384
101791,,Male,Central,44136.85,Silver,Referral,7,46.0,136.41,6.3,133
103391,25.0,Female,East,47159.22,Bronze,Social_Media,8,49.0,36.71,9.8,957
105934,38.0,Other,West,42522.61,Gold,Referral,12,15.0,132.29,7.7,708
100494,,Male,Central,53134.77,Gold,Organic,9,,127.66,6.4,1346
103113,57.0,Female,East,67161.29,Bronze,Paid_Ads,6,3.0,26.95,4.2,1583
104903,38.0,Female,South,37791.37,Silver,Email,2,75.0,89.39,9.4,2494
104990,48.0,Other,South,34843.22,Silver,Organic,6,29.0,138.59,6.5,1243
103827,48.0,Female,West,29566.34,Bronze,Organic,8,37.0,23.57,7.9,1827
105523,28.0,Male,South,77279.38,Bronze,Paid_Ads,7,,,8.6,1184
101086,33.0,Male,South,52087.64,Silver,Referral,3,38.0,60.01,5.7,767
105663,35.0,Male,West,45360.47,Silver,Paid_Ads,8,76.0,63.95,6.9,1550
100695,28.0,Male,West,43295.91,Silver,Email,2,,87.45,5.1,412
101279,42.0,Female,West,38828.96,Gold,Organic,2,0.0,190.96,,1472
104230,49.0,Female,South,60980.46,Silver,Organic,7,,,8.5,1177
101622,39.0,Male,West,,Bronze,Paid_Ads,8,6.0,25.37,7.3,1510
102562,39.0,Male,West,89014.45,Bronze,Organic,7,,263.39,7.7,600
105185,25.0,Female,West,47891.12,Bronze,Paid_Ads,5,1.0,86.18,9.0,343
104009,28.0,Male,South,25323.78,Bronze,Paid_Ads,9,61.0,37.53,6.6,489
100068,32.0,Female,Central,74882.38,Bronze,Social_Media,12,49.0,39.46,6.5,1490
104083,39.0,Male,Central,121367.25,Gold,Paid_Ads,9,,103.53,6.9,1652
104838,26.0,Female,South,77304.31,Gold,Organic,8,42.0,121.36,9.6,539
102270,33.0,Male,West,73128.86,Bronze,Email,9,10.0,58.33,8.1,1300
105780,31.0,Female,North,96142.67,Gold,Organic,10,,150.67,6.4,542
104726,52.0,Female,South,44541.8,Silver,Paid_Ads,13,35.0,49.82,8.1,2328
100821,32.0,Male,North,51126.52,Silver,Organic,7,,275.49,6.0,1024
101227,47.0,Female,North,30693.2,Bronze,Organic,7,13.0,71.79,7.2,272
101678,42.0,Male,North,40872.56,Silver,Email,9,23.0,,6.3,2214
105012,23.0,Male,North,84185.92,Bronze,Social_Media,6,19.0,151.61,6.2,1389
102868,56.0,Female,North,80994.38,Bronze,Organic,4,66.0,51.9,3.0,1711
104377,20.0,Male,Central,61300.34,Gold,Paid_Ads,6,,131.46,8.7,1869
102368,33.0,Male,West,42753.8,Bronze,Paid_Ads,6,11.0,147.97,7.9,41
104026,26.0,Female,North,,Bronze,Referral,3,,169.26,7.2,1011
103922,34.0,Female,South,132695.25,Platinum,Referral,8,28.0,156.48,7.1,187
102513,41.0,Male,Central,46890.54,Bronze,Referral,7,70.0,3.13,7.5,471
102724,40.0,Male,Central,46828.67,Bronze,Organic,8,80.0,,6.0,898
105344,18.0,Female,Central,56666.98,Bronze,Social_Media,8,14.0,57.64,7.6,1941
105452,28.0,Female,Central,36736.47,Bronze,Organic,7,32.0,172.74,7.7,626
104435,61.0,Female,North,23875.55,Bronze,Social_Media,10,29.0,158.04,6.9,2023
101144,31.0,Female,Central,,Silver,Social_Media,9,60.0,46.29,7.5,1379
100398,41.0,Other,East,30632.3,Bronze,Paid_Ads,6,56.0,62.93,6.7,525
100787,39.0,Male,Central,24515.16,Bronze,Email,14,61.0,54.69,7.1,1516
105140,44.0,Female,South,,Bronze,Paid_Ads,9,,124.94,10.0,584
103908,,Male,South,94364.45,Gold,Organic,9,13.0,340.55,8.0,2366
101399,45.0,Male,North,38411.97,Bronze,Organic,4,57.0,,7.0,142
101660,40.0,,West,60104.97,Silver,Social_Media,4,26.0,101.36,10.0,717
105736,18.0,Female,South,164860.86,Bronze,Social_Media,14,13.0,37.43,9.6,216
102221,39.0,Male,East,30815.61,Gold,Paid_Ads,2,98.0,101.31,6.7,661
100980,43.0,Male,West,26573.51,Bronze,Referral,11,,,5.8,1620
102332,,Female,East,148822.0,Silver,Social_Media,8,111.0,45.94,,1537
101299,24.0,Female,South,55382.68,Bronze,Organic,5,,48.94,7.3,1722
105420,23.0,,West,110223.28,Bronze,Email,9,34.0,242.88,8.3,1125
100083,34.0,Male,Central,63764.78,Bronze,Social_Media,3,214.0,7.56,7.6,1715
103101,26.0,Male,South,104281.87,Gold,Paid_Ads,5,53.0,,6.0,922
103482,49.0,Male,Central,41140.17,Bronze,Organic,12,30.0,50.69,7.2,1668
104794,37.0,Female,South,55764.67,Bronze,Paid_Ads,8,,62.96,6.9,932
104530,55.0,Male,East,34531.25,Bronze,Referral,10,9.0,84.86,6.7,2101
105634,49.0,Female,West,58667.43,Gold,Organic,3,6.0,98.97,7.6,1904
105515,33.0,Female,South,51813.6,Gold,Social_Media,13,24.0,,6.9,1922
102904,32.0,Other,South,69864.13,Silver,Paid_Ads,8,,99.34,7.4,180
100424,20.0,Male,West,59410.29,Bronze,Email,8,23.0,57.88,5.3,2466
105190,25.0,Other,North,65793.47,Bronze,Paid_Ads,15,2.0,,8.0,1024
101905,45.0,Male,South,38781.0,Gold,Paid_Ads,6,18.0,243.86,5.6,1067
105440,44.0,,East,77445.23,Bronze,Paid_Ads,5,10.0,32.56,8.7,950
101531,45.0,Other,East,46973.4,Bronze,Social_Media,7,22.0,51.74,7.5,1854
104252,33.0,Male,Central,46135.38,Bronze,Email,12,,53.67,6.7,1753
101566,30.0,Female,West,28108.89,Silver,Email,8,,57.31,8.4,756
104437,33.0,Female,Central,37691.23,Silver,Organic,11,,,6.9,2192
102750,47.0,Male,Central,20219.32,Gold,Organic,8,6.0,54.47,3.9,423
100840,34.0,Female,West,51710.76,Bronze,Paid_Ads,6,12.0,,7.2,857
100501,,Male,South,95129.96,Silver,Paid_Ads,7,12.0,109.68,6.4,1065
104031,23.0,,Central,62584.37,Bronze,Referral,6,3.0,41.04,5.3,2456
100142,26.0,Female,North,63571.42,Silver,Referral,7,5.0,36.66,8.8,490
104950,48.0,Female,East,56005.69,Bronze,Organic,13,,11.93,7.5,233
102606,27.0,Male,West,32983.33,Bronze,Organic,14,72.0,,8.4,930
103506,58.0,Female,South,82457.51,Bronze,Organic,12,15.0,115.97,5.1,1217
101378,40.0,Female,South,23330.6,Bronze,Paid_Ads,6,132.0,175.42,8.7,339
104662,34.0,Male,North,30379.61,Silver,Social_Media,8,,140.57,5.6,2430
105883,37.0,Male,West,90963.74,Bronze,Email,8,30.0,135.93,6.3,1092
102267,45.0,Male,West,98894.06,Bronze,Organic,6,4.0,52.41,8.6,1470
105341,40.0,Male,Central,36468.73,Platinum,Paid_Ads,8,13.0,251.37,6.7,1753
101139,37.0,Male,East,238526.18,Gold,Paid_Ads,8,13.0,166.54,7.1,1384
102258,41.0,Male,West,38818.61,Bronze,Organic,12,91.0,39.8,6.1,1405
105446,30.0,Female,South,80588.2,Bronze,Paid_Ads,6,38.0,91.07,,2171
101788,19.0,Male,South,70871.17,Silver,Email,6,36.0,191.04,7.3,2049
103635,36.0,Female,Central,68750.35,Silver,Organic,7,115.0,72.04,7.2,152
100551,43.0,Male,South,,Gold,Social_Media,5,10.0,176.99,5.7,1316
100460,38.0,Male,East,81366.71,Silver,Organic,10,113.0,52.77,5.4,2318
102020,44.0,Female,North,,Bronze,Email,7,6.0,65.33,7.8,1630
100949,43.0,Female,South,100925.14,Bronze,Paid_Ads,8,79.0,37.41,7.1,229
103219,65.0,Male,Central,57955.02,Bronze,Paid_Ads,7,2.0,145.93,7.0,182
105181,30.0,Male,Central,,Silver,Referral,14,14.0,44.94,6.6,2081
100533,33.0,Female,North,91008.42,Silver,Referral,9,,110.87,6.6,1619
103843,42.0,Female,South,24975.09,Silver,Organic,5,11.0,65.08,7.9,2244
101830,35.0,Female,West,44604.15,Bronze,Paid_Ads,11,18.0,89.45,6.8,1641
105407,19.0,Female,West,25690.5,Gold,Organic,7,20.0,105.26,6.9,1682
105293,42.0,Other,North,31595.23,Gold,Email,7,84.0,82.12,5.8,1858
104775,35.0,Male,North,58324.68,Gold,Paid_Ads,7,26.0,61.2,7.8,1249
103915,18.0,Male,North,65826.13,Silver,Social_Media,5,30.0,162.78,4.4,2040
101603,53.0,Female,East,79472.76,Bronze,Organic,6,,27.11,4.0,594
102239,27.0,Female,Central,65177.33,Silver,Organic,7,393.0,41.91,6.8,463
100640,44.0,Male,Central,74287.98,Bronze,Social_Media,9,,157.27,4.8,1631
105793,33.0,Male,South,47038.38,Gold,Paid_Ads,11,15.0,59.28,8.6,763
100968,29.0,Male,North,30983.74,Bronze,Paid_Ads,7,50.0,66.63,5.3,2119
105067,18.0,Female,Central,42929.57,Gold,Organic,3,,277.13,8.7,602
103712,46.0,Female,Central,79132.33,Bronze,Referral,11,132.0,55.08,8.0,1411
101684,53.0,Female,West,,Silver,Paid_Ads,8,44.0,84.74,8.4,354
102249,37.0,Female,West,97638.23,Silver,Paid_Ads,8,29.0,80.6,8.8,2091
104127,50.0,Female,North,41514.76,Platinum,Organic,8,61.0,,7.7,944
105360,36.0,Male,South,22321.49,Bronze,Organic,10,105.0,127.36,5.8,2426
103320,47.0,Female,North,,Bronze,Referral,4,30.0,108.7,5.0,1345
100156,59.0,Male,North,138996.01,Bronze,Paid_Ads,8,,32.08,6.1,1367
102296,49.0,Other,South,36560.31,Bronze,Social_Media,8,35.0,,7.1,2381
103524,19.0,Male,North,72229.44,Silver,Paid_Ads,6,,137.24,7.9,836
104020,38.0,Female,North,,Gold,Organic,6,16.0,131.25,7.3,37
101090,35.0,Female,North,53158.53,Bronze,Organic,9,,15.55,5.7,1108
105820,42.0,Male,West,65657.32,Silver,Organic,5,9.0,133.32,8.1,2314
102320,35.0,Female,Central,68723.68,Silver,Social_Media,9,10.0,71.26,9.3,856
102941,58.0,Female,East,17419.47,Silver,Social_Media,7,,203.99,6.8,1301
105072,37.0,Male,North,45418.71,Bronze,Social_Media,7,299.0,12.62,6.9,255
100289,34.0,Male,Central,56016.95,Bronze,Organic,8,130.0,80.84,8.2,2251
100931,38.0,Female,South,,Gold,Organic,5,89.0,263.13,8.6,1119
102910,45.0,Female,North,23312.0,Bronze,Organic,10,,,8.0,2452
103586,62.0,,Central,56703.48,Bronze,Referral,12,0.0,14.89,5.9,2387
104657,28.0,Male,South,68907.45,Bronze,Referral,12,108.0,82.03,6.5,1630
102885,38.0,Female,West,,Silver,Social_Media,4,8.0,145.4,7.7,1715
103378,35.0,Male,West,50091.51,Silver,Social_Media,7,,33.63,5.5,539
103221,55.0,Male,North,45061.56,Silver,Social_Media,12,22.0,306.25,7.7,328
105445,52.0,Female,East,30786.28,Silver,Social_Media,6,,93.27,7.5,376
103001,53.0,Male,North,,Silver,Organic,5,34.0,115.98,7.3,2051
104451,29.0,Female,Central,53720.93,Silver,Social_Media,10,0.0,46.5,8.7,790
104698,,Male,West,57090.71,Bronze,Organic,9,1.0,24.54,8.3,648
105914,36.0,Female,West,46329.81,Silver,Organic,10,4.0,178.15,8.1,669
100943,44.0,Male,Central,42090.69,Gold,Social_Media,11,46.0,61.32,7.5,2238
102355,24.0,Female,West,38530.62,Bronze,Referral,6,,93.7,8.0,2008
104765,52.0,Other,West,69516.28,Silver,Referral,9,13.0,38.16,7.7,1002
105789,29.0,Male,North,68304.08,Silver,Paid_Ads,7,0.0,108.98,6.9,159
105594,43.0,,Central,36998.26,Bronze,Paid_Ads,11,77.0,6.05,6.6,723
101699,18.0,Other,South,43385.82,Bronze,Social_Media,10,72.0,116.0,6.8,1349
105647,20.0,Female,North,54836.79,Bronze,Email,6,36.0,98.51,6.2,401
105200,35.0,Male,North,56596.34,Platinum,Referral,7,14.0,152.4,,340
103546,30.0,Female,West,,Platinum,Organic,9,27.0,99.81,6.6,2248
103978,35.0,Female,East,,Silver,Paid_Ads,13,2.0,127.49,9.6,1681
105015,42.0,Female,Central,109049.4,Bronze,Email,7,,25.66,6.1,2173
100986,46.0,Female,East,,Silver,Organic,9,20.0,199.91,5.8,969
105279,33.0,Female,South,62878.46,Bronze,Organic,6,63.0,43.15,8.5,1971
103108,40.0,Female,South,29283.46,Silver,Organic,11,13.0,37.38,8.4,1501
103166,42.0,Female,West,66907.49,Silver,Paid_Ads,7,,,8.4,425
105727,18.0,Male,South,47005.98,Bronze,Paid_Ads,10,71.0,43.78,5.5,1573
100982,20.0,Female,North,42118.32,Gold,Email,9,31.0,184.28,6.7,1096
103529,20.0,Female,West,59236.13,Platinum,Social_Media,7,17.0,192.54,7.1,215
103263,42.0,Female,Central,102469.77,Silver,Social_Media,5,134.0,92.64,5.4,1189
105459,45.0,Female,South,,Gold,Email,7,,,5.6,1769
103443,39.0,Female,South,32395.71,Platinum,Paid_Ads,6,,236.63,4.7,1462
104297,35.0,Male,North,45579.61,Gold,Paid_Ads,5,29.0,59.87,7.4,1694
103498,51.0,Female,South,124615.45,Bronze,Paid_Ads,8,43.0,18.84,7.5,953
101474,18.0,Male,West,40788.39,Silver,Organic,4,105.0,86.52,7.5,1157
104551,50.0,Male,East,,Silver,Organic,5,92.0,101.62,9.4,1739
104458,35.0,Male,North,,Bronze,Paid_Ads,5,10.0,66.37,6.5,959
104883,30.0,Male,Central,74717.11,Bronze,Organic,6,70.0,,4.6,165
101458,39.0,Male,West,,Bronze,Organic,3,32.0,,5.3,1275
101396,60.0,Male,North,54535.97,Gold,Organic,6,7.0,104.3,5.8,2080
100265,44.0,Female,South,55447.92,Gold,Organic,7,50.0,,6.6,2268
102749,36.0,Female,Central,53450.83,Gold,Organic,10,,314.68,7.6,697
103394,25.0,Male,West,83393.93,Silver,Social_Media,9,94.0,195.04,5.7,397
102693,37.0,Male,South,50389.19,Gold,Social_Media,5,55.0,129.98,10.0,1236
100930,39.0,Female,Central,59418.09,Platinum,Social_Media,11,1.0,262.69,6.5,799
104221,57.0,Female,Central,131682.29,Bronze,Social_Media,6,,,10.0,98
105704,38.0,Other,West,73782.48,Silver,Paid_Ads,7,25.0,56.84,,1543
102401,33.0,Female,Central,43684.48,Bronze,Referral,7,28.0,177.93,4.6,832
102179,45.0,Male,West,49614.17,Platinum,Referral,11,,122.91,10.0,1026
103807,28.0,Male,South,45588.58,Platinum,Paid_Ads,8,32.0,172.57,6.8,1788
100247,25.0,Female,West,36905.26,Bronze,Email,3,37.0,43.91,8.1,1256
101595,43.0,Female,Central,53094.41,Silver,Social_Media,7,63.0,100.47,6.5,2419
101759,26.0,Male,North,42457.36,Bronze,Organic,10,108.0,28.34,2.8,2281
105837,49.0,,South,26251.68,Silver,Organic,7,0.0,52.56,7.0,1914
104055,45.0,Male,North,85105.6,Bronze,Organic,10,4.0,221.74,8.5,1306
100924,31.0,,East,86735.95,Bronze,Referral,10,322.0,217.77,5.9,1254
103323,40.0,Other,West,28654.52,Silver,Referral,10,,,8.3,2259
100269,39.0,Female,South,52279.43,Bronze,Referral,6,105.0,21.36,8.5,894
100670,18.0,Female,North,35957.46,Gold,Social_Media,5,81.0,96.19,4.2,459
104257,18.0,Female,South,50306.72,Bronze,Organic,8,66.0,,6.8,524
101911,29.0,Female,Central,70821.94,Bronze,Organic,8,,275.98,7.7,1708
104397,39.0,Male,South,66619.75,Silver,Social_Media,6,36.0,117.29,5.8,2386
101153,41.0,Male,North,93353.34,Silver,Paid_Ads,7,8.0,144.71,5.9,1194
104919,41.0,Male,South,36334.39,Bronze,Paid_Ads,9,16.0,49.42,5.5,1105
105773,37.0,Female,Central,41141.95,Silver,Organic,10,,89.5,6.0,2287
104501,20.0,,North,,Bronze,Referral,9,10.0,70.26,,183
102697,44.0,Female,South,91578.81,Gold,Email,9,10.0,179.44,5.6,2429
102592,64.0,Female,South,,Gold,Organic,6,54.0,75.1,7.5,2100
105073,61.0,Male,North,47105.49,Gold,Paid_Ads,5,,54.21,7.6,671
101782,39.0,Male,Central,49742.52,Silver,Social_Media,6,163.0,197.66,9.4,1633
102414,21.0,Female,Central,35894.6,Silver,Social_Media,8,223.0,44.97,9.2,199
103014,39.0,Male,East,,Bronze,Paid_Ads,10,9.0,,9.3,1895
105239,29.0,Female,North,23863.03,Silver,Organic,6,60.0,197.73,6.8,1702
102308,38.0,,Central,71871.95,Bronze,Paid_Ads,6,,24.91,8.2,1983
103823,37.0,Female,West,37037.1,Silver,Referral,6,12.0,32.2,6.9,947
100688,56.0,Male,East,33228.25,Gold,Organic,7,,174.15,7.9,287
101916,18.0,Female,West,43691.92,Silver,Organic,9,24.0,59.32,4.8,1592
105646,18.0,Male,East,67421.57,Bronze,Paid_Ads,9,20.0,146.98,10.0,790
100613,21.0,Male,East,52708.31,Platinum,Social_Media,10,59.0,235.58,,1249
103072,40.0,Male,West,,Bronze,Paid_Ads,6,14.0,64.12,6.2,2359
103406,23.0,Male,South,24026.82,Platinum,Paid_Ads,3,16.0,127.6,7.7,2151
102268,35.0,Female,East,31863.67,Gold,Paid_Ads,11,30.0,140.82,6.7,2119
105753,51.0,Male,East,58827.95,Platinum,Email,7,38.0,211.93,8.0,1970
102534,40.0,Female,North,59114.31,Bronze,Organic,6,48.0,,6.7,310
100040,46.0,Male,South,76178.97,Bronze,Social_Media,10,,103.37,8.3,192
101899,33.0,Female,West,49163.66,Bronze,Referral,5,152.0,74.58,9.1,2419
101650,30.0,Female,Central,23208.09,Silver,Organic,4,4.0,38.04,5.4,489
103472,34.0,Female,Central,33954.21,Gold,Email,10,20.0,,6.1,1079
100259,36.0,Female,Central,32811.18,Bronze,Social_Media,5,18.0,113.24,8.4,1454
102925,30.0,Female,Central,32021.89,Silver,Social_Media,9,,101.68,8.3,2236
102435,35.0,Male,South,62269.62,Silver,Email,3,17.0,82.46,6.2,656
100848,48.0,Male,East,16352.17,Bronze,Email,7,22.0,89.4,8.1,573
102823,46.0,Female,South,47825.72,Silver,Referral,11,5.0,41.43,7.5,1328
104402,32.0,Female,North,33549.85,Gold,Paid_Ads,10,,150.17,10.0,2092
105085,47.0,Male,East,61457.72,Bronze,Organic,4,7.0,63.31,7.0,2014
103955,38.0,Female,North,15558.32,Silver,Paid_Ads,8,41.0,118.22,9.6,93
103642,58.0,Female,South,2969027.5880838064,Silver,Social_Media,3,4.0,83.1,4.2,250
101234,39.0,Male,North,39934.81,Gold,Social_Media,5,14.0,,6.3,2008
101128,37.0,Male,Central,37772.41,Bronze,Social_Media,7,,2791.790161283597,8.5,1651
103490,35.0,Male,South,32019.85,Bronze,Referral,7,34.0,14.49,5.4,1284
101968,37.0,Male,West,71778.75,Gold,Organic,9,68.0,73.78,6.6,502
100559,23.0,Male,South,44181.54,Bronze,Organic,6,32.0,57.61,4.6,330
100905,31.0,Male,West,37185.13,Silver,Organic,12,,37.56,7.6,1369
102615,18.0,Female,East,56557.96,Silver,Paid_Ads,5,11.0,110.04,,1497
100485,37.0,Female,East,72981.8,Bronze,Organic,13,5.0,72.83,7.6,389
102212,50.0,Female,North,50601.96,Silver,Email,6,,63.42,10.0,127
101321,29.0,Female,North,17120.6,Silver,Organic,9,80.0,68.92,,151
103333,18.0,Female,South,58084.92,Bronze,Organic,9,11.0,86.87,8.0,1169
102556,,Male,North,34004.53,Bronze,Organic,7,4.0,127.14,7.9,1697
100008,34.0,Male,Central,28573.13,Bronze,Social_Media,12,84.0,133.66,8.0,2193
102316,42.0,Other,South,66474.88,Bronze,Social_Media,12,24.0,,7.1,1742
105079,48.0,Female,West,63228.86,Bronze,Email,15,45.0,106.12,,1304
104385,47.0,Female,East,44220.48,Silver,Paid_Ads,9,3.0,82.73,8.9,1999
104316,37.0,Female,South,37095.58,Gold,Email,11,5.0,229.44,6.6,2200
105268,18.0,Female,West,26204.63,Silver,Paid_Ads,4,25.0,,8.4,1746
101451,34.0,Male,East,18929.3,Bronze,Email,9,32.0,111.89,6.3,2200
101202,32.0,Male,North,75548.16,Silver,Social_Media,11,,98.27,6.7,2390
102427,63.0,,East,55318.46,Silver,Organic,8,95.0,51.52,4.5,2039
102649,41.0,Male,East,44118.01,Bronze,Social_Media,11,55.0,91.73,6.8,1488
101815,40.0,Male,East,40814.59,Silver,Email,7,116.0,101.01,6.0,1455
102727,,Female,South,97725.93,Gold,Referral,13,78.0,,6.9,1761
100774,54.0,Female,East,,Bronze,Email,7,,91.94,7.3,2171
102275,40.0,,East,90122.22,Gold,Social_Media,11,,151.16,5.5,280
101012,55.0,Male,South,41231.72,Bronze,Organic,10,,167.13,6.2,1895
104060,37.0,Female,South,64637.51,Gold,Paid_Ads,5,,153.09,6.5,1719
103468,18.0,Female,South,28774.16,Bronze,Organic,8,45.0,160.64,6.0,584
101992,45.0,Male,South,40547.87,Silver,Email,5,140.0,,7.7,2421
101278,57.0,Female,East,48340.85,Platinum,Social_Media,7,26.0,220.81,7.6,307
101784,26.0,Male,South,48741.23,Silver,Social_Media,7,14.0,205.55,5.5,1487
104254,18.0,Male,North,85347.65,Silver,Social_Media,2,172.0,72.74,8.5,1663
100447,51.0,Male,South,112405.24,Bronze,Social_Media,9,10.0,145.19,6.9,1386
100881,41.0,Male,East,25141.03,Bronze,Referral,8,,17.34,6.8,117
104054,32.0,Male,North,53913.65,Gold,Social_Media,5,,187.01,,2102
105347,24.0,Female,East,36076.13,Bronze,Paid_Ads,9,102.0,91.51,6.7,1362
102728,36.0,Male,North,40212.92,Gold,Paid_Ads,6,16.0,100.49,4.9,251
103049,49.0,Male,West,65427.26,Silver,Social_Media,9,13.0,320.73,6.1,1427
100782,37.0,Male,North,53411.79,Bronze,Organic,4,16.0,36.1,8.8,1779
102652,18.0,Female,West,104965.74,Bronze,Paid_Ads,8,,14.67,3.9,1896
105828,68.0,Female,East,43180.25,Platinum,Paid_Ads,10,78.0,406.82,,2325
101750,49.0,Female,East,32005.12,Silver,Organic,7,65.0,398.24,6.7,2246
102127,64.0,Male,South,95145.0,Platinum,Organic,6,17.0,128.11,7.8,1466
104422,47.0,Male,Central,40698.64,Bronze,Email,7,4.0,130.47,7.1,675
102792,37.0,Female,South,107360.57,Bronze,Organic,7,,30.82,7.2,1333
102424,33.0,Female,North,92668.48,Bronze,Organic,10,,39.95,8.6,538
105858,38.0,Male,North,57111.07,Bronze,Paid_Ads,6,40.0,,8.0,1061
105169,50.0,Female,East,55558.21,Bronze,Social_Media,4,,200.97,3.8,2116
100884,24.0,Female,Central,45695.17,Bronze,Social_Media,6,85.0,164.33,,48
103358,32.0,Female,South,30913.33,Gold,Email,7,6.0,110.32,6.2,753
101092,38.0,Male,Central,,Bronze,Paid_Ads,8,31.0,116.39,4.9,149
105623,46.0,Female,Central,29923.51,Bronze,Organic,6,,110.85,6.4,936
105129,41.0,Female,West,66866.63,Gold,Email,8,7.0,43.14,5.9,1956
100532,27.0,Male,West,,Bronze,Referral,13,,71.93,4.8,2242
103591,37.0,Male,Central,40207.45,Silver,Referral,5,31.0,123.49,8.5,2305
102439,,Female,West,84089.94,Platinum,Organic,2,32.0,150.18,9.2,367
104862,45.0,,South,57674.23,Platinum,Referral,9,9.0,127.63,6.2,473
105065,34.0,Female,West,36727.61,Platinum,Referral,11,18.0,148.91,8.2,2491
103956,18.0,Male,South,,Silver,Social_Media,3,76.0,115.76,,1509
104967,33.0,Male,East,48663.75,Bronze,Organic,13,4.0,,6.5,2315
102291,43.0,Male,North,49692.8,Bronze,Organic,10,61.0,20.73,4.7,2300
101728,32.0,Female,South,105909.17,Silver,Organic,6,17.0,64.33,10.0,2086
100611,26.0,Female,Central,17589.04,Gold,Email,10,17.0,72.77,6.3,1412
100571,21.0,Male,Central,,Gold,Paid_Ads,9,11.0,77.02,6.3,508
103775,51.0,Female,East,,Gold,Paid_Ads,14,,223.64,7.4,2128
101318,43.0,Female,Central,50190.56,Silver,Paid_Ads,5,1.0,92.32,4.2,181
100344,,Female,West,37721.14,Silver,Organic,5,66.0,388.28,6.2,2235
100588,28.0,Female,Central,61595.41,Bronze,Social_Media,6,,153.2,9.0,1886
104678,48.0,Male,South,66008.61,Silver,Social_Media,15,,49.08,4.0,1996
100637,36.0,Male,South,,Silver,Email,12,7.0,52.18,6.8,470
100435,49.0,Male,South,63150.74,Gold,Paid_Ads,14,79.0,101.16,6.4,1332
101904,36.0,Male,South,42847.34,Silver,Social_Media,13,2.0,203.85,6.7,243
100098,26.0,Male,South,37076.35,Silver,Organic,4,88.0,71.68,10.0,1868
104929,56.0,Female,West,55107.56,Gold,Organic,7,51.0,196.5,7.7,1610
103426,43.0,Male,West,134342.76,Platinum,Organic,4,,113.52,8.8,2317
104421,52.0,Female,East,70871.24,Bronze,Email,8,29.0,240.73,8.4,337
102070,36.0,Female,West,100760.23,Bronze,Email,7,17.0,119.78,9.0,1558
101538,18.0,Female,North,62709.62,Platinum,Organic,4,90.0,180.8,5.3,2299
103207,44.0,Male,North,35449.41,Bronze,Organic,9,,100.48,8.2,2473
104547,18.0,Female,West,86127.45,Gold,Organic,1,27.0,119.48,5.4,465
104772,,Female,North,73849.53,Bronze,Referral,7,,48.69,4.7,2395
103324,47.0,Female,East,42983.88,Silver,Email,4,34.0,93.67,7.6,1950
101518,54.0,Male,East,50136.32,Silver,Paid_Ads,10,89.0,185.57,7.6,2050
100966,22.0,,East,62015.03,Silver,Paid_Ads,10,,35.33,9.3,1617
105276,18.0,Female,Central,103742.24,Bronze,Social_Media,9,22.0,86.08,9.1,273
100529,41.0,Male,South,,Bronze,Organic,4,105.0,16.65,9.9,350
100177,57.0,Female,South,,Silver,Paid_Ads,8,12.0,70.42,8.5,1493
102471,32.0,Female,East,65012.11,Bronze,Organic,10,87.0,74.45,5.1,1354
104522,42.0,Female,South,99434.43,Gold,Organic,9,35.0,127.31,8.3,585
103600,55.0,Female,South,25125.79,Gold,Paid_Ads,5,21.0,76.58,8.4,2444
103002,46.0,Female,North,32755.67,Silver,Paid_Ads,5,,31.7,4.4,1663
105866,18.0,Female,East,49470.07,Bronze,Organic,12,40.0,131.38,4.8,153
100573,41.0,Male,South,105806.87,Bronze,Email,8,6.0,,10.0,2304
103266,43.0,Male,South,27116.66,Gold,Organic,9,32.0,68.26,3.8,832
100593,60.0,Male,West,77176.14,Bronze,Email,6,31.0,81.12,6.7,2301
104975,33.0,Male,West,114307.45,Bronze,Referral,6,96.0,96.19,7.8,191
103063,68.0,Female,West,65697.98,Silver,Paid_Ads,9,127.0,133.04,6.1,1661
103483,50.0,Female,West,1494094.8260492177,Bronze,Paid_Ads,13,49.0,93.96,6.8,2372
102375,34.0,Female,Central,50227.28,Bronze,Organic,10,11.0,85.94,4.9,1989
103065,35.0,Female,South,40162.99,Bronze,Organic,7,11.0,156.26,7.2,974
105628,18.0,Male,East,48957.68,Platinum,Organic,9,65.0,208.62,6.8,793
104333,56.0,Female,South,48294.65,Silver,Referral,12,32.0,64.34,9.1,1873
103657,35.0,,West,,Bronze,Paid_Ads,9,22.0,176.48,5.7,1284
102209,45.0,Male,East,35871.35,Bronze,Referral,6,173.0,23.07,6.4,2193
104417,53.0,Female,East,25008.95,Gold,Social_Media,7,,,6.3,1875
102493,47.0,Male,East,66583.09,Gold,Referral,15,211.0,246.61,6.0,694
103902,46.0,Male,West,60634.06,Bronze,Email,4,30.0,141.87,5.4,1553
100384,23.0,Female,North,,Bronze,Social_Media,4,6.0,122.23,3.9,71
100853,49.0,Female,Central,53750.72,Bronze,Paid_Ads,9,5.0,67.82,7.6,938
101881,47.0,Female,East,41732.79,Bronze,Organic,3,11.0,79.21,7.5,1635
100371,38.0,Female,West,71757.44,Gold,Referral,10,12.0,152.88,9.7,2099
103363,41.0,Male,East,205169.3,Silver,Social_Media,4,58.0,93.93,7.5,2030
104232,46.0,Male,West,56145.77,Silver,Paid_Ads,9,23.0,359.39,7.0,1458
105205,18.0,Female,Central,55675.01,Silver,Email,9,87.0,46.88,5.4,863
105171,,Female,East,,Bronze,Social_Media,5,,358.1,9.8,62
105958,47.0,Male,East,43991.67,Platinum,Organic,5,,,7.5,1487
101106,46.0,Male,West,50927.02,Gold,Paid_Ads,14,7.0,137.77,6.7,1745
104685,30.0,Female,East,42497.78,Bronze,Email,8,29.0,98.58,8.4,933
102362,26.0,Male,East,47367.8,Bronze,Social_Media,7,5.0,17.72,7.2,268
105154,54.0,Female,North,64771.35,Silver,Email,8,,104.82,10.0,2472
101337,44.0,,North,116251.51,Platinum,Paid_Ads,7,79.0,,8.5,1917
102190,45.0,Female,Central,59279.73,Bronze,Referral,9,,,4.6,409
105503,25.0,Female,West,51843.62,Bronze,Social_Media,8,17.0,164.4,5.4,2430
105404,38.0,Female,East,46781.32,Bronze,Paid_Ads,12,,38.74,3.7,46
104849,29.0,Female,West,59355.88,Bronze,Paid_Ads,10,,45.88,7.6,623
102247,19.0,Male,South,59931.24,Platinum,Social_Media,10,10.0,,8.4,449
105975,54.0,Female,East,55569.33,Platinum,Paid_Ads,7,49.0,139.89,6.6,1604
105812,44.0,Male,South,,Bronze,Organic,11,33.0,45.74,,879
101172,18.0,,North,52239.86,Silver,Organic,15,38.0,36.79,,586
103993,34.0,Female,East,42708.79,Bronze,Organic,9,,,6.7,138
103809,37.0,Male,Central,60013.27,Gold,Referral,4,4.0,81.4,9.1,517
101423,43.0,Female,East,69364.86,Gold,Organic,8,1.0,81.73,8.7,1940
102687,18.0,Female,North,30043.53,Bronze,Organic,5,145.0,91.82,8.1,180
105381,53.0,Male,West,36845.99,Platinum,Organic,10,,116.0,6.3,2219
103319,52.0,Male,North,72122.11,Silver,Referral,5,,106.32,7.2,989
105814,49.0,Male,South,193522.41,Silver,Email,8,131.0,,4.6,540
105708,43.0,Male,West,40206.71,Bronze,Organic,8,,68.95,5.6,2097
101465,50.0,Male,East,,Bronze,Referral,9,,78.61,7.6,177
100875,18.0,Male,East,31396.67,Gold,Organic,10,63.0,187.36,6.4,162
102298,29.0,Female,South,48051.89,Bronze,Referral,13,61.0,112.17,7.9,2373
102644,27.0,Female,West,2516769.150746824,Silver,Social_Media,11,28.0,49.44,6.3,2122
103946,,Male,East,51873.67,Bronze,Paid_Ads,7,6.0,35.93,6.4,926
105191,39.0,Male,East,,Bronze,Referral,12,,37.35,7.1,2284
101252,56.0,Female,North,,Bronze,Social_Media,6,4.0,105.54,7.0,93
103327,45.0,Male,South,,Silver,Paid_Ads,14,,,5.8,1519
100841,61.0,Female,North,120376.79,Bronze,Referral,9,11.0,98.65,7.6,2269
104229,30.0,Male,South,,Silver,Organic,5,,374.85,,1220
100582,24.0,Female,South,44308.91,Platinum,Organic,6,124.0,330.67,7.1,1608
100205,18.0,Female,South,52661.91,Gold,Social_Media,13,73.0,77.6,9.1,387
101642,44.0,Male,Central,,Silver,Referral,4,93.0,80.61,7.2,1310
102015,57.0,Female,South,36962.59,Bronze,Social_Media,10,9.0,180.33,,645
100906,63.0,Female,South,76251.33,Silver,Organic,11,163.0,75.82,7.2,1848
100632,69.0,Other,South,46114.17,Bronze,Social_Media,12,128.0,76.57,7.4,1922
104245,41.0,Female,South,91636.16,Bronze,Paid_Ads,3,,49.86,7.9,1792
101975,22.0,Male,East,110244.59,Platinum,Paid_Ads,5,16.0,201.85,7.7,1917
100163,64.0,Female,East,55974.86,Gold,Social_Media,8,57.0,175.92,8.4,1094
104305,38.0,Female,West,46118.15,Gold,Social_Media,8,,73.04,6.9,2330
104056,43.0,Male,East,54665.36,Bronze,Paid_Ads,6,52.0,110.07,6.2,925
105389,27.0,Female,West,84040.53,Silver,Paid_Ads,5,9.0,114.64,,39
103514,51.0,Other,South,47488.03,Bronze,Organic,9,,106.58,4.2,365
100618,41.0,Female,North,53392.41,Bronze,Paid_Ads,3,,69.72,6.4,1191
100876,18.0,Male,Central,76258.99,Gold,Organic,12,53.0,114.62,9.2,1761
101432,27.0,Female,East,99511.94,Bronze,Email,11,115.0,79.49,6.3,1799
102974,31.0,Female,Central,32020.86,Silver,Paid_Ads,15,,197.81,6.5,2366
105363,61.0,Female,South,33358.48,Bronze,Organic,7,125.0,83.71,4.8,2480
100548,26.0,Female,West,115797.46,Bronze,Referral,10,9.0,241.78,7.4,102
104872,,Male,Central,30005.59,Silver,Referral,8,0.0,40.46,7.9,2101
105450,40.0,,West,41939.75,Gold,Paid_Ads,10,50.0,,8.9,1439
105049,38.0,,Central,89270.27,Platinum,Referral,4,112.0,117.85,6.8,1891
103382,42.0,,North,69075.01,Silver,Social_Media,6,3.0,,6.7,733
105810,26.0,,West,54259.7,Silver,Paid_Ads,10,1.0,77.05,7.6,115
105703,45.0,Female,North,33026.4,Silver,Paid_Ads,3,17.0,,10.0,392
104891,45.0,Female,West,45637.5,Gold,Organic,7,45.0,43.54,7.0,852
102857,37.0,Male,South,32320.97,Bronze,Email,7,92.0,139.95,7.7,1724
101862,25.0,Female,East,33911.02,Bronze,Organic,13,85.0,396.47,,1660
102660,43.0,,East,73719.62,Gold,Organic,9,72.0,86.74,5.1,2172
105506,27.0,Female,West,2643694.3529749084,Silver,Paid_Ads,6,29.0,53.01,8.3,1083
100641,20.0,Male,East,69475.39,Gold,Paid_Ads,9,20.0,101.91,7.1,1429
105108,33.0,,West,51301.28,Silver,Organic,8,,23.79,6.0,2360
101010,43.0,Male,West,50058.93,Bronze,Paid_Ads,8,148.0,81.15,9.3,295
105863,26.0,Male,Central,58219.13,Bronze,Paid_Ads,8,68.0,107.45,9.8,1383
100638,25.0,Male,West,59245.6,Platinum,Organic,13,20.0,130.15,9.6,126
104900,33.0,Female,West,38240.11,Bronze,Referral,10,,78.43,7.7,1374
104505,30.0,Male,South,73153.8,Silver,Paid_Ads,5,,131.0,8.2,1456
102309,53.0,Female,Central,43120.93,Gold,Paid_Ads,6,,136.69,6.1,373
104169,37.0,Male,North,55142.67,Silver,Referral,5,6.0,59.96,6.5,1182
103146,42.0,Female,West,70838.65,Bronze,Referral,6,28.0,41.67,5.6,2247
103782,18.0,Male,North,49263.59,Gold,Organic,7,27.0,,8.9,2394
102097,48.0,Male,North,49208.93,Silver,Paid_Ads,9,6.0,64.31,6.0,110
105520,26.0,Female,West,96601.6,Silver,Organic,7,60.0,136.71,7.6,2056
101957,49.0,Female,Central,50877.47,Bronze,Organic,5,54.0,103.45,6.6,1480
101373,43.0,Male,South,29111.57,Silver,Email,12,24.0,105.36,9.2,2388
104023,22.0,Female,South,,Bronze,Paid_Ads,10,14.0,,7.0,1899
100922,28.0,Male,West,28561.82,Gold,Social_Media,6,257.0,153.79,4.9,2468
100547,40.0,Female,West,53439.62,Platinum,Organic,6,84.0,93.82,5.2,666
101450,31.0,Male,South,54365.35,Silver,Referral,6,10.0,416.67,7.1,119
102805,28.0,Female,East,90218.61,Silver,Email,12,87.0,220.33,6.1,299
102611,18.0,Other,North,145011.33,Bronze,Social_Media,6,,,5.0,1759
101901,31.0,Male,Central,42753.55,Bronze,Paid_Ads,8,11.0,110.34,8.8,1696
102758,42.0,Male,South,93583.35,Bronze,Organic,8,6.0,83.01,,922
102029,40.0,Female,East,59676.1,Gold,Organic,6,31.0,288.78,6.7,470
102302,27.0,Female,North,41384.11,Bronze,Referral,6,90.0,60.01,3.8,1163
101886,41.0,,North,27881.55,Bronze,Email,8,3.0,74.16,8.1,1441
101643,,Male,North,29747.82,Platinum,Paid_Ads,8,31.0,216.05,6.3,936
100973,41.0,,North,32019.95,Silver,Paid_Ads,8,46.0,195.87,7.5,957
105765,34.0,Female,West,40320.45,Silver,Referral,9,16.0,28.53,8.1,271
102098,28.0,Female,Central,42592.35,Silver,Organic,9,34.0,42.88,8.6,750
105209,33.0,Male,West,76406.38,Bronze,Organic,13,12.0,111.94,8.9,1351
104576,42.0,Male,West,,Silver,Organic,9,39.0,33.56,7.5,2313
105491,35.0,Female,West,79566.85,Bronze,Social_Media,8,4.0,88.51,5.5,1941
105959,21.0,Male,West,196421.59,Silver,Email,8,5.0,78.28,5.8,1657
100837,34.0,Male,South,63346.77,Bronze,Paid_Ads,11,,168.94,9.3,772
100602,31.0,Female,South,47213.96,Silver,Organic,9,21.0,,7.6,619
102185,18.0,Male,South,51210.12,Silver,Email,8,8.0,130.51,5.9,1663
104769,20.0,Female,East,73200.96,Silver,Paid_Ads,10,,,8.3,54
103517,43.0,Female,West,72076.25,Bronze,Social_Media,9,155.0,,4.6,1095
105150,22.0,Male,North,43971.54,Bronze,Email,7,,59.44,5.4,64
101583,45.0,Female,North,73142.91,Bronze,Organic,9,44.0,66.63,6.5,180
105102,57.0,Male,South,50668.99,Silver,Organic,7,6.0,122.74,4.4,463
103584,37.0,Male,West,27525.46,Silver,Referral,6,,97.47,,1957
103859,33.0,Female,South,38357.4,Bronze,Organic,2,160.0,74.84,6.1,2002
101071,36.0,Male,East,59911.68,Gold,Social_Media,12,24.0,195.92,6.3,170
101776,42.0,Male,West,32893.2,Silver,Social_Media,9,75.0,54.97,6.0,2156
105764,,Male,Central,34720.69,Silver,Organic,7,122.0,147.09,8.4,1876
101284,48.0,Female,North,55229.11,Silver,Social_Media,9,3.0,77.06,7.9,2489
104988,41.0,Female,North,54111.87,Bronze,Organic,10,1.0,95.81,4.3,541
104885,43.0,Male,Central,48041.39,Bronze,Organic,9,20.0,172.15,7.6,1819
105700,18.0,Male,North,48440.91,Bronze,Organic,8,19.0,64.59,8.9,2090
101837,41.0,Male,Central,,Bronze,Organic,3,130.0,,5.3,42
105453,59.0,Female,Central,,Bronze,Email,13,1.0,40.12,6.9,973
101020,45.0,Female,North,56530.19,Bronze,Organic,12,6.0,96.52,10.0,64
100971,35.0,Male,East,59524.37,Gold,Paid_Ads,5,39.0,93.66,3.1,550
101327,42.0,Male,Central,73338.75,Silver,Paid_Ads,7,2.0,94.93,7.8,1189
103334,33.0,Female,South,43826.79,Gold,Social_Media,10,32.0,126.14,7.5,669
100476,34.0,Female,South,36583.35,Gold,Social_Media,8,,,8.3,1246
102811,30.0,Other,North,42827.48,Bronze,Paid_Ads,8,75.0,133.59,8.2,179
105609,41.0,Female,North,,Silver,Referral,14,14.0,106.96,6.1,1735
101652,53.0,Male,South,27221.88,Silver,Social_Media,7,40.0,28.45,6.0,396
105570,40.0,Female,South,76226.03,Gold,Paid_Ads,6,,221.57,8.8,839
105122,21.0,Female,Central,65858.04,Bronze,Social_Media,9,30.0,28.51,5.7,1589
102529,51.0,Male,North,49630.35,Silver,Referral,7,3.0,60.24,7.4,1687
103692,37.0,Male,North,86600.44,Gold,Paid_Ads,9,18.0,53.91,6.5,285
104510,45.0,,South,78226.92,Bronze,Organic,7,22.0,31.63,9.8,1416
104087,28.0,Male,East,100824.59,Silver,Social_Media,5,84.0,89.44,4.8,670
101374,19.0,Male,Central,36524.79,Bronze,Organic,6,33.0,117.4,7.6,1398
100740,18.0,Female,South,34484.38,Silver,Social_Media,6,52.0,192.24,7.0,2306
104609,24.0,Female,North,65612.11,Platinum,Referral,10,42.0,92.08,6.8,447
105803,46.0,Male,South,,Gold,Organic,10,38.0,,7.2,2193
100868,33.0,Male,Central,57878.07,Bronze,Organic,7,16.0,211.6,7.0,450
102975,39.0,Other,North,32756.68,Platinum,Referral,4,0.0,237.61,7.1,377
101141,59.0,Male,North,29115.0,Platinum,Referral,7,4.0,201.02,8.5,2473
100998,39.0,Female,North,33863.74,Bronze,Organic,4,32.0,175.09,8.1,502
101338,46.0,Female,South,,Bronze,Paid_Ads,6,29.0,,4.8,252
100542,28.0,,South,72580.03,Bronze,Referral,8,7.0,88.75,8.2,2085
101100,,Male,East,64272.32,Silver,Referral,9,27.0,73.03,8.8,706
101133,30.0,Male,Central,49720.67,Silver,Paid_Ads,12,,75.46,7.9,2320
105817,41.0,Other,South,34748.27,Bronze,Organic,11,70.0,150.3,7.9,506
105928,49.0,Female,East,47779.15,Silver,Paid_Ads,12,58.0,,8.0,141
102259,51.0,Male,South,59110.82,Bronze,Paid_Ads,8,12.0,96.45,7.2,2026
105974,,Female,North,88654.65,Bronze,Social_Media,8,8.0,74.14,5.9,625
102963,42.0,Female,West,52193.7,Silver,Email,2,,108.49,10.0,796
100060,50.0,Male,West,88923.94,Gold,Social_Media,9,,73.6,6.1,390
103260,34.0,Male,East,39167.24,Bronze,Organic,8,68.0,79.89,7.0,2252
104084,34.0,Female,South,57476.83,Bronze,Paid_Ads,10,,152.83,6.5,2420
101939,30.0,Other,East,70752.89,Silver,Organic,9,70.0,78.95,7.7,832
103651,55.0,Male,South,112151.86,Gold,Paid_Ads,6,33.0,86.12,8.8,904
105924,24.0,Male,South,60940.53,Bronze,Social_Media,5,38.0,212.3,7.4,541
103396,45.0,Female,South,57471.13,Bronze,Email,6,,9.75,,523
102814,,Female,West,68811.25,Bronze,Paid_Ads,9,55.0,116.02,9.0,1171
105997,41.0,Other,West,51123.08,Silver,Email,4,91.0,153.8,7.2,1370
105657,18.0,Male,East,55225.17,Bronze,Organic,9,,95.11,4.8,2366
101079,31.0,Female,West,,Bronze,Organic,8,19.0,35.09,6.5,882
104533,60.0,Female,South,117720.74,Silver,Organic,9,26.0,,5.7,2074
105832,41.0,Male,Central,20161.17,Gold,Referral,4,64.0,114.01,8.4,1031
104273,43.0,Female,West,42637.01,Gold,Organic,7,,230.11,8.5,1683
104284,32.0,Male,South,44951.25,Bronze,Social_Media,11,,290.2,7.0,2244
105100,26.0,,Central,107003.58,Silver,Social_Media,8,,129.49,7.5,96
102631,39.0,Male,Central,58773.86,Silver,Paid_Ads,7,128.0,124.64,,1273
104802,45.0,Female,West,42192.37,Bronze,Social_Media,9,,31.71,8.4,2192
103525,27.0,Male,South,48826.86,Bronze,Email,7,46.0,,7.0,1478
103564,36.0,Female,South,54310.38,Silver,Organic,9,25.0,103.73,7.5,916
100941,41.0,Female,Central,37279.02,Silver,Email,10,91.0,141.37,7.5,2204
101081,41.0,Female,South,94122.56,Bronze,Organic,8,,213.28,8.5,1590
100188,23.0,Female,West,,Platinum,Paid_Ads,10,5.0,142.63,8.6,643
103723,,Female,East,21545.7,Bronze,Organic,8,7.0,69.09,5.6,869
105614,55.0,Female,South,34844.71,Gold,Referral,5,20.0,204.4,,1000
102086,47.0,Male,North,52599.35,Bronze,Paid_Ads,7,,137.78,6.8,2199
102250,52.0,Male,West,58921.86,Bronze,Social_Media,8,75.0,40.02,8.6,1289
103689,70.0,Male,South,,Bronze,Paid_Ads,6,,45.53,8.9,1703
105869,44.0,Male,Central,60549.75,Silver,Organic,10,0.0,139.56,4.9,1145
102024,37.0,Female,East,43390.6,Gold,Organic,9,10.0,231.69,6.7,1955
103795,20.0,Male,West,52353.47,Bronze,Referral,11,15.0,9.02,6.7,1093
101493,31.0,Male,North,30708.39,Silver,Paid_Ads,5,,53.2,7.9,558
104602,39.0,Male,West,32550.38,Bronze,Referral,7,1.0,131.69,6.2,1606
104041,39.0,Female,South,95196.14,Silver,Email,6,10.0,120.36,7.0,1828
100227,68.0,Female,South,53449.33,Bronze,Organic,8,29.0,83.59,5.2,546
101014,18.0,Female,East,45388.59,Bronze,Organic,12,38.0,59.75,,802
102584,42.0,Male,North,31668.85,Silver,Referral,8,,61.57,5.3,2099
101930,47.0,Other,South,,Gold,Organic,8,68.0,129.89,7.8,847
104216,55.0,,North,43627.04,Gold,Email,10,88.0,79.54,,2312
105383,30.0,Male,Central,86377.92,Gold,Organic,3,21.0,114.38,5.3,2298
101405,31.0,Male,North,191378.44,Bronze,Social_Media,9,54.0,190.62,6.3,243
102180,34.0,Male,South,123796.04,Silver,Organic,6,59.0,78.85,9.3,2423
100698,26.0,Other,North,43932.66,Gold,Social_Media,12,125.0,234.41,5.4,662
101125,36.0,Male,North,52816.08,Bronze,Social_Media,7,38.0,66.26,7.5,146
103283,31.0,Male,North,68689.79,Platinum,Paid_Ads,7,60.0,236.98,8.3,1022
103961,54.0,Female,West,54352.63,Silver,Paid_Ads,4,13.0,240.96,7.0,2335
104111,45.0,Male,South,,Gold,Referral,5,13.0,93.97,7.7,2261
101779,25.0,Female,Central,,Platinum,Referral,8,55.0,,7.8,1838
102635,52.0,Female,South,,Bronze,Organic,9,8.0,,7.8,1738
103092,30.0,Male,Central,58845.08,Gold,Paid_Ads,9,49.0,212.42,6.4,1494
104048,31.0,Male,North,23685.84,Bronze,Paid_Ads,4,,53.97,7.9,406
101038,31.0,Female,South,37458.73,Bronze,Paid_Ads,4,36.0,84.12,7.7,1979
104995,43.0,Other,West,,Bronze,Paid_Ads,13,,,6.8,2283
102257,42.0,Female,Central,70134.98,Silver,Paid_Ads,6,,181.61,7.1,2058
103774,45.0,Female,East,68498.98,Bronze,Referral,5,1.0,51.82,7.3,412
105930,40.0,Male,South,,Bronze,Email,12,6.0,154.52,8.5,313
100314,,Female,Central,69398.35,Gold,Referral,8,,109.25,8.6,1133
102650,67.0,Other,North,48002.9,Bronze,Paid_Ads,9,,28.52,7.4,1478
102282,38.0,Female,East,49194.89,Silver,Email,12,2.0,112.85,8.5,662
103694,22.0,Female,West,160275.67,Silver,Organic,8,67.0,143.87,7.7,1119
104288,30.0,Female,North,,Platinum,Referral,6,160.0,113.63,5.6,1838
102548,62.0,Other,East,144584.46,Silver,Paid_Ads,7,67.0,61.78,8.3,759
101417,65.0,Female,North,48890.98,Bronze,Organic,6,,51.01,7.5,777
101037,50.0,Other,North,69595.25,Platinum,Organic,7,53.0,129.34,8.3,215
102160,29.0,Female,East,49549.58,Silver,Paid_Ads,6,,45.13,9.8,2252
102985,22.0,Female,North,,Bronze,Paid_Ads,10,73.0,78.51,9.5,1867
103138,51.0,Female,East,51714.17,Silver,Organic,9,49.0,153.59,7.2,641
104982,40.0,Male,West,50976.93,Bronze,Paid_Ads,5,58.0,,4.1,132
101755,51.0,Male,West,62326.58,Bronze,Referral,7,8.0,266.44,4.8,878
104263,32.0,Female,East,52831.29,Silver,Organic,6,25.0,77.48,8.6,282
103981,42.0,Male,Central,30445.0,Silver,Social_Media,4,9.0,116.92,7.5,2211
103818,40.0,Male,West,,Gold,Referral,7,46.0,251.71,,1794
105346,30.0,Female,South,62584.73,Bronze,Organic,14,17.0,32.61,9.2,75
102521,35.0,Male,West,42508.61,Silver,Social_Media,12,55.0,96.3,8.1,105
100874,39.0,Male,South,50955.61,Silver,Referral,11,,26.34,6.2,1398
105230,34.0,,South,27408.47,Bronze,Organic,10,,33.96,6.8,750
104490,34.0,Female,West,45031.56,Bronze,Paid_Ads,8,114.0,231.9,5.4,63
101507,18.0,Male,East,23692.58,Gold,Social_Media,11,23.0,97.32,8.5,2298
103892,21.0,Male,East,61538.24,Silver,Organic,8,70.0,76.02,8.2,45
101924,52.0,Female,North,25495.93,Silver,Referral,7,,147.54,8.3,344
100449,51.0,Female,West,44174.45,Gold,Paid_Ads,7,41.0,,6.3,879
103461,39.0,Male,South,64985.91,Gold,Paid_Ads,5,,117.3,6.1,913
103576,18.0,Other,East,73331.33,Silver,Social_Media,7,10.0,25.16,8.3,797
105961,33.0,Male,West,41424.33,Silver,Organic,10,36.0,58.01,6.9,1835
103633,30.0,Female,North,58455.51,Gold,Organic,8,40.0,,6.2,1789
103258,58.0,Female,North,77922.38,Silver,Paid_Ads,9,,30.71,8.9,2163
100362,43.0,,North,124355.28,Bronze,Organic,6,13.0,77.28,6.5,268
102184,26.0,Male,East,69254.87,Gold,Organic,7,23.0,209.66,4.4,2452
101135,36.0,Male,East,46252.4,Bronze,Social_Media,3,50.0,26.92,7.5,1501
104831,22.0,Female,East,,Platinum,Organic,10,77.0,348.67,4.6,2286
103200,33.0,Female,South,33651.45,Bronze,Referral,7,25.0,172.01,7.3,41
105818,35.0,Male,West,107766.26,Bronze,Social_Media,5,,87.37,8.1,751
103439,35.0,Female,Central,84692.09,Bronze,Organic,4,102.0,68.26,7.0,1613
102156,45.0,Male,North,34256.23,Bronze,Referral,8,14.0,6.88,7.8,1816
101831,47.0,Female,East,137477.7,Bronze,Email,7,,,6.8,974
101054,67.0,Female,North,131148.56,Bronze,Organic,9,54.0,94.92,,359
102461,23.0,Female,West,,Bronze,Organic,7,,36.63,4.6,1239
100023,53.0,Male,West,50715.03,Bronze,Social_Media,2,84.0,120.53,7.0,2106
102067,50.0,Female,South,65614.29,Gold,Paid_Ads,8,134.0,62.07,6.7,589
101654,33.0,Other,West,52593.4,Gold,Social_Media,11,4.0,,8.8,1586
103662,43.0,Female,South,57485.31,Silver,Paid_Ads,12,22.0,40.73,5.8,1244
104332,24.0,Male,West,69093.01,Bronze,Paid_Ads,8,64.0,83.59,8.7,1025
102744,18.0,Female,North,30160.28,Bronze,Social_Media,10,42.0,3.0,,2099
105245,51.0,Female,West,44026.16,Bronze,Organic,4,169.0,11.78,9.8,1244
104873,22.0,Female,East,49166.85,Silver,Organic,4,85.0,109.38,7.6,2432
102469,46.0,Male,Central,54562.04,Bronze,Organic,10,1.0,,6.8,1718
102326,44.0,Male,North,69200.91,Silver,Referral,13,33.0,96.98,6.6,1282
100461,42.0,Male,South,96758.61,Bronze,Organic,6,,192.4,,2162
101068,43.0,Female,East,20458.74,Bronze,Paid_Ads,8,,197.28,7.9,1729
100088,38.0,Male,North,74619.61,Bronze,Social_Media,8,30.0,,9.1,1975
101431,35.0,Male,South,39193.02,Silver,Social_Media,8,,68.69,6.2,2157
103740,32.0,Male,East,83789.77,Bronze,Referral,12,106.0,26.62,5.2,2106
100283,49.0,Female,North,71689.42,Gold,Social_Media,12,86.0,82.4,6.7,948
102484,38.0,Female,Central,90489.35,Bronze,Social_Media,7,76.0,63.18,7.1,1938
100463,19.0,Female,West,47843.39,Silver,Organic,11,86.0,152.4,6.5,1977
100213,38.0,Female,Central,84731.95,Gold,Referral,9,,110.18,7.9,1518
102589,42.0,Female,East,,Silver,Organic,7,,,5.8,2280
104292,19.0,Female,West,78369.61,Bronze,Social_Media,6,16.0,103.2,5.8,940
102908,38.0,Female,West,22068.11,Bronze,Email,10,9.0,221.33,6.5,1625
102582,50.0,Other,Central,61962.48,Silver,Organic,10,9.0,26.95,7.9,100
101369,53.0,Female,North,99428.41,Bronze,Referral,7,27.0,212.56,8.5,688
100235,29.0,Female,North,50491.37,Bronze,Referral,7,168.0,7.07,6.7,1573
103923,25.0,Male,South,35488.01,Bronze,Paid_Ads,1,54.0,213.22,5.7,2200
100598,48.0,Male,Central,50786.83,Gold,Organic,11,58.0,216.23,7.9,975
105296,56.0,Male,Central,59964.5,Silver,Paid_Ads,9,11.0,33.47,5.2,320
102251,26.0,Female,Central,40084.47,Bronze,Social_Media,8,24.0,28.1,8.0,1163
105875,23.0,Male,South,80279.71,Silver,Paid_Ads,8,,323.94,5.6,1821
102284,41.0,Female,North,49964.31,Gold,Organic,7,31.0,97.69,7.7,2190
100663,27.0,Female,East,16028.89,Bronze,Organic,9,,104.28,6.6,388
105955,36.0,Male,South,,Silver,Referral,4,19.0,295.26,6.2,1434
102286,42.0,Male,West,79088.86,Bronze,Paid_Ads,5,13.0,,6.0,382
103432,55.0,Male,West,35005.64,Silver,Organic,9,11.0,212.5,7.0,1571
105656,36.0,Male,South,,Bronze,Social_Media,4,,127.29,4.6,1684
104321,29.0,Female,Central,53321.74,Platinum,Social_Media,6,13.0,149.84,7.4,220
103685,25.0,Female,South,38567.61,Bronze,Organic,8,54.0,49.88,9.3,2472
105474,33.0,Male,West,50241.23,Silver,Organic,3,23.0,192.28,7.9,134
103469,55.0,Female,East,38619.23,Gold,Organic,7,85.0,120.91,7.9,1467
103542,42.0,Female,Central,40847.22,Gold,Paid_Ads,4,13.0,103.2,8.4,1202
102991,46.0,Male,North,,Bronze,Paid_Ads,8,,,4.7,1720
105334,58.0,Female,East,55143.32,Platinum,Social_Media,9,25.0,216.76,6.0,461
100780,22.0,Female,East,109163.56,Gold,Social_Media,14,95.0,37.73,5.7,324
102545,37.0,Male,West,105791.48,Silver,Organic,2,3.0,50.22,8.5,1632
105699,31.0,Male,North,59823.82,Silver,Referral,9,2.0,85.0,6.3,2346
104619,71.0,Male,Central,108679.55,Bronze,Organic,8,17.0,129.69,5.7,1088
105777,39.0,Male,East,68743.21,Silver,Referral,7,0.0,241.36,7.1,935
105651,43.0,Female,South,30923.06,Silver,Paid_Ads,10,23.0,126.27,7.2,2225
105784,32.0,Male,South,59966.49,Bronze,Paid_Ads,7,1.0,197.4,7.7,1129
105797,65.0,Female,South,96236.0,Silver,Email,12,,65.94,5.6,1469
100686,32.0,Female,Central,,Silver,Referral,11,8.0,285.39,7.4,425
103821,50.0,Male,North,,Platinum,Social_Media,13,18.0,250.61,7.4,1052
104702,32.0,,West,35184.45,Silver,Referral,8,,334.52,5.4,2463
103244,41.0,Male,North,76847.01,Silver,Email,6,35.0,119.19,7.0,1442
101749,32.0,Female,Central,30203.57,Gold,Referral,9,10.0,142.28,,479
104304,31.0,Female,West,41406.57,Gold,Organic,11,31.0,115.0,8.6,2295
104639,32.0,Male,North,79339.53,Gold,Paid_Ads,5,2.0,98.29,7.1,1774
102838,41.0,,Central,44973.72,Silver,Paid_Ads,7,96.0,84.58,9.2,1591
103033,23.0,Male,North,,Gold,Organic,9,46.0,90.43,6.2,2061
102172,25.0,Male,North,39191.06,Bronze,Organic,7,,79.57,9.2,1457
103768,43.0,Male,North,17303.01,Silver,Social_Media,6,,64.54,6.0,1839
101851,30.0,Male,East,71914.2,Silver,Organic,10,,77.37,4.3,1926
100488,43.0,,South,53490.48,Bronze,Paid_Ads,5,19.0,,7.4,1838
101689,36.0,Female,North,60806.18,Bronze,Social_Media,10,3.0,177.26,9.0,1417
102231,44.0,Male,West,66403.42,Bronze,Email,8,,,7.0,84
103474,45.0,Female,North,,Gold,Paid_Ads,7,9.0,221.89,6.6,367
104375,49.0,Male,North,144949.27,Bronze,Paid_Ads,13,,74.58,7.3,1316
102321,43.0,Female,North,74132.8,Bronze,Paid_Ads,8,80.0,9.98,8.2,803
100783,60.0,Male,South,32229.36,Gold,Social_Media,7,55.0,112.27,6.8,1667
100522,27.0,Female,North,76020.69,Silver,Referral,6,29.0,119.25,8.9,1966
100523,54.0,Female,West,87759.58,Gold,Paid_Ads,5,70.0,204.83,7.1,832
104018,50.0,Male,North,81376.36,Bronze,Paid_Ads,12,14.0,63.11,7.1,1014
102940,29.0,Female,North,31942.61,Bronze,Organic,5,26.0,111.89,6.4,1873
104681,57.0,Female,East,45811.85,Bronze,Paid_Ads,12,86.0,130.6,7.3,1812
104827,33.0,Female,Central,87257.85,Bronze,Referral,7,50.0,222.54,7.9,841
102399,30.0,Male,West,32381.03,Gold,Email,9,,170.61,9.8,279
102208,43.0,,Central,56056.31,Silver,Paid_Ads,14,35.0,106.68,7.2,1958
104519,35.0,Male,East,31831.07,Bronze,Paid_Ads,11,0.0,64.95,7.5,2455
100781,37.0,Female,South,91098.66,Silver,Organic,8,27.0,51.14,6.4,217
104688,20.0,Female,East,44005.49,Gold,Social_Media,8,46.0,200.87,6.6,1024
103997,50.0,Other,North,52657.77,Gold,Paid_Ads,4,26.0,138.95,5.7,2012
101512,45.0,,West,31378.52,Bronze,Paid_Ads,9,1.0,79.75,8.3,602
101883,33.0,Female,North,55683.52,Bronze,Organic,9,56.0,45.71,10.0,305
100652,36.0,Female,South,43761.66,Gold,Paid_Ads,4,,58.78,5.8,1179
103948,18.0,Male,South,45585.95,Silver,Paid_Ads,9,17.0,114.88,10.0,428
101802,43.0,Female,West,83832.22,Silver,Paid_Ads,8,123.0,,6.3,1101
100370,48.0,Male,West,111849.04,Bronze,Referral,4,,99.96,5.5,2062
105235,30.0,Male,East,45987.55,Bronze,Paid_Ads,3,46.0,93.53,6.7,1193
103732,46.0,Female,West,,Gold,Organic,6,14.0,207.91,8.2,714
100119,57.0,Male,Central,43589.81,Bronze,Organic,5,8.0,107.1,7.1,900
100378,18.0,Female,West,73734.76,Silver,Social_Media,11,142.0,112.1,7.9,1629
100217,44.0,Male,Central,53972.75,Bronze,Paid_Ads,9,4.0,61.73,9.9,1002
102217,38.0,Male,Central,33029.23,Gold,Organic,3,,104.29,8.1,69
104559,47.0,,Central,58920.63,Platinum,Organic,5,269.0,231.72,6.6,725
101614,,Female,South,42779.09,Silver,Paid_Ads,13,59.0,267.1,8.0,1332
102884,52.0,Male,West,109966.45,Bronze,Referral,7,,,7.1,2290
104296,43.0,Female,Central,70461.25,Bronze,Email,13,23.0,179.93,5.0,1295
105382,30.0,Female,Central,67950.42,Bronze,Email,12,197.0,31.5,9.2,1904
100963,26.0,Female,East,49059.37,Silver,Referral,10,,28.71,5.0,2378
105398,52.0,Female,East,43445.6,Silver,Paid_Ads,9,,134.55,6.4,2409
102511,,Male,East,31959.28,Bronze,Referral,8,,73.04,10.0,487
105630,61.0,Male,East,23387.14,Bronze,Paid_Ads,8,15.0,178.23,3.8,2175
104564,35.0,Female,South,,Bronze,Referral,9,19.0,,6.9,145
103998,35.0,Male,South,56295.05,Gold,Paid_Ads,9,,147.38,7.0,231
100360,36.0,Other,South,37112.88,Bronze,Referral,2,68.0,116.59,7.6,1612
101247,33.0,Male,East,30013.5,Gold,Paid_Ads,3,73.0,82.5,7.6,218
103409,44.0,Male,Central,107282.52,Platinum,Social_Media,12,108.0,129.34,9.3,1038
105084,35.0,Female,North,31150.7,Silver,Referral,11,,88.63,7.8,1161
102416,54.0,Male,South,47265.6,Silver,Organic,7,,227.2,7.5,2371
105580,50.0,Male,East,54071.03,Silver,Referral,9,,88.35,7.8,1484
105320,41.0,Female,West,157755.74,Silver,Organic,8,23.0,32.59,5.8,272
102186,38.0,Female,Central,31381.43,Gold,Social_Media,8,,126.7,8.2,1861
103996,30.0,,Central,112313.32,Silver,Paid_Ads,13,30.0,54.55,7.0,1668
102568,43.0,Female,Central,54947.48,Bronze,Paid_Ads,8,,207.75,7.1,2316
103424,26.0,Female,West,,Bronze,Email,10,13.0,64.87,8.8,1017
102038,50.0,Male,Central,,Platinum,Paid_Ads,4,23.0,,6.8,1101
105097,51.0,Male,North,59901.51,Bronze,Paid_Ads,12,23.0,111.3,9.2,2205
100773,41.0,Female,Central,54906.54,Bronze,Paid_Ads,4,,83.62,5.7,743
101285,39.0,Female,South,,Gold,Referral,13,,180.44,8.2,2449
105513,20.0,Female,East,42787.26,Bronze,Referral,12,9.0,104.95,7.3,2249
103563,23.0,Male,South,95995.25,Silver,Organic,7,49.0,101.72,6.2,2384
105680,48.0,Male,North,,Silver,Paid_Ads,5,17.0,122.59,5.1,1565
102588,55.0,Male,South,39268.84,Bronze,Social_Media,12,30.0,34.97,8.5,2296
105482,32.0,Male,South,33297.08,Gold,Organic,5,,138.46,9.2,1993
101415,54.0,,South,24646.82,Bronze,Paid_Ads,4,,66.75,7.8,820
101235,42.0,Female,North,64306.8,Gold,Paid_Ads,6,3.0,96.17,6.1,1099
105201,41.0,Male,North,44805.3,Bronze,Paid_Ads,9,95.0,27.6,7.8,320
100436,31.0,Male,South,59429.53,Gold,Social_Media,8,45.0,99.14,7.3,1290
101675,35.0,Male,West,54829.59,Platinum,Organic,5,,137.77,7.8,1439
103300,40.0,Male,South,70164.69,Silver,Referral,7,,66.78,9.2,1683
100366,56.0,Male,North,46355.89,Silver,Paid_Ads,7,10.0,,7.3,324
104509,27.0,Female,East,95891.71,Bronze,Organic,6,125.0,184.93,6.1,2408
100232,31.0,Male,West,79942.53,Platinum,Organic,11,76.0,277.03,5.6,2019
105103,51.0,Male,East,40930.01,Bronze,Organic,11,,15.2,6.2,337
100148,36.0,,South,39939.49,Platinum,Organic,8,,353.92,6.6,695
105267,20.0,Female,Central,25154.97,Silver,Organic,5,32.0,160.74,6.5,182
103089,40.0,Female,Central,25160.57,Gold,Referral,10,27.0,158.4,5.4,310
104036,40.0,Male,North,26140.98,Bronze,Referral,2,33.0,94.6,8.6,440
103555,49.0,Female,North,44932.74,Bronze,Organic,7,14.0,34.79,7.4,1491
100408,48.0,Other,West,48432.89,Bronze,Email,6,33.0,93.48,6.9,1440
105539,45.0,Female,South,37286.46,Silver,Email,10,15.0,169.47,7.6,971
103457,41.0,Male,East,44792.83,Bronze,Social_Media,9,54.0,69.52,7.9,716
102091,40.0,Male,North,,Bronze,Email,14,15.0,93.09,6.1,826
100087,32.0,,East,,Silver,Referral,7,,160.28,5.8,1245
103577,42.0,Male,East,72331.39,Bronze,Organic,6,44.0,123.65,,1529
103272,34.0,Male,Central,49607.71,Bronze,Email,12,,18.51,,1463
100845,40.0,Male,South,46747.49,Gold,Social_Media,9,38.0,149.12,8.1,2488
101032,40.0,Other,North,115397.53,Gold,Organic,8,,301.48,4.3,2057
103719,43.0,Female,South,66628.33,Silver,Referral,15,12.0,53.48,8.0,573
104330,18.0,Female,East,50201.62,Silver,Paid_Ads,5,80.0,184.21,6.7,2081
103856,18.0,,South,46358.95,Silver,Organic,11,45.0,78.15,6.3,582
102988,57.0,Male,Central,19753.17,Gold,Paid_Ads,13,29.0,208.5,4.7,937
104351,36.0,Female,East,37938.87,Silver,Organic,5,3.0,124.71,5.2,817
102629,28.0,Female,Central,49835.61,Bronze,Organic,7,39.0,115.04,5.9,2308
103754,47.0,Male,South,,Bronze,Paid_Ads,5,28.0,109.66,5.4,2155
105305,56.0,Female,North,30944.1,Platinum,Referral,4,,213.97,5.7,1140
100856,38.0,Male,East,,Bronze,Organic,8,31.0,86.85,6.9,763
103004,19.0,Female,East,32348.67,Gold,Organic,2,90.0,147.01,9.1,84
100079,46.0,Male,Central,136395.73,Bronze,Organic,12,,50.38,6.7,1459
102993,37.0,Female,Central,44277.84,Gold,Referral,9,35.0,189.07,6.1,170
102248,29.0,Female,South,32481.64,Silver,Paid_Ads,6,,308.95,7.5,279
104057,48.0,Male,East,37286.94,Bronze,Organic,11,,44.22,10.0,1778
105476,25.0,Female,West,48688.92,Platinum,Paid_Ads,5,23.0,244.16,7.2,692
105516,33.0,Female,South,55620.98,Bronze,Organic,12,,147.58,6.6,902
100759,46.0,Other,East,118276.84,Gold,Referral,11,,92.75,6.3,1765
104697,47.0,Male,East,68802.04,Silver,Referral,11,170.0,186.55,8.6,1601
103356,18.0,Female,West,44509.27,Silver,Social_Media,9,77.0,228.3,7.9,470
100789,25.0,,Central,28153.1,Bronze,Organic,11,114.0,,9.9,1591
102280,18.0,Male,North,65060.48,Gold,Referral,13,124.0,209.09,,1409
103675,22.0,Male,West,,Bronze,Referral,9,,98.81,8.7,1062
104248,44.0,Male,South,52272.55,Silver,Paid_Ads,7,48.0,50.26,10.0,1430
104978,45.0,Male,North,55482.36,Gold,Organic,12,31.0,75.8,8.4,104
104774,46.0,Female,East,53352.56,Silver,Email,7,43.0,215.3,6.3,1423
104487,58.0,Male,West,57027.13,Platinum,Social_Media,9,46.0,308.2,6.7,706
104961,30.0,Female,South,16588.09,Gold,Paid_Ads,10,8.0,138.4,10.0,1227
102177,44.0,Male,South,,Gold,Organic,10,159.0,166.32,8.6,2259
100425,27.0,Male,Central,52995.17,Bronze,Email,9,83.0,71.75,5.7,936
100393,32.0,Male,South,64433.71,Bronze,Social_Media,14,,87.47,6.6,125
105891,48.0,Female,South,46240.22,Bronze,Organic,4,64.0,55.29,7.2,1491
105666,37.0,Male,Central,,Silver,Social_Media,8,,126.73,6.8,107
102240,34.0,Other,South,59234.63,Silver,Social_Media,8,,79.46,4.8,548
100105,27.0,Male,South,62213.97,Platinum,Paid_Ads,11,52.0,139.24,9.1,1169
102673,32.0,Other,Central,106784.04,Gold,Social_Media,10,119.0,240.57,6.6,1126
105486,48.0,,East,29177.87,Gold,Paid_Ads,10,,91.38,5.9,124
105024,25.0,Male,North,128842.48,Gold,Email,8,55.0,,10.0,1255
102069,44.0,Male,South,72065.31,Bronze,Organic,5,173.0,186.43,8.9,1328
103976,42.0,Female,West,38519.08,Silver,Social_Media,7,22.0,84.15,7.3,148
103494,41.0,Female,South,56912.75,Gold,Email,12,6.0,211.37,6.8,2390
101949,28.0,,West,,Silver,Social_Media,6,16.0,99.96,6.4,1963
101460,42.0,,East,52912.74,Bronze,Referral,10,37.0,235.94,6.8,967
101769,27.0,Female,South,60505.26,Bronze,Social_Media,9,101.0,97.69,6.1,2262
103299,33.0,Male,South,,Bronze,Organic,8,96.0,136.33,8.2,2346
105483,38.0,Female,North,63997.54,Silver,Paid_Ads,13,130.0,155.96,8.4,1109
103832,64.0,Male,West,79236.79,Gold,Social_Media,16,65.0,187.36,8.1,739
105742,52.0,Male,Central,,Bronze,Organic,9,53.0,128.05,6.4,1083
101588,49.0,Male,Central,34974.0,Platinum,Paid_Ads,8,108.0,,7.1,320
104640,31.0,Female,North,102063.21,Gold,Email,3,3.0,172.28,,930
101732,38.0,Female,South,51128.0,Gold,Paid_Ads,9,48.0,142.39,6.8,2401
105713,43.0,Female,South,154300.96,Bronze,Paid_Ads,12,0.0,52.47,6.5,1340
104673,45.0,,Central,30495.92,Bronze,Organic,12,41.0,99.1,7.5,669
100183,33.0,Female,East,22615.9,Gold,Referral,4,25.0,169.36,7.3,529
101792,38.0,Female,North,26972.4,Silver,Paid_Ads,7,5.0,,5.7,779
102356,18.0,Female,West,18500.65,Bronze,Organic,10,3.0,100.28,7.6,592
101941,23.0,Female,East,,Bronze,Organic,7,112.0,59.91,4.7,195
100703,26.0,Female,East,29843.52,Silver,Paid_Ads,10,91.0,39.45,9.0,913
102443,,Female,West,104660.34,Bronze,Email,11,,105.41,8.8,74
105231,48.0,Male,West,,Platinum,Organic,16,,177.77,5.8,2151
100497,18.0,Female,East,53192.05,Gold,Paid_Ads,6,18.0,87.7,7.9,2357
104664,30.0,Male,West,18025.46,Silver,Referral,6,61.0,152.63,4.0,771
100465,25.0,Male,Central,56110.75,Silver,Paid_Ads,7,90.0,147.11,4.3,862
103801,34.0,Female,West,53915.05,Silver,Referral,4,,135.43,8.9,1592
105184,74.0,,South,47396.19,Bronze,Organic,10,0.0,102.12,6.1,1620
100173,33.0,Male,South,47049.63,Silver,Referral,6,26.0,64.17,6.8,1316
102021,,Female,East,106354.94,Bronze,Social_Media,9,,135.62,7.0,778
105751,43.0,Female,North,,Silver,Email,8,13.0,66.97,8.0,2203
105339,42.0,Male,Central,49322.24,Gold,Email,6,6.0,,6.5,790
102541,44.0,Female,West,79628.19,Gold,Paid_Ads,6,,73.14,6.7,1752
105948,27.0,Male,South,54237.72,Gold,Organic,8,,210.59,6.1,365
102010,46.0,Male,Central,25376.6,Silver,Email,8,,171.59,9.0,61
102261,18.0,,West,26921.07,Gold,Referral,7,,79.11,5.9,1807
103085,32.0,Male,South,45370.47,Platinum,Referral,6,3.0,129.54,7.4,1153
102113,49.0,Female,West,42955.24,Silver,Social_Media,7,3.0,119.39,5.3,1840
100901,43.0,Other,South,,Bronze,Organic,9,53.0,56.71,6.1,592
101447,66.0,Female,East,59575.51,Bronze,Organic,7,46.0,80.34,8.7,1584
101912,44.0,Other,West,48154.88,Bronze,Paid_Ads,8,32.0,33.51,5.4,2484
103543,36.0,,South,54192.41,Gold,Paid_Ads,6,15.0,71.05,4.5,1666
102698,40.0,,North,46678.49,Bronze,Referral,7,,39.59,6.3,2380
105633,18.0,Male,West,,Bronze,Social_Media,10,58.0,45.02,5.6,721
103663,33.0,Female,West,47877.28,Gold,Email,7,,200.48,5.4,1661
100742,52.0,Male,West,2796339.8704802142,Silver,Paid_Ads,7,40.0,65.49,8.6,804
102294,,Male,South,58710.59,Gold,Organic,6,1.0,201.55,7.3,575
102453,44.0,Male,East,34086.91,Bronze,Paid_Ads,7,59.0,155.56,6.8,1858
103706,35.0,Female,West,60935.36,Silver,Paid_Ads,8,77.0,121.01,7.2,1982
104898,53.0,Male,North,48207.52,Bronze,Paid_Ads,13,73.0,184.12,9.0,465
101207,29.0,Other,East,,Bronze,Organic,5,,36.61,7.9,2379
100510,,Female,West,,Silver,Organic,10,93.0,86.04,8.2,487
105289,49.0,Male,Central,103084.37,Gold,Social_Media,9,1.0,183.03,7.8,2391
103704,,Female,East,53390.74,Silver,Paid_Ads,7,41.0,68.74,8.4,1866
103969,31.0,Female,North,,Gold,Organic,7,25.0,65.92,7.3,371
105432,42.0,,South,,Bronze,Referral,13,82.0,57.22,6.2,1120
101550,43.0,Female,Central,66968.68,Gold,Referral,7,18.0,156.02,5.8,1489
103030,41.0,Female,North,73852.97,Platinum,Social_Media,16,93.0,194.05,8.1,717
104523,36.0,Male,North,64006.58,Bronze,Paid_Ads,10,48.0,133.42,7.2,1452
102203,39.0,Female,East,67763.52,Bronze,Paid_Ads,7,30.0,178.04,4.3,497
102567,40.0,Male,Central,57289.6,Gold,Paid_Ads,8,50.0,84.38,7.2,1033
103790,32.0,Female,North,70207.32,Gold,Paid_Ads,3,5.0,84.0,6.1,873
102045,21.0,Female,West,42832.41,Bronze,Organic,15,13.0,12.82,7.3,2169
100768,31.0,Male,West,53026.39,Bronze,Referral,10,,,7.1,1223
105881,52.0,Male,South,,Silver,Social_Media,6,16.0,101.52,8.0,909
103700,23.0,Female,North,117416.2,Bronze,Paid_Ads,6,61.0,63.46,8.1,73
101509,62.0,Other,West,38679.26,Bronze,Referral,13,32.0,56.45,7.8,2033
103135,32.0,Male,West,34215.56,Bronze,Organic,9,7.0,94.77,7.1,2208
105834,28.0,Male,West,51778.16,Bronze,Organic,11,76.0,,7.2,2238
100422,28.0,Male,South,72287.2,Gold,Social_Media,10,25.0,183.14,7.4,1333
100124,54.0,Female,North,48099.9,Gold,Email,9,,84.18,7.1,880
105425,47.0,Male,East,,Silver,Social_Media,7,19.0,67.99,7.6,1957
103716,28.0,Male,South,79041.52,Platinum,Social_Media,10,75.0,256.6,7.5,1642
103293,32.0,Female,South,25406.15,Silver,Organic,6,54.0,68.85,,395
100820,24.0,Male,North,,Bronze,Email,5,26.0,33.42,7.3,1857
101404,32.0,Female,South,35954.3,Silver,Paid_Ads,8,12.0,65.08,6.5,1365
101383,34.0,Other,South,56135.09,Gold,Paid_Ads,12,21.0,75.13,7.0,2285
102149,34.0,Male,East,66154.55,Silver,Social_Media,4,16.0,100.84,7.9,690
105045,18.0,Male,North,42453.73,Gold,Organic,9,122.0,196.51,5.8,2235
101576,23.0,Male,South,49676.66,Bronze,Paid_Ads,11,35.0,153.92,5.8,1131
101639,38.0,Male,East,45044.21,Silver,Social_Media,10,40.0,73.53,8.2,2297
101796,34.0,Female,North,31618.1,Gold,Paid_Ads,6,22.0,104.74,6.5,186
103332,38.0,Male,West,37515.1,Platinum,Paid_Ads,6,44.0,148.64,8.4,721
105771,52.0,Female,Central,49058.84,Silver,Paid_Ads,7,34.0,116.87,,259
105337,48.0,Female,North,34859.99,Bronze,Referral,8,44.0,79.37,6.8,2038
100400,30.0,Female,South,74962.85,Bronze,Organic,4,31.0,,9.6,891
103152,27.0,Male,North,,Gold,Email,9,14.0,162.25,10.0,1339
102311,48.0,Male,East,30259.76,Gold,Referral,4,,105.78,4.9,1247
100883,25.0,Male,North,77486.08,Silver,Paid_Ads,5,,45.26,6.3,1862
103566,58.0,Female,West,48235.74,Gold,Paid_Ads,8,,,6.8,146
105965,61.0,,North,37944.94,Gold,Email,8,28.0,131.64,6.3,1467
101180,43.0,Male,West,56005.69,Bronze,Organic,5,17.0,135.76,6.9,1410
101353,22.0,Female,Central,20834.45,Bronze,Email,11,,120.74,6.8,1764
103883,42.0,Female,West,40648.08,Silver,Social_Media,12,51.0,75.31,8.6,1496
105456,45.0,Female,East,48566.43,Platinum,Organic,4,65.0,,8.1,224
102131,39.0,Male,Central,37517.56,Bronze,Paid_Ads,7,,76.46,5.4,509
100983,41.0,Female,Central,44304.69,Platinum,Paid_Ads,7,1.0,,9.4,1800
100457,51.0,Female,North,57415.47,Bronze,Organic,3,7.0,74.16,6.1,2486
101487,49.0,Male,South,66794.8,Silver,Organic,7,24.0,72.52,8.0,1436
101080,,Male,South,63034.97,Silver,Referral,9,25.0,158.71,6.8,1458
101951,,Female,South,28494.74,Silver,Organic,6,,57.37,4.9,476
105159,31.0,Male,North,146538.16,Bronze,Organic,12,82.0,,8.0,279
100690,33.0,Male,North,122919.47,Platinum,Paid_Ads,12,27.0,312.85,7.3,472
102430,60.0,,Central,93039.42,Bronze,Social_Media,7,64.0,143.51,4.8,2028
100642,46.0,Female,East,,Silver,Paid_Ads,8,50.0,50.59,8.6,2123
102393,18.0,Male,Central,,Silver,Organic,5,41.0,110.48,7.0,101
102826,37.0,,West,32496.63,Platinum,Email,10,80.0,149.66,8.0,599
101954,30.0,Male,West,62497.58,Bronze,Social_Media,4,10.0,113.63,8.2,2252
103539,48.0,Female,West,156145.14,Platinum,Organic,6,8.0,,4.3,304
103890,,Female,Central,38674.62,Bronze,Social_Media,8,16.0,122.59,9.4,1229
103059,30.0,Male,South,51341.57,Bronze,Organic,9,64.0,204.7,7.9,1983
103916,35.0,Female,North,,Bronze,Organic,6,3.0,29.27,8.2,2303
104801,38.0,Female,South,54830.02,Silver,Organic,8,4.0,141.5,7.5,369
102711,37.0,Male,South,,Silver,Referral,15,,281.45,8.3,2082
101084,39.0,Female,West,,Bronze,Social_Media,5,1.0,,4.1,602
104449,55.0,Female,North,74796.76,Bronze,Organic,11,111.0,37.14,6.4,828
105715,20.0,Male,North,67815.79,Bronze,Organic,8,125.0,46.34,6.9,1788
104119,30.0,Female,West,149072.9,Bronze,Organic,7,,305.84,5.8,687
101885,18.0,Female,North,32230.53,Platinum,Paid_Ads,7,23.0,161.68,8.3,1004
104511,35.0,Male,North,42370.74,Bronze,Paid_Ads,9,66.0,52.08,8.6,2292
100390,21.0,Female,Central,65490.01,Bronze,Paid_Ads,11,,94.12,7.5,1347
102495,51.0,Male,South,,Bronze,Organic,7,,25.66,8.2,1662
101852,41.0,,South,94877.01,Gold,Paid_Ads,8,44.0,212.08,10.0,1966
103037,40.0,Female,South,28377.84,Bronze,Social_Media,10,,153.79,5.9,1577
105796,43.0,Male,West,76842.72,Silver,Paid_Ads,7,,123.1,8.7,2028
103604,55.0,Female,East,56879.93,Platinum,Social_Media,4,4.0,174.69,4.5,561
100846,42.0,Female,South,72008.68,Platinum,Paid_Ads,6,,97.46,6.1,1067
100543,41.0,Male,West,73550.76,Silver,Email,8,8.0,46.99,7.7,2249
103725,37.0,Male,South,42544.73,Platinum,Paid_Ads,12,125.0,198.39,8.2,711
100092,37.0,Female,South,30327.17,Bronze,Organic,2,261.0,38.81,7.0,48
103680,39.0,Male,North,100341.2,Silver,Social_Media,6,7.0,102.49,7.9,1802
105642,18.0,Female,South,129475.41,Bronze,Social_Media,8,15.0,71.3,5.8,2163
103905,19.0,Male,Central,51862.07,Gold,Social_Media,5,,109.01,4.8,2028
101980,44.0,Female,North,67514.76,Silver,Referral,12,39.0,47.4,6.0,865
103245,44.0,Male,South,53614.35,Bronze,Organic,12,,81.21,5.9,1619
103979,47.0,Male,South,53673.09,Bronze,Organic,7,5.0,96.61,8.3,369
103151,41.0,Male,West,56563.17,Bronze,Social_Media,3,66.0,117.81,5.5,1651
104901,18.0,Other,East,49430.7,Silver,Social_Media,7,,94.62,6.3,857
104105,34.0,Other,Central,61855.31,Gold,Organic,12,,132.41,7.3,2323
104623,39.0,Female,South,88327.49,Gold,Organic,4,,90.13,6.6,94
102965,,Male,North,126563.65,Bronze,Email,6,53.0,113.13,8.2,1635
103464,21.0,Other,Central,118553.53,Bronze,Paid_Ads,13,53.0,83.84,7.1,1312
102530,31.0,Male,East,69582.65,Silver,Referral,7,28.0,23.24,7.8,330
104109,56.0,Male,North,,Bronze,Organic,6,32.0,105.33,7.5,1804
101677,50.0,Other,South,49403.47,Bronze,Paid_Ads,8,9.0,69.91,7.6,1821
101049,,,West,61282.39,Silver,Email,15,27.0,228.77,,978
102950,52.0,Female,North,90994.26,Silver,Social_Media,6,40.0,147.55,5.3,57
101961,40.0,Male,North,20198.37,Silver,Social_Media,7,58.0,64.91,7.5,1655
102531,52.0,Male,South,72463.57,Bronze,Social_Media,7,22.0,27.53,7.1,2476
104413,47.0,Female,West,75225.22,Gold,Organic,9,0.0,146.23,7.3,2332
104904,40.0,Female,West,54178.53,Gold,Paid_Ads,10,,300.96,9.3,1433
103940,56.0,Male,Central,28146.02,Gold,Paid_Ads,9,,144.59,8.7,1675
100238,36.0,,East,29956.79,Bronze,Referral,10,24.0,45.31,6.3,2111
104150,18.0,Female,West,,Bronze,Referral,6,28.0,50.11,8.3,1254
104858,30.0,Female,West,72625.39,Bronze,Referral,11,,34.79,3.8,1605
101134,,,West,44779.52,Silver,Organic,8,24.0,70.07,6.7,1042
102881,42.0,Female,South,43264.77,Bronze,Paid_Ads,6,,45.12,6.3,2334
101806,18.0,Female,Central,79769.29,Gold,Referral,13,6.0,,9.9,2476
104959,45.0,Female,North,56644.01,Silver,Referral,10,205.0,147.37,5.1,623
100164,28.0,Other,North,43702.55,Gold,Organic,7,73.0,70.47,6.9,1162
104528,40.0,Male,Central,28312.48,Bronze,Organic,4,,41.53,8.0,282
105705,26.0,Female,Central,68590.05,Bronze,Organic,9,36.0,91.28,6.7,884
105648,28.0,Other,Central,2153939.0270141815,Bronze,Referral,4,,94.22,6.0,583
104429,36.0,Male,Central,71636.42,Bronze,Social_Media,4,17.0,,6.7,1550
104499,41.0,Male,Central,140110.71,Gold,Paid_Ads,3,,66.83,7.4,2413
104327,51.0,Female,North,97461.23,Gold,Paid_Ads,5,22.0,73.49,6.4,662
100266,50.0,Other,North,32333.75,Gold,Organic,9,36.0,46.53,7.0,2344
102002,30.0,Female,Central,94499.93,Silver,Referral,8,,124.63,7.6,2240
101812,18.0,Male,South,35591.0,Gold,Social_Media,8,77.0,124.34,6.7,1476
103278,18.0,Male,South,35098.32,Silver,Email,7,126.0,65.87,4.3,301
105610,44.0,Female,East,72943.25,Bronze,Paid_Ads,10,158.0,76.44,8.4,921
102979,31.0,Male,South,,Bronze,Paid_Ads,7,2.0,140.21,8.5,1513
104261,,Male,East,28852.56,Silver,Organic,7,145.0,83.84,6.1,1363
102907,52.0,,South,84938.83,Gold,Social_Media,15,41.0,72.91,5.0,2317
104291,33.0,Male,East,69753.57,Silver,Paid_Ads,9,25.0,87.7,6.4,1878
105498,45.0,Female,South,51399.48,Gold,Social_Media,7,35.0,172.54,6.9,1349
101429,46.0,Male,East,50263.31,Gold,Organic,5,57.0,,4.6,2326
100399,44.0,Male,North,34111.7,Bronze,Paid_Ads,9,,176.77,,762
103965,35.0,Male,West,52089.45,Bronze,Organic,9,25.0,148.27,6.5,244
105006,19.0,Male,South,36441.68,Gold,Organic,3,20.0,177.7,6.1,1438
100948,18.0,Male,North,76244.47,Bronze,Social_Media,6,22.0,,7.7,1330
103079,23.0,Male,South,43405.62,Gold,Organic,7,,123.46,7.0,1144
103139,44.0,Other,East,34400.38,Gold,Organic,9,19.0,60.57,6.6,480
105348,,Female,East,46447.46,Bronze,Organic,7,121.0,59.03,6.8,46
104924,22.0,Male,North,34758.07,Gold,Organic,10,68.0,229.87,4.9,142
105574,45.0,Male,Central,170968.2,Silver,Social_Media,7,10.0,59.97,6.8,1686
105149,38.0,Female,South,28780.14,Gold,Referral,10,51.0,,7.6,979
103230,21.0,Male,West,44843.34,Gold,Referral,5,,144.36,5.4,525
103995,45.0,Female,South,40855.91,Silver,Referral,11,21.0,76.25,8.0,746
101453,37.0,Female,West,76381.85,Silver,Social_Media,19,,133.71,6.8,345
100594,18.0,Male,South,93578.0,Bronze,Referral,6,,,6.9,1859
102726,34.0,Female,West,74312.63,Silver,Referral,10,,80.05,6.5,1136
100042,45.0,Male,Central,52688.5,Silver,Organic,6,,145.3,8.0,2347
100561,37.0,Male,South,,Silver,Organic,11,5.0,115.31,4.3,747
104832,18.0,Female,West,33195.86,Bronze,Paid_Ads,5,,94.59,6.6,1525
105151,58.0,Male,West,35993.46,Silver,Referral,8,,160.13,,1762
100490,46.0,Male,West,38326.29,Bronze,Social_Media,7,12.0,,9.6,1664
100244,20.0,Male,West,94083.75,Silver,Organic,10,,45.73,7.8,2407
103173,50.0,Female,South,59372.44,Bronze,Paid_Ads,4,2.0,13.51,7.0,1798
101340,,Female,North,34035.5,Bronze,Social_Media,6,18.0,53.41,5.9,342
103937,52.0,,North,53073.28,Silver,Email,4,59.0,115.65,6.9,1414
105990,32.0,Female,South,47308.11,Gold,Social_Media,2,,49.09,7.4,267
100406,35.0,Male,South,78953.57,Bronze,Paid_Ads,8,31.0,84.74,6.0,932
101443,21.0,Male,North,68610.49,Bronze,Referral,10,10.0,24.88,7.8,797
100262,35.0,Female,West,67151.32,Gold,Social_Media,9,2.0,57.19,5.2,513
103913,32.0,Female,North,60570.63,Gold,Organic,7,134.0,42.62,8.1,1838
103538,34.0,Other,West,72374.8,Gold,Paid_Ads,6,13.0,277.18,7.9,2126
105469,42.0,Female,West,33031.66,Bronze,Paid_Ads,6,,176.09,6.9,2486
101690,48.0,Female,East,38012.41,Silver,Paid_Ads,13,23.0,352.29,8.6,2422
103479,52.0,Male,South,172527.28,Platinum,Social_Media,8,62.0,177.42,,620
101726,39.0,Male,North,112221.87,Silver,Paid_Ads,6,14.0,100.56,5.0,1218
101204,37.0,Male,East,56000.46,Silver,Paid_Ads,11,,69.72,5.2,2081
100835,29.0,Female,West,64850.1,Bronze,Organic,14,,30.46,9.1,702
101867,35.0,Male,Central,50288.38,Silver,Paid_Ads,5,,53.23,,1662
102497,37.0,Male,East,84380.25,Bronze,Paid_Ads,7,0.0,85.05,8.1,1857
103017,30.0,Female,East,,Gold,Organic,5,5.0,90.68,7.1,1209
104512,36.0,Male,West,67676.8,Silver,Referral,3,22.0,194.5,7.5,1530
102011,23.0,Female,South,65003.25,Bronze,Organic,14,1.0,90.76,7.2,155
103932,47.0,,East,72413.23,Bronze,Paid_Ads,3,2.0,100.17,,2032
100341,18.0,Male,South,48538.66,Platinum,Organic,10,60.0,336.39,8.7,2254
104173,39.0,Female,South,,Bronze,Email,8,53.0,,5.4,415
101602,52.0,Female,North,27806.45,Silver,Social_Media,12,28.0,62.07,7.5,589
102797,45.0,Male,South,,Silver,Organic,7,,,7.4,2476
105368,60.0,Other,East,52308.22,Bronze,Organic,4,3.0,,7.6,2216
105760,18.0,Female,East,88768.09,Silver,Organic,8,178.0,39.29,6.9,855
100481,41.0,Male,Central,49170.94,Bronze,Organic,3,12.0,67.94,6.8,101
103726,55.0,,East,24554.66,Bronze,Organic,9,,140.45,5.7,840
105906,35.0,Female,West,70166.17,Bronze,Social_Media,12,43.0,93.7,7.9,2261
102786,39.0,Female,South,65597.73,Silver,Referral,5,23.0,87.11,7.9,1300
101524,36.0,Other,North,67102.46,Platinum,Referral,5,60.0,134.22,7.7,1968
103622,30.0,Male,West,59586.21,Silver,Paid_Ads,6,5.0,74.64,6.0,563
104468,34.0,Male,East,61740.21,Bronze,Organic,8,53.0,51.25,8.9,2314
105321,46.0,Female,South,24092.73,Silver,Referral,9,131.0,223.45,9.4,1881
105561,57.0,Male,East,96234.16,Platinum,Paid_Ads,8,,278.53,8.2,1564
105645,52.0,Female,North,33723.34,Silver,Organic,12,64.0,134.64,,1845
100800,38.0,Female,North,107371.25,Silver,Paid_Ads,11,61.0,76.4,,2160
101767,23.0,Female,East,69517.18,Silver,Paid_Ads,6,61.0,,5.4,1455
105364,34.0,Female,South,56592.22,Silver,Social_Media,7,22.0,167.67,7.0,424
103026,38.0,Female,East,33453.83,Silver,Referral,6,,154.77,7.2,637
102454,28.0,Male,West,,Bronze,Organic,11,131.0,62.61,7.6,1743
104074,55.0,Male,North,24636.83,Gold,Social_Media,5,93.0,93.36,6.7,707
104740,37.0,Male,South,31607.11,Silver,Email,5,102.0,57.94,8.6,1941
104856,53.0,Male,North,74121.44,Bronze,Referral,5,55.0,107.28,7.2,2274
103705,44.0,Male,West,69154.54,Gold,Referral,3,5.0,89.45,5.2,462
105611,49.0,Male,West,30268.49,Platinum,Organic,10,63.0,179.12,,2346
100364,25.0,Male,South,55029.12,Gold,Referral,4,1.0,200.59,5.3,1588
101272,55.0,Female,Central,73311.28,Silver,Paid_Ads,6,,95.7,7.3,753
102004,41.0,Female,Central,44226.06,Bronze,Organic,6,88.0,222.32,8.3,1103
105395,41.0,Female,East,,Bronze,Organic,4,24.0,76.67,6.9,2327
104246,38.0,Female,South,18840.65,Bronze,Organic,5,1.0,,7.1,2152
105624,18.0,Male,Central,94787.22,Platinum,Email,11,,194.4,5.8,1171
104958,18.0,Female,North,55402.8,Silver,Social_Media,5,6.0,94.78,8.6,883
100348,45.0,Female,Central,,Gold,Referral,7,81.0,143.36,,1474
103351,39.0,Male,West,110794.12,Silver,Organic,8,25.0,54.76,4.0,1437
105896,35.0,Male,Central,48162.3,Silver,Paid_Ads,13,159.0,118.53,8.1,1176
103614,0.0,Female,North,109809.02,Bronze,Referral,7,29.0,172.72,4.8,2236
105719,50.0,Male,North,22867.58,Silver,Paid_Ads,13,,141.77,7.6,2466
102563,54.0,Male,South,44252.23,Platinum,Paid_Ads,4,136.0,151.26,5.9,761
103028,22.0,,West,,Bronze,Organic,10,173.0,,7.7,1271
104181,,Female,Central,43264.88,Platinum,Social_Media,8,44.0,,5.1,1712
105499,47.0,Male,North,110872.11,Silver,Referral,8,81.0,134.22,7.3,302
101424,55.0,Other,West,59289.04,Bronze,Organic,13,,,6.7,638
100657,28.0,Male,West,45189.35,Bronze,Social_Media,8,115.0,206.49,7.4,110
103084,32.0,Male,East,125914.62,Bronze,Social_Media,5,,70.6,6.1,2182
105525,36.0,Female,North,88277.72,Bronze,Social_Media,2,,211.27,6.9,447
102103,29.0,Female,North,31453.77,Bronze,Social_Media,7,,15.59,5.3,504
100633,33.0,Female,West,44170.35,Gold,Paid_Ads,4,23.0,186.85,7.1,285
104861,19.0,Male,East,59417.25,Bronze,Paid_Ads,7,38.0,40.98,,2194
102494,29.0,Female,West,73794.27,Silver,Organic,14,,171.02,9.8,189
102666,39.0,Female,South,16770.81,Silver,Email,9,,112.87,6.0,2106
104339,38.0,Male,West,52201.53,Bronze,Organic,4,42.0,80.9,6.9,1995
105669,30.0,Female,North,87841.23,Bronze,Paid_Ads,4,16.0,99.44,6.8,614
104404,57.0,Female,South,28297.58,Silver,Referral,6,22.0,,,2355
105541,40.0,Male,East,123160.44,Bronze,Paid_Ads,6,13.0,214.03,5.4,2051
102335,32.0,Male,South,96178.93,Silver,Paid_Ads,6,20.0,91.88,3.8,125
103549,29.0,Female,South,37489.78,Bronze,Social_Media,12,20.0,107.96,8.4,1415
104594,34.0,,Central,70221.75,Silver,Email,7,125.0,144.33,5.0,1290
102501,45.0,Female,East,55040.13,Gold,Paid_Ads,10,7.0,98.16,7.7,299
103620,35.0,Male,South,62233.17,Bronze,Referral,13,65.0,13.01,6.3,2000
101466,38.0,Male,North,66194.04,Gold,Social_Media,9,,135.96,7.0,2006
103941,39.0,Male,Central,,Bronze,Social_Media,7,30.0,98.05,6.9,2335
104014,59.0,Male,Central,75761.32,Bronze,Paid_Ads,10,145.0,80.05,6.8,1847
105406,52.0,Male,South,52346.27,Silver,Social_Media,13,38.0,129.22,7.9,40
100116,32.0,Female,North,104134.61,Bronze,Paid_Ads,6,33.0,89.53,10.0,1933
101822,47.0,Female,South,84803.71,Gold,Organic,11,84.0,148.79,9.9,682
101495,34.0,Male,South,33245.32,Silver,Social_Media,7,,148.73,6.6,1113
102402,50.0,Other,East,91271.46,Bronze,Paid_Ads,9,9.0,86.15,7.8,1022
103875,23.0,Male,West,78549.67,Bronze,Organic,7,,34.36,8.3,1529
101233,24.0,Male,West,32689.84,Bronze,Paid_Ads,10,218.0,147.88,3.7,390
102662,30.0,Male,Central,61830.17,Silver,Organic,11,3.0,148.87,5.3,281
102818,47.0,Male,South,30822.65,Gold,Email,19,7.0,207.98,8.9,800
105701,35.0,Male,East,41426.81,Bronze,Organic,7,5.0,87.66,6.3,780
105479,49.0,Female,North,57248.97,Bronze,Organic,7,4.0,50.23,5.4,2226
101154,31.0,Other,North,57562.82,Bronze,Paid_Ads,8,69.0,44.95,8.3,1209
103910,20.0,Male,Central,48526.42,Silver,Social_Media,7,4.0,50.58,8.3,1812
104761,,Male,North,69498.51,Silver,Organic,7,8.0,41.56,6.2,1128
105327,62.0,Male,Central,46540.51,Silver,Referral,12,36.0,117.36,7.6,1863
100058,56.0,,West,,Gold,Paid_Ads,9,26.0,98.14,6.3,1734
105583,56.0,Female,West,25792.79,Gold,Organic,6,,89.86,9.0,2184
103884,53.0,Other,Central,49033.65,Silver,Paid_Ads,7,64.0,246.76,4.3,129
103062,40.0,Female,Central,96269.75,Gold,Paid_Ads,2,,193.64,7.8,1441
105180,30.0,Female,North,49160.91,Bronze,Organic,5,61.0,102.42,7.3,1006
105935,19.0,Female,Central,34779.22,Gold,Organic,4,205.0,103.66,6.8,2290
101736,49.0,Male,Central,34898.1,Gold,Paid_Ads,7,8.0,138.15,7.4,1696
105402,47.0,Female,West,88017.43,Bronze,Organic,9,,49.25,4.1,900
102824,26.0,Female,South,51782.59,Bronze,Organic,7,53.0,199.25,4.6,876
102197,36.0,Male,South,58314.21,Platinum,Paid_Ads,10,7.0,174.39,7.7,1771
100160,24.0,Male,West,84520.72,Bronze,Organic,4,,9.05,7.2,2025
104101,45.0,Male,East,36080.27,Gold,Organic,8,,255.52,8.2,1282
102476,38.0,Female,South,25980.03,Silver,Social_Media,5,,28.38,8.2,2323
102565,52.0,Female,East,31451.01,Gold,Referral,7,82.0,176.55,8.1,2384
104295,39.0,Female,South,58620.67,Gold,Organic,4,26.0,104.3,6.7,1397
105050,50.0,Male,Central,61228.8,Bronze,Organic,4,167.0,105.85,,359
104140,42.0,Male,East,60575.98,Bronze,Social_Media,10,33.0,64.15,7.5,2120
102609,48.0,Female,Central,46378.25,Silver,Social_Media,13,,228.27,7.8,429
105856,35.0,Female,East,,Bronze,Referral,15,22.0,34.07,7.2,510
100708,45.0,Female,East,,Silver,Email,10,,65.33,7.0,633
103047,44.0,Female,West,79563.79,Gold,Organic,4,57.0,108.7,9.0,1811
105555,36.0,Female,West,40443.21,Silver,Email,4,150.0,127.48,8.5,984
101094,40.0,Male,West,42359.57,Gold,Social_Media,8,14.0,48.36,7.9,2479
104575,51.0,Male,South,27815.03,Silver,Social_Media,14,8.0,24.43,6.7,1400
101377,45.0,Male,West,33555.58,Gold,Referral,4,,2911.6747167297367,8.0,1283
105898,58.0,Male,Central,55902.27,Gold,Organic,13,,117.26,5.9,1870
100073,27.0,Male,East,77494.09,Silver,Paid_Ads,9,,307.97,4.1,2079
101923,18.0,,South,37291.18,Silver,Organic,15,172.0,44.62,7.1,1728
104439,21.0,Female,South,35181.7,Silver,Social_Media,3,9.0,,9.0,170
104306,38.0,Female,East,77468.19,Silver,Paid_Ads,4,53.0,324.69,4.8,1100
101765,25.0,Female,South,102518.65,Silver,Paid_Ads,6,5.0,61.39,8.3,718
100744,18.0,Female,South,105461.73,Bronze,Organic,9,,106.69,4.9,1049
104075,23.0,Male,West,32694.0,Silver,Social_Media,8,63.0,42.73,5.9,484
101006,42.0,Male,Central,74471.24,Silver,Organic,8,58.0,166.26,6.2,1434
102669,38.0,Male,South,45039.47,Gold,Paid_Ads,8,,,4.6,1031
101191,56.0,Female,South,42701.26,Bronze,Paid_Ads,5,8.0,56.64,7.4,135
104317,45.0,Male,West,95178.9,Bronze,Paid_Ads,10,,46.66,6.0,2282
102602,55.0,Female,North,78570.81,Bronze,Organic,10,31.0,118.18,8.3,2249
101126,35.0,Male,West,68349.29,Gold,Paid_Ads,10,59.0,104.63,6.7,353
101242,26.0,Male,West,35454.96,Gold,Organic,8,10.0,151.82,8.1,2443
104038,38.0,Male,East,39472.39,Bronze,Organic,9,,41.08,4.8,1531
105373,37.0,Female,South,29993.44,Platinum,Organic,9,12.0,117.43,6.8,1334
104945,36.0,Female,South,28661.94,Platinum,Email,6,93.0,281.58,6.8,1759
105652,21.0,Female,East,68479.18,Bronze,Paid_Ads,13,50.0,32.0,8.0,1892
103352,43.0,Male,East,,Gold,Referral,7,22.0,76.5,7.7,2309
100999,40.0,Male,West,,Gold,Paid_Ads,8,5.0,82.68,8.1,2445
104462,37.0,Female,East,43134.8,Bronze,Social_Media,11,91.0,153.54,9.4,2085
103825,34.0,Female,East,51379.13,Platinum,Paid_Ads,10,0.0,122.76,7.2,2343
104032,32.0,Female,South,70953.69,Silver,Organic,9,14.0,74.2,5.4,1459
102685,20.0,Female,North,151174.09,Gold,Referral,9,46.0,78.33,6.8,2335
105195,55.0,Male,West,44426.0,Platinum,Organic,12,119.0,150.51,5.5,484
101578,50.0,Male,West,53632.42,Bronze,Social_Media,5,4.0,92.42,5.5,692
103907,19.0,Female,South,52771.88,Bronze,Paid_Ads,6,21.0,62.13,5.5,157
103730,41.0,Female,East,155002.76,Silver,Paid_Ads,17,,205.19,5.9,1037
103669,18.0,Female,West,72689.46,Silver,Organic,5,30.0,22.56,8.8,1146
105743,45.0,Other,South,57802.9,Bronze,Organic,8,46.0,41.24,7.1,534
101827,48.0,Female,North,73344.49,Gold,Email,6,,120.72,8.2,1715
101344,32.0,Female,South,55468.18,Bronze,Social_Media,5,,53.0,6.8,1645
105984,46.0,Female,East,,Platinum,Paid_Ads,4,2.0,150.4,8.7,927
105147,57.0,Female,East,29130.36,Platinum,Paid_Ads,6,49.0,180.02,7.6,654
104952,28.0,Female,East,,Silver,Organic,8,,81.74,7.1,83
100441,36.0,Male,East,71246.94,Gold,Paid_Ads,8,,63.41,,1055
105941,18.0,Female,South,75957.58,Gold,Referral,5,16.0,249.62,9.2,1587
101101,52.0,Male,Central,94619.8,Bronze,Organic,9,1.0,122.49,7.0,221
102638,35.0,Female,South,72960.34,Platinum,Referral,8,,194.13,5.6,1625
104218,44.0,Male,Central,23700.6,Silver,Organic,5,109.0,74.91,8.4,2300
100650,33.0,Female,North,25656.54,Gold,Organic,6,25.0,,6.2,1267
101547,18.0,Male,West,61974.71,Bronze,Referral,6,63.0,100.16,6.8,1372
103232,56.0,Male,Central,57200.6,Gold,Referral,8,53.0,93.9,9.7,2000
104491,59.0,Other,East,65550.6,Silver,Paid_Ads,8,10.0,79.87,8.1,1794
104557,42.0,Female,East,81918.56,Silver,Organic,7,,151.48,5.8,1724
104574,43.0,Male,South,57741.59,Platinum,Organic,5,44.0,188.37,6.6,745
104146,18.0,Female,East,41427.71,Silver,Referral,8,40.0,64.56,6.0,539
102853,54.0,Male,North,31720.67,Silver,Referral,10,,88.87,8.1,1516
103504,24.0,Female,North,123202.19,Silver,Paid_Ads,11,,74.98,6.9,783
105385,56.0,Male,East,29186.97,Bronze,Organic,6,29.0,53.8,5.1,2450
104691,51.0,Male,East,95102.59,Platinum,Paid_Ads,5,6.0,187.27,8.0,1180
100631,57.0,Female,North,63103.58,Bronze,Organic,7,,,7.4,351
100673,29.0,Other,East,31803.3,Gold,Organic,7,43.0,83.77,3.6,1621
101250,19.0,Female,South,43235.01,Bronze,Paid_Ads,14,3.0,52.78,6.0,919
104088,18.0,,South,,Gold,Social_Media,6,,334.42,6.1,2283
100483,39.0,Female,North,46458.69,Gold,Social_Media,11,18.0,127.31,6.3,2456
101585,37.0,Female,East,,Gold,Paid_Ads,11,,150.1,5.0,115
104234,55.0,Female,North,85456.62,Bronze,Paid_Ads,0,49.0,107.63,6.0,610
105544,24.0,Male,Central,,Bronze,Referral,7,6.0,149.75,9.8,753
104205,55.0,Female,South,119899.63,Gold,Email,8,4.0,111.4,6.8,2321
101463,28.0,Male,West,86870.24,Silver,Email,5,67.0,98.25,8.7,934
103041,53.0,Female,North,69746.78,Gold,Paid_Ads,7,15.0,144.14,7.5,1800
104471,42.0,Female,West,61846.43,Gold,Paid_Ads,8,,81.47,7.1,169
104811,39.0,Female,West,60352.05,Bronze,Paid_Ads,10,21.0,76.78,5.5,538
104611,39.0,Male,North,48349.19,Silver,Paid_Ads,8,3.0,145.55,7.0,1883
105973,36.0,Male,North,65591.3,Bronze,Organic,7,62.0,171.3,6.9,1037
103274,33.0,Male,North,65821.07,Bronze,Paid_Ads,11,9.0,89.1,7.7,1634
103239,49.0,Male,East,50299.67,Gold,Paid_Ads,9,11.0,,6.4,1021
103132,30.0,Female,South,37560.02,Silver,Referral,9,7.0,169.31,,1390
103684,33.0,Female,South,90675.55,Silver,Referral,9,60.0,8.3,7.3,1080
102579,,Female,West,113299.02,Silver,Referral,7,7.0,104.13,7.4,1478
105411,47.0,Female,North,25420.07,Bronze,Paid_Ads,7,64.0,99.02,8.7,191
100050,39.0,Male,Central,50451.38,Bronze,Referral,7,70.0,,7.6,691
105126,56.0,,North,64635.96,Bronze,Paid_Ads,4,,14.39,6.4,416
104217,53.0,Female,Central,54672.49,Silver,Organic,11,8.0,45.78,8.0,323
100859,18.0,Female,South,148416.28,Gold,Email,8,,65.87,5.4,1684
103226,31.0,Male,North,38299.7,Bronze,Referral,6,9.0,26.56,3.8,1761
101073,35.0,Male,East,45951.56,Gold,Referral,9,47.0,155.86,,1857
100720,26.0,Male,South,53057.99,Bronze,Social_Media,6,37.0,129.32,8.3,1337
102200,28.0,Male,South,55443.73,Bronze,Referral,8,85.0,16.28,4.6,1296
102632,26.0,Male,West,,Bronze,Organic,5,13.0,94.4,7.4,1311
105849,45.0,Male,Central,61223.67,Silver,Paid_Ads,5,1.0,125.3,7.7,717
101661,67.0,Male,Central,37982.31,Silver,Email,9,,65.61,7.8,2459
101657,43.0,Female,West,32905.06,Gold,Organic,8,140.0,75.2,8.7,1525
102426,52.0,Male,North,68804.78,Bronze,Referral,8,75.0,115.65,8.4,490
105527,43.0,Female,Central,,Silver,Social_Media,7,4.0,99.66,9.7,1409
105055,38.0,Other,Central,97151.89,Bronze,Social_Media,5,,115.13,7.8,696
105966,53.0,Female,East,63028.02,Silver,Email,2,251.0,90.78,7.2,2349
104405,37.0,Male,East,45112.33,Silver,Paid_Ads,4,2.0,33.19,10.0,328
103098,30.0,Female,South,,Gold,Paid_Ads,10,23.0,104.98,6.9,667
103977,42.0,Female,North,51104.29,Gold,Referral,14,31.0,,5.8,1591
105367,31.0,Female,East,32332.57,Silver,Email,8,1.0,121.82,8.5,859
105878,30.0,Female,Central,28577.64,Platinum,Paid_Ads,6,62.0,242.61,6.2,1967
105698,33.0,Female,West,54086.76,Silver,Social_Media,5,32.0,73.77,6.6,1247
103190,22.0,Female,Central,,Silver,Referral,7,19.0,64.04,6.4,344
103990,27.0,Female,West,100497.65,Gold,Social_Media,8,,69.08,8.5,806
102935,29.0,Male,West,111992.58,Bronze,Referral,10,31.0,43.7,4.2,2071
104941,42.0,,Central,22582.58,Silver,Paid_Ads,7,10.0,44.72,6.3,323
104258,51.0,Male,South,133215.02,Bronze,Referral,13,28.0,182.69,,800
102607,26.0,Female,Central,122041.45,Silver,Organic,8,48.0,49.54,7.6,2406
101386,39.0,Male,South,50375.91,Silver,Social_Media,7,1.0,90.72,6.9,639
105572,34.0,Female,South,66337.2,Bronze,Social_Media,10,77.0,82.14,8.2,488
101400,21.0,Male,West,54610.85,Gold,Paid_Ads,4,14.0,54.09,8.9,302
101196,62.0,Male,Central,95314.14,Silver,Organic,7,23.0,43.84,9.1,2430
101409,38.0,Male,North,15584.11,Gold,Social_Media,6,39.0,153.96,6.9,1120
101846,18.0,Male,South,84775.67,Bronze,Paid_Ads,5,53.0,142.6,7.5,1638
101799,31.0,Male,South,103687.69,Silver,Social_Media,5,6.0,95.23,4.9,967
103958,50.0,Male,South,164007.0,Platinum,Organic,11,,281.22,10.0,1571
101476,36.0,Female,North,72112.29,Platinum,Referral,9,31.0,294.53,6.9,2102
105219,49.0,Male,South,35736.58,Silver,Referral,7,,90.46,7.0,1087
100036,52.0,Male,East,,Silver,Social_Media,13,103.0,127.09,8.8,303
104865,28.0,Female,North,136303.38,Bronze,Organic,9,68.0,42.15,7.9,190
102346,26.0,Male,Central,82891.38,Gold,Referral,8,224.0,199.23,3.9,1967
100445,34.0,Male,West,54992.99,Bronze,Organic,13,9.0,133.35,6.2,1409
105357,18.0,Female,North,74508.51,Bronze,Referral,11,56.0,49.55,9.8,1108
103313,36.0,Female,Central,34229.8,Gold,Social_Media,11,37.0,112.29,8.4,1345
102360,57.0,Female,West,56484.8,Bronze,Paid_Ads,10,14.0,16.69,9.9,512
103007,18.0,Female,North,67357.77,Bronze,Paid_Ads,6,,158.37,7.9,343
103655,45.0,Female,North,149247.06,Silver,Organic,3,46.0,93.91,9.7,1887
102207,33.0,Female,West,32675.15,Silver,Paid_Ads,4,,,5.2,2381
104328,44.0,Male,West,46116.64,Silver,Organic,8,48.0,152.73,8.4,1709
105133,38.0,Male,East,44885.82,Platinum,Organic,10,11.0,282.88,3.8,98
103658,61.0,Male,West,,Silver,Paid_Ads,8,22.0,,7.7,1590
103180,43.0,Male,South,85249.92,Gold,Paid_Ads,9,,89.96,10.0,157
103423,51.0,Female,North,48917.23,Gold,Organic,11,,190.95,8.1,364
101287,22.0,Male,Central,45323.93,Gold,Referral,14,,165.92,9.3,1260
104446,25.0,,North,76464.65,Bronze,Paid_Ads,6,52.0,202.15,8.7,2335
100350,56.0,Male,Central,54394.56,Bronze,Organic,5,70.0,79.9,4.7,1810
103417,39.0,Other,North,49596.92,Gold,Organic,6,2.0,138.31,9.0,1460
102138,48.0,Female,South,73442.27,Bronze,Organic,3,13.0,81.15,5.4,1660
102692,26.0,Female,South,47377.89,Gold,Paid_Ads,12,76.0,117.87,7.5,286
102637,34.0,Female,West,59725.08,Silver,Referral,11,40.0,125.85,7.9,75
104017,56.0,,East,,Bronze,Paid_Ads,12,,102.57,5.8,438
101682,26.0,Male,North,68837.55,Silver,Organic,4,60.0,52.25,4.8,171
105433,25.0,Female,North,,Bronze,Organic,11,24.0,32.56,9.1,1332
101693,21.0,Male,North,32461.13,Bronze,Referral,4,106.0,21.29,,218
104425,26.0,Female,North,32822.29,Platinum,Social_Media,4,26.0,138.27,8.0,1330
104777,28.0,Female,North,43448.24,Platinum,Email,7,25.0,152.73,8.1,473
103636,23.0,Female,South,54098.55,Bronze,Referral,7,11.0,30.48,9.2,1439
100373,48.0,Female,Central,,Platinum,Referral,7,10.0,175.14,9.0,95
104605,37.0,Male,East,51824.29,Gold,Social_Media,9,69.0,69.64,5.8,1793
100141,43.0,Female,South,115105.93,Bronze,Organic,8,12.0,62.51,10.0,453
105591,39.0,Female,North,92745.24,Gold,Paid_Ads,12,108.0,128.07,6.8,1957
100715,35.0,Female,South,2226989.851761375,Gold,Organic,5,62.0,121.44,8.4,1236
103189,34.0,Male,South,48008.82,Gold,Referral,8,46.0,169.32,7.6,2263
105400,,Female,South,,Silver,Organic,9,35.0,35.21,7.8,1860
104190,63.0,Female,South,53954.47,Platinum,Paid_Ads,3,61.0,119.84,7.2,757
100407,37.0,Female,East,44545.6,Silver,Email,8,72.0,35.24,8.5,102
100021,36.0,Male,West,51889.64,Bronze,Social_Media,6,1.0,143.24,10.0,273
101005,38.0,Male,East,38466.18,Bronze,Social_Media,10,11.0,79.95,8.7,1106
102412,57.0,Female,East,73910.55,Bronze,Organic,8,13.0,,9.9,1959
102546,32.0,Female,North,38296.36,Bronze,Paid_Ads,10,5.0,,6.0,2459
102391,18.0,Male,East,46073.64,Bronze,Organic,11,4.0,94.5,5.1,2171
104819,45.0,Female,South,87175.12,Platinum,Paid_Ads,5,,113.86,7.1,2046
100043,30.0,Female,North,29584.99,Bronze,Paid_Ads,4,,,5.4,1030
102831,27.0,Female,West,25506.07,Bronze,Social_Media,8,,40.96,9.1,900
103372,20.0,Female,North,49748.42,Silver,Organic,8,142.0,64.86,5.9,2355
103023,43.0,Male,East,141382.23,Bronze,Organic,13,106.0,80.15,7.5,2352
103365,44.0,Female,West,21356.16,Silver,Email,12,54.0,131.28,5.5,2407
100012,47.0,Female,North,74388.7,Gold,Referral,8,100.0,211.06,6.3,2334
101178,40.0,Female,East,51617.96,Silver,Paid_Ads,7,22.0,217.83,6.8,100
101948,27.0,Male,Central,55214.35,Gold,Organic,7,,149.07,7.9,394
102502,41.0,Male,South,59538.21,Silver,Referral,7,,182.75,6.5,1877
102864,75.0,Female,North,32351.04,Gold,Referral,7,69.0,63.48,5.2,749
103866,25.0,Female,East,57114.57,Platinum,Organic,9,,,7.9,1854
101027,18.0,Male,East,96848.3,Gold,Social_Media,6,,116.98,7.8,245
103849,48.0,Female,East,34183.9,Platinum,Social_Media,8,,155.15,6.2,939
102990,55.0,Female,South,33067.98,Gold,Email,5,17.0,117.32,8.4,1717
100962,,Male,North,117640.71,Silver,Paid_Ads,11,,131.13,7.4,1901
102890,34.0,Female,South,41767.47,Gold,Organic,8,,,6.8,1851
103016,31.0,Female,East,49522.67,Bronze,Organic,3,76.0,228.64,8.9,1679
103339,25.0,Male,North,,Gold,Social_Media,10,41.0,146.09,6.3,272
104231,52.0,Female,South,,Gold,Social_Media,10,16.0,264.98,7.4,2287
100736,40.0,Male,Central,73442.78,Bronze,Referral,10,6.0,98.39,6.6,1827
101441,30.0,Male,South,36764.89,Bronze,Organic,8,87.0,50.34,,1462
102876,18.0,Female,Central,34030.23,Bronze,Organic,5,,,4.6,1545
103987,25.0,Male,South,77472.76,Bronze,Referral,9,34.0,82.37,8.0,1142
100917,55.0,Other,West,48698.14,Gold,Paid_Ads,5,19.0,188.56,8.3,886
105003,30.0,Female,West,61197.79,Silver,Social_Media,7,27.0,54.74,7.1,69
104090,47.0,Male,North,,Platinum,Referral,9,14.0,205.58,7.6,246
105542,42.0,Female,Central,85328.88,Silver,Paid_Ads,10,15.0,35.64,9.6,186
104686,29.0,Other,South,73899.35,Silver,Social_Media,7,61.0,166.85,6.9,163
102773,35.0,Female,North,49445.4,Gold,Organic,10,39.0,92.98,8.2,1329
101625,40.0,Female,West,37259.08,Bronze,Social_Media,11,1.0,102.04,8.2,1640
105670,44.0,Female,South,47154.09,Bronze,Paid_Ads,14,,32.72,5.2,409
100822,55.0,Male,East,34458.18,Gold,Social_Media,10,,230.47,6.2,1627
101368,54.0,Female,Central,,Bronze,Social_Media,6,44.0,22.88,5.4,100
103713,36.0,Male,South,31075.54,Bronze,Referral,9,,142.71,9.1,2033
105999,40.0,Male,North,35594.98,Silver,Referral,10,10.0,,7.2,1254
100851,34.0,Male,East,94241.54,Bronze,Organic,10,98.0,122.79,6.6,2044
101001,37.0,Male,North,,Silver,Organic,10,11.0,60.99,5.7,847
104653,43.0,Female,Central,45769.14,Bronze,Organic,9,89.0,32.16,7.7,84
104115,28.0,Male,South,36627.64,Gold,Organic,10,95.0,176.9,7.5,1770
101638,50.0,Male,South,72984.04,Silver,Social_Media,11,109.0,98.28,8.3,1587
101668,38.0,Male,West,39635.04,Gold,Paid_Ads,8,6.0,174.41,7.0,600
103174,38.0,Female,South,43112.92,Silver,Email,5,124.0,153.95,5.3,2179
104561,46.0,Female,East,,Silver,Organic,8,34.0,66.97,5.9,128
101348,29.0,Male,North,46300.48,Bronze,Paid_Ads,13,26.0,120.13,9.2,1947
105721,40.0,Male,East,,Bronze,Social_Media,4,47.0,129.61,7.0,2163
103231,33.0,Male,Central,65815.7,Silver,Social_Media,9,,142.88,6.7,2053
104211,38.0,Male,Central,31173.45,Silver,Paid_Ads,6,8.0,55.36,4.8,841
104607,25.0,Male,South,,Platinum,Referral,7,15.0,270.81,6.6,110
103233,25.0,Male,North,131722.82,Silver,Paid_Ads,12,12.0,286.26,5.8,1490
104902,39.0,Female,East,80791.17,Bronze,Paid_Ads,5,50.0,144.75,8.1,69
100704,37.0,,West,112077.25,Gold,Email,13,61.0,108.64,4.8,2307
104782,53.0,Female,Central,67862.84,Bronze,Organic,8,21.0,,4.6,1481
103292,,Female,West,59273.71,Bronze,Paid_Ads,9,,73.88,8.0,1578
103674,18.0,Male,Central,,Bronze,Paid_Ads,5,,79.03,8.8,2350
102409,18.0,Male,West,85302.33,Bronze,Organic,6,19.0,78.8,8.2,1472
101328,19.0,Male,Central,44188.02,Silver,Paid_Ads,9,51.0,121.54,6.2,2364
105587,31.0,Male,South,24797.82,Bronze,Organic,5,112.0,145.35,7.4,1513
105697,41.0,Male,North,73201.04,Silver,Organic,9,14.0,81.83,7.3,2384
105009,28.0,Female,Central,37082.49,Gold,Referral,8,,90.36,7.5,1655
100987,21.0,Female,South,32841.58,Bronze,Paid_Ads,10,,,7.0,2300
105441,38.0,Male,South,66994.08,Bronze,Email,12,31.0,49.0,10.0,371
105157,30.0,Female,South,31526.31,Silver,Organic,4,8.0,218.55,7.2,361
105308,34.0,Male,South,42130.24,Silver,Paid_Ads,13,65.0,234.37,8.7,1430
104050,39.0,Female,North,68463.12,Gold,Organic,12,18.0,108.77,6.0,510
103486,51.0,,South,68770.26,Silver,Paid_Ads,13,,35.1,7.6,2367
102475,27.0,Female,Central,59415.78,Silver,Organic,6,13.0,67.88,5.8,1048
103874,23.0,Male,East,43495.67,Bronze,Referral,8,2.0,93.7,7.5,1745
101199,56.0,Male,Central,34357.89,Bronze,Email,11,,72.24,6.9,1671
104182,39.0,Male,South,51737.5,Gold,Organic,10,9.0,91.68,8.5,202
101519,34.0,Female,North,65872.52,Bronze,Social_Media,16,,128.18,7.5,89
101800,33.0,Female,North,1986343.1060593207,Gold,Referral,11,50.0,60.64,4.9,2417
101015,25.0,Female,Central,58008.61,Bronze,Paid_Ads,18,47.0,139.0,6.5,836
100129,30.0,,South,96635.25,Silver,Paid_Ads,8,,14.65,9.8,518
101365,33.0,Female,East,53187.98,Bronze,Organic,10,7.0,73.38,3.7,2036
105508,23.0,Female,East,77249.97,Bronze,Referral,9,99.0,64.91,8.5,340
100892,31.0,Other,South,45774.53,Bronze,Paid_Ads,4,36.0,116.22,6.7,381
102794,32.0,Male,East,,Silver,Referral,7,87.0,142.83,6.4,907
105034,37.0,Female,North,175730.9,Bronze,Organic,7,1.0,209.68,6.1,1578
105716,35.0,Male,North,42477.02,Gold,Referral,11,,54.69,6.8,2424
105142,18.0,Male,East,50483.55,Bronze,Paid_Ads,5,47.0,34.49,6.3,1640
103250,40.0,Male,North,232134.48,Bronze,Organic,5,19.0,68.3,10.0,777
101209,65.0,Other,East,39656.62,Gold,Paid_Ads,3,,125.69,9.2,86
103869,42.0,Male,West,65183.41,Bronze,Paid_Ads,5,15.0,,6.4,1758
104066,43.0,,West,,Bronze,Referral,8,,76.25,3.9,1829
105130,39.0,Female,West,38447.9,Silver,Social_Media,12,40.0,170.93,8.0,2297
101240,,Male,Central,47555.42,Silver,Email,0,77.0,55.84,6.1,2304
102290,19.0,Female,South,66904.05,Bronze,Referral,10,27.0,349.2,7.3,1818
102741,28.0,Female,East,65807.07,Silver,Organic,3,46.0,38.31,7.7,252
100276,43.0,Female,North,51348.64,Bronze,Referral,9,,74.11,7.7,392
101036,38.0,Female,South,31386.53,Bronze,Paid_Ads,7,,150.47,7.9,1724
101230,45.0,Female,South,81895.94,Gold,Paid_Ads,6,44.0,95.23,6.0,2259
101009,47.0,,East,46618.37,Bronze,Social_Media,10,3.0,6.87,5.3,1030
103829,41.0,Male,West,28547.38,Gold,Social_Media,5,73.0,85.37,8.4,1924
102533,41.0,Male,East,61714.2,Bronze,Organic,3,93.0,316.49,9.7,611
101059,39.0,Male,West,106191.02,Gold,Social_Media,3,11.0,124.53,7.9,2431
105518,55.0,Female,South,70203.98,Platinum,Email,14,47.0,294.49,5.8,901
100282,18.0,Other,Central,172364.82,Silver,Social_Media,2,74.0,23.14,8.8,43
101044,39.0,Male,South,134352.13,Platinum,Organic,10,,268.62,9.0,2423
101317,36.0,Male,North,31355.22,Gold,Organic,12,,183.9,5.6,2383
100969,49.0,Female,Central,159343.81,Gold,Email,12,41.0,150.27,4.8,1941
102382,47.0,Female,North,,Gold,Social_Media,6,,75.18,6.4,171
104788,38.0,Male,North,124024.22,Bronze,Organic,6,,148.16,8.3,522
101940,28.0,,East,76559.05,Gold,Paid_Ads,12,11.0,93.37,6.1,902
105202,32.0,Male,West,44660.83,Bronze,Social_Media,8,,,6.9,1380
101275,31.0,Female,North,34284.83,Gold,Organic,7,86.0,,7.2,385
100620,55.0,Female,South,41541.59,Gold,Social_Media,10,15.0,85.51,7.7,1918
104355,,Male,North,40734.9,Bronze,Organic,9,3.0,,5.5,476
101743,44.0,Male,South,21571.03,Gold,Organic,10,77.0,156.77,7.0,2243
101391,30.0,Male,West,31069.1,Bronze,Organic,8,25.0,49.51,8.6,1768
104881,32.0,,West,43823.15,Gold,Organic,7,,235.05,6.5,1508
101580,42.0,Female,West,53699.17,Silver,Organic,13,,109.7,7.8,76
101656,19.0,Male,West,42307.97,Platinum,Paid_Ads,6,64.0,342.72,8.0,184
103569,44.0,Other,South,72112.14,Bronze,Email,11,51.0,53.92,7.0,2109
102353,38.0,Male,Central,78998.58,Silver,Organic,11,13.0,139.16,6.0,1197
102213,54.0,Female,South,70707.75,Platinum,Social_Media,9,,117.96,8.2,2485
105964,37.0,Female,North,46280.93,Gold,Social_Media,7,11.0,164.26,5.4,1324
103179,,Male,North,45965.85,Silver,Organic,3,23.0,141.27,6.8,984
103193,39.0,Male,North,30167.24,Bronze,Paid_Ads,3,2.0,37.8,6.4,2007
101308,53.0,Male,South,23941.23,Gold,Organic,6,5.0,60.51,7.8,1330
100576,21.0,Female,East,52350.25,Silver,Social_Media,10,65.0,40.18,9.7,2474
102361,57.0,Male,North,37394.43,Platinum,Social_Media,7,65.0,,5.9,817
101281,52.0,Female,West,35367.39,Silver,Organic,11,,67.81,6.4,2308
104878,45.0,,North,110356.57,Bronze,Organic,5,59.0,19.46,5.3,1663
104962,46.0,Female,South,49837.46,Platinum,Email,5,76.0,,7.8,1259
101994,50.0,Male,Central,28732.96,Silver,Social_Media,7,8.0,119.27,6.9,582
102640,31.0,Male,North,38846.26,Silver,Referral,9,23.0,98.19,7.6,1017
100270,38.0,Male,East,49454.48,Gold,Organic,8,75.0,157.26,5.9,727
100630,18.0,Other,South,40359.29,Bronze,Paid_Ads,9,,66.51,6.5,1476
104445,39.0,Male,North,37943.34,Bronze,Organic,8,35.0,141.47,6.8,62
103082,25.0,Female,North,47956.41,Silver,Organic,11,14.0,,6.0,2106
103467,54.0,,North,49822.94,Gold,Referral,6,58.0,194.44,5.2,1170
105234,63.0,Male,Central,47281.15,Silver,Email,8,10.0,156.81,5.7,1715
104024,19.0,Male,South,42376.63,Bronze,Referral,7,5.0,,6.4,492
102047,46.0,Female,North,14711.02,Bronze,Social_Media,6,,145.8,7.7,1587
104711,43.0,Female,North,58756.47,Silver,Paid_Ads,7,36.0,116.72,5.8,2249
102114,40.0,Male,North,37254.8,Platinum,Organic,7,,211.98,8.3,49
100028,42.0,Female,North,40550.77,Silver,Email,8,27.0,,7.8,1148
102041,49.0,Female,East,,Gold,Paid_Ads,6,12.0,102.42,4.9,1789
103929,21.0,Female,Central,54187.94,Silver,Email,6,3.0,70.88,8.2,258
105422,24.0,Other,Central,37022.79,Platinum,Email,10,70.0,107.33,10.0,1791
103217,22.0,Female,East,28553.46,Gold,Organic,10,6.0,133.7,7.0,1454
103815,52.0,Female,North,69712.45,Silver,Organic,8,28.0,,8.8,146
100130,27.0,Other,South,49272.76,Bronze,Social_Media,14,36.0,,7.6,850
104448,38.0,Female,West,39110.68,Gold,Organic,12,51.0,152.64,6.1,2336
105889,49.0,Female,South,55973.72,Bronze,Referral,10,40.0,106.92,8.5,860
100014,52.0,Female,North,55333.8,Bronze,Paid_Ads,13,,106.46,8.8,253
105143,32.0,Male,South,65723.59,Bronze,Email,6,,10.65,8.5,318
101526,51.0,Other,North,,Silver,Email,9,13.0,46.59,,146
102366,56.0,Other,West,53866.27,Bronze,Social_Media,4,,119.8,9.8,378
103053,27.0,Female,East,35485.79,Bronze,Organic,8,14.0,103.63,6.0,2052
104006,34.0,Female,South,,Bronze,Referral,15,20.0,16.39,9.1,603
102341,56.0,Female,Central,90036.55,Bronze,Organic,8,37.0,,4.6,1910
100375,45.0,Male,North,40243.16,Gold,Paid_Ads,8,10.0,162.7,5.6,390
104373,24.0,,Central,29239.45,Silver,Referral,11,,151.26,8.0,216
105153,39.0,Other,North,,Silver,Social_Media,9,,125.49,8.2,2184
100940,48.0,Male,East,52003.47,Bronze,Email,12,39.0,50.44,6.5,398
105745,44.0,,South,23869.63,Bronze,Social_Media,5,45.0,157.0,7.1,1774
102148,49.0,Male,South,48548.21,Platinum,Paid_Ads,4,83.0,,6.5,1707
103592,54.0,Male,South,39427.04,Bronze,Paid_Ads,8,41.0,22.88,7.6,1470
105444,37.0,Male,East,100997.16,Gold,Social_Media,3,,,6.6,559
105042,28.0,Female,South,,Silver,Social_Media,11,,80.02,7.5,2432
103624,51.0,Male,North,66988.76,Bronze,Paid_Ads,8,0.0,,6.3,363
100530,57.0,Female,South,18852.4,Silver,Paid_Ads,8,118.0,321.8,7.6,1668
103715,29.0,Male,East,72520.19,Silver,Organic,7,30.0,80.57,6.0,953
101270,45.0,Male,East,66987.77,Gold,Organic,2,80.0,267.82,8.3,2048
104282,18.0,Female,North,36688.41,Silver,Social_Media,8,92.0,135.75,6.1,915
101395,18.0,Female,Central,29612.17,Bronze,Email,5,14.0,69.11,9.4,573
104010,52.0,Male,Central,76600.5,Silver,Paid_Ads,8,98.0,61.4,6.8,220
101798,36.0,Female,East,36159.75,Bronze,Paid_Ads,12,1.0,17.01,8.5,222
102980,66.0,Male,East,41412.96,Bronze,Social_Media,12,73.0,72.85,7.2,753
101442,42.0,Male,East,44762.68,Silver,Paid_Ads,6,,126.39,,239
105297,29.0,Female,East,48546.47,Bronze,Organic,12,10.0,24.23,8.4,985
105850,38.0,Female,North,38879.49,Gold,Organic,7,26.0,127.14,6.0,1693
103812,34.0,Male,East,27567.14,Bronze,Paid_Ads,4,31.0,70.35,7.0,576
101274,42.0,Female,North,66642.72,Silver,Email,4,,148.82,3.6,1450
101713,46.0,Female,North,105357.47,Gold,Paid_Ads,10,2.0,94.86,,339
100956,54.0,Female,North,53177.9,Silver,Organic,8,116.0,134.67,6.4,738
104443,38.0,Female,South,24924.19,Gold,Organic,11,,101.4,10.0,404
104795,52.0,,South,125247.17,Silver,Organic,16,125.0,92.07,5.7,1247
105377,38.0,Female,South,40926.11,Bronze,Email,9,68.0,1912.6200355615865,9.0,862
100404,33.0,Female,Central,29094.06,Gold,Paid_Ads,5,,181.83,7.4,371
102072,21.0,Female,North,,Gold,Organic,6,23.0,155.41,4.7,2484
105702,52.0,Male,West,112346.61,Bronze,Email,6,3.0,35.27,4.3,1818
101978,41.0,Male,North,41141.88,Bronze,Social_Media,7,108.0,,8.3,1911
100159,32.0,Female,South,34014.39,Gold,Organic,5,29.0,,7.4,1888
103889,35.0,Female,West,33841.07,Bronze,Organic,6,,231.94,7.5,2103
100903,36.0,Female,North,38952.44,Silver,Organic,11,5.0,67.19,10.0,2323
100353,31.0,Male,Central,137541.28,Silver,Paid_Ads,10,,78.53,7.5,2285
104131,50.0,Female,Central,68762.28,Platinum,Paid_Ads,12,23.0,,9.5,1341
100755,59.0,Male,South,52638.68,Platinum,Organic,5,21.0,212.59,4.4,1530
102972,37.0,Female,North,29767.44,Silver,Referral,12,3.0,,9.9,936
105971,43.0,Female,South,,Silver,Email,7,17.0,312.52,8.3,1457
102921,29.0,Male,East,69856.69,Silver,Email,13,27.0,123.08,8.3,1545
100312,43.0,Female,West,,Bronze,Paid_Ads,8,75.0,61.21,8.9,2013
100662,38.0,Female,East,162729.59,Silver,Organic,8,,,6.4,2426
101990,22.0,Male,South,45914.45,Bronze,Social_Media,9,59.0,157.01,8.8,1699
103666,19.0,Male,East,61207.49,Silver,Organic,7,58.0,43.67,8.4,667
100307,34.0,,East,24518.48,Gold,Organic,10,99.0,142.92,7.6,347
102336,39.0,Male,Central,,Bronze,Organic,3,13.0,32.93,5.7,807
102357,40.0,Male,West,20272.97,Platinum,Organic,8,3.0,164.49,7.3,1238
103703,29.0,Male,West,70750.35,Silver,Email,6,,75.11,6.2,603
103805,50.0,Male,South,63369.6,Platinum,Paid_Ads,10,103.0,323.39,8.6,908
101928,26.0,Female,North,38131.49,Silver,Social_Media,8,54.0,75.31,6.0,2151
103428,44.0,Male,South,53963.48,Silver,Social_Media,4,10.0,119.31,7.7,1440
100750,27.0,Female,East,45883.19,Silver,Organic,11,56.0,102.21,6.9,57
103639,41.0,Female,North,32844.22,Platinum,Organic,5,9.0,161.68,,1770
105244,48.0,Female,East,47442.44,Gold,Social_Media,10,0.0,60.98,6.6,1792
101267,28.0,Female,West,42490.14,Bronze,Referral,5,,49.19,8.6,1815
105918,40.0,Male,East,52130.8,Gold,Organic,6,64.0,84.51,9.3,492
105300,43.0,Male,East,90190.76,Gold,Paid_Ads,7,15.0,255.41,7.6,1747
103596,68.0,Male,Central,52195.27,Bronze,Organic,7,,107.24,7.5,2025
102135,28.0,Male,Central,72412.23,Silver,Organic,7,91.0,146.79,5.0,608
104110,38.0,Male,East,71114.26,Gold,Social_Media,6,,201.67,8.8,732
100515,47.0,Male,South,22756.71,Bronze,Referral,10,32.0,147.77,8.3,1790
105362,40.0,Male,North,68651.51,Silver,Email,8,4.0,100.72,8.9,1319
100410,22.0,Male,East,40466.86,Gold,Email,8,28.0,82.15,8.1,1230
104476,,Male,West,46766.19,Silver,Paid_Ads,10,37.0,154.25,4.8,1420
105976,38.0,Other,South,37512.84,Gold,Social_Media,8,,,8.1,1589
105931,44.0,Female,West,73766.05,Silver,Referral,10,95.0,85.82,6.7,902
105194,45.0,Male,Central,,Bronze,Paid_Ads,7,3.0,178.93,8.2,1015
100208,23.0,Male,South,38236.34,Bronze,Social_Media,10,,65.39,6.7,1166
100459,42.0,Female,South,45755.73,Silver,Social_Media,6,43.0,121.91,6.7,163
102055,42.0,Female,Central,47002.49,Silver,Social_Media,9,8.0,,9.0,892
102431,20.0,Female,Central,56147.18,Platinum,Social_Media,10,17.0,286.92,4.7,115
100251,34.0,Female,North,48029.36,Gold,Paid_Ads,10,35.0,213.86,6.9,1465
105120,46.0,Female,South,60444.35,Platinum,Organic,8,42.0,297.76,7.3,1021
101108,28.0,Female,North,63270.07,Gold,Paid_Ads,6,16.0,156.09,8.2,1259
104863,46.0,Male,North,39836.16,Silver,Email,4,32.0,57.37,10.0,2322
101714,37.0,Male,North,39523.21,Silver,Paid_Ads,13,17.0,34.85,6.5,623
103912,67.0,Male,South,39578.17,Silver,Referral,9,70.0,95.13,5.9,1503
100716,23.0,Male,West,32343.38,Gold,Organic,11,3.0,220.56,8.3,932
100553,42.0,Male,North,48230.93,Bronze,Organic,9,15.0,35.16,9.0,2033
101440,51.0,Male,South,,Bronze,Organic,8,49.0,299.73,7.7,1352
102271,43.0,Female,North,67266.43,Bronze,Referral,12,45.0,108.5,7.3,663
103145,33.0,Female,Central,88206.18,Bronze,Social_Media,4,150.0,46.17,4.7,326
105744,46.0,Female,Central,,Bronze,Referral,10,52.0,,6.4,2034
101926,24.0,Female,North,26397.52,Bronze,Paid_Ads,6,21.0,183.32,4.5,627
100635,34.0,Male,South,56102.65,Silver,Organic,7,58.0,77.41,5.9,824
100317,39.0,Male,West,52686.51,Bronze,Organic,7,61.0,42.88,6.9,2266
105637,43.0,Male,West,51174.23,Gold,Paid_Ads,7,67.0,271.64,6.7,295
100428,,Female,East,32527.42,Bronze,Email,4,85.0,8.94,7.8,2299
104454,43.0,Male,West,48777.74,Silver,Paid_Ads,13,99.0,64.43,6.4,1040
100106,36.0,Female,Central,58605.0,Silver,Organic,10,1.0,66.66,5.5,59
103042,37.0,Other,North,94367.22,Silver,Organic,9,60.0,140.84,7.5,137
104239,37.0,Male,North,68765.04,Silver,Organic,7,156.0,60.27,7.8,2066
102170,31.0,Other,West,45017.28,Bronze,Organic,7,44.0,,3.5,2319
101710,36.0,Male,South,36055.23,Silver,Organic,9,120.0,162.26,6.1,1202
100090,43.0,Male,South,39792.43,Bronze,Social_Media,5,76.0,42.08,5.4,2203
102242,,Female,North,34561.05,Silver,Organic,6,73.0,380.55,6.2,370
103175,47.0,Male,East,156531.08,Silver,Organic,9,,172.82,8.2,894
104479,47.0,,East,42466.55,Gold,Social_Media,10,,125.27,7.0,600
101950,62.0,Female,South,96277.98,Bronze,Organic,3,2.0,85.48,8.1,2153
104045,26.0,Male,North,,Platinum,Paid_Ads,9,8.0,,7.8,1802
102849,47.0,Female,East,64594.46,Gold,Organic,15,44.0,65.1,6.2,1289
100002,26.0,Male,North,52891.38,Silver,Paid_Ads,6,15.0,273.28,6.0,1915
104338,32.0,Female,West,65160.3,Platinum,Organic,5,36.0,246.43,8.9,1671
100936,45.0,,North,,Silver,Paid_Ads,7,,89.74,5.5,802
105134,22.0,Male,North,29932.85,Silver,Organic,8,135.0,,4.7,2135
102721,40.0,Female,Central,27602.25,Silver,Organic,3,,140.52,6.0,2174
100592,41.0,Male,East,117384.1,Platinum,Paid_Ads,10,,335.52,8.4,977
104909,32.0,Female,West,50296.7,Platinum,Paid_Ads,7,,185.15,7.8,2350
102937,18.0,Female,South,25890.25,Silver,Paid_Ads,9,68.0,93.11,7.0,1950
102449,47.0,Female,West,29808.24,Gold,Organic,6,54.0,127.46,6.9,2314
101577,,Male,East,51740.39,Silver,Organic,9,15.0,108.63,8.0,67
105005,41.0,Male,Central,59731.69,Silver,Email,9,,54.29,8.3,2383
100214,32.0,Male,North,59510.0,Gold,Referral,4,,40.21,8.1,552
100779,39.0,Male,South,31084.79,Bronze,Organic,6,48.0,21.26,7.8,157
103497,50.0,Male,North,48439.87,Bronze,Paid_Ads,9,51.0,171.52,5.3,1266
104706,45.0,Male,East,42545.67,Silver,Email,10,13.0,144.53,6.0,1647
102044,29.0,Male,West,21365.33,Silver,Social_Media,8,63.0,207.78,5.1,2299
105439,42.0,Male,East,77222.89,Silver,Social_Media,12,,110.4,6.6,1506
101568,40.0,Female,North,,Bronze,Organic,9,56.0,183.46,7.8,2010
100166,27.0,Female,West,69295.26,Bronze,Referral,15,13.0,180.76,6.6,2168
103567,47.0,Female,West,,Bronze,Referral,5,29.0,34.01,6.9,1435
104591,48.0,Female,East,24444.94,Silver,Referral,9,154.0,83.77,7.1,925
102014,38.0,Male,West,31196.85,Bronze,Social_Media,14,27.0,103.5,7.8,160
100274,63.0,Female,North,218785.84,Bronze,Paid_Ads,4,19.0,141.73,5.2,2447
103861,23.0,Female,West,57989.7,Gold,Social_Media,5,32.0,153.08,5.9,1582
104168,26.0,Female,North,49218.47,Silver,Social_Media,6,167.0,19.09,6.7,2112
104789,62.0,,South,46735.26,Bronze,Email,13,73.0,,7.4,1639
103789,59.0,Male,East,85076.78,Silver,Paid_Ads,6,79.0,66.19,6.1,217
100395,46.0,Other,Central,,Bronze,Social_Media,10,2.0,73.02,,1512
100584,25.0,,North,65319.75,Gold,Organic,9,58.0,115.67,6.2,1900
105981,29.0,Female,South,81897.54,Bronze,Email,11,47.0,121.53,6.1,1533
105565,29.0,Male,East,46345.6,Silver,Organic,14,5.0,110.99,7.7,1012
105741,47.0,,Central,109821.64,Silver,Social_Media,9,,114.05,8.2,828
100521,26.0,,South,87498.39,Bronze,Social_Media,7,,83.89,8.5,1528
101764,25.0,Female,South,67211.92,Gold,Paid_Ads,8,68.0,,,292
101876,18.0,Female,West,74645.39,Silver,Referral,9,39.0,56.47,5.6,2014
103966,28.0,Female,Central,48614.71,Bronze,Paid_Ads,11,6.0,59.7,9.8,1057
103345,20.0,Male,North,43837.39,Silver,Social_Media,6,37.0,31.69,6.0,747
102254,18.0,Male,East,97758.11,Silver,Paid_Ads,8,,124.44,8.5,1125
103225,41.0,Female,North,48763.0,Bronze,Referral,5,,62.43,7.5,186
100527,55.0,Female,North,81939.44,Silver,Social_Media,10,9.0,106.31,8.8,1152
102947,57.0,Male,East,19879.22,Silver,Paid_Ads,9,,69.09,8.2,2201
103900,42.0,Male,East,,Bronze,Paid_Ads,13,13.0,27.66,7.9,102
100693,49.0,Female,East,31120.55,Bronze,Organic,10,16.0,127.32,5.4,55
105675,34.0,Female,North,,Silver,Organic,14,85.0,212.26,9.2,2418
103634,36.0,Female,Central,54246.2,Bronze,Social_Media,10,,263.95,8.6,190
101051,23.0,Male,West,68431.04,Gold,Organic,11,,84.16,7.8,2429
100591,23.0,Female,West,64371.49,Silver,Social_Media,15,127.0,79.84,5.9,729
100520,58.0,Male,West,59785.74,Gold,Social_Media,8,85.0,183.37,6.8,1510
103381,41.0,Male,Central,80113.24,Silver,Paid_Ads,9,88.0,39.75,6.3,1839
103677,25.0,Female,West,65580.29,Platinum,Organic,9,75.0,189.59,7.0,617
104938,18.0,Male,East,43082.17,Bronze,Organic,11,13.0,36.35,7.1,1364
101608,40.0,Female,East,32062.82,Silver,Paid_Ads,3,25.0,83.42,6.7,1993
103611,46.0,Male,Central,29816.7,Silver,Paid_Ads,8,,213.13,,239
105813,45.0,Female,East,62664.87,Silver,Email,6,1.0,103.52,6.7,1814
101810,50.0,Female,South,64196.86,Silver,Paid_Ads,6,16.0,190.4,8.6,1934
100792,23.0,Female,East,45755.62,Bronze,Email,10,11.0,161.99,7.2,2054
100793,44.0,Male,South,63580.5,Platinum,Paid_Ads,7,22.0,197.09,8.5,531
104928,42.0,Male,West,44990.99,Silver,Paid_Ads,10,23.0,136.73,7.0,1589
101856,30.0,Other,West,38792.41,Bronze,Organic,8,,58.77,4.8,1386
101981,40.0,Male,East,33494.55,Gold,Organic,6,44.0,75.15,6.4,1625
103234,,Male,North,20036.2,Gold,Referral,9,39.0,204.48,6.3,987
103599,18.0,Other,East,43808.85,Bronze,Paid_Ads,8,45.0,12.7,5.9,1363
100934,58.0,Male,Central,59007.89,Silver,Email,8,60.0,165.56,7.6,205
103964,33.0,Other,West,87879.14,Bronze,Paid_Ads,10,128.0,87.7,8.6,415
105573,19.0,Male,North,34748.31,Bronze,Paid_Ads,4,,37.74,7.0,2364
104180,29.0,Male,Central,28157.48,Silver,Organic,1,41.0,59.53,7.5,1057
104027,30.0,Female,South,47503.4,Gold,Organic,9,10.0,237.11,7.7,1254
104117,52.0,Male,South,78498.12,Bronze,Email,10,87.0,155.04,8.5,388
100989,34.0,Female,Central,40201.73,Platinum,Organic,6,85.0,165.49,7.8,103
104627,32.0,Female,West,83680.95,Bronze,Paid_Ads,8,,41.27,7.1,1690
103454,47.0,Female,West,95097.88,Gold,Referral,3,7.0,240.89,9.8,998
105478,46.0,Male,Central,61468.29,Gold,Paid_Ads,6,23.0,72.66,7.3,459
103779,37.0,,Central,25886.24,Silver,Referral,9,38.0,,7.3,553
105350,38.0,Male,South,49259.28,Bronze,Paid_Ads,11,16.0,86.31,,1936
103094,29.0,Female,West,24245.86,Bronze,Email,8,65.0,42.82,9.9,891
103156,29.0,Male,East,59300.32,Bronze,Social_Media,12,54.0,12.62,9.3,2193
103202,52.0,Male,South,35165.41,Platinum,Organic,6,15.0,111.8,6.5,1335
104840,43.0,Male,West,39401.66,Gold,Social_Media,9,10.0,,8.6,546
101099,50.0,Male,Central,50170.76,Bronze,Organic,6,3.0,91.91,6.9,379
104980,29.0,Male,North,54860.37,Bronze,Paid_Ads,8,,55.65,7.6,1243
102845,30.0,Female,East,97047.98,Bronze,Paid_Ads,12,,70.25,10.0,575
100887,53.0,Female,South,51190.94,Silver,Referral,5,,88.56,7.2,289
105919,43.0,Male,West,,Silver,Referral,10,,85.65,,1870
104652,50.0,,Central,,Silver,Referral,9,,19.61,7.0,1671
100516,,Male,South,28141.46,Bronze,Social_Media,6,56.0,280.59,5.8,1505
105785,37.0,Male,West,44014.92,Bronze,Organic,5,13.0,123.52,7.3,1074
101454,33.0,Female,South,26967.48,Bronze,Paid_Ads,7,8.0,51.44,7.2,1287
103554,18.0,Female,North,43934.14,Bronze,Organic,5,,32.51,5.3,34
103610,38.0,Female,West,50193.36,Gold,Organic,8,,230.22,7.7,2285
102507,56.0,Female,South,47505.63,Gold,Social_Media,5,52.0,141.98,8.6,593
102995,32.0,Female,West,54352.48,Gold,Organic,12,71.0,188.92,8.0,861
104000,23.0,Female,West,49897.07,Platinum,Paid_Ads,13,25.0,114.06,8.4,425
105689,45.0,Female,North,126239.04,Silver,Social_Media,9,4.0,48.66,6.9,331
100907,35.0,Male,South,34141.3,Gold,Social_Media,7,1.0,98.41,5.6,1874
100029,43.0,Female,West,79586.75,Silver,Organic,10,32.0,,5.1,2118
102508,42.0,Male,North,27966.18,Bronze,Organic,9,72.0,76.04,6.5,309
102429,38.0,Male,South,117657.7,Bronze,Paid_Ads,6,53.0,37.27,4.1,288
100763,47.0,Female,North,47327.98,Silver,Organic,14,22.0,58.17,7.5,1197
103748,49.0,Male,South,37743.15,Bronze,Organic,9,,42.03,9.7,1884
100285,25.0,Female,West,61501.9,Silver,Email,6,4.0,104.96,4.3,814
100687,47.0,Male,South,78331.37,Silver,Social_Media,12,2.0,,7.3,420
102354,40.0,Female,North,30625.17,Bronze,Social_Media,9,12.0,97.6,,830
104826,30.0,Male,West,41576.99,Bronze,Organic,6,15.0,193.05,8.4,2069
100022,30.0,Female,North,,Silver,Paid_Ads,10,,43.88,8.4,670
102753,19.0,Female,East,131494.52,Bronze,Paid_Ads,14,,32.02,8.9,2417
100886,,Female,North,58283.99,Bronze,Organic,11,181.0,100.47,5.7,645
100918,44.0,Female,West,44905.26,Silver,Referral,8,,65.34,7.0,1512
101041,27.0,Male,Central,57368.96,Gold,Organic,8,45.0,186.09,3.9,1105
101266,37.0,,East,65482.0,Bronze,Email,9,3.0,161.48,,2172
105188,38.0,Male,South,42037.66,Bronze,Referral,8,,111.26,8.5,2342
100278,25.0,Male,South,113595.56,Silver,Paid_Ads,4,126.0,56.94,6.8,864
102085,50.0,Male,South,49585.53,Platinum,Social_Media,6,38.0,257.51,9.3,2025
101246,39.0,Male,East,66836.5,Silver,Paid_Ads,4,18.0,49.66,5.9,2187
102383,20.0,Male,North,104350.42,Bronze,Referral,15,39.0,,6.5,1209
100572,37.0,Male,South,95172.61,Silver,Email,8,,191.37,6.8,166
101436,37.0,Male,South,20255.22,Silver,Referral,9,28.0,95.39,7.1,395
103903,20.0,Female,East,,Bronze,Email,11,35.0,86.71,6.6,2258
101248,18.0,Female,West,65652.26,Silver,Paid_Ads,7,17.0,,10.0,1409
103527,43.0,Male,South,52284.83,Silver,Referral,5,64.0,70.27,3.7,495
102515,39.0,Female,North,82207.48,Silver,Organic,10,167.0,186.9,9.3,405
101008,34.0,Female,Central,26612.24,Bronze,Social_Media,8,49.0,168.16,8.9,309
105193,42.0,Other,South,32270.56,Bronze,Social_Media,13,183.0,101.47,5.9,1213
102065,34.0,Female,South,62809.58,Bronze,Organic,10,11.0,58.51,6.0,2223
105749,29.0,Male,West,59088.73,Bronze,Paid_Ads,10,,89.04,8.7,2321
101691,32.0,Other,West,60541.49,Bronze,Social_Media,4,3.0,40.66,6.9,1445
105590,26.0,Female,East,350830.55,Silver,Organic,7,37.0,82.05,7.3,195
101986,35.0,Male,West,57862.82,Silver,Organic,10,20.0,190.79,7.1,1893
100295,35.0,Male,North,32359.0,Bronze,Social_Media,11,31.0,203.2,7.3,909
101548,28.0,Male,South,48949.16,Silver,Referral,10,59.0,150.26,9.5,66
102013,46.0,Female,North,,Silver,Social_Media,12,,135.81,7.0,66
100589,41.0,Female,South,40491.3,Bronze,Paid_Ads,6,5.0,18.42,7.0,1581
103330,35.0,Female,South,58136.05,Bronze,Referral,12,17.0,386.28,7.8,1416
102404,30.0,Female,Central,,Platinum,Email,11,2.0,187.14,6.9,1110
102130,51.0,Female,South,39754.83,Silver,Referral,9,27.0,,7.6,2331
103999,30.0,Male,North,89871.39,Silver,Referral,3,47.0,116.16,4.7,2079
105251,37.0,Female,South,45482.05,Gold,Organic,9,92.0,95.05,6.8,1452
103742,29.0,Female,East,89939.87,Bronze,Referral,16,,,6.8,1217
103509,45.0,Male,South,53386.75,Silver,Paid_Ads,6,,102.99,8.3,765
102720,25.0,Female,South,55559.25,Bronze,Organic,8,20.0,,4.9,52
105462,36.0,Female,South,,Silver,Email,6,20.0,108.73,6.9,1536
105468,56.0,Male,West,21574.46,Bronze,Social_Media,9,39.0,32.11,7.0,1648
100557,29.0,Male,South,,Bronze,Referral,7,1.0,80.56,6.6,257
102470,38.0,Male,East,69735.5,Platinum,Organic,4,,97.07,8.5,2082
103739,30.0,Female,South,,Bronze,Referral,10,,65.07,6.8,1918
104287,,Other,North,,Silver,Paid_Ads,4,45.0,62.91,5.1,2150
104933,59.0,Female,North,38096.89,Silver,Paid_Ads,9,28.0,143.27,5.7,95
101717,31.0,,North,97521.53,Bronze,Referral,7,,51.05,8.8,1005
102605,52.0,Other,North,91386.95,Silver,Paid_Ads,10,,92.17,7.8,861
104944,29.0,Female,North,63355.3,Silver,Paid_Ads,8,82.0,118.03,6.2,844
101705,41.0,Male,West,56443.22,Gold,Paid_Ads,7,155.0,72.05,7.9,715
102140,53.0,Female,West,106878.59,Gold,Email,9,,184.56,7.1,2324
103240,24.0,Female,West,58553.32,Gold,Social_Media,6,,160.55,9.7,1975
102384,32.0,Male,South,38053.21,Silver,Paid_Ads,6,24.0,,5.8,1950
104312,38.0,Male,North,40363.44,Silver,Paid_Ads,8,5.0,97.82,6.2,930
101286,41.0,Female,East,69202.71,Silver,Organic,8,,127.12,9.5,990
105106,28.0,Male,East,,Gold,Email,5,27.0,147.95,7.4,2080
105358,37.0,Female,South,43059.39,Gold,Paid_Ads,9,64.0,161.9,5.4,1890
103931,25.0,Male,South,27118.6,Gold,Social_Media,10,,115.51,6.8,2046
104538,42.0,Male,West,50430.91,Bronze,Paid_Ads,3,,218.74,5.5,1202
101592,21.0,Female,East,90739.49,Silver,Organic,6,8.0,146.19,5.9,882
105311,,Female,West,66521.91,Silver,Organic,10,61.0,30.41,7.3,1594
102163,54.0,,South,32200.29,Bronze,Paid_Ads,7,,,8.5,773
102397,33.0,Male,North,40042.43,Silver,Organic,6,27.0,238.78,6.7,283
100318,30.0,Male,East,42634.96,Platinum,Paid_Ads,9,51.0,226.34,8.8,302
105384,43.0,Male,South,66342.59,Bronze,Referral,5,12.0,53.27,7.7,1062
103112,53.0,Male,Central,78755.72,Bronze,Paid_Ads,8,1.0,21.96,6.8,955
104037,64.0,,Central,33767.4,Bronze,Email,10,62.0,28.08,8.6,876
100796,37.0,Female,North,128592.71,Bronze,Organic,9,3.0,20.29,8.2,2306
103021,23.0,Male,Central,65208.56,Bronze,Social_Media,6,,58.04,8.3,1952
101712,18.0,Female,North,86175.04,Platinum,Organic,5,51.0,,6.7,2138
103388,32.0,Female,South,39648.44,Gold,Paid_Ads,10,55.0,70.49,8.1,1979
100037,37.0,Male,South,47272.47,Bronze,Social_Media,8,,25.16,,368
100914,31.0,Male,South,,Bronze,Organic,10,116.0,124.48,8.0,572
103973,41.0,Other,North,50226.43,Bronze,Email,9,12.0,,8.4,2473
104134,37.0,Female,North,32369.59,Bronze,Email,7,16.0,37.56,8.6,1519
100975,26.0,Male,North,103767.98,Platinum,Paid_Ads,8,,218.95,8.4,1279
100984,47.0,Male,West,31260.11,Bronze,Email,5,,125.47,6.1,2341
105210,22.0,Male,West,84003.19,Silver,Organic,7,182.0,78.88,6.7,736
101419,50.0,Male,West,47465.57,Platinum,Paid_Ads,9,20.0,216.81,5.9,360
101561,33.0,Male,Central,65268.11,Gold,Referral,6,75.0,121.38,6.3,1837
104136,31.0,Male,North,65939.1,Gold,Email,10,,83.32,3.5,2479
104266,32.0,Female,East,,Silver,Email,7,,191.08,9.4,2074
101356,44.0,,East,34015.88,Silver,Paid_Ads,7,31.0,91.73,8.7,624
105692,34.0,Female,West,72427.8,Bronze,Email,11,27.0,,6.9,924
100988,42.0,Female,South,75593.68,Gold,Referral,6,,243.81,6.4,2040
102683,50.0,Male,Central,,Silver,Paid_Ads,11,11.0,71.11,6.0,31
101641,20.0,Male,North,,Bronze,Organic,15,,124.86,10.0,400
101291,40.0,Female,South,120458.93,Bronze,Social_Media,11,13.0,59.08,9.6,1472
103682,45.0,Male,East,52010.12,Bronze,Paid_Ads,7,10.0,60.5,6.6,858
101381,53.0,Male,East,52509.96,Gold,Organic,3,,96.88,7.9,373
101934,54.0,Male,Central,39031.47,Silver,Paid_Ads,11,22.0,25.79,5.8,2220
105046,54.0,Male,North,50674.98,Gold,Email,10,,72.33,9.3,820
103161,37.0,Female,West,38936.56,Gold,Paid_Ads,6,,,7.7,1071
102031,54.0,,North,68671.53,Bronze,Paid_Ads,8,10.0,78.56,9.2,94
100893,33.0,Male,East,29093.38,Bronze,Social_Media,5,68.0,76.72,8.2,1383
104070,18.0,Female,North,156524.0,Silver,Organic,5,65.0,,6.6,253
104256,50.0,Male,West,64302.23,Silver,Paid_Ads,8,,97.98,7.2,250
100003,47.0,Male,North,79923.05,Bronze,Paid_Ads,11,24.0,52.13,7.5,630
102110,41.0,Male,North,37382.22,Silver,Email,7,79.0,167.56,5.8,1522
100850,50.0,Male,West,96046.72,Bronze,Social_Media,10,,,8.4,366
102738,35.0,Female,East,,Gold,Paid_Ads,9,,196.01,7.2,1481
102467,33.0,Female,North,,Bronze,Organic,12,4.0,58.07,9.2,695
101915,52.0,Male,West,33052.55,Silver,Organic,10,27.0,118.12,6.8,1941
101597,42.0,Male,West,53842.08,Platinum,Paid_Ads,7,41.0,300.36,7.4,2431
101914,18.0,Male,East,25307.35,Bronze,Organic,5,33.0,145.94,8.9,679
105653,47.0,Female,West,,Bronze,Social_Media,9,4.0,92.1,8.2,1161
102737,27.0,Male,Central,77318.89,Silver,Social_Media,7,50.0,112.68,6.6,1621
100727,,Male,East,89283.27,Silver,Organic,5,,197.76,7.2,176
100054,34.0,Male,North,132615.84,Bronze,Organic,4,,73.12,4.9,1136
101797,34.0,Female,East,41784.63,Silver,Paid_Ads,12,,72.13,4.5,2025
103846,18.0,Female,South,75826.68,Silver,Organic,8,23.0,223.44,8.6,772
102554,18.0,Male,East,82797.22,Bronze,Referral,7,3.0,71.6,6.2,1328
102801,35.0,Female,East,76512.25,Gold,Organic,3,45.0,70.54,10.0,2095
100937,24.0,Male,North,39080.64,Silver,Paid_Ads,15,,118.82,8.8,1097
104942,32.0,Female,South,,Bronze,Paid_Ads,6,,76.03,7.3,976
100825,18.0,Male,Central,61260.61,Bronze,Social_Media,7,2.0,,,1383
104322,39.0,Male,North,46317.05,Bronze,Paid_Ads,9,36.0,,7.2,1458
103402,48.0,Female,Central,80646.07,Silver,Organic,7,,135.94,4.1,974
101390,27.0,Female,West,52010.65,Bronze,Social_Media,10,62.0,122.36,7.2,411
103565,55.0,,South,30802.89,Silver,Paid_Ads,8,,80.36,6.5,763
100885,25.0,,West,48965.47,Bronze,Organic,8,50.0,133.21,6.5,1790
101869,34.0,Other,South,,Bronze,Referral,9,,73.29,5.8,457
100011,49.0,Female,South,25891.48,Bronze,Social_Media,9,,59.03,5.9,1955
103416,39.0,Female,West,34518.99,Gold,Social_Media,9,70.0,59.73,6.1,441
101464,44.0,,West,37812.13,Bronze,Organic,3,131.0,77.23,5.9,1933
100807,36.0,Female,Central,88553.12,Platinum,Organic,6,43.0,124.95,6.3,1768
104716,58.0,Female,South,58196.45,Silver,Paid_Ads,8,26.0,106.14,10.0,1803
104069,37.0,Female,East,58042.3,Bronze,Organic,4,33.0,23.71,7.3,1739
102109,28.0,Female,South,,Bronze,Paid_Ads,7,,35.69,5.4,2336
105063,26.0,Male,North,211806.26,Silver,Paid_Ads,12,1.0,72.71,5.5,2074
105947,,Female,East,108521.55,Bronze,Social_Media,10,16.0,43.28,9.1,1944
102235,27.0,,Central,50331.69,Silver,Paid_Ads,8,45.0,63.62,6.9,46
100964,37.0,,Central,66503.59,Silver,Organic,9,,152.54,7.1,1072
104495,42.0,Male,South,70571.24,Bronze,Organic,4,227.0,164.36,5.7,1144
102633,37.0,Male,South,38679.7,Bronze,Organic,8,,,,760
100705,51.0,Female,East,34288.67,Bronze,Social_Media,7,49.0,137.62,8.2,1519
100432,44.0,Female,East,59201.16,Silver,Paid_Ads,9,9.0,359.77,6.8,1210
104389,18.0,Male,West,58273.68,Silver,Referral,9,81.0,51.75,10.0,916
100146,33.0,Male,Central,44220.6,Silver,Email,9,,51.09,5.0,1722
102034,33.0,Other,West,59385.17,Silver,Social_Media,6,5.0,,6.2,1736
105031,52.0,Female,West,35786.74,Bronze,Referral,9,43.0,105.28,6.6,62
101166,28.0,Female,Central,76738.69,Platinum,Organic,7,127.0,,6.7,2478
103501,35.0,Female,South,21821.85,Silver,Social_Media,9,34.0,118.66,7.7,46
102051,47.0,Male,Central,64115.61,Bronze,Paid_Ads,7,18.0,277.69,10.0,845
103761,33.0,Male,East,86198.31,Bronze,Organic,12,32.0,77.0,,712
102625,31.0,Female,North,33001.03,Gold,Social_Media,8,73.0,58.28,8.4,2312
104485,39.0,Male,South,35036.97,Bronze,Referral,5,98.0,,5.5,1468
104436,48.0,Female,West,40054.29,Bronze,Email,8,21.0,84.6,3.0,2223
104779,37.0,Male,West,67639.92,Bronze,Referral,9,,112.04,7.3,934
104649,40.0,Female,West,55761.18,Gold,Paid_Ads,6,15.0,101.53,7.8,530
104362,42.0,Male,North,,Bronze,Referral,10,31.0,268.63,7.1,364
102425,39.0,Male,East,52870.62,Bronze,Social_Media,12,221.0,173.73,10.0,1213
101263,48.0,Male,West,90139.23,Gold,Social_Media,8,37.0,152.83,8.8,762
101772,39.0,Male,East,42480.21,Silver,Organic,8,1.0,77.05,6.7,460
103512,21.0,Female,West,33664.52,Gold,Paid_Ads,8,,97.74,7.2,200
100272,42.0,Male,South,21746.08,Gold,Paid_Ads,14,103.0,132.98,8.3,2004
100245,64.0,Male,East,108883.06,Bronze,Paid_Ads,6,65.0,197.29,7.8,1179
105821,33.0,Male,North,43778.59,Gold,Email,6,43.0,,6.8,1635
104573,42.0,Male,South,45794.27,Silver,Social_Media,14,,275.27,10.0,1574
102033,46.0,Male,South,69120.74,Silver,Organic,7,9.0,88.68,6.9,1587
104741,35.0,Female,West,48948.58,Gold,Referral,5,4.0,79.51,4.8,1077
100814,32.0,Male,West,33402.56,Bronze,Organic,4,1.0,57.12,6.7,1451
103811,41.0,Female,Central,40031.53,Gold,Paid_Ads,17,38.0,,6.9,1589
104869,64.0,Female,Central,73194.42,Bronze,Organic,7,63.0,133.41,5.6,2333
101805,39.0,Female,West,,Bronze,Social_Media,2,23.0,88.59,7.4,2009
104347,27.0,Female,Central,34928.55,Bronze,Referral,9,15.0,31.69,8.9,574
102462,22.0,Male,East,57857.77,Bronze,Paid_Ads,5,113.0,103.8,7.8,1848
100546,36.0,Female,East,53219.91,Gold,Social_Media,8,28.0,105.1,8.7,629
103242,28.0,Female,North,71407.34,Bronze,Organic,6,,192.72,9.8,238
100739,19.0,Female,North,41470.89,Bronze,Social_Media,4,,,10.0,417
100311,52.0,,Central,69913.06,Platinum,Social_Media,7,50.0,230.59,6.3,493
103522,38.0,Male,North,45875.61,Bronze,Organic,4,20.0,56.1,5.3,1959
101132,35.0,Male,South,57906.29,Bronze,Paid_Ads,5,50.0,,4.5,892
105907,39.0,Female,East,46550.09,Silver,Organic,9,6.0,144.98,7.1,2271
104112,45.0,Female,South,,Silver,Organic,8,64.0,,6.8,2351
102770,47.0,Female,East,54135.35,Silver,Referral,9,116.0,45.58,9.2,1099
100921,34.0,Female,Central,101903.36,Silver,Organic,11,16.0,136.16,10.0,310
103588,40.0,Male,West,52746.37,Silver,Organic,6,83.0,219.39,5.5,1950
103960,28.0,Male,East,24500.46,Platinum,Social_Media,4,43.0,387.76,8.4,973
100039,28.0,Female,East,37674.56,Bronze,Social_Media,5,133.0,77.89,8.2,2128
104460,41.0,Female,East,98848.81,Bronze,Email,12,4.0,21.71,6.8,1525
104279,33.0,Female,East,14553.0,Silver,Referral,8,4.0,139.16,7.1,836
102984,41.0,Male,Central,59469.1,Bronze,Organic,10,42.0,126.99,6.3,1485
105986,45.0,Female,East,48176.49,Gold,Email,7,,177.52,8.6,2479
102668,35.0,Female,East,68395.13,Platinum,Referral,11,8.0,145.4,6.2,69
103224,18.0,Female,South,35808.14,Bronze,Email,7,,62.84,6.7,868
101183,28.0,Female,East,44421.51,Silver,Paid_Ads,8,,218.49,,891
100615,28.0,Female,North,,Platinum,Paid_Ads,6,3.0,176.59,8.5,2302
105890,35.0,Female,East,139736.62,Gold,Organic,8,49.0,101.95,6.0,2105
101467,23.0,Female,North,45247.16,Silver,Referral,7,4.0,158.62,6.3,1579
104498,18.0,Male,South,50110.45,Bronze,Organic,3,,7.22,5.7,1368
103043,27.0,Male,East,32237.66,Silver,Email,4,48.0,155.34,5.8,306
100935,42.0,Female,South,,Silver,Referral,6,,133.7,5.9,1386
102420,18.0,Male,North,65544.66,Gold,Paid_Ads,4,3.0,210.18,5.9,331
105412,,Male,South,63478.11,Silver,Referral,7,60.0,39.87,8.8,1638
104857,20.0,Female,South,57144.61,Bronze,Social_Media,7,16.0,115.35,6.1,1345
100827,38.0,Male,East,22233.08,Silver,Organic,12,266.0,230.17,7.0,1686
101522,-5.0,Female,East,64208.83,Silver,Organic,12,107.0,,7.4,1478
102931,29.0,Female,South,80820.0,Bronze,Social_Media,10,75.0,107.05,5.0,807
104233,26.0,Male,East,,Bronze,Referral,11,19.0,32.51,6.3,933
100629,26.0,Female,West,42594.83,Silver,Organic,7,58.0,30.94,6.3,1678
104431,37.0,Female,West,86702.42,Silver,Social_Media,15,26.0,147.28,2.5,1010
103854,34.0,Male,Central,69813.98,Silver,Organic,6,86.0,95.12,9.0,735
100391,18.0,Male,South,52489.75,Bronze,Referral,8,0.0,78.03,10.0,553
104346,42.0,Male,West,39537.7,Bronze,Organic,8,57.0,165.51,9.1,1501
105851,50.0,Male,South,92940.11,Gold,Social_Media,9,13.0,66.84,7.7,1025
103991,41.0,Other,South,65595.36,Silver,Social_Media,7,,112.52,5.5,2494
100401,36.0,Male,South,88227.93,Silver,Organic,10,8.0,77.6,6.1,2493
103360,40.0,Male,South,43151.58,Gold,Social_Media,11,34.0,219.72,7.5,179
100047,,Female,Central,80384.28,Bronze,Referral,5,174.0,186.94,6.9,1032
105754,52.0,Male,East,36067.42,Gold,Paid_Ads,10,2.0,124.59,8.4,834
105910,54.0,Male,North,,Silver,Paid_Ads,7,22.0,94.52,9.3,326
103643,37.0,Female,South,41981.84,Bronze,Organic,11,,174.24,7.9,1041
103727,41.0,Male,South,,Gold,Email,9,10.0,158.98,8.5,812
105825,18.0,Other,West,47810.05,Silver,Paid_Ads,18,5.0,237.44,,2497
102422,35.0,Female,North,,Silver,Organic,7,,117.45,7.9,516
101751,29.0,Female,North,39739.37,Silver,Social_Media,7,,55.16,8.1,1598
105799,29.0,Male,East,47214.62,Silver,Paid_Ads,12,152.0,48.25,9.0,2087
104908,26.0,Male,South,55982.68,Platinum,Social_Media,10,161.0,162.05,7.4,1354
104063,30.0,Female,South,20033.44,Gold,Referral,4,3.0,111.38,8.1,2286
100339,52.0,Male,South,95321.42,Silver,Organic,8,,139.65,6.7,1640
100216,50.0,Female,Central,,Silver,Referral,6,21.0,142.51,9.7,2421
103664,42.0,Male,West,42824.69,Bronze,Organic,5,15.0,26.59,6.8,946
101342,43.0,Male,East,73143.61,Bronze,Social_Media,11,8.0,71.8,6.6,2409
105485,48.0,Female,North,66224.97,Bronze,Social_Media,6,25.0,176.57,6.1,950
103895,46.0,Female,South,71223.12,Platinum,Referral,6,7.0,115.62,,487
103641,19.0,Male,East,54454.8,Bronze,Social_Media,9,11.0,,9.1,2410
100330,32.0,Male,West,60343.75,Silver,Organic,10,124.0,,9.9,1458
103005,35.0,Male,West,92419.35,Silver,Organic,6,,193.72,8.0,2170
105732,38.0,Female,East,48685.28,Bronze,Social_Media,14,88.0,60.48,8.4,1545
103116,47.0,Male,Central,36575.06,Gold,Organic,11,7.0,43.08,7.9,197
105802,21.0,Male,West,33290.23,Bronze,Paid_Ads,6,103.0,68.04,8.6,2100
102323,52.0,Male,South,23507.88,Bronze,Paid_Ads,8,,64.6,8.2,650
104198,18.0,Male,North,41581.73,Platinum,Organic,8,36.0,107.86,8.7,231
103550,45.0,Other,South,43967.15,Silver,Paid_Ads,5,,132.08,7.0,1582
101459,59.0,Male,West,40555.66,Platinum,Organic,9,,183.45,6.4,258
100172,43.0,Male,East,23595.46,Bronze,Social_Media,8,27.0,121.06,6.5,2247
104204,63.0,Other,North,18285.7,Gold,Organic,6,28.0,122.18,7.5,2166
105021,29.0,,Central,89406.05,Bronze,Organic,10,152.0,46.59,8.9,469
103570,48.0,Male,East,,Silver,Email,6,183.0,164.17,4.9,1088
104227,43.0,Female,West,54835.96,Bronze,Social_Media,13,36.0,16.73,7.3,1975
104889,36.0,Female,West,,Silver,Paid_Ads,6,44.0,175.44,6.7,1965
104937,41.0,Male,Central,46833.43,Bronze,Email,7,,27.71,7.9,1200
100939,49.0,Female,West,49680.26,Platinum,Paid_Ads,10,10.0,156.86,7.9,1057
100061,18.0,Male,South,,Bronze,Organic,8,46.0,57.35,6.1,2462
101241,53.0,Male,East,88826.95,Silver,Social_Media,12,111.0,178.3,7.3,1440
105010,42.0,Female,West,62385.79,Bronze,Paid_Ads,10,82.0,,7.3,1806
102121,45.0,Female,South,60696.05,Silver,Social_Media,11,58.0,131.48,5.8,1412
101525,33.0,,Central,42778.05,Bronze,Referral,6,82.0,61.11,7.1,927
100154,32.0,Male,West,49416.43,Bronze,Organic,6,18.0,30.28,6.3,2403
100482,55.0,Female,West,40224.21,Gold,Social_Media,10,,92.4,,424
104461,43.0,Female,East,66605.43,Bronze,Paid_Ads,7,42.0,149.23,4.4,2378
103921,42.0,Other,East,126504.02,Silver,Social_Media,5,,162.73,6.7,2445
101763,30.0,Female,Central,41762.15,Bronze,Paid_Ads,13,110.0,111.92,7.4,226
100751,38.0,Male,West,,Gold,Organic,8,42.0,95.08,6.5,1228
101786,53.0,Female,Central,142571.46,Bronze,Organic,9,2.0,,8.5,904
104502,51.0,Female,South,48339.17,Bronze,Paid_Ads,4,5.0,108.25,8.2,1049
102712,46.0,Male,West,41886.78,Silver,Paid_Ads,8,,203.64,6.7,1788
104846,48.0,Female,South,,Gold,Referral,4,51.0,139.19,7.4,856
104194,26.0,Female,West,66329.79,Silver,Paid_Ads,8,33.0,63.29,,79
101334,41.0,Female,South,131636.96,Silver,Email,10,,137.32,5.3,1895
105336,25.0,Female,North,25865.28,Bronze,Organic,12,37.0,51.99,7.0,1135
102855,28.0,Male,West,129342.15,Silver,Social_Media,7,5.0,122.38,7.5,2395
100187,40.0,Male,North,60061.98,Gold,Email,13,50.0,93.33,6.8,2016
101137,39.0,Other,East,,Bronze,Email,9,,53.4,9.0,915
102059,,Male,North,,Bronze,Email,6,45.0,191.08,5.7,1505
105023,33.0,Female,South,36585.37,Platinum,Organic,5,21.0,162.23,5.0,2420
100149,51.0,Male,Central,,Gold,Social_Media,7,,122.58,5.9,1798
104125,47.0,Female,East,25914.27,Platinum,Paid_Ads,13,3.0,117.6,8.8,1769
103364,27.0,Male,South,40208.08,Silver,Organic,6,27.0,151.27,5.1,1804
102867,44.0,Female,East,101599.88,Bronze,Organic,6,44.0,31.35,8.8,1161
103777,27.0,Female,South,,Silver,Organic,15,12.0,55.18,8.6,1511
101387,53.0,Female,East,74113.2,Silver,Paid_Ads,6,2.0,68.87,7.5,2449
105672,43.0,Female,South,78165.44,Platinum,Paid_Ads,5,,150.73,9.3,104
104960,27.0,Other,East,55892.87,Silver,Referral,8,166.0,98.56,7.8,624
103630,46.0,Female,South,125683.46,Silver,Social_Media,6,,54.91,7.7,1572
105397,43.0,Female,South,66715.49,Silver,Organic,6,62.0,189.64,5.7,1049
103029,28.0,Male,North,64728.31,Gold,Referral,9,28.0,292.49,4.2,1937
102970,38.0,Female,South,32587.05,Bronze,Social_Media,9,12.0,110.67,6.7,174
105208,26.0,Male,North,76265.32,Bronze,Referral,10,44.0,102.76,5.6,1927
101709,50.0,Other,West,,Silver,Paid_Ads,7,2.0,64.17,5.5,503
102954,18.0,Male,Central,79871.83,Bronze,Paid_Ads,12,21.0,59.65,6.4,303
100455,39.0,,South,53649.7,Silver,Organic,11,66.0,93.93,7.6,50
100610,44.0,Male,South,40831.25,Silver,Paid_Ads,12,15.0,46.99,7.9,310
104264,48.0,Female,Central,28480.58,Platinum,Organic,12,95.0,314.06,9.6,973
105082,30.0,Female,North,75819.35,Silver,Social_Media,7,10.0,132.54,6.4,2124
102075,39.0,,South,141897.01,Bronze,Organic,13,76.0,129.73,9.8,412
104053,43.0,Male,North,31845.28,Silver,Paid_Ads,9,,69.41,6.4,1933
104874,24.0,Female,North,79020.07,Silver,Social_Media,11,5.0,119.41,8.3,1655
101623,47.0,Female,East,50278.89,Platinum,Paid_Ads,10,37.0,125.17,7.6,736
104684,31.0,Female,West,74892.04,Gold,Organic,9,47.0,124.22,7.2,992
105253,59.0,Female,Central,68818.52,Bronze,Social_Media,2,,75.5,5.9,1333
100041,47.0,Female,Central,141481.22,Silver,Email,8,,,5.7,1508
102090,44.0,Other,South,45202.43,Platinum,Organic,3,22.0,150.2,6.4,322
103925,38.0,Female,South,80171.92,Bronze,Social_Media,6,89.0,66.69,10.0,2253
102176,39.0,Female,South,31038.75,Platinum,Organic,8,29.0,150.59,9.8,702
100075,40.0,Other,Central,56149.51,Bronze,Email,8,16.0,49.22,7.3,2297
105926,27.0,Male,East,161050.16,Bronze,Paid_Ads,9,23.0,44.55,7.0,789
105917,39.0,Male,North,45027.05,Bronze,Referral,15,24.0,131.31,6.5,716
102658,27.0,Female,East,26821.62,Gold,Organic,7,66.0,116.79,7.7,1120
103181,26.0,Male,East,25578.83,Bronze,Organic,5,9.0,21.47,7.1,668
102077,38.0,Female,North,52752.6,Gold,Social_Media,7,,280.99,9.1,1693
100442,42.0,Female,North,58421.73,Silver,Referral,11,12.0,180.29,5.0,2078
102052,23.0,,Central,80578.64,Gold,Social_Media,10,26.0,194.38,5.6,743
102542,43.0,Male,South,36639.08,Silver,Organic,4,14.0,241.89,7.4,885
101302,18.0,Female,South,41378.97,Bronze,Referral,7,9.0,99.93,7.5,885
103431,19.0,Male,East,36552.59,Gold,Social_Media,4,69.0,180.82,7.3,2121
101305,35.0,Female,Central,53096.12,Platinum,Social_Media,9,49.0,252.54,7.9,2265
100237,,Male,North,50163.13,Silver,Organic,11,36.0,89.05,6.0,2433
104996,51.0,Female,Central,68694.4,Silver,Organic,4,37.0,77.47,7.8,1614
102600,50.0,Female,North,47669.24,Bronze,Paid_Ads,9,,79.8,6.6,2263
104617,18.0,Female,East,,Bronze,Social_Media,5,8.0,11.55,8.5,194
102574,40.0,Female,North,34364.88,Bronze,Paid_Ads,9,8.0,63.34,5.9,862
103281,59.0,Female,West,30603.14,Bronze,Email,5,,240.56,5.9,1143
103187,26.0,Other,East,69937.05,Bronze,Referral,7,,78.56,,1939
103954,33.0,Female,Central,85801.18,Gold,Email,10,0.0,71.38,5.7,517
102769,48.0,Male,East,43154.25,Platinum,Social_Media,10,,236.8,5.3,1358
104224,24.0,Male,Central,52953.77,Silver,Social_Media,12,7.0,90.53,8.9,1342
102107,55.0,Female,East,74652.07,Bronze,Paid_Ads,10,,304.67,10.0,2392
102680,43.0,Female,Central,59847.4,Gold,Organic,5,56.0,81.58,7.4,1209
102762,19.0,Male,East,55298.5,Silver,Social_Media,6,4.0,174.31,7.2,1275
104689,,Male,West,,Gold,Organic,10,,75.05,8.1,807
101388,25.0,Female,East,59364.17,Silver,Organic,7,4.0,81.84,6.7,1221
105632,,Male,South,46148.46,Gold,Email,10,22.0,122.42,8.2,1932
105427,30.0,,East,,Silver,Paid_Ads,11,,,6.1,1530
101280,35.0,Male,North,91004.31,Bronze,Paid_Ads,4,103.0,60.44,9.3,415
105880,52.0,Male,Central,55190.93,Bronze,Paid_Ads,9,174.0,148.67,7.2,544
101556,30.0,Female,East,58292.19,Platinum,Paid_Ads,8,105.0,,8.3,2131
105423,36.0,Male,North,107818.99,Bronze,Organic,6,113.0,46.55,6.3,927
103191,21.0,Male,South,42410.62,Gold,Organic,3,,130.79,10.0,1962
104567,18.0,Female,North,50155.85,Silver,Paid_Ads,6,19.0,232.9,6.0,2362
104803,38.0,Male,North,42914.68,Gold,Referral,9,69.0,130.1,6.6,1235
105627,43.0,Male,Central,47319.3,Gold,Social_Media,7,64.0,,,297
103595,33.0,Female,Central,45103.21,Gold,Email,4,3.0,194.19,7.2,2264
101921,25.0,Female,South,53690.55,Gold,Paid_Ads,2,21.0,126.04,5.5,115
100514,37.0,Male,Central,50920.96,Bronze,Organic,15,,136.06,8.3,1606
104178,42.0,,South,43870.41,Silver,Organic,3,,46.47,6.5,732
101309,18.0,,East,38998.96,Bronze,Social_Media,7,19.0,104.65,7.2,791
100915,,Female,West,,Bronze,Social_Media,9,278.0,13.9,7.3,1433
103453,61.0,Female,West,138209.44,Gold,Organic,6,8.0,78.79,6.9,962
103696,29.0,Other,West,64806.37,Bronze,Organic,7,92.0,40.37,7.2,1492
104243,25.0,Male,Central,51357.83,Bronze,Paid_Ads,5,4.0,265.76,9.6,1246
103157,70.0,Female,West,56951.03,Gold,Social_Media,8,95.0,140.79,9.2,233
102199,35.0,Female,Central,34030.87,Bronze,Organic,7,,9.95,7.6,919
100775,38.0,Male,South,32032.67,Platinum,Organic,6,13.0,126.36,5.1,868
104426,47.0,Female,East,34262.2,Silver,Paid_Ads,2,42.0,234.82,6.0,2179
100944,52.0,Male,North,63698.83,Bronze,Paid_Ads,4,51.0,78.5,6.7,581
100823,24.0,Female,East,155683.42,Gold,Social_Media,5,,62.06,8.6,1261
104278,35.0,Female,North,38854.39,Bronze,Organic,6,,184.0,6.7,2132
100165,48.0,Male,North,112017.54,Bronze,Organic,10,24.0,70.17,,1258
104548,53.0,Female,East,75253.34,Silver,Paid_Ads,4,,172.61,7.0,1799
103984,22.0,Female,South,54184.45,Silver,Organic,8,,107.44,7.2,825
102539,45.0,Female,East,93414.97,Bronze,Email,10,74.0,6.19,3.4,2101
105725,40.0,Male,Central,55047.34,Bronze,Social_Media,16,60.0,92.75,8.7,2139
101312,48.0,Female,North,112773.78,Bronze,Organic,12,40.0,265.82,6.8,1767
105839,38.0,Female,Central,29319.96,Bronze,Social_Media,7,195.0,59.02,5.8,101
104998,47.0,Female,West,135429.73,Silver,Email,3,47.0,115.53,8.9,2211
105569,37.0,Female,North,59591.27,Bronze,Social_Media,13,39.0,32.17,7.6,1544
103301,45.0,Female,West,51470.2,Silver,Paid_Ads,7,,44.47,8.0,1679
103311,32.0,Male,East,56030.11,Bronze,Social_Media,4,32.0,70.95,5.4,453
100328,37.0,Female,North,44536.64,Bronze,Organic,8,24.0,94.16,6.6,2325
102491,48.0,Female,South,61334.74,Silver,Referral,9,10.0,103.9,6.8,1133
105621,68.0,Female,Central,,Platinum,Social_Media,7,34.0,157.32,10.0,2284
104409,37.0,Male,East,,Platinum,Paid_Ads,6,1.0,,8.4,1641
100833,24.0,Male,West,81976.39,Gold,Social_Media,8,120.0,138.36,6.8,1796
103080,51.0,Female,East,,Bronze,Email,9,23.0,25.01,,251
103463,22.0,Male,North,57364.6,Bronze,Organic,6,10.0,68.88,7.0,1292
105254,56.0,Male,West,90085.81,Platinum,Social_Media,6,49.0,,7.2,114
100055,32.0,Male,East,51876.86,Silver,Social_Media,11,37.0,84.07,7.0,170
104065,40.0,Male,South,36171.68,Bronze,Social_Media,2,,116.64,5.7,1840
103452,46.0,Male,West,,Silver,Paid_Ads,10,22.0,59.02,8.4,1935
101902,51.0,Female,East,79276.17,Bronze,Referral,8,,12.62,7.2,336
101482,45.0,Other,South,51209.71,Gold,Organic,9,17.0,132.75,5.9,1931
104151,33.0,Other,West,39439.92,Platinum,Paid_Ads,5,,530.9,7.5,1205
103336,35.0,Male,South,,Silver,Paid_Ads,8,,72.15,6.5,427
100947,42.0,Male,South,,Silver,Social_Media,9,,108.35,7.9,1141
103294,45.0,Female,South,25954.57,Silver,Social_Media,12,5.0,184.89,6.0,1180
102162,27.0,Female,South,110533.08,Silver,Organic,4,,62.87,9.1,2314
105077,43.0,Male,South,161042.3,Gold,Organic,7,53.0,165.37,6.7,1572
103058,32.0,,East,38911.64,Silver,Organic,8,12.0,100.84,8.3,1178
100769,23.0,Male,North,120065.34,Silver,Paid_Ads,7,,76.36,6.2,2198
105641,33.0,Male,West,65575.54,Gold,Paid_Ads,4,87.0,138.09,6.4,850
103496,37.0,Male,North,74014.25,Silver,Social_Media,9,,102.77,6.0,2142
100286,32.0,Female,Central,30445.42,Silver,Email,8,43.0,,4.2,333
105927,37.0,Female,North,50852.47,Gold,Social_Media,4,49.0,130.15,7.6,605
104525,50.0,Male,West,66584.46,Bronze,Email,7,,69.97,8.5,2467
105333,42.0,Female,West,80861.59,Bronze,Paid_Ads,8,33.0,129.18,8.7,1239
102333,41.0,Male,East,148312.51,Gold,Organic,6,20.0,166.04,4.3,1491
102718,40.0,Other,South,102639.69,Silver,Paid_Ads,10,,140.46,6.2,652
102080,,Female,North,165391.45,Bronze,Organic,5,91.0,148.39,,98
103390,32.0,,North,52567.14,Silver,Paid_Ads,7,,67.87,8.1,1555
100723,18.0,,Central,41633.78,Bronze,Paid_Ads,13,104.0,208.26,7.3,660
100952,43.0,Male,Central,124602.52,Gold,Organic,7,111.0,78.01,8.0,1449
105584,25.0,Female,South,,Bronze,Email,4,33.0,120.64,7.4,1753
102263,40.0,Female,West,53072.12,Bronze,Social_Media,14,,174.38,7.2,293
100990,32.0,Female,North,31386.55,Bronze,Organic,10,,62.31,7.4,583
103213,46.0,Female,Central,79905.14,Bronze,Paid_Ads,9,30.0,52.14,,1951
101760,39.0,Male,West,22668.12,Gold,Referral,6,21.0,146.98,8.4,198
104920,50.0,Female,South,,Bronze,Referral,7,35.0,,7.0,1543
104423,21.0,Female,Central,,Gold,Organic,9,85.0,155.9,6.2,1411
101725,52.0,Female,Central,46883.01,Bronze,Paid_Ads,6,9.0,103.2,6.5,1100
100342,42.0,Female,East,37058.95,Bronze,Email,8,,49.62,7.6,1586
103702,27.0,Male,South,102048.85,Silver,Paid_Ads,5,0.0,96.58,5.3,142
104244,29.0,Female,Central,52939.12,Silver,Social_Media,7,44.0,60.68,6.4,1125
100689,32.0,Female,West,106083.91,Bronze,Paid_Ads,8,169.0,3.7,7.5,924
103433,34.0,Female,South,44962.51,Silver,Paid_Ads,7,17.0,99.64,6.4,1334
100967,35.0,Male,South,103772.33,Silver,Email,7,49.0,111.05,6.0,1029
105667,42.0,Female,West,56625.81,Gold,Paid_Ads,6,,323.89,7.7,2189
102204,45.0,Male,East,37468.54,Silver,Referral,3,17.0,170.5,9.8,1390
102714,24.0,Female,West,56439.06,Platinum,Social_Media,11,,184.26,7.8,1805
104758,48.0,Female,West,88435.91,Silver,Organic,8,7.0,104.47,6.9,1339
105733,54.0,,South,41502.19,Silver,Paid_Ads,4,75.0,73.08,8.1,2323
105943,46.0,Other,South,126398.14,Bronze,Referral,7,60.0,,8.8,1586
103573,42.0,Male,North,48576.36,Bronze,Paid_Ads,13,2.0,77.38,7.5,689
104806,22.0,Male,East,30668.75,Silver,Email,7,43.0,77.57,7.2,483
101991,43.0,Male,North,57694.97,Bronze,Paid_Ads,8,25.0,246.73,6.6,2288
104121,30.0,Male,Central,34389.11,Platinum,Organic,7,46.0,120.61,8.4,2267
104760,31.0,Female,Central,56062.43,Silver,Social_Media,4,12.0,114.39,7.7,2428
104915,52.0,Female,South,89930.94,Gold,Paid_Ads,10,27.0,176.16,6.6,2246
105554,30.0,Female,North,67134.0,Bronze,Organic,10,5.0,56.07,8.5,1617
105794,51.0,Male,West,,Bronze,Organic,6,,92.9,8.0,2405
103601,50.0,,Central,53153.6,Silver,Referral,13,44.0,42.28,5.7,2219
105473,44.0,Male,East,48046.31,Bronze,Email,9,83.0,93.98,6.7,805
105972,40.0,Male,West,63030.77,Silver,Referral,4,19.0,189.99,6.2,806
104939,46.0,Male,Central,67594.82,Gold,Paid_Ads,6,44.0,190.64,7.5,994
100386,28.0,Female,West,137792.35,Bronze,Paid_Ads,6,97.0,59.58,7.5,1996
105229,42.0,Female,East,66809.68,Gold,Organic,5,17.0,357.72,8.9,995
105475,41.0,Male,East,68129.45,Silver,Organic,10,2.0,117.73,9.5,631
100537,32.0,Male,East,31979.48,Gold,Paid_Ads,8,0.0,93.27,7.2,2325
105622,40.0,Female,South,51986.39,Bronze,Referral,4,47.0,204.76,3.7,847
104213,,Male,West,50268.11,Silver,Social_Media,8,,39.11,6.3,801
103508,43.0,Female,West,,Gold,Organic,5,,163.36,4.7,249
100202,55.0,Female,South,,Gold,Social_Media,9,32.0,,4.3,634
101333,49.0,Female,South,45968.24,Bronze,Organic,10,6.0,46.04,7.7,2128
103503,46.0,Female,West,31270.6,Gold,Organic,5,29.0,107.99,7.6,2416
102709,42.0,,West,43698.48,Gold,Social_Media,8,258.0,101.51,9.0,2150
104663,45.0,Male,North,83299.63,Bronze,Paid_Ads,9,24.0,151.64,,1923
104022,42.0,Female,East,65387.19,Platinum,Social_Media,11,,114.7,7.3,932
101855,44.0,Female,North,45487.16,Silver,Paid_Ads,8,13.0,143.05,7.6,1602
105359,33.0,,West,31323.86,Bronze,Social_Media,10,19.0,119.42,8.8,71
102873,25.0,Male,East,23280.88,Bronze,Email,8,,,8.7,558
103031,37.0,Female,North,55405.88,Silver,Email,9,45.0,102.74,8.2,1965
101206,30.0,Male,South,37543.81,Silver,Organic,11,74.0,98.07,7.6,2031
101646,39.0,Male,West,94050.81,Bronze,Paid_Ads,11,0.0,71.77,6.2,1546
103418,49.0,Male,South,49309.07,Bronze,Organic,11,54.0,58.76,5.6,718
103477,18.0,Female,South,30136.28,Gold,Organic,8,63.0,160.03,6.1,754
102862,46.0,,West,66667.66,Bronze,Social_Media,11,0.0,40.97,8.4,768
101793,41.0,Female,North,,Silver,Social_Media,8,81.0,58.01,6.9,157
103798,25.0,Female,South,54666.57,Platinum,Organic,5,15.0,266.06,9.1,1034
103369,42.0,Male,East,39862.5,Gold,Referral,9,101.0,91.83,7.4,1781
103368,35.0,Male,East,98854.44,Silver,Email,9,,93.37,8.0,773
103534,42.0,Male,West,21841.98,Bronze,Paid_Ads,9,,19.02,6.0,2331
105260,41.0,Male,North,93962.32,Bronze,Organic,9,65.0,29.88,8.7,2222
103450,38.0,Female,South,36365.01,Gold,Organic,9,,84.55,6.3,1491
100604,30.0,Female,West,59892.38,Bronze,Organic,7,26.0,102.27,6.7,1705
103057,33.0,Female,West,132353.25,Silver,Social_Media,11,56.0,83.77,7.6,1455
105213,31.0,Female,South,144822.14,Gold,Email,6,180.0,138.13,7.1,1996
100127,,Female,West,77017.13,Gold,Social_Media,7,20.0,102.21,4.7,605
103877,25.0,Other,East,33890.62,Bronze,Social_Media,8,221.0,,8.0,928
102936,18.0,Male,West,87066.39,Gold,Referral,10,10.0,249.09,5.7,1330
104452,,Female,East,37522.7,Gold,Paid_Ads,7,,172.23,6.0,61
103532,36.0,Female,Central,27065.58,Silver,Organic,8,,65.41,8.9,2183
102731,24.0,Female,North,73119.51,Silver,Referral,10,95.0,147.29,6.4,2272
100828,37.0,Male,West,17137.84,Bronze,Social_Media,4,63.0,137.28,8.9,1394
101640,36.0,Female,Central,60345.79,Silver,Referral,4,27.0,74.14,8.3,2355
100985,42.0,Male,South,33205.36,Silver,Paid_Ads,4,49.0,153.14,8.6,1693
103282,47.0,Female,North,,Bronze,Email,12,36.0,47.89,8.3,326
105963,57.0,Male,South,97482.95,Bronze,Organic,8,12.0,106.82,8.2,2185
102189,62.0,Male,South,72936.72,Gold,Organic,9,14.0,53.63,7.4,2392
105524,48.0,Female,South,37896.27,Bronze,Social_Media,4,98.0,52.63,7.1,191
102444,47.0,Male,West,61003.48,Silver,Paid_Ads,11,,29.5,9.3,1863
100363,50.0,Female,South,48222.85,Gold,Email,3,58.0,330.78,6.2,523
102350,47.0,Male,East,28509.24,Bronze,Organic,9,10.0,342.86,7.4,396
100346,18.0,Male,South,92480.9,Bronze,Email,12,,119.55,7.6,1569
100815,30.0,Female,Central,60560.65,Silver,Email,9,37.0,113.59,7.2,2485
104808,31.0,Male,South,,Bronze,Referral,10,13.0,114.6,5.7,1848
103206,34.0,Male,East,47633.1,Bronze,Paid_Ads,7,29.0,90.45,4.1,2116
105415,54.0,Male,North,32364.17,Bronze,Organic,12,,171.34,6.3,1288
105750,36.0,Female,East,32815.78,Gold,Organic,8,,84.96,8.8,808
103326,41.0,Male,North,115247.67,Silver,Social_Media,12,,90.05,9.6,695
104107,18.0,Male,Central,58264.71,Bronze,Email,17,,146.05,6.2,143
102117,39.0,Female,North,69142.48,Bronze,Organic,4,28.0,205.06,,809
101835,45.0,Male,East,92619.24,Platinum,Referral,9,8.0,193.96,6.5,1376
100794,43.0,Female,South,39124.31,Gold,Paid_Ads,8,37.0,133.51,7.8,1388
105936,24.0,Female,Central,24637.19,Bronze,Paid_Ads,14,45.0,,4.6,557
102675,35.0,Male,North,51361.6,Bronze,Organic,5,128.0,80.88,5.6,561
100095,18.0,Male,Central,,Bronze,Referral,6,7.0,38.01,5.3,1894
104226,43.0,Male,Central,65881.87,Silver,Paid_Ads,13,27.0,86.33,10.0,2289
103757,36.0,Other,South,37745.47,Silver,Organic,7,13.0,112.82,9.7,186
102892,43.0,Female,North,74908.4,Silver,Social_Media,5,98.0,159.79,9.6,1766
102372,35.0,Female,Central,43817.54,Platinum,Organic,11,106.0,110.98,9.2,401
104966,40.0,Female,West,79488.87,Silver,Referral,6,19.0,,7.1,991
105668,36.0,Other,West,,Gold,Organic,15,10.0,157.87,5.7,1600
103229,45.0,Female,West,32289.95,Silver,Organic,7,,362.84,6.8,216
105343,39.0,Female,North,29217.75,Gold,Paid_Ads,4,52.0,107.09,5.8,1921
102854,41.0,Female,Central,,Gold,Social_Media,12,23.0,125.85,10.0,1840
102913,38.0,Other,North,30484.74,Bronze,Social_Media,7,18.0,121.78,6.4,2267
101866,40.0,Male,North,,Gold,Referral,8,57.0,95.06,6.7,917
104613,33.0,Male,West,99000.56,Gold,Paid_Ads,4,33.0,156.91,7.2,1956
101858,51.0,Female,East,54504.08,Silver,Organic,7,37.0,54.74,8.9,292
102646,36.0,Female,West,46675.23,Gold,Organic,11,84.0,67.66,8.3,541
102244,49.0,Male,Central,105056.44,Bronze,Paid_Ads,6,19.0,,9.5,1962
102337,71.0,Female,Central,91577.97,Gold,Social_Media,4,8.0,255.35,8.0,1453
100951,18.0,Female,West,116944.49,Bronze,Organic,7,51.0,123.64,6.6,71
103069,63.0,Female,North,25570.73,Silver,Paid_Ads,9,18.0,136.43,7.2,515
101121,43.0,Female,Central,71202.38,Silver,Social_Media,8,,68.2,8.4,1908
102598,41.0,Female,West,69082.65,Bronze,Organic,5,56.0,35.33,8.5,2290
102205,51.0,Female,Central,,Bronze,Paid_Ads,6,53.0,288.99,7.8,945
100420,54.0,Male,West,51901.01,Silver,Social_Media,5,121.0,224.86,6.4,2269
100923,39.0,Female,West,49508.73,Platinum,Referral,6,16.0,195.54,5.6,861
101255,29.0,Other,South,,Gold,Organic,12,5.0,308.28,5.6,2412
100478,24.0,Male,West,21004.82,Bronze,Email,12,0.0,64.26,8.1,1353
102036,47.0,Male,Central,26049.57,Gold,Social_Media,7,,91.83,10.0,805
101203,43.0,Female,West,,Bronze,Paid_Ads,6,43.0,47.49,8.3,34
102627,54.0,,East,,Gold,Referral,10,4.0,,4.5,1449
105774,51.0,Male,North,41820.95,Bronze,Social_Media,8,33.0,233.56,6.6,1409
101971,35.0,Female,North,56054.39,Bronze,Referral,9,,98.85,7.8,2168
103111,41.0,Male,North,69224.13,Bronze,Organic,6,23.0,45.8,5.7,979
104019,34.0,Male,North,,Bronze,Paid_Ads,9,,5.52,8.0,1022
102152,47.0,Male,East,50029.86,Bronze,Organic,11,13.0,111.6,6.9,1665
103688,43.0,Male,North,21597.95,Platinum,Email,14,20.0,296.85,7.4,662
104917,18.0,Male,Central,51171.08,Platinum,Paid_Ads,6,70.0,129.08,7.1,1458
101998,37.0,,West,29909.74,Silver,Email,11,98.0,,6.1,1036
104034,45.0,Female,East,138617.18,Platinum,Referral,5,169.0,,6.6,2113
105884,37.0,Female,North,142826.97,Bronze,Organic,7,,211.32,7.1,1816
103055,33.0,Female,North,66397.17,Silver,Organic,6,,42.77,7.2,2246
101249,36.0,Male,West,81463.16,Silver,Paid_Ads,10,,98.93,7.5,1939
102193,26.0,Male,North,69754.52,Silver,Paid_Ads,11,47.0,106.7,6.7,803
102713,37.0,Male,Central,92028.89,Gold,Organic,9,14.0,82.19,6.4,1742
100993,60.0,Male,South,47819.61,Gold,Paid_Ads,7,2.0,56.04,5.7,594
102191,47.0,Male,West,,Gold,Organic,11,67.0,177.79,5.8,1187
104671,18.0,Female,West,39790.26,Gold,Organic,4,,84.64,6.8,307
103763,42.0,Female,Central,49624.95,Gold,Referral,8,119.0,237.29,8.5,1496
103598,31.0,Female,West,44384.33,Bronze,Email,10,32.0,142.74,9.2,1779
104712,31.0,,West,42808.63,Silver,Paid_Ads,12,67.0,,8.7,1282
101319,20.0,Female,East,35537.59,Silver,Organic,10,12.0,44.3,9.1,1432
101864,50.0,Male,Central,46067.02,Gold,Email,5,9.0,76.94,6.7,200
102344,36.0,Female,East,41614.74,Gold,Organic,8,31.0,79.82,6.9,1365
102450,,Other,West,133841.76,Bronze,Organic,8,33.0,90.38,7.2,93
102137,41.0,Female,South,33782.27,Silver,Paid_Ads,9,1.0,50.88,6.7,899
101066,37.0,Male,North,,Bronze,Social_Media,4,59.0,80.15,7.7,696
105951,18.0,Male,East,,Silver,Email,11,27.0,119.07,7.9,1616
104228,61.0,Male,Central,30730.9,Silver,Social_Media,4,,79.73,7.6,1698
102622,30.0,Male,East,97643.41,Gold,Paid_Ads,6,2.0,112.21,10.0,913
100078,40.0,Female,North,36227.64,Gold,Paid_Ads,6,16.0,136.75,6.9,1457
102899,28.0,Male,East,51550.14,Gold,Social_Media,6,7.0,136.48,8.7,149
104821,32.0,Female,East,60346.21,Gold,Social_Media,2,8.0,67.0,5.7,1459
101315,45.0,Female,North,43588.39,Bronze,Organic,6,,82.2,6.4,1653
105232,19.0,Male,South,56801.67,Gold,Paid_Ads,6,175.0,64.02,8.4,1696
100873,47.0,Male,North,,Bronze,Referral,14,30.0,79.34,6.3,2339
103851,45.0,Male,East,63380.78,Gold,Paid_Ads,11,67.0,96.74,6.9,2416
105843,,Female,North,37465.44,Silver,Paid_Ads,7,,,7.2,2009
102966,19.0,Male,North,,Silver,Social_Media,7,0.0,78.23,6.8,63
103392,18.0,Female,East,180854.69,Gold,Social_Media,15,99.0,72.0,8.6,1022
102561,42.0,Female,Central,85331.07,Silver,Organic,7,,65.21,7.5,2025
105877,32.0,Other,North,27101.75,Bronze,Paid_Ads,9,,,4.9,1886
102636,52.0,Female,West,59957.9,Platinum,Organic,8,,148.82,6.1,915
103531,57.0,Male,Central,60157.61,Gold,Organic,5,53.0,51.98,8.4,528
100376,66.0,Female,North,57785.06,Bronze,Paid_Ads,7,27.0,78.44,7.1,1588
101909,32.0,Male,Central,32604.45,Bronze,Organic,8,29.0,135.58,6.0,1136
104430,20.0,Male,North,92660.96,Silver,Paid_Ads,11,6.0,,7.4,1470
105183,37.0,Male,West,62849.16,Bronze,Social_Media,9,,257.71,8.7,1437
105241,48.0,Female,South,47332.11,Bronze,Email,6,,72.82,7.0,2325
104028,46.0,Male,South,26471.56,Silver,Paid_Ads,11,,156.5,7.3,138
101605,34.0,Male,Central,42447.22,Silver,Social_Media,8,,223.22,7.7,1753
101119,42.0,Male,East,46070.95,Bronze,Paid_Ads,6,108.0,,6.3,831
103678,45.0,Male,Central,75162.98,Silver,Paid_Ads,6,57.0,51.21,5.5,471
103491,23.0,Male,West,75211.38,Silver,Referral,8,32.0,176.92,7.8,1521
105836,18.0,Female,Central,51581.39,Gold,Referral,9,,3447.031383157996,7.8,423
102959,40.0,Female,West,49958.87,Silver,Organic,11,48.0,185.44,7.2,627
101995,39.0,Male,Central,41642.18,Platinum,Paid_Ads,16,58.0,169.37,6.8,2206
105946,18.0,Female,East,53897.59,Bronze,Paid_Ads,5,44.0,,6.8,677
105207,20.0,Female,Central,28490.6,Silver,Organic,4,11.0,126.83,8.8,1315
102377,44.0,Female,South,24187.35,Gold,Social_Media,9,186.0,82.67,6.5,1673
101343,43.0,Male,West,49588.65,Silver,Referral,13,52.0,108.45,5.6,1930
100321,47.0,Male,West,,Silver,Paid_Ads,10,8.0,112.13,,2193
101620,29.0,Female,East,100505.21,Silver,Social_Media,9,65.0,69.87,7.7,372
103714,39.0,Male,North,49121.83,Bronze,Referral,10,,164.48,6.3,819
102061,21.0,Male,Central,45087.08,Silver,Organic,7,285.0,,7.2,1579
102220,20.0,Male,South,68615.85,Gold,Paid_Ads,5,21.0,421.36,4.9,169
101674,43.0,Male,North,41252.3,Bronze,Organic,12,85.0,47.17,7.6,1057
100261,35.0,Male,West,42049.59,Silver,Paid_Ads,14,30.0,70.14,10.0,990
105292,27.0,Female,North,26699.12,Bronze,Paid_Ads,7,44.0,97.44,5.0,1210
102040,42.0,Male,Central,113421.76,Bronze,Paid_Ads,7,45.0,78.78,8.9,1831
104786,19.0,Male,East,17297.54,Bronze,Email,11,,104.91,6.7,1935
100902,39.0,Male,East,99787.87,Bronze,Social_Media,9,55.0,201.87,7.9,1712
103745,72.0,Male,West,23234.24,Bronze,Paid_Ads,6,1.0,25.07,9.3,730
102027,45.0,Male,South,82886.56,Bronze,Organic,13,184.0,86.35,9.0,305
104235,,Male,South,61087.12,Platinum,Email,3,124.0,127.18,6.2,1370
101918,50.0,Male,North,57126.66,Gold,Referral,14,42.0,229.15,6.4,1379
101829,27.0,Female,Central,90989.42,Platinum,Email,6,55.0,289.4,7.6,1477
101574,38.0,Female,East,66428.8,Silver,Paid_Ads,6,,86.43,9.2,2049
104416,28.0,Female,Central,25812.66,Silver,Organic,9,132.0,35.59,5.7,1433
104750,18.0,Male,North,72559.45,Bronze,Paid_Ads,10,10.0,20.67,5.6,2256
105261,44.0,Female,Central,43139.61,Silver,Social_Media,7,44.0,159.44,4.6,1292
104655,40.0,Male,East,78741.53,Silver,Paid_Ads,9,23.0,46.47,6.1,837
104209,51.0,Female,West,50828.68,Bronze,Paid_Ads,8,31.0,,6.6,2470
104628,47.0,Male,East,50583.77,Silver,Referral,6,187.0,164.24,8.7,451
100225,39.0,Female,South,54761.3,Bronze,Email,8,,81.02,9.4,2040
100724,20.0,Female,East,28894.52,Silver,Organic,6,46.0,92.84,5.6,64
105379,35.0,Male,Central,38460.56,Silver,Paid_Ads,7,48.0,116.23,6.4,78
101142,18.0,Female,Central,79158.64,Gold,Paid_Ads,10,15.0,75.17,6.7,2027
102763,32.0,Female,South,88525.18,Platinum,Paid_Ads,4,127.0,134.49,5.0,2403
100847,75.0,Male,West,47352.36,Bronze,Paid_Ads,11,151.0,95.58,4.6,273
104290,43.0,Female,Central,45448.69,Bronze,Organic,11,38.0,292.01,7.9,530
105043,43.0,Female,East,,Gold,Paid_Ads,9,6.0,,7.5,149
102552,37.0,Female,Central,60523.14,Silver,Organic,9,40.0,199.19,7.8,1076
102929,22.0,Female,South,47449.15,Gold,Organic,5,70.0,108.55,6.7,1418
100118,38.0,Male,Central,32608.69,Platinum,Organic,6,40.0,241.22,8.6,1647
100646,36.0,Female,North,54657.54,Bronze,Social_Media,12,12.0,,7.2,908
100004,49.0,Male,North,71184.47,Bronze,Organic,10,,169.36,6.7,299
104171,51.0,Male,North,,Gold,Paid_Ads,6,40.0,125.21,7.7,701
100468,61.0,Male,East,57858.71,Bronze,Email,2,,55.52,8.0,1521
100006,22.0,Male,West,,Gold,Organic,6,60.0,231.87,7.1,1897
100920,18.0,Other,Central,,Bronze,Organic,9,8.0,24.92,8.4,1506
102596,28.0,Male,East,50079.96,Silver,Referral,6,5.0,73.1,6.9,1532
104325,27.0,Female,East,88246.1,Silver,Email,6,25.0,116.74,7.0,203
101064,52.0,,South,48342.4,Gold,Email,5,39.0,258.76,,1962
102591,28.0,Male,South,38606.44,Bronze,Email,11,48.0,82.4,5.9,431
100243,18.0,Male,Central,43560.68,Gold,Social_Media,13,,123.06,9.0,671
105214,33.0,Male,North,47302.35,Bronze,Organic,11,28.0,125.54,4.6,1202
101161,24.0,Male,North,52024.37,Bronze,Organic,9,3.0,3.0,8.7,2440
102871,18.0,Female,Central,103864.42,Bronze,Email,6,276.0,66.79,8.2,1209
103736,33.0,Female,South,27714.96,Silver,Referral,11,13.0,226.38,8.4,361
102398,36.0,Male,North,67805.34,Gold,Social_Media,10,,125.78,5.8,1881
103518,37.0,Male,West,56695.82,Bronze,Social_Media,8,73.0,24.29,6.2,1609
103422,37.0,Female,East,46787.8,Bronze,Social_Media,4,,,10.0,881
102564,58.0,Female,North,59609.18,Gold,Social_Media,11,56.0,295.95,9.8,2163
101606,54.0,Male,South,75811.43,Bronze,Referral,5,60.0,140.5,4.3,404
105786,59.0,Male,Central,62784.13,Silver,Referral,11,65.0,91.81,4.3,1009
102325,18.0,Female,South,42010.1,Silver,Organic,9,5.0,147.93,8.6,350
102710,37.0,Male,North,42615.03,Silver,Paid_Ads,6,6.0,128.14,7.8,1134
105266,37.0,Male,West,,Bronze,Paid_Ads,4,60.0,45.42,8.1,2431
101313,30.0,Male,South,54638.16,Bronze,Paid_Ads,9,272.0,,,2201
103449,32.0,Male,Central,37369.85,Silver,Organic,9,,29.22,8.5,1796
103813,32.0,Male,South,25269.63,Bronze,Paid_Ads,6,7.0,70.48,7.2,240
105581,43.0,,Central,35906.83,Gold,Paid_Ads,2,33.0,83.59,7.6,1542
102363,34.0,,West,80266.56,Silver,Email,6,3.0,48.36,7.3,2063
101976,47.0,Male,South,51068.41,Bronze,Paid_Ads,2,64.0,66.79,7.4,253
103515,42.0,Male,West,44135.33,Bronze,Social_Media,7,130.0,150.94,8.9,1945
101762,29.0,Other,South,35281.57,Platinum,Email,4,,150.41,7.3,2255
102740,55.0,Female,North,69500.78,Silver,Social_Media,8,,48.09,9.9,1842
105588,47.0,Male,East,37924.86,Bronze,Email,10,32.0,211.25,6.3,260
102473,42.0,Female,South,,Silver,Social_Media,5,59.0,80.82,6.1,2448
104008,44.0,Female,South,26657.73,Bronze,Organic,5,,21.7,6.7,236
104719,41.0,Male,South,35680.74,Silver,Organic,9,,48.13,3.8,1710
101494,25.0,Female,North,23587.18,Bronze,Social_Media,7,58.0,148.33,7.2,557
104207,38.0,Female,East,48490.93,Gold,Organic,11,67.0,130.52,7.3,1386
102159,46.0,Female,North,55045.58,Bronze,Paid_Ads,8,29.0,42.32,8.1,1696
101170,34.0,Male,North,121276.12,Gold,Referral,8,,132.12,7.7,703
105416,18.0,Female,East,84962.75,Silver,Paid_Ads,16,29.0,184.22,7.3,421
100233,,Male,East,,Bronze,Organic,1,,59.5,5.3,2180
100067,34.0,Male,South,72388.06,Bronze,Organic,11,21.0,162.53,7.8,1868
101604,21.0,Female,South,54003.55,Bronze,Paid_Ads,7,0.0,,7.7,742
103284,54.0,Male,West,24344.19,Silver,Referral,3,5.0,111.71,9.3,162
103597,33.0,Female,Central,111029.56,Silver,Paid_Ads,12,12.0,28.37,7.1,383
104633,27.0,Female,North,48803.87,Bronze,Paid_Ads,6,51.0,66.16,5.6,1905
100126,42.0,Female,North,28190.28,Silver,Organic,9,37.0,193.9,6.1,1439
101297,19.0,Female,East,48961.32,Silver,Paid_Ads,10,,90.34,8.3,344
101977,18.0,Male,North,117991.84,Bronze,Organic,10,53.0,93.35,7.1,134
105417,45.0,Female,East,22371.11,Bronze,Organic,11,,77.18,7.6,1114
105374,31.0,Male,West,88188.83,Gold,Social_Media,6,23.0,179.23,5.5,171
102076,23.0,Female,South,36648.39,Gold,Paid_Ads,6,28.0,45.94,8.7,2336
104581,34.0,Female,West,70361.91,Silver,Paid_Ads,11,42.0,118.34,6.9,544
103087,24.0,Female,West,41789.6,Bronze,Organic,9,18.0,253.96,,1533
105197,39.0,Other,South,53003.85,Silver,Organic,13,30.0,86.29,8.0,921
103346,35.0,Female,Central,50536.53,Bronze,Social_Media,7,32.0,83.73,7.3,539
105819,43.0,,North,32157.61,Silver,Social_Media,8,14.0,39.95,7.9,666
102798,35.0,Male,Central,91228.27,Bronze,Paid_Ads,7,44.0,102.69,7.1,1865
100919,54.0,Male,North,46642.13,Silver,Social_Media,4,9.0,163.78,6.7,1081
101647,37.0,Male,Central,20112.85,Bronze,Paid_Ads,11,33.0,314.99,7.2,699
105123,34.0,Female,South,47176.79,Silver,Paid_Ads,5,,31.26,5.9,360
105127,44.0,Female,Central,36981.09,Bronze,Paid_Ads,13,61.0,71.72,7.0,170
104979,52.0,Female,Central,21283.07,Silver,Referral,13,,162.31,8.6,2155
104622,37.0,Female,Central,51182.03,Bronze,Organic,9,28.0,,6.0,515
100365,36.0,Male,West,42806.66,Bronze,Referral,6,10.0,125.59,9.2,1159
103288,51.0,Female,North,34008.14,Silver,Organic,7,17.0,192.91,4.6,683
102126,40.0,Female,West,27300.73,Silver,Referral,9,11.0,60.85,5.4,976
104124,42.0,Male,North,77654.97,Bronze,Referral,7,12.0,202.88,9.4,1431
104570,43.0,Male,East,73272.96,Bronze,Organic,10,42.0,12.17,10.0,1067
100526,33.0,Male,North,88850.31,Platinum,Paid_Ads,6,14.0,134.73,5.4,541
104822,30.0,Male,North,,Gold,Email,7,12.0,332.24,8.9,2070
100056,30.0,Female,East,72405.05,Bronze,Organic,2,,79.33,4.4,1119
100639,45.0,Male,West,75856.68,Bronze,Paid_Ads,7,112.0,76.38,,403
100303,48.0,Female,East,48673.73,Silver,Social_Media,6,41.0,206.67,,2291
102767,18.0,Male,South,65884.23,Silver,Paid_Ads,13,72.0,56.83,6.2,2157
101277,31.0,Male,East,143325.54,Silver,Referral,7,,110.41,8.2,552
104721,,Male,Central,77356.41,Gold,Social_Media,6,,82.71,6.2,124
102056,45.0,Female,South,57074.67,Gold,Organic,7,,138.77,,1090
105146,39.0,Female,North,38525.49,Bronze,Paid_Ads,8,,,6.5,1501
104433,44.0,Male,North,85753.73,Silver,Organic,7,179.0,321.24,6.9,1530
103645,35.0,Female,Central,76972.36,Platinum,Referral,6,226.0,147.12,7.0,1367
104144,33.0,Male,West,44404.37,Platinum,Referral,4,3.0,133.93,8.6,1831
102879,28.0,Male,North,43918.68,Gold,Paid_Ads,9,,,6.5,1674
104203,44.0,Male,North,,Platinum,Paid_Ads,5,4.0,195.11,,237
102287,46.0,Female,Central,34447.48,Bronze,Social_Media,10,51.0,130.82,7.4,1463
102262,29.0,Female,South,60700.88,Bronze,Paid_Ads,11,4.0,,9.4,810
102297,69.0,Male,West,,Silver,Organic,4,6.0,101.09,,299
101754,31.0,Female,South,53854.94,Bronze,Organic,10,7.0,42.12,6.0,297
101969,33.0,Female,East,37455.64,Silver,Email,13,9.0,183.9,6.5,2243
105203,27.0,Female,Central,34386.83,Bronze,Paid_Ads,7,105.0,62.14,5.6,1286
103118,36.0,Female,Central,12863.14,Silver,Paid_Ads,5,,53.79,4.7,2466
102394,42.0,Male,West,32157.58,Gold,Paid_Ads,5,71.0,63.06,8.9,1639
100524,36.0,Male,South,71237.76,Silver,Paid_Ads,8,10.0,85.29,9.3,398
103901,46.0,Female,North,29853.02,Platinum,Organic,8,102.0,,6.5,539
105712,18.0,Female,East,28115.0,Bronze,Social_Media,11,,,5.6,1214
104700,38.0,Male,North,123991.98,Platinum,Social_Media,5,15.0,150.04,8.2,1473
105490,29.0,Male,West,,Gold,Organic,5,12.0,78.64,6.1,149
103123,46.0,Female,East,40488.35,Silver,Paid_Ads,11,24.0,,4.2,2238
104157,42.0,Male,Central,,Gold,Organic,8,14.0,4000.1958397305066,7.2,1024
101970,48.0,Male,Central,110912.49,Silver,Referral,3,4.0,126.88,7.6,1875
100672,41.0,,South,68299.17,Silver,Paid_Ads,7,,145.7,,1246
104189,29.0,Male,North,52292.6,Bronze,Social_Media,8,19.0,85.57,6.9,1299
100667,,Female,Central,44879.07,Platinum,Paid_Ads,10,49.0,387.94,7.1,1092
105533,37.0,Female,West,98706.13,Bronze,Organic,10,56.0,88.24,8.1,1342
101888,40.0,Male,South,29054.4,Bronze,Email,11,15.0,111.02,5.8,729
103267,18.0,Male,South,21739.29,Silver,Organic,8,70.0,131.45,6.8,1577
100281,44.0,,East,,Gold,Organic,6,228.0,136.22,7.7,1039
101720,22.0,Female,West,28904.58,Bronze,Organic,9,1.0,287.34,6.0,1885
102948,43.0,Female,West,45907.2,Bronze,Social_Media,6,69.0,182.36,4.2,2070
104456,68.0,Male,East,43019.98,Bronze,Organic,8,,215.93,10.0,2335
100900,20.0,Male,East,28083.57,Bronze,Paid_Ads,14,,172.94,7.3,1971
105815,47.0,Female,East,59120.99,Gold,Organic,10,,66.33,9.9,1787
100761,53.0,Female,Central,80636.22,Bronze,Paid_Ads,10,37.0,147.32,8.0,403
101907,38.0,Male,East,,Silver,Social_Media,11,,222.96,7.6,271
104043,38.0,Male,North,67977.96,Bronze,Social_Media,12,175.0,108.29,8.0,1900
103824,35.0,Female,South,56388.31,Bronze,Paid_Ads,11,70.0,132.1,6.5,2458
104139,26.0,Male,South,57172.72,Gold,Organic,5,72.0,258.75,3.2,1678
103819,57.0,Male,Central,47904.96,Platinum,Referral,6,39.0,182.51,8.0,1292
104301,33.0,Other,West,72983.83,Silver,Organic,11,12.0,100.61,7.1,425
102594,47.0,Female,Central,49450.5,Silver,Social_Media,6,56.0,103.02,5.4,349
104165,35.0,Male,South,78622.87,Bronze,Social_Media,8,20.0,174.66,8.3,687
103032,45.0,Female,Central,160058.81,Bronze,Referral,8,11.0,180.03,5.4,1904
103580,22.0,,East,,Bronze,Social_Media,9,76.0,74.65,,2219
102833,50.0,Male,East,32095.59,Silver,Paid_Ads,6,24.0,108.87,7.9,1695
103473,51.0,Female,East,58448.45,Silver,Paid_Ads,8,177.0,242.02,9.1,1083
100138,48.0,Female,West,21203.62,Silver,Organic,10,18.0,56.34,5.4,777
104893,25.0,Male,North,57712.93,Bronze,Social_Media,3,,273.19,7.3,332
102181,63.0,Male,North,60144.84,Silver,Social_Media,11,44.0,109.18,5.7,1253
102129,43.0,Male,Central,79780.97,Bronze,Referral,7,6.0,111.72,6.5,1303
103178,40.0,Male,West,92585.05,Gold,Organic,10,69.0,236.15,7.5,2375
104855,35.0,Male,South,30178.9,Silver,Paid_Ads,10,81.0,204.92,6.8,2403
104638,25.0,Male,South,120263.99,Platinum,Referral,8,3.0,157.43,6.7,1307
105116,45.0,Male,North,60820.6,Silver,Paid_Ads,7,,150.8,7.4,800
105224,43.0,Male,South,22359.83,Gold,Social_Media,11,6.0,212.32,6.9,196
104262,51.0,Female,West,69917.91,Platinum,Paid_Ads,4,,139.22,6.8,1166
104345,31.0,Female,West,,Bronze,Paid_Ads,6,66.0,69.56,5.8,2374
101332,25.0,Female,Central,166426.7,Silver,Email,8,10.0,225.63,7.1,162
102018,30.0,Female,Central,90866.02,Silver,Paid_Ads,11,38.0,144.57,7.4,2251
104543,18.0,Female,Central,51537.45,Bronze,Paid_Ads,7,4.0,48.13,5.7,455
102483,41.0,Female,Central,59125.26,Silver,Organic,6,40.0,259.83,5.4,1157
101359,33.0,Male,East,29606.84,Bronze,Paid_Ads,8,59.0,144.54,7.7,175
101330,47.0,Female,East,,Bronze,Referral,13,,115.0,9.0,1211
105909,47.0,Female,West,48618.8,Bronze,Email,13,64.0,59.7,8.4,2436
102151,37.0,Male,West,64635.28,Bronze,Paid_Ads,8,,70.01,7.7,53
104531,49.0,,East,,Bronze,Social_Media,3,193.0,49.94,8.9,466
102123,28.0,Female,West,,Bronze,Referral,7,,122.11,6.7,184
104674,40.0,,East,74402.68,Bronze,Social_Media,9,3.0,55.25,6.6,120
103982,35.0,,Central,93921.18,Bronze,Referral,10,3.0,3.0,8.4,1160
101253,28.0,Male,West,35079.93,Bronze,Paid_Ads,9,8.0,30.52,5.4,758
103279,29.0,Male,South,25349.9,Bronze,Organic,10,27.0,67.15,8.8,191
103375,38.0,Female,North,80406.89,Platinum,Referral,8,7.0,184.62,5.1,350
102815,38.0,Male,West,119550.94,Bronze,Social_Media,4,25.0,144.74,,1084
104720,40.0,Male,North,64079.41,Gold,Email,7,10.0,205.41,6.9,69
101849,33.0,,East,27617.2,Bronze,Referral,12,10.0,165.3,7.6,2322
104859,32.0,Female,East,32448.0,Platinum,Organic,8,42.0,,,885
103038,37.0,Other,East,100370.88,Bronze,Social_Media,7,4.0,128.28,8.6,1792
100389,41.0,Male,South,42551.39,Gold,Organic,9,4.0,120.54,,2129
100236,30.0,Female,Central,48680.92,Platinum,Social_Media,7,47.0,199.89,8.3,1886
101078,72.0,Female,East,46618.46,Silver,Referral,7,,70.1,7.5,984
101985,29.0,Male,South,63646.59,Bronze,Paid_Ads,7,,106.33,8.5,2167
104364,31.0,Male,West,57848.03,Silver,Organic,5,14.0,179.54,8.5,1229
103963,44.0,Female,North,,Silver,Social_Media,14,,95.3,,1410
100771,59.0,Male,South,68403.77,Silver,Referral,8,16.0,41.2,8.4,1531
102166,53.0,Female,South,87971.71,Silver,Referral,8,8.0,68.94,6.3,936
104534,20.0,Male,North,20829.56,Silver,Paid_Ads,6,104.0,76.05,6.7,1885
100674,,Male,South,25827.49,Silver,Organic,8,79.0,104.7,8.8,1148
100250,24.0,Female,Central,60386.02,Bronze,Social_Media,5,9.0,71.89,7.2,234
101575,21.0,Female,West,53832.85,Bronze,Referral,14,35.0,36.17,7.6,344
103420,53.0,Female,West,66706.56,Silver,Referral,2,,115.24,7.2,216
102082,43.0,Male,East,34703.99,Bronze,Referral,6,3.0,331.49,7.3,1801
101824,46.0,Female,West,110673.89,Bronze,Referral,5,125.0,88.8,7.1,2115
105551,47.0,Male,South,104441.0,Bronze,Email,3,26.0,131.11,7.5,1020
105739,18.0,Male,East,,Bronze,Organic,4,216.0,130.91,7.4,1933
104545,45.0,Male,North,49178.3,Silver,Organic,7,,179.18,6.4,417
100717,19.0,Female,North,44493.22,Silver,Paid_Ads,3,49.0,109.85,8.1,585
105345,37.0,Female,West,64009.6,Gold,Paid_Ads,6,,,7.9,536
105600,34.0,Male,North,52794.57,Silver,Organic,9,,225.39,4.3,2143
102049,39.0,Other,Central,88910.55,Bronze,Paid_Ads,7,24.0,28.98,9.1,1813
104179,18.0,Female,South,65411.68,Bronze,Referral,5,1.0,54.02,7.9,2186
104810,37.0,Male,North,58091.28,Bronze,Organic,6,46.0,170.32,8.1,1363
102725,31.0,Male,North,83304.48,Silver,Social_Media,7,105.0,56.02,6.8,1840
105421,49.0,Female,South,69510.71,Bronze,Paid_Ads,7,,36.46,6.7,566
101461,50.0,Male,East,63443.87,Bronze,Organic,5,,64.03,7.6,527
101669,41.0,Other,South,82186.68,Gold,Paid_Ads,6,,112.06,7.6,1635
102757,46.0,Female,Central,,Bronze,Social_Media,13,9.0,140.67,7.2,447
102001,33.0,,South,62951.57,Bronze,Referral,4,33.0,26.92,6.4,740
104572,58.0,Male,West,39156.81,Bronze,Organic,9,,,6.3,1935
104614,30.0,Female,West,46870.59,Bronze,Social_Media,10,49.0,151.57,3.8,160
100405,44.0,Female,South,49933.68,Bronze,Paid_Ads,10,,90.39,9.8,205
100385,19.0,Female,East,,Gold,Organic,6,43.0,61.32,7.3,1637
105386,52.0,Female,South,35450.38,Gold,Paid_Ads,7,7.0,128.24,9.3,321
102153,28.0,Male,West,,Silver,Organic,4,5.0,52.45,4.9,665
101634,38.0,Male,North,,Bronze,Organic,12,,75.49,7.0,610
105495,47.0,Male,West,78108.24,Platinum,Organic,9,30.0,116.88,5.5,1736
104785,39.0,Male,Central,,Platinum,Paid_Ads,7,68.0,149.59,8.8,491
103926,49.0,Female,North,76210.87,Gold,Referral,6,15.0,119.02,6.6,690
104159,51.0,Female,East,51453.02,Bronze,Paid_Ads,8,17.0,39.58,7.0,1494
104949,38.0,Male,Central,22655.93,Bronze,Paid_Ads,3,85.0,195.65,6.3,2182
100224,25.0,Male,Central,76223.69,Gold,Referral,3,20.0,221.67,7.2,1089
102194,38.0,Male,South,42133.61,Gold,Organic,6,3.0,,6.7,1854
103137,53.0,Female,North,45540.26,Silver,Paid_Ads,8,76.0,158.04,6.8,739
104470,28.0,,North,48220.71,Platinum,Referral,6,,,6.0,2097
101825,27.0,Female,East,33592.29,Silver,Organic,15,157.0,158.28,7.9,335
105510,43.0,Female,Central,75212.83,Bronze,Organic,9,,83.16,7.4,634
105125,32.0,Male,North,55489.13,Platinum,Referral,5,,153.94,5.5,118
104973,50.0,Female,Central,86126.68,Silver,Paid_Ads,6,,60.25,6.7,2400
100798,51.0,Female,West,64408.01,Gold,Referral,2,,173.96,8.8,61
102872,30.0,Female,South,104624.48,Bronze,Organic,4,26.0,,8.2,2379
100010,28.0,Female,Central,65181.89,Bronze,Organic,3,,108.99,8.8,1706
101945,33.0,Male,West,50807.73,Bronze,Paid_Ads,8,,26.42,7.2,1697
101839,56.0,Male,South,61285.27,Silver,Organic,5,34.0,202.31,5.8,1254
104805,32.0,Male,South,43773.7,Bronze,Organic,6,,105.0,7.7,1842
100256,47.0,Male,Central,82203.41,Silver,Paid_Ads,12,,150.67,5.9,439
104486,30.0,Female,West,117925.63,Gold,Referral,6,15.0,,7.0,94
105403,22.0,Female,West,51455.1,Silver,Social_Media,7,20.0,138.65,9.9,138
101582,36.0,Male,North,82698.57,Bronze,Paid_Ads,4,,191.77,4.9,916
102957,44.0,Male,East,21372.15,Bronze,Social_Media,8,,124.31,7.3,1017
100925,36.0,Male,North,53445.45,Bronze,Referral,8,,40.29,6.7,1406
105548,50.0,Female,Central,75448.6,Silver,Paid_Ads,10,7.0,62.72,,97
102509,49.0,Female,East,53274.04,Bronze,Social_Media,5,43.0,,7.6,961
105025,33.0,Male,North,79645.36,Bronze,Organic,4,5.0,153.83,8.0,853
103776,27.0,Female,South,60406.91,Silver,Social_Media,4,,77.62,6.6,759
104836,29.0,Female,North,48776.33,Silver,Referral,3,95.0,174.36,9.1,148
104137,55.0,Female,West,34456.22,Silver,Referral,9,142.0,69.56,9.9,2285
104965,30.0,Male,East,110606.86,Bronze,Social_Media,7,20.0,127.72,7.6,1723
102780,26.0,Female,West,57610.41,Bronze,Paid_Ads,13,4.0,29.97,8.7,567
100540,29.0,Female,East,,Platinum,Social_Media,8,5.0,104.02,6.7,2088
102746,52.0,Other,South,20690.87,Silver,Social_Media,4,,102.41,9.1,907
105392,21.0,Female,East,29034.84,Bronze,Email,9,1.0,35.12,4.1,2390
105477,27.0,Male,South,64865.35,Bronze,Organic,4,,56.25,,1786
101146,46.0,Female,East,44448.74,Bronze,Email,10,15.0,97.37,6.2,1355
105128,54.0,Other,North,48573.06,Gold,Organic,9,64.0,145.94,8.6,451
104469,67.0,Male,North,51813.48,Silver,Paid_Ads,7,1.0,107.58,,1444
100668,44.0,Female,West,,Gold,Paid_Ads,9,,,7.5,120
103020,18.0,Female,West,41847.25,Bronze,Organic,9,,97.62,3.9,1088
100358,41.0,Other,East,75387.79,Gold,Paid_Ads,13,,87.7,7.8,1341
105064,,Female,South,62106.09,Bronze,Organic,4,16.0,153.5,7.1,2399
102832,50.0,Male,East,51384.02,Bronze,Paid_Ads,8,17.0,121.35,9.4,532
102784,51.0,Female,South,16004.44,Silver,Email,14,25.0,82.89,7.7,854
101354,42.0,Male,South,55587.15,Gold,Paid_Ads,8,33.0,132.75,6.3,1142
105132,38.0,Male,North,27133.97,Bronze,Email,11,46.0,11.1,8.2,2171
100471,42.0,Male,West,74609.09,Bronze,Referral,8,68.0,,7.2,123
102704,52.0,Female,North,93066.55,Platinum,Social_Media,12,13.0,,7.9,713
103331,38.0,Male,West,42313.03,Platinum,Organic,4,55.0,100.12,6.1,1573
103638,54.0,Female,North,42965.03,Silver,Paid_Ads,9,,63.82,7.0,1344
101397,45.0,Female,South,70093.62,Silver,Organic,7,6.0,87.28,8.1,2053
103585,42.0,Female,North,70104.66,Bronze,Referral,5,13.0,88.47,6.5,1076
105380,50.0,Other,Central,106296.19,Silver,Organic,8,27.0,192.97,6.6,1974
105263,44.0,Male,North,59969.47,Silver,Organic,15,10.0,258.79,9.2,1564
103377,46.0,Female,South,39952.09,Gold,Social_Media,3,,52.44,6.6,1591
101257,47.0,Female,North,115089.07,Silver,Organic,9,38.0,311.87,8.4,1243
103513,30.0,Male,Central,112435.09,Silver,Paid_Ads,5,26.0,177.41,8.1,849
101251,50.0,Male,North,35030.39,Platinum,Referral,5,17.0,153.29,7.9,1060
105763,31.0,Male,North,,Silver,Organic,7,99.0,114.31,6.7,279
104299,58.0,Male,East,,Gold,Organic,9,,63.45,5.3,1940
103285,29.0,Male,South,102281.8,Bronze,Referral,10,29.0,102.6,9.3,677
102934,51.0,Female,Central,46725.82,Silver,Referral,9,1.0,67.73,6.0,613
104176,32.0,Female,South,21015.54,Silver,Paid_Ads,9,,109.59,8.2,2396
105269,47.0,Male,South,19389.66,Bronze,Social_Media,8,8.0,38.47,7.9,1701
104911,29.0,,Central,,Bronze,Organic,7,37.0,66.61,5.0,2082
101853,34.0,Female,Central,140532.55,Silver,Paid_Ads,5,13.0,167.79,6.8,50
105613,30.0,Male,East,124894.79,Bronze,Paid_Ads,8,14.0,52.05,5.0,220
105842,35.0,Male,East,87843.9,Gold,Organic,8,,80.47,10.0,648
102106,32.0,Female,West,24911.25,Bronze,Referral,8,13.0,97.62,5.7,2487
100134,35.0,Male,North,27956.44,Silver,Organic,5,,41.61,6.2,809
105237,27.0,Female,North,42277.62,Gold,Paid_Ads,7,180.0,142.25,9.2,1397
105030,18.0,Other,Central,105369.45,Bronze,Social_Media,8,4.0,66.77,7.5,1156
100929,35.0,Male,Central,38535.56,Bronze,Email,15,23.0,58.36,6.6,2136
100824,18.0,Female,South,87256.16,Silver,Organic,11,,72.07,7.4,2200
105447,19.0,Female,North,74451.54,Silver,Email,10,1.0,91.9,7.3,1814
101532,42.0,Male,North,40378.92,Silver,Referral,10,1.0,92.32,6.6,2008
101215,18.0,Male,West,35290.13,Silver,Email,10,,122.7,6.9,281
100505,18.0,,North,58301.41,Bronze,Paid_Ads,8,14.0,59.24,5.9,1132
104286,58.0,Male,West,,Bronze,Paid_Ads,6,46.0,105.42,,1162
101997,42.0,Female,South,135702.74,Silver,Paid_Ads,4,,82.37,7.3,719
103073,19.0,Male,North,,Silver,Organic,11,4.0,147.73,9.2,70
101959,35.0,Male,North,73445.69,Gold,Paid_Ads,10,15.0,97.36,8.2,1018
101385,,Female,South,88500.03,Bronze,Paid_Ads,8,,,6.9,2351
100895,34.0,Other,West,51970.88,Bronze,Organic,10,6.0,51.37,8.7,2324
104925,21.0,Male,North,120441.65,Bronze,Paid_Ads,4,35.0,117.84,5.7,183
100456,40.0,Male,North,40176.91,Bronze,Paid_Ads,14,18.0,137.14,8.5,1130
105559,31.0,Male,Central,54628.0,Bronze,Organic,10,143.0,52.34,8.8,2300
103710,35.0,Male,Central,46593.58,Bronze,Email,12,,,4.0,1911
105534,40.0,Female,East,70335.92,Bronze,Referral,10,,133.57,6.0,521
104850,38.0,Male,East,96494.65,Gold,Social_Media,9,21.0,,7.8,1806
104749,25.0,Male,South,27597.0,Bronze,Organic,6,12.0,9.83,6.1,1573
104269,52.0,Male,Central,41203.61,Gold,Referral,6,,142.57,7.7,728
103523,34.0,Female,West,,Bronze,Social_Media,5,,32.8,6.5,1703
104135,25.0,Female,East,,Bronze,Email,7,25.0,125.33,5.9,1006
103603,21.0,Female,North,78927.83,Bronze,Paid_Ads,9,18.0,115.21,,354
100714,38.0,Male,Central,38103.63,Bronze,Organic,6,30.0,75.54,7.3,2065
104187,43.0,Female,North,80718.5,Silver,Paid_Ads,14,26.0,75.75,,2291
102215,28.0,Female,South,30329.64,Platinum,Organic,5,,142.96,7.6,821
105302,28.0,Female,Central,99568.65,Bronze,Organic,2,24.0,84.02,6.1,1636
102924,30.0,Male,East,62344.45,Silver,Email,4,,296.55,8.3,1890
101811,18.0,Male,North,66984.27,Silver,Social_Media,9,48.0,98.04,4.4,1344
103487,47.0,Female,South,35275.67,Bronze,Organic,7,30.0,64.24,7.5,253
103142,74.0,Male,South,,Silver,Email,5,6.0,104.78,8.9,1611
101828,57.0,Male,East,49727.57,Silver,Paid_Ads,7,118.0,132.98,6.2,1524
101156,39.0,Male,East,79436.98,Silver,Social_Media,7,16.0,127.36,9.0,1015
101325,41.0,Female,North,98082.84,Silver,Social_Media,12,80.0,307.18,7.3,222
104313,39.0,Male,East,48205.05,Silver,Organic,14,25.0,216.05,7.6,909
100511,19.0,Male,East,40402.26,Bronze,Paid_Ads,5,3.0,116.41,10.0,1837
101681,20.0,Male,South,47610.4,Gold,Organic,10,9.0,130.68,7.8,1090
100500,20.0,Male,North,147769.34,Bronze,Organic,10,18.0,19.92,8.8,1215
105438,37.0,Female,West,51155.29,Bronze,Social_Media,7,102.0,23.06,9.6,2161
101857,36.0,Male,North,58549.52,Bronze,Social_Media,7,42.0,175.35,9.0,2356
101389,42.0,Male,West,28827.01,Silver,Email,10,25.0,122.21,6.6,270
103720,41.0,Male,Central,55459.44,Platinum,Social_Media,9,127.0,392.29,9.9,1117
102387,19.0,Male,South,58866.58,Silver,Paid_Ads,6,41.0,175.53,7.4,310
103237,,Female,South,78202.09,Bronze,Social_Media,7,31.0,228.99,4.8,1399
101541,35.0,Female,East,34938.61,Bronze,Paid_Ads,17,153.0,88.75,6.4,1499
101218,18.0,Female,West,45837.52,Bronze,Referral,10,,78.62,9.0,875
102682,35.0,Other,South,74097.35,Bronze,Organic,10,46.0,90.59,8.0,853
102994,67.0,Female,West,102909.78,Gold,Paid_Ads,7,22.0,328.41,6.7,1141
101192,50.0,Female,North,33442.3,Bronze,Organic,7,36.0,80.92,7.9,2094
105294,67.0,Female,East,40971.43,Silver,Email,6,29.0,119.81,4.7,1059
101543,41.0,,East,45199.2,Bronze,Social_Media,11,36.0,25.09,8.4,2225
103302,63.0,Female,West,35441.18,Silver,Organic,7,63.0,45.48,6.4,1733
103325,49.0,Female,South,143854.24,Bronze,Paid_Ads,6,,115.41,6.6,119
102540,46.0,Female,North,62116.26,Silver,Social_Media,6,10.0,66.87,6.0,105
100954,24.0,Female,North,74449.11,Silver,Referral,12,18.0,182.98,7.3,980
104847,49.0,Female,South,27808.09,Bronze,Paid_Ads,6,39.0,27.45,4.8,227
104331,60.0,Male,Central,78747.97,Silver,Paid_Ads,5,68.0,39.42,8.6,1331
100733,45.0,Other,West,46677.95,Bronze,Referral,5,10.0,140.65,7.8,506
105992,49.0,Male,Central,32640.86,Gold,Email,14,106.0,129.87,7.2,1591
101157,38.0,,West,59598.89,Silver,Organic,14,150.0,118.88,6.0,909
105558,44.0,Female,Central,,Silver,Referral,6,55.0,50.92,7.7,971
103295,31.0,Female,North,32725.71,Bronze,Organic,6,57.0,119.9,9.1,2304
102983,36.0,Female,South,20551.45,Bronze,Email,11,48.0,17.72,6.2,2170
105306,60.0,Female,East,66782.22,Silver,Organic,11,20.0,131.51,4.8,997
105162,20.0,Male,West,228553.1,Bronze,Organic,11,104.0,87.24,5.9,1276
102157,42.0,Female,West,49654.32,Silver,Paid_Ads,11,,188.71,5.3,1176
101063,33.0,Female,East,71796.07,Bronze,Organic,6,48.0,216.86,8.3,761
102617,38.0,Female,North,51031.63,Silver,Organic,8,,56.86,6.2,999
101168,,Male,West,58408.63,Gold,Organic,7,3.0,93.21,8.5,1482
103223,18.0,Male,Central,59503.36,Bronze,Referral,11,80.0,151.0,5.9,1468
103637,35.0,Female,Central,38098.84,Silver,Email,10,16.0,119.57,6.9,1591
102939,33.0,Male,West,99432.98,Gold,Social_Media,11,15.0,103.45,7.3,1216
104492,27.0,Female,North,55284.89,Bronze,Organic,3,15.0,56.68,5.8,438
103141,36.0,Male,Central,,Bronze,Social_Media,11,17.0,43.64,9.1,2073
104981,45.0,Male,Central,71661.42,Bronze,Organic,7,27.0,140.15,5.1,2105
100144,41.0,Female,Central,53139.54,Silver,Organic,7,73.0,174.66,9.7,986
103578,40.0,Male,West,108405.54,Silver,Organic,9,0.0,154.1,8.3,1899
104947,55.0,,West,55196.93,Gold,Social_Media,7,14.0,82.27,7.6,2439
102783,44.0,Female,West,58176.49,Gold,Referral,6,22.0,143.0,7.9,192
100718,46.0,Male,Central,60616.51,Silver,Organic,5,32.0,71.83,6.0,83
101820,35.0,Female,West,101394.06,Gold,Referral,5,34.0,109.39,6.8,953
102503,50.0,Male,South,38596.69,Silver,Organic,5,72.0,126.6,9.0,1495
104361,,Other,South,23097.95,Silver,Referral,9,18.0,,3.0,1070
104172,,Female,Central,52742.01,Bronze,Organic,13,45.0,57.14,8.7,1714
100396,40.0,Female,West,48341.57,Bronze,Paid_Ads,8,,,7.7,1607
105798,40.0,Male,South,53513.42,Silver,Paid_Ads,10,65.0,84.96,,1253
104493,29.0,Male,East,32184.94,Bronze,Referral,9,133.0,34.88,7.4,1728
101366,43.0,,Central,,Platinum,Paid_Ads,11,26.0,114.55,7.9,101
105901,39.0,Female,Central,,Bronze,Referral,7,13.0,127.49,8.1,1124
100596,33.0,Male,West,42792.48,Bronze,Organic,12,100.0,,6.5,1813
103953,37.0,Female,South,77495.11,Silver,Social_Media,6,95.0,66.18,4.9,914
105393,19.0,Female,East,41203.55,Silver,Organic,7,23.0,49.41,8.1,841
104969,34.0,Female,East,40299.27,Silver,Referral,7,,30.87,4.8,2069
102915,42.0,,West,87362.46,Silver,Organic,7,39.0,77.79,8.8,432
102327,18.0,Male,Central,49096.33,Platinum,Social_Media,10,11.0,141.05,4.7,2050
103767,49.0,Female,South,47468.66,Bronze,Organic,7,43.0,55.04,6.9,2020
103441,62.0,Female,North,51799.7,Silver,Paid_Ads,14,15.0,119.1,6.7,1404
103852,29.0,Male,South,,Bronze,Social_Media,8,,56.63,6.1,592
104133,42.0,Male,South,77465.01,Silver,Social_Media,13,13.0,45.45,6.2,2239
105500,29.0,Female,South,53680.77,Bronze,Organic,7,15.0,164.34,5.9,97
102144,43.0,Female,North,84201.51,Gold,Referral,5,,62.07,9.9,1845
105823,40.0,Male,Central,28544.81,Platinum,Paid_Ads,7,,125.34,6.9,250
105074,35.0,Male,West,108457.84,Bronze,Social_Media,13,49.0,,7.5,2228
101572,35.0,Male,South,72300.53,Silver,Referral,11,,170.39,6.2,300
104080,32.0,Female,North,57572.59,Bronze,Social_Media,9,94.0,,7.6,2036
101123,29.0,Female,East,25832.73,Bronze,Paid_Ads,13,,117.36,8.4,1564
102787,38.0,Male,Central,113337.71,Bronze,Organic,9,6.0,126.62,8.4,1053
102968,30.0,Female,West,,Silver,Organic,8,17.0,204.48,8.6,818
102505,53.0,Male,South,32628.48,Silver,Referral,12,36.0,128.63,6.8,1451
103466,63.0,Male,East,123899.93,Silver,Organic,6,2.0,42.37,5.5,1998
100676,42.0,Male,East,40575.02,Silver,Social_Media,9,11.0,222.73,8.4,641
102809,41.0,Male,West,63444.44,Bronze,Paid_Ads,2,35.0,64.85,8.5,1211
103349,44.0,Male,West,47801.89,Silver,Email,8,,,8.1,1269
100729,24.0,Male,West,123510.96,Silver,Organic,9,1.0,14.31,9.7,566
100413,30.0,Other,East,,Gold,Organic,16,34.0,103.72,5.9,2195
103147,,Male,West,,Silver,Social_Media,12,91.0,270.57,6.5,1303
101517,29.0,Female,South,77343.28,Silver,Email,5,,107.16,6.9,451
100826,38.0,Male,West,91807.64,Silver,Organic,7,37.0,,7.6,346
103268,38.0,Male,East,52758.98,Gold,Organic,11,135.0,94.35,6.3,2025
103975,30.0,Male,South,50681.05,Bronze,Referral,7,91.0,47.79,6.5,1536
100617,47.0,Other,North,56200.93,Silver,Organic,5,2.0,242.26,6.1,2289
100115,39.0,Male,Central,66003.79,Bronze,Social_Media,4,,34.49,7.3,290
100418,54.0,Other,West,,Bronze,Organic,5,1.0,199.82,8.3,97
103070,28.0,Male,South,36017.77,Gold,Social_Media,7,61.0,280.99,8.3,1222
101626,52.0,Male,North,54286.31,Bronze,Paid_Ads,5,37.0,163.56,10.0,1040
105940,45.0,Other,West,109344.52,Bronze,Organic,6,28.0,85.05,7.7,298
104186,43.0,Female,East,43505.19,Bronze,Paid_Ads,11,1.0,54.94,7.4,447
102897,50.0,Female,South,80863.68,Silver,Organic,6,10.0,93.59,6.5,1345
105603,46.0,Other,West,32644.37,Bronze,Social_Media,6,89.0,138.21,8.9,1069
102083,24.0,Male,Central,93981.8,Gold,Social_Media,3,16.0,106.57,8.0,799
100754,63.0,Male,North,70963.58,Bronze,Social_Media,6,125.0,,5.3,1174
102547,34.0,Female,South,43581.38,Bronze,Referral,7,,124.32,7.1,1911
103970,26.0,Male,North,,Bronze,Paid_Ads,4,,50.62,7.4,120
103374,31.0,Female,West,58770.28,Silver,Referral,11,,53.47,7.4,1870
104108,53.0,Female,Central,29493.84,Gold,Organic,9,105.0,160.4,6.6,2164
102445,48.0,Female,Central,74530.01,Silver,Email,8,21.0,75.38,6.4,208
104381,61.0,Male,North,26764.31,Silver,Email,15,11.0,32.9,7.8,617
101067,25.0,Male,East,,Gold,Organic,7,64.0,87.92,8.3,916
103914,22.0,Male,Central,66137.25,Platinum,Social_Media,7,,263.17,7.0,2119
105288,29.0,Female,South,69193.3,Bronze,Paid_Ads,8,,147.89,5.9,1464
105388,35.0,Female,East,37719.21,Silver,Organic,11,,62.0,6.3,657
103499,35.0,Male,South,87736.28,Gold,Organic,6,80.0,84.49,6.2,1122
102739,67.0,Male,West,42171.47,Silver,Social_Media,5,,104.32,9.1,1340
105053,51.0,Female,Central,58378.88,Bronze,Social_Media,6,43.0,61.92,7.4,1155
104001,41.0,Male,Central,58648.93,Silver,Social_Media,6,75.0,74.12,6.7,485
101569,47.0,Female,East,95767.11,Bronze,Social_Media,8,19.0,153.83,7.6,2141
102428,31.0,Female,East,,Silver,Organic,14,36.0,204.52,10.0,1311
103747,18.0,,South,25956.19,Bronze,Email,6,,14.88,6.4,1667
105562,68.0,Female,South,79533.16,Gold,Social_Media,7,,,7.8,362
101688,41.0,Male,East,67947.65,Platinum,Organic,9,50.0,161.77,6.6,2389
100852,32.0,Female,East,126665.3,Bronze,Social_Media,10,21.0,,8.8,1769
103547,57.0,Male,South,,Bronze,Paid_Ads,5,60.0,43.44,9.0,1507
100896,51.0,Male,West,36953.3,Bronze,Organic,9,55.0,59.29,7.1,2131
104593,41.0,Female,East,96698.97,Silver,Paid_Ads,5,75.0,170.83,8.8,1416
100336,23.0,Male,Central,23716.72,Bronze,Paid_Ads,6,41.0,,8.1,728
102840,39.0,Female,East,68639.05,Silver,Social_Media,8,11.0,243.53,6.1,1419
103088,27.0,Male,East,41551.21,Bronze,Social_Media,10,19.0,40.47,7.1,2352
104612,62.0,,South,24818.89,Silver,Organic,9,59.0,95.73,6.7,1106
101349,49.0,,South,68842.78,Gold,Paid_Ads,8,13.0,95.7,4.3,682
101016,26.0,Other,South,40226.83,Bronze,Social_Media,5,31.0,119.54,8.2,1841
102817,20.0,Other,South,52062.78,Gold,Social_Media,11,12.0,128.45,8.2,163
101632,28.0,Female,East,23623.01,Silver,Paid_Ads,9,30.0,84.58,8.9,2109
102490,38.0,Female,South,23916.19,Bronze,Paid_Ads,14,12.0,167.85,,2125
103731,29.0,,North,,Gold,Email,6,1.0,170.47,7.7,901
103252,37.0,,South,42007.5,Silver,Organic,9,123.0,194.36,6.5,2472
105556,40.0,Female,South,29954.4,Silver,Social_Media,7,,140.9,7.4,312
102071,34.0,Female,Central,112867.57,Bronze,Paid_Ads,10,75.0,65.53,7.9,2033
104453,22.0,Female,South,61183.07,Bronze,Referral,8,22.0,63.65,7.4,1084
105859,52.0,Male,South,57207.14,Silver,Organic,5,,,6.9,1278
105409,25.0,Male,South,87200.81,Bronze,Paid_Ads,8,,80.33,8.3,841
101636,51.0,Female,South,53125.06,Gold,Paid_Ads,12,34.0,184.76,6.9,385
104647,37.0,Male,West,,Silver,Organic,3,80.0,67.75,8.4,848
102480,35.0,Female,Central,54905.9,Gold,Paid_Ads,6,21.0,253.19,9.8,1315
102266,47.0,Male,West,60877.96,Bronze,Organic,9,130.0,134.69,7.4,379
102960,61.0,Female,Central,30383.9,Gold,Organic,7,29.0,177.6,6.9,1775
105324,28.0,Female,North,120119.25,Silver,Paid_Ads,9,14.0,244.34,,1669
105673,38.0,Female,North,122371.92,Bronze,Organic,8,52.0,313.44,7.4,1333
103060,34.0,Female,East,72230.9,Bronze,Social_Media,11,91.0,83.01,6.8,1968
105054,29.0,Female,West,,Silver,Paid_Ads,8,78.0,72.53,8.2,2149
102142,34.0,Male,South,87235.05,Bronze,Email,10,28.0,91.24,6.6,1630
105105,38.0,Male,West,70510.04,Bronze,Social_Media,12,12.0,272.46,7.4,1582
103119,28.0,Female,South,52493.08,Bronze,Paid_Ads,9,16.0,36.23,6.1,351
105189,39.0,Female,East,38274.11,Gold,Paid_Ads,10,3.0,131.78,,1634
105665,50.0,Other,South,29525.92,Bronze,Paid_Ads,9,,182.67,5.5,2468
104046,36.0,Male,North,25987.38,Silver,Paid_Ads,9,16.0,155.22,6.1,1582
103357,31.0,Male,West,46909.01,Bronze,Referral,6,39.0,119.53,8.0,1584
102745,50.0,Female,West,38122.43,Platinum,Organic,4,119.0,188.15,6.2,1429
105093,22.0,Male,South,,Bronze,Social_Media,10,22.0,75.3,7.1,1278
103507,36.0,Male,West,47654.68,Silver,Email,8,,132.18,9.1,2371
101680,35.0,Female,North,38659.48,Silver,Referral,13,,160.29,5.7,2419
104250,56.0,Female,West,73298.49,Silver,Paid_Ads,7,48.0,34.91,7.6,151
103148,37.0,Male,Central,35433.98,Silver,Organic,9,45.0,230.11,5.7,79
102295,52.0,Male,West,71179.98,Gold,Email,4,31.0,140.03,7.2,2205
100581,18.0,Male,East,22537.43,Bronze,Paid_Ads,10,26.0,131.51,8.1,1825
101471,39.0,Male,East,59121.32,Gold,Social_Media,6,59.0,170.25,7.9,1634
104800,33.0,Female,East,89978.97,Bronze,Referral,7,132.0,167.68,7.8,2228
104071,35.0,Female,Central,75891.77,Gold,Organic,5,47.0,233.87,8.7,2070
105309,54.0,Female,East,32976.42,Bronze,Paid_Ads,5,,16.59,4.4,928
103344,47.0,Female,South,40244.79,Silver,Email,13,74.0,41.03,5.8,2272
104993,31.0,Female,West,27223.78,Bronze,Social_Media,9,,44.44,6.7,207
104584,53.0,Female,West,108079.72,Silver,Social_Media,8,,,5.4,65
103673,45.0,Male,Central,54074.41,Bronze,Social_Media,14,101.0,,7.5,340
100560,27.0,Female,South,50282.17,Bronze,Email,4,5.0,72.61,7.6,109
105238,42.0,Male,West,,Bronze,Referral,8,9.0,86.22,9.8,2253
105216,29.0,Male,West,27164.68,Silver,Organic,6,,189.15,5.2,1794
102850,50.0,Female,Central,105004.47,Bronze,Organic,4,52.0,57.77,6.0,2001
100513,39.0,Female,West,65255.33,Bronze,Social_Media,10,70.0,,5.5,1211
104730,34.0,,North,32585.61,Gold,Social_Media,10,9.0,252.7,7.8,1769
101082,36.0,Male,South,86475.35,Bronze,Organic,11,77.0,27.34,6.6,1589
101665,52.0,Male,North,42443.28,Silver,Social_Media,11,9.0,239.72,6.0,1294
101013,32.0,Female,North,,Platinum,Organic,10,120.0,228.41,6.7,1123
101932,33.0,Male,West,25927.81,Bronze,Organic,13,166.0,97.52,7.2,98
101151,40.0,Other,South,44355.85,Bronze,Referral,15,15.0,249.01,4.0,240
102839,52.0,Female,West,,Gold,Paid_Ads,8,,69.39,6.4,1919
100117,41.0,Male,East,29997.44,Silver,Social_Media,7,35.0,202.16,6.1,1927
100741,50.0,Male,West,29265.92,Silver,Paid_Ads,0,18.0,,5.9,451
105762,45.0,Female,South,37843.64,Bronze,Organic,7,,12.49,7.4,2435
105178,55.0,Female,East,71938.66,Bronze,Organic,7,,59.49,8.2,1286
103676,62.0,Female,South,42213.66,Bronze,Paid_Ads,3,72.0,77.53,6.4,1922
100831,43.0,Female,Central,48704.54,Silver,Paid_Ads,7,2.0,74.25,,1997
100120,35.0,Female,Central,44508.79,Gold,Paid_Ads,3,44.0,74.84,8.6,1004
104753,,Male,Central,52659.92,Silver,Social_Media,9,79.0,603.8,6.2,1815
105729,52.0,Male,South,29387.53,Gold,Paid_Ads,6,110.0,78.91,8.4,1786
105682,61.0,Male,South,53093.76,Silver,Referral,6,,,9.4,2228
105929,45.0,Male,East,44798.19,Platinum,Social_Media,11,31.0,,8.6,2454
100636,35.0,Male,North,49933.6,Bronze,Paid_Ads,7,44.0,17.91,9.3,2003
104466,44.0,Female,North,,Gold,Social_Media,9,42.0,136.02,8.2,516
104365,18.0,Male,Central,31291.52,Silver,Paid_Ads,3,31.0,96.4,7.8,426
104143,41.0,Female,South,59145.16,Platinum,Referral,12,50.0,152.48,9.8,388
100992,56.0,Male,Central,63039.59,Bronze,Paid_Ads,5,18.0,78.97,6.5,91
100877,38.0,Female,West,36529.38,Silver,Social_Media,13,8.0,83.49,,2060
104870,39.0,Male,South,23351.83,Gold,Organic,13,153.0,204.44,6.3,1859
105316,51.0,Male,North,,Bronze,Referral,10,,34.73,9.5,1656
105223,54.0,Male,North,30354.92,Bronze,Referral,9,,29.77,8.2,1955
100005,18.0,Male,North,14134.58,Bronze,Paid_Ads,6,101.0,139.26,,857
103052,27.0,Female,South,46799.87,Bronze,Social_Media,12,14.0,134.84,6.3,1301
103125,41.0,Female,South,34083.67,Bronze,Email,7,16.0,76.0,,136
102661,26.0,Male,South,45905.42,Gold,Social_Media,7,26.0,175.85,3.8,273
102492,30.0,Female,North,,Silver,Social_Media,5,,169.27,4.7,899
105174,27.0,Male,West,78374.17,Gold,Paid_Ads,9,,64.47,7.0,244
103855,39.0,Other,North,67772.39,Bronze,Paid_Ads,7,29.0,102.58,3.5,1915
104934,44.0,Male,East,28002.0,Bronze,Referral,8,86.0,41.95,5.9,2353
104778,22.0,Male,North,29706.75,Silver,Referral,9,80.0,128.35,6.7,2407
101716,40.0,Female,Central,32186.17,Silver,Referral,6,,108.88,6.4,342
101149,50.0,Male,East,83938.97,Bronze,Organic,6,11.0,40.88,5.3,440
103262,25.0,Female,East,55203.17,Gold,Organic,6,0.0,118.28,8.3,872
100575,40.0,Female,West,44080.6,Gold,Organic,5,,70.76,9.3,255
103770,47.0,Female,South,23213.8,Gold,Email,9,,112.3,,598
103737,32.0,Female,North,193227.23,Bronze,Email,3,,73.9,7.5,2467
104147,39.0,,North,49593.1,Bronze,Social_Media,7,130.0,,6.5,1571
100854,38.0,Male,East,30282.17,Bronze,Organic,5,,93.65,6.2,305
101983,38.0,Female,East,54356.24,Silver,Paid_Ads,7,,33.46,,1347
102775,33.0,Male,North,,Silver,Organic,10,24.0,55.02,7.3,712
104930,51.0,Female,North,58344.64,Bronze,Referral,8,67.0,31.26,9.7,1506
105212,47.0,,West,72163.3,Bronze,Organic,5,6.0,186.99,7.8,1823
101167,67.0,Male,North,73013.57,Silver,Organic,7,26.0,,9.2,1240
100972,37.0,Female,East,102876.62,Bronze,Referral,9,,100.64,7.5,2031
102702,25.0,Male,North,31375.71,Silver,Social_Media,12,32.0,57.3,5.0,41
104496,22.0,Female,Central,43279.61,Gold,Social_Media,8,22.0,90.97,7.4,1568
103848,71.0,Female,Central,49783.47,Bronze,Referral,5,,42.44,4.0,2390
102369,27.0,,West,61820.75,Silver,Social_Media,11,109.0,179.14,6.8,1221
104116,31.0,Female,South,39271.8,Silver,Social_Media,9,,17.4,8.0,1957
104781,34.0,Other,South,31464.42,Silver,Organic,13,5.0,61.15,7.2,408
104132,29.0,Female,East,52192.79,Gold,Social_Media,9,30.0,119.73,9.1,82
102951,24.0,Male,West,,Silver,Paid_Ads,8,,262.15,6.3,2267
100525,55.0,Male,East,59537.15,Bronze,Organic,5,,194.99,8.5,711
102456,39.0,Other,Central,62849.48,Bronze,Organic,4,68.0,227.58,6.4,521
105017,27.0,Female,South,54915.94,Bronze,Organic,10,38.0,60.15,5.9,2498
101842,38.0,Female,South,18513.98,Gold,Organic,8,,223.66,6.1,441
100538,52.0,Male,Central,32417.48,Platinum,Organic,12,,392.94,8.5,1049
102807,59.0,Female,South,38668.16,Silver,Referral,6,93.0,69.67,5.9,354
105597,36.0,Female,Central,31421.16,Silver,Paid_Ads,9,6.0,131.82,8.4,415
104342,51.0,Male,South,43646.41,Gold,Organic,6,,131.77,5.8,792
103176,18.0,Male,North,60183.21,Silver,Organic,7,15.0,176.83,8.8,1572
100785,38.0,Female,South,45950.99,Bronze,Referral,8,42.0,66.2,8.1,244
104058,47.0,Female,West,,Gold,Organic,3,13.0,226.52,7.0,1997
101410,44.0,Male,East,60380.07,Gold,Social_Media,11,61.0,83.39,10.0,383
102538,19.0,Female,North,,Bronze,Paid_Ads,8,40.0,,9.5,2224
100155,37.0,Female,South,119799.11,Silver,Paid_Ads,8,30.0,43.97,4.5,577
103010,47.0,Male,North,25386.97,Platinum,Organic,14,24.0,121.15,8.3,115
101687,32.0,Other,South,60465.43,Bronze,Paid_Ads,6,52.0,,6.5,360
102902,21.0,Male,North,27254.86,Platinum,Paid_Ads,9,34.0,161.47,6.1,1487
105939,41.0,Female,South,59197.87,Silver,Organic,7,58.0,128.79,6.8,367
104722,27.0,Male,West,91109.16,Bronze,Organic,11,13.0,138.7,7.2,2434
103864,58.0,Female,East,68291.44,Gold,Organic,11,53.0,185.97,7.5,348
102734,32.0,Male,Central,50723.4,Bronze,Social_Media,13,6.0,25.04,7.3,739
101896,31.0,Female,South,38910.62,Silver,Organic,8,73.0,49.89,8.1,808
105443,47.0,Female,South,34816.54,Bronze,Organic,11,8.0,112.18,6.9,2114
100570,40.0,Male,South,,Silver,Referral,6,25.0,67.49,8.0,1363
101817,46.0,Female,South,72543.37,Gold,Paid_Ads,9,4.0,137.27,6.3,2032
102066,36.0,Male,West,,Bronze,Paid_Ads,11,146.0,68.15,7.4,1002
100128,24.0,Other,North,67573.73,Gold,Paid_Ads,6,190.0,,4.1,1146
103395,45.0,Male,Central,36746.49,Bronze,Referral,11,2.0,,7.2,2003
103328,39.0,Male,West,63604.79,Silver,Organic,6,49.0,2198.995940686191,7.2,1609
105978,31.0,Male,West,76054.19,Silver,Paid_Ads,4,51.0,206.42,6.8,944
102976,42.0,Male,West,113615.5,Silver,Email,10,8.0,97.95,6.7,774
100981,44.0,Female,Central,111785.15,Bronze,Referral,7,33.0,98.11,,2393
102301,32.0,,West,,Bronze,Paid_Ads,4,33.0,71.38,8.6,1560
100191,59.0,Female,East,50150.3,Bronze,Organic,7,10.0,157.4,4.5,570
101140,38.0,Male,North,65477.12,Bronze,Organic,11,88.0,20.02,8.3,298
105089,21.0,Male,West,93850.53,Bronze,Referral,8,110.0,48.76,6.7,1345
100700,36.0,Female,East,83063.11,Silver,Organic,7,41.0,47.08,8.9,580
105730,22.0,Female,South,107038.99,Silver,Social_Media,7,24.0,63.55,7.8,1830
100607,47.0,Male,East,50739.12,Bronze,Paid_Ads,8,52.0,27.89,9.0,654
104277,47.0,Female,North,120881.76,Platinum,Organic,6,,219.72,6.2,888
100302,,Male,South,39227.17,Silver,Paid_Ads,16,24.0,44.58,7.1,2240
103421,38.0,Female,West,37344.45,Silver,Organic,13,29.0,131.1,6.8,2179
105776,42.0,Male,West,32471.59,Bronze,Paid_Ads,4,0.0,76.89,8.8,2032
101061,36.0,Male,North,87333.61,Bronze,Social_Media,7,,134.4,10.0,2175
102566,27.0,Female,Central,36207.94,Bronze,Email,2,15.0,138.33,7.2,1423
105989,40.0,Male,East,32917.25,Bronze,Social_Media,6,53.0,54.97,7.4,583
101070,37.0,Female,North,65169.59,Gold,Social_Media,4,79.0,103.98,8.0,654
102525,61.0,Male,South,108877.88,Gold,Referral,10,,85.47,7.5,1233
102206,34.0,Female,South,,Silver,Social_Media,12,,226.41,,568
101244,32.0,,South,18887.17,Silver,Paid_Ads,2,98.0,191.64,8.1,735
100017,42.0,,North,85962.76,Silver,Referral,6,25.0,54.69,8.1,992
103121,42.0,Female,West,64795.38,Bronze,Organic,13,8.0,54.52,6.4,2141
105980,21.0,Male,Central,24310.45,Bronze,Organic,8,73.0,28.28,10.0,805
104643,49.0,Other,North,36984.56,Bronze,Social_Media,13,48.0,89.83,5.2,1667
104755,59.0,Female,Central,114367.3,Bronze,Paid_Ads,8,28.0,154.67,9.5,1209
100816,42.0,Other,North,55264.42,Bronze,Organic,9,57.0,7.07,5.2,916
103068,43.0,Male,South,107023.0,Gold,Paid_Ads,11,96.0,203.48,7.5,1455
105994,,Female,North,44895.71,Bronze,Paid_Ads,8,22.0,277.41,5.6,1222
105601,58.0,Female,South,56691.87,Bronze,Paid_Ads,4,13.0,49.32,6.9,1884
100960,43.0,Female,South,49712.03,Silver,Organic,10,61.0,80.59,7.8,621
104894,28.0,Female,East,146996.44,Silver,Social_Media,7,40.0,59.2,6.3,1795
100226,41.0,Female,West,47379.33,Silver,Social_Media,6,18.0,72.16,6.3,2027
103355,34.0,Female,Central,,Bronze,Paid_Ads,11,54.0,160.02,10.0,1171
102486,37.0,Male,West,96256.02,Bronze,Email,4,42.0,91.89,6.2,354
100563,39.0,Male,Central,66682.6,Bronze,Organic,16,32.0,108.57,6.7,785
103437,30.0,Male,East,36235.08,Bronze,Referral,10,11.0,58.93,6.8,1563
101694,32.0,Female,South,75649.68,Gold,Paid_Ads,9,40.0,84.67,7.5,1842
101046,28.0,Female,South,57727.73,Bronze,Paid_Ads,8,,144.43,8.0,802
103447,33.0,,South,36763.87,Gold,Organic,8,,129.34,6.4,2445
104566,39.0,Female,North,42119.82,Bronze,Referral,9,9.0,85.95,8.1,979
100955,29.0,Female,West,49397.03,Gold,Social_Media,12,207.0,83.3,6.7,35
105977,33.0,Female,South,50770.4,Bronze,Organic,7,52.0,,7.8,1699
102736,33.0,Male,East,36654.66,Platinum,Paid_Ads,7,40.0,275.51,4.3,827
105885,47.0,,East,96417.64,Silver,Social_Media,7,,,6.0,126
104736,38.0,Female,West,34884.43,Bronze,Paid_Ads,11,16.0,40.24,,547
105779,54.0,Male,East,,Platinum,Organic,11,,272.88,5.0,2008
101219,24.0,Female,East,52141.02,Bronze,Organic,8,,87.91,7.4,771
105255,47.0,Male,South,62860.51,Platinum,Organic,11,10.0,202.16,6.8,1214
105512,38.0,Male,East,,Silver,Referral,14,46.0,123.88,5.4,1687
101528,36.0,Female,Central,65473.16,Silver,Referral,7,25.0,43.62,5.1,935
103988,43.0,Female,North,62086.88,Bronze,Organic,13,29.0,106.55,10.0,2180
105920,34.0,Male,East,54440.71,Silver,Organic,12,52.0,138.63,8.8,1419
101301,39.0,Female,West,58322.68,Silver,Paid_Ads,3,38.0,138.76,8.0,946
105870,62.0,Male,South,47097.86,Silver,Referral,11,23.0,115.54,6.0,423
100161,26.0,Male,East,,Gold,Organic,5,23.0,111.44,8.8,1724
104068,37.0,Female,Central,,Bronze,Social_Media,8,60.0,78.72,7.6,2108
100957,32.0,,South,46535.61,Silver,Social_Media,9,109.0,119.6,6.4,338
103792,57.0,Male,West,75447.54,Platinum,Social_Media,5,20.0,175.23,7.3,1081
103235,32.0,Male,North,,Silver,Social_Media,10,,,6.7,919
102870,,Female,East,43009.51,Bronze,Organic,12,6.0,43.68,8.1,1513
103778,44.0,,East,71691.08,Bronze,Referral,9,6.0,54.95,4.7,2301
104434,43.0,Male,East,40056.66,Silver,Paid_Ads,7,43.0,61.19,9.8,2196
104974,18.0,Female,East,106428.26,Bronze,Paid_Ads,12,83.0,70.56,7.7,1056
102962,38.0,Female,East,63819.78,Gold,Organic,12,15.0,55.72,7.1,754
102201,,Male,South,,Bronze,Organic,9,79.0,92.2,6.2,1955
100099,43.0,Other,South,84906.89,Bronze,Organic,8,,174.3,8.6,2081
105835,36.0,Female,Central,46720.44,Bronze,Paid_Ads,8,75.0,,6.7,2335
102558,48.0,Male,West,81779.78,Silver,Organic,10,20.0,69.05,8.6,917
103184,45.0,Female,West,109819.02,Silver,Paid_Ads,6,,186.64,7.3,892
100254,26.0,Female,North,41891.9,Gold,Email,7,19.0,,6.0,702
103924,46.0,Male,North,69997.59,Bronze,Social_Media,11,16.0,93.55,7.4,554
104200,42.0,Female,North,,Bronze,Organic,13,45.0,83.37,7.7,282
101446,41.0,,West,,Platinum,Referral,6,0.0,232.73,8.0,1959
105540,23.0,Female,North,105820.83,Bronze,Organic,8,10.0,291.75,6.2,1434
101649,36.0,Male,West,50865.45,Silver,Organic,8,160.0,62.29,6.0,1498
104683,31.0,Male,North,,Bronze,Paid_Ads,7,14.0,20.67,6.2,547
104724,34.0,Male,Central,35088.8,Silver,Paid_Ads,11,,91.61,8.3,1716
103992,26.0,Female,North,23700.68,Silver,Social_Media,4,175.0,,5.3,1548
101697,32.0,Male,Central,,Bronze,Referral,13,41.0,209.33,10.0,2348
103192,28.0,Female,South,22371.84,Bronze,Social_Media,8,,91.89,7.2,1269
104500,32.0,Male,East,23734.33,Bronze,Paid_Ads,3,,168.75,6.0,1561
101155,46.0,Female,East,121873.53,Gold,Paid_Ads,6,20.0,104.92,7.1,1893
102256,24.0,Male,Central,58099.63,Gold,Email,6,31.0,173.89,8.5,2142
101683,32.0,Male,Central,51340.16,Bronze,Paid_Ads,7,181.0,,5.3,1372
103171,51.0,Male,South,33653.82,Platinum,Social_Media,7,75.0,202.12,8.2,2230
102057,32.0,Female,South,40759.06,Bronze,Paid_Ads,11,7.0,195.2,6.6,1798
104091,65.0,Male,Central,30488.59,Bronze,Social_Media,5,31.0,26.88,6.4,2492
105854,21.0,Male,Central,60182.2,Bronze,Referral,11,23.0,77.81,,44
103109,22.0,Male,North,58619.18,Silver,Organic,8,26.0,77.29,6.8,481
104549,40.0,Male,South,33910.02,Bronze,Social_Media,5,3.0,,6.6,1231
103724,49.0,Female,West,78014.24,Gold,Referral,13,,148.56,,755
105424,38.0,Female,West,29442.5,Bronze,Social_Media,3,18.0,143.34,6.3,2258
102050,25.0,Female,Central,,Silver,Referral,8,31.0,81.37,8.4,979
104977,40.0,Male,North,93030.61,Bronze,Organic,10,6.0,39.58,8.8,1410
103644,30.0,Female,North,68000.84,Bronze,Email,9,95.0,14.65,5.7,1024
105915,44.0,Female,South,60452.8,Silver,Paid_Ads,13,29.0,72.01,7.3,2483
100624,31.0,Male,South,64642.32,Platinum,Email,5,26.0,,7.7,405
100263,41.0,Female,East,,Bronze,Paid_Ads,4,,76.79,7.9,848
105731,18.0,Male,East,41460.39,Silver,Organic,7,,63.02,7.4,1643
103370,39.0,Female,West,96329.26,Silver,Organic,5,44.0,,8.2,912
104062,51.0,Male,North,37788.94,Gold,Paid_Ads,11,8.0,,5.9,919
105535,42.0,Male,East,36261.06,Silver,Social_Media,13,119.0,116.2,8.8,2454
101803,34.0,Female,Central,50728.58,Silver,Social_Media,8,,45.17,4.7,1725
104737,29.0,,North,57956.99,Bronze,Paid_Ads,4,19.0,136.95,7.9,410
105987,36.0,Other,West,62161.37,Bronze,Email,9,38.0,289.11,7.1,589
102386,31.0,Male,Central,62898.81,Bronze,Social_Media,8,203.0,121.78,7.1,853
101960,31.0,,East,,Gold,Social_Media,7,217.0,104.95,7.6,690
102977,29.0,Male,North,55639.67,Platinum,Organic,9,4.0,124.61,7.1,1385
100489,28.0,Male,North,38346.56,Bronze,Email,8,,104.73,7.2,2314
101844,20.0,Male,South,38604.69,Platinum,Organic,13,,118.66,6.5,1956
101735,32.0,Male,West,106728.75,Bronze,Paid_Ads,4,20.0,51.55,7.2,1786
102912,61.0,Female,East,27004.15,Gold,Referral,5,9.0,81.91,9.4,1652
103220,50.0,Male,West,,Bronze,Social_Media,13,16.0,100.4,6.4,1018
100147,,Female,East,42977.44,Bronze,Organic,14,58.0,,9.9,2343
105631,18.0,Male,West,40063.99,Bronze,Social_Media,9,58.0,121.31,6.9,1800
101987,40.0,Male,West,52435.33,Silver,Paid_Ads,9,111.0,93.47,8.3,743
101370,50.0,Female,West,72514.18,Silver,Referral,13,100.0,41.9,6.9,1571
102812,34.0,Male,South,126447.73,Bronze,Paid_Ads,8,1.0,96.04,8.5,1738
100660,34.0,Male,East,23987.77,Silver,Paid_Ads,7,,72.3,5.6,142
101795,18.0,Female,North,91783.34,Platinum,Referral,10,24.0,132.62,4.8,337
102512,58.0,,Central,45863.25,Silver,Social_Media,9,13.0,92.29,6.1,648
103398,35.0,Female,South,35134.33,Bronze,Paid_Ads,7,37.0,122.14,6.3,1479
104283,48.0,,North,41567.62,Gold,Paid_Ads,8,23.0,142.88,6.5,1613
101148,33.0,Female,South,69904.17,Bronze,Organic,3,,347.33,9.6,722
103273,36.0,Female,West,37083.04,Bronze,Referral,9,,50.14,4.3,205
100609,18.0,Female,Central,71728.18,Silver,Paid_Ads,10,,19.47,8.9,2285
103583,39.0,Female,East,76018.8,Bronze,Paid_Ads,8,5.0,101.03,9.0,447
101931,18.0,Female,South,42535.62,Silver,Paid_Ads,5,15.0,55.61,9.8,1955
100198,33.0,Female,North,69520.2,Bronze,Paid_Ads,8,,64.39,7.5,1246
102932,48.0,Male,North,,Gold,Social_Media,8,20.0,70.75,4.4,2131
102328,56.0,Male,East,60301.83,Bronze,Paid_Ads,9,150.0,70.79,6.4,152
104390,57.0,,East,,Bronze,Paid_Ads,9,12.0,,6.3,1186
100767,39.0,Male,North,125807.17,Bronze,Referral,7,18.0,134.29,6.6,1490
104497,32.0,Female,East,,Bronze,Social_Media,6,44.0,,6.6,701
104219,59.0,Male,West,,Silver,Social_Media,4,,,7.0,2426
103256,42.0,Male,Central,,Silver,Organic,10,,42.83,8.6,1459
100203,39.0,Female,East,,Bronze,Referral,6,,32.14,5.8,1049
103511,44.0,Female,West,62332.06,Bronze,Referral,8,88.0,,10.0,268
104932,27.0,Female,West,75391.75,Bronze,Social_Media,13,13.0,45.53,8.1,133
105536,24.0,Female,North,126410.92,Silver,Referral,5,49.0,295.78,6.6,760
101734,21.0,Female,East,35015.97,Gold,Paid_Ads,4,45.0,80.25,6.0,1525
102778,32.0,Male,North,32267.73,Gold,Paid_Ads,8,,153.15,8.5,1270
101708,41.0,Female,North,32108.96,Gold,Paid_Ads,7,30.0,199.1,7.8,1434
105173,33.0,Female,South,62760.63,Gold,Email,5,,84.28,8.1,2074
105250,27.0,Male,East,,Bronze,Paid_Ads,7,111.0,207.84,7.6,2092
105758,36.0,Female,Central,31621.8,Platinum,Referral,3,24.0,100.26,4.9,199
103475,22.0,Female,North,40038.32,Silver,Paid_Ads,6,,,8.5,1688
100855,41.0,Male,West,44854.86,Silver,Email,7,89.0,50.29,5.5,2239
105686,18.0,Female,Central,41700.06,Silver,Paid_Ads,4,293.0,48.59,7.9,621
104738,49.0,,East,28027.44,Gold,Social_Media,4,29.0,189.93,8.8,1242
104098,48.0,Female,Central,,Gold,Organic,8,,90.94,6.6,2014
102161,32.0,Female,West,41835.05,Silver,Paid_Ads,9,,144.27,6.3,1589
100699,27.0,Male,East,,Gold,Paid_Ads,6,,177.08,8.6,223
105937,,Female,North,43988.22,Silver,Organic,10,,48.2,8.2,1982
103000,34.0,Female,East,56700.99,Platinum,Referral,11,18.0,156.65,8.5,473
103697,30.0,Female,East,44482.26,Silver,Organic,13,24.0,332.14,8.3,509
101637,18.0,Female,South,121569.65,Silver,Social_Media,11,96.0,61.27,5.8,2280
103458,27.0,Male,North,70898.6,Gold,Organic,13,72.0,311.36,9.0,1555
103582,63.0,Female,South,33309.74,Bronze,Social_Media,10,53.0,275.95,5.5,642
101292,33.0,Female,Central,36940.93,Silver,Organic,8,17.0,43.09,7.4,2421
104660,27.0,Female,South,62068.63,Bronze,Paid_Ads,7,94.0,92.18,6.8,2166
105617,37.0,Other,West,88592.23,Bronze,Email,8,17.0,79.41,6.9,625
101854,46.0,Male,South,25294.64,Bronze,Organic,7,,75.4,3.8,1263
105233,32.0,Male,Central,19498.62,Silver,Social_Media,12,23.0,44.38,6.2,1270
103764,45.0,Female,Central,88962.88,Bronze,Organic,2,84.0,81.45,8.5,2441
103305,75.0,Male,West,40818.73,Bronze,Organic,9,11.0,35.03,6.8,298
105897,45.0,Male,South,43223.63,Bronze,Email,9,,241.82,7.1,2457
105728,31.0,Male,South,52019.27,Platinum,Organic,6,,157.71,5.3,1738
103744,46.0,Female,North,59650.57,Bronze,Organic,9,105.0,149.73,7.4,68
103446,34.0,Male,Central,68785.85,Gold,Organic,8,14.0,77.03,5.1,1930
101999,32.0,,Central,65621.92,Bronze,Paid_Ads,13,20.0,148.19,6.8,450
100664,34.0,,Central,51850.69,Platinum,Organic,3,69.0,170.74,7.5,1048
104780,38.0,Male,South,49379.44,Bronze,Paid_Ads,5,45.0,25.17,9.7,351
105354,28.0,Female,Central,88096.52,Bronze,Referral,7,3.0,,5.6,2121
103749,29.0,Male,South,54098.37,Bronze,Paid_Ads,8,,129.46,8.8,1262
104414,29.0,Female,North,92691.36,Platinum,Referral,11,,161.02,7.3,574
104745,36.0,Other,East,46555.65,Bronze,Referral,4,25.0,31.49,7.4,1861
105531,29.0,Female,Central,64281.75,Silver,Organic,9,44.0,135.33,5.9,2120
105576,37.0,Male,West,59374.31,Bronze,Organic,10,42.0,106.43,6.6,128
100710,46.0,Female,Central,106395.87,Silver,Social_Media,10,5.0,199.98,9.5,335
101283,18.0,Female,East,95041.93,Bronze,Email,8,17.0,144.91,9.5,2400
105069,30.0,Male,South,,Bronze,Email,8,,99.7,6.1,984
102676,42.0,Female,East,49557.02,Silver,Social_Media,11,,41.7,7.8,241
104030,40.0,Male,South,68338.89,Bronze,Paid_Ads,5,27.0,137.9,8.5,1404
101307,26.0,Male,East,62678.44,Silver,Organic,2,200.0,259.15,6.1,2092
105497,31.0,Male,Central,52659.29,Silver,Social_Media,6,134.0,117.61,7.5,1540
105505,39.0,Female,South,64220.93,Bronze,Paid_Ads,6,27.0,37.34,4.9,1292
102238,37.0,Female,North,60136.48,Bronze,Social_Media,3,11.0,73.36,6.2,393
103303,49.0,Male,Central,64433.47,Bronze,Paid_Ads,6,205.0,187.08,5.8,2053
105593,49.0,Male,East,68613.08,Platinum,Paid_Ads,8,,274.15,5.8,945
102039,26.0,Male,West,61360.15,Gold,Paid_Ads,9,23.0,108.23,8.1,575
101530,45.0,Male,West,117410.67,Bronze,Organic,7,,117.47,6.6,313
101664,60.0,Male,Central,36630.16,Bronze,Social_Media,8,20.0,,4.8,480
105451,36.0,Other,North,138013.5,Bronze,Organic,8,42.0,53.86,3.2,660
105922,58.0,Female,South,,Silver,Social_Media,10,4.0,119.33,7.6,1881
105944,18.0,Other,Central,51859.04,Silver,Social_Media,2,154.0,30.48,,1496
103628,27.0,Female,North,59012.06,Silver,Social_Media,6,61.0,68.16,6.1,1774
105740,52.0,Female,South,60596.47,Bronze,Organic,5,5.0,282.45,7.3,1790
105148,29.0,Male,South,56748.99,Bronze,Email,6,,122.36,,913
104892,20.0,Male,South,51716.69,Bronze,Social_Media,7,3.0,31.85,7.6,2326
102694,34.0,Male,Central,44282.54,Gold,Referral,15,30.0,72.43,6.3,1066
103061,52.0,Other,South,80936.87,Silver,Social_Media,12,,19.25,5.2,1551
101598,41.0,Female,North,,Bronze,Email,13,61.0,101.48,6.2,372
102730,23.0,Female,West,31772.56,Bronze,Paid_Ads,8,64.0,162.81,8.3,1745
102626,36.0,Female,Central,76519.74,Silver,Social_Media,6,,137.66,8.7,2136
103158,35.0,Male,Central,115342.62,Bronze,Organic,6,48.0,120.33,4.8,818
103315,51.0,Male,West,75381.11,Bronze,Organic,8,13.0,70.19,7.0,1991
101723,30.0,Female,West,69369.46,Bronze,Organic,7,154.0,99.73,7.1,2304
105280,62.0,Male,South,98806.85,Gold,Organic,8,24.0,111.69,9.3,975
101060,43.0,Female,North,54833.52,Gold,Organic,11,,99.38,8.4,2327
104637,18.0,Female,East,34412.55,Bronze,Social_Media,9,18.0,91.82,6.2,2387
103243,41.0,Female,North,,Bronze,Social_Media,10,,36.12,4.7,1109
101679,29.0,Male,West,45193.17,Bronze,Paid_Ads,8,,232.2,6.7,1983
101758,65.0,Female,East,59914.62,Platinum,Referral,10,16.0,111.95,5.0,2484
104192,48.0,Female,West,,Bronze,Organic,5,2.0,5.33,4.5,2201
105117,48.0,Female,East,68453.62,Bronze,Referral,10,108.0,37.13,7.1,1378
100564,29.0,Male,North,44225.17,Silver,Social_Media,8,31.0,63.61,4.8,2322
102791,56.0,Male,South,26775.65,Silver,Paid_Ads,8,84.0,39.97,3.8,2338
100864,39.0,Male,East,,Silver,Social_Media,5,,96.01,7.4,207
101485,47.0,Male,Central,45409.92,Bronze,Paid_Ads,13,,75.99,5.5,887
105135,32.0,,East,46329.08,Gold,Paid_Ads,14,,202.1,5.0,1636
100207,28.0,Female,East,102215.98,Bronze,Referral,10,,111.65,6.1,479
104489,43.0,Female,West,101033.57,Gold,Paid_Ads,8,142.0,48.39,7.4,1066
100871,41.0,Female,North,51689.76,Bronze,Social_Media,11,1.0,221.67,8.1,1650
104494,26.0,Male,West,49838.05,Gold,Paid_Ads,11,12.0,63.98,9.9,1643
100503,29.0,Female,South,191001.9,Platinum,Paid_Ads,6,44.0,119.24,7.8,912
101029,38.0,Female,East,48145.01,Gold,Organic,8,,164.17,7.1,2203
103841,21.0,Female,South,48748.59,Gold,Social_Media,5,58.0,77.57,8.3,70
102691,23.0,Female,East,35374.18,Bronze,Paid_Ads,6,32.0,119.08,5.0,659
105582,44.0,Female,East,65997.04,Bronze,Referral,10,,54.95,9.1,307
105057,35.0,,South,57456.1,Gold,Social_Media,11,16.0,229.33,5.7,2261
101571,38.0,Female,Central,16818.07,Bronze,Email,12,113.0,28.3,6.4,1545
102774,36.0,Other,North,27627.63,Silver,Referral,11,53.0,49.47,10.0,1229
102732,,Male,Central,53619.85,Platinum,Paid_Ads,7,15.0,157.07,7.5,384
100805,53.0,Male,East,73273.6,Gold,Email,12,,193.92,4.9,2297
105848,55.0,Female,South,28290.54,Gold,Paid_Ads,10,151.0,131.85,8.4,1965
103646,20.0,Male,North,32573.97,Bronze,Referral,6,,,5.6,1068
102455,33.0,Female,South,,Silver,Paid_Ads,10,16.0,140.29,9.3,230
104599,52.0,Female,West,66129.39,Gold,Paid_Ads,13,32.0,77.6,10.0,2320
103105,37.0,Male,Central,37331.88,Bronze,Organic,7,149.0,38.69,8.9,1508
104876,33.0,Female,South,46084.6,Silver,Social_Media,7,10.0,88.65,5.0,836
100201,42.0,Male,East,105947.47,Platinum,Organic,10,104.0,113.34,9.7,1311
103100,45.0,Female,Central,53030.23,Bronze,Organic,8,19.0,,7.4,115
102279,31.0,Male,South,74636.29,Bronze,Organic,13,27.0,198.1,8.4,1329
103562,39.0,Male,South,49908.05,Platinum,Organic,10,11.0,270.46,9.0,2239
104475,30.0,Female,West,43989.22,Silver,Organic,8,5.0,87.15,6.5,1993
104515,39.0,Female,South,26735.63,Gold,Paid_Ads,7,,100.04,7.5,2352
105795,26.0,Female,South,29842.84,Bronze,Organic,11,12.0,158.96,6.8,391
100392,,Female,North,28861.6,Gold,Referral,7,,85.05,6.2,2445
105619,38.0,Female,South,44619.09,Silver,Organic,7,22.0,89.33,7.5,1305
105259,20.0,Female,South,48961.57,Gold,Organic,5,,66.92,7.7,2325
101496,25.0,Female,North,106820.83,Bronze,Referral,6,51.0,,7.0,571
102696,49.0,Male,South,,Silver,Email,8,,157.05,8.3,1143
102028,18.0,Male,South,81786.77,Silver,Organic,7,9.0,,7.9,1087
105249,42.0,Female,North,55741.02,Platinum,Organic,8,35.0,336.32,10.0,858
105464,36.0,Other,West,26981.89,Bronze,Referral,10,,146.62,,1707
102569,18.0,Female,South,35063.14,Silver,Organic,10,23.0,53.14,9.2,272
100065,47.0,Male,North,,Bronze,Social_Media,5,32.0,65.53,6.2,335
103885,29.0,Other,North,67037.2,Gold,Referral,3,8.0,171.53,6.1,852
102063,41.0,Male,South,,Bronze,Referral,5,8.0,43.36,5.8,978
105277,39.0,Male,East,116101.8,Bronze,Referral,10,74.0,182.15,7.5,280
100493,35.0,Male,West,33103.25,Bronze,Organic,9,1.0,3.0,5.9,2233
100380,33.0,Male,East,52791.23,Silver,Referral,8,171.0,71.17,7.2,432
104860,35.0,Male,West,63463.61,Silver,Referral,6,156.0,160.81,5.3,1725
103994,30.0,Male,West,74114.5,Silver,Organic,9,4.0,83.74,7.9,2248
104888,57.0,Male,North,,Gold,Paid_Ads,8,59.0,108.63,6.5,1955
101077,54.0,Female,North,70629.82,Silver,Social_Media,12,,167.33,7.0,404
100879,37.0,Female,West,54201.9,Silver,Social_Media,7,,154.16,7.4,1910
100338,42.0,Female,West,29348.24,Bronze,Email,6,51.0,,7.0,93
101017,39.0,Female,South,105348.2,Silver,Email,4,60.0,,10.0,2387
101276,38.0,Female,West,41545.77,Platinum,Email,7,26.0,137.16,5.5,1688
103799,48.0,Female,West,,Bronze,Social_Media,9,33.0,80.06,7.7,2369
104552,30.0,Male,Central,69242.69,Gold,Social_Media,5,71.0,69.51,7.5,1777
103343,58.0,Male,West,49239.32,Bronze,Organic,15,101.0,93.54,7.4,358
104912,44.0,Female,North,64037.02,Silver,Paid_Ads,3,52.0,139.57,7.8,1121
100996,,Male,Central,88175.96,Bronze,Referral,12,15.0,333.81,7.3,1777
101982,31.0,Female,North,59647.91,Silver,Social_Media,12,,73.73,7.0,2276
104298,30.0,Female,North,32509.15,Silver,Paid_Ads,8,27.0,44.84,7.9,2009
100162,29.0,Other,West,40682.11,Silver,Referral,5,24.0,75.19,7.6,889
105676,32.0,Other,South,52982.59,Platinum,Paid_Ads,16,40.0,167.62,5.1,385
104799,33.0,Female,South,34013.56,Silver,Social_Media,14,,47.36,5.9,629
101501,31.0,,South,,Bronze,Email,2,66.0,71.99,7.2,274
103844,60.0,Female,West,69070.33,Bronze,Social_Media,7,121.0,68.09,6.8,502
105226,43.0,Male,North,,Bronze,Organic,11,6.0,82.73,8.3,2373
102614,,Male,South,45851.49,Gold,Organic,10,15.0,157.06,8.4,419
103462,21.0,Other,South,60965.42,Silver,Email,12,49.0,94.95,5.5,628
101022,42.0,Female,West,93584.93,Bronze,Email,7,32.0,25.42,7.2,1057
103074,47.0,Other,North,,Bronze,Email,6,64.0,45.32,9.3,348
103944,46.0,Female,North,,Silver,Organic,11,55.0,116.33,7.3,1027
101586,19.0,Female,West,44088.07,Bronze,Organic,6,82.0,278.11,6.2,1338
101956,26.0,Female,West,25586.42,Bronze,Paid_Ads,13,24.0,131.46,10.0,2418
103153,43.0,Female,West,33283.16,Platinum,Referral,8,59.0,122.0,9.8,217
100035,45.0,Female,South,,Bronze,Paid_Ads,9,42.0,74.79,7.7,1715
104015,40.0,,East,37562.5,Bronze,Organic,4,,18.35,8.6,2437
100776,40.0,Male,South,88172.85,Gold,Social_Media,5,61.0,,7.4,2180
102557,18.0,Female,East,46230.6,Platinum,Social_Media,8,22.0,219.59,7.2,2113
101479,33.0,Female,East,18616.45,Silver,Referral,17,1.0,95.61,7.0,2386
105487,61.0,Female,South,32908.93,Silver,Organic,8,57.0,184.33,7.1,108
101364,48.0,Male,West,94463.18,Bronze,Paid_Ads,6,35.0,240.09,7.5,2384
102613,31.0,Male,West,43244.33,Platinum,Paid_Ads,8,46.0,171.19,8.9,2478
102825,38.0,Other,West,76317.68,Platinum,Email,8,169.0,153.55,9.9,132
102042,46.0,Male,West,57369.23,Bronze,Organic,6,60.0,2066.788614818792,5.8,1597
100242,37.0,Male,East,53374.76,Bronze,Organic,13,7.0,35.48,6.9,1773
102062,59.0,Male,West,35270.48,Silver,Referral,8,38.0,65.2,7.5,1868
102364,44.0,Other,East,42981.49,Bronze,Paid_Ads,9,34.0,45.05,7.2,2092
100601,44.0,Male,South,80620.5,Bronze,Organic,9,72.0,304.29,7.6,892
102436,27.0,Male,South,79441.49,Bronze,Referral,9,143.0,63.15,6.2,114
105394,28.0,Male,West,,Bronze,Organic,8,48.0,59.0,6.7,878
102889,33.0,Other,Central,119525.74,Gold,Organic,7,18.0,106.15,7.8,1097
100647,45.0,Male,West,38031.55,Silver,Social_Media,10,23.0,56.34,9.9,1373
103891,23.0,Male,East,54498.97,Bronze,Organic,7,43.0,,8.2,2267
103557,35.0,Female,East,39854.97,Bronze,Organic,6,21.0,125.6,8.8,1972
103203,34.0,Other,North,47136.74,Gold,Referral,11,,57.46,6.6,1787
101529,18.0,Female,East,70798.02,Silver,Social_Media,10,30.0,327.35,7.1,2338
101268,46.0,Female,East,71480.32,Platinum,Social_Media,3,63.0,,9.9,1113
101900,25.0,Male,South,135597.76,Silver,Social_Media,11,40.0,100.39,5.9,792
104659,31.0,Male,West,67928.44,Silver,Organic,9,,72.69,5.9,74
103006,32.0,Male,North,184891.38,Bronze,Referral,11,31.0,94.48,8.5,1118
102735,38.0,Male,South,48390.32,Silver,Organic,6,,221.64,5.3,2474
100190,58.0,Male,East,48846.53,Silver,Paid_Ads,4,58.0,75.43,7.9,1508
101807,44.0,Female,West,30721.95,Bronze,Organic,8,,24.59,5.5,1489
100976,26.0,Female,South,23384.37,Gold,Social_Media,10,126.0,108.93,7.0,1756
102748,32.0,Male,South,63925.04,Bronze,Social_Media,7,87.0,77.02,7.6,2022
102048,44.0,Female,East,34906.77,Platinum,Paid_Ads,9,15.0,,,1581
102559,55.0,Female,East,51108.35,Bronze,Referral,8,28.0,,,1589
101083,43.0,Male,East,50980.53,Silver,Organic,8,12.0,23.66,5.6,2168
100475,45.0,Male,South,24771.67,Gold,Social_Media,10,201.0,51.72,,779
102905,33.0,Female,South,112560.23,Bronze,Email,5,,105.31,8.5,1682
104844,24.0,Other,East,37420.09,Platinum,Organic,7,16.0,132.72,7.5,1445
104118,50.0,Female,West,43493.85,Silver,Social_Media,4,104.0,,8.5,1751
103386,43.0,Other,West,74861.05,Gold,Email,4,,,8.2,1737
104556,57.0,Female,South,35734.42,Gold,Referral,10,35.0,306.49,6.2,2350
101185,38.0,Female,South,59391.09,Bronze,Email,9,,80.73,6.1,272
105052,40.0,Male,South,42064.34,Bronze,Paid_Ads,7,2.0,33.74,6.1,1876
105312,26.0,Female,Central,67882.67,Bronze,Organic,10,8.0,104.66,6.3,1833
102434,39.0,Male,North,50119.37,Bronze,Paid_Ads,8,47.0,70.92,4.1,154
105612,30.0,Female,North,,Gold,Social_Media,7,,187.26,6.9,2426
102392,46.0,Male,Central,38822.82,Gold,Paid_Ads,6,19.0,125.99,8.2,2473
100770,58.0,Female,South,28874.77,Gold,Social_Media,6,48.0,119.0,6.2,1565
101686,46.0,Female,Central,27344.49,Bronze,Organic,8,,31.27,10.0,642
100131,33.0,Female,South,50827.83,Platinum,Organic,5,74.0,216.8,7.9,812
102920,49.0,Male,North,33103.11,Gold,Paid_Ads,6,18.0,71.47,7.4,297
103172,46.0,Female,North,50885.55,Bronze,Social_Media,11,5.0,37.16,6.1,1825
103445,51.0,Female,East,,Silver,Organic,5,151.0,188.43,7.7,1014
105579,28.0,Female,Central,54367.46,Bronze,Organic,4,41.0,44.69,8.0,1567
104427,40.0,Male,North,38381.25,Bronze,Referral,5,28.0,30.57,4.9,1121
105335,51.0,,Central,49186.56,Gold,Social_Media,9,28.0,134.12,6.0,2236
100467,34.0,Other,Central,73330.23,Silver,Paid_Ads,8,,66.05,9.4,2118
105735,34.0,Male,East,97603.13,Gold,Email,5,,148.15,9.2,1147
103093,49.0,Female,South,87928.4,Bronze,Paid_Ads,7,113.0,138.09,9.1,1304
103773,43.0,Female,South,43762.6,Gold,Social_Media,8,7.0,254.14,4.4,2277
105192,44.0,Female,North,41288.73,Silver,Organic,11,40.0,,9.9,1633
105227,39.0,Male,West,66468.67,Bronze,Organic,6,12.0,77.41,5.0,953
105391,57.0,Male,South,57736.61,Silver,Referral,6,,84.24,7.4,256
100861,26.0,Male,South,53912.16,Bronze,Paid_Ads,8,44.0,61.24,9.4,815
